id,teamId,firstName,lastName,marketValue,averagePoints,games,gamesPlayed,start11,totalPlaytimeS,totalPoints,status,position,playerImage,number,trend,pointsPerValue,pointsStdDev,history,startProbability,name,marketChangeToday,marketChange.today,marketChange.yesterday,marketChange.twoDays,marketChange.sevenDaysAvg,marketChange.thirtyDaysAvg,kickbase_percentile_rating,expected_match_points,ligainsider_starting_chance,kickbase_starting_chance,kicker_starting_chance,rotowire_starting_chance,questionable_injury_penalty,starting_chance,score_multiplier,score
173,2,Jonathan,Tah,29360140.0,134.0,2.0,2.0,1.0,6434.0,267.0,0,2,https://kickbase.b-cdn.net/content/file/cd9c5cb89a074d1ea56f7d952e5074e4.png,4.0,2,9.0,125.0,"[{""hasPlayed"": false, ""points"": null}, {""hasPlayed"": true, ""points"": 232}, {""hasPlayed"": true, ""points"": 35}]",2,Jonathan Tah,18333.0,18333.0,11732.0,-95515.0,-1645612.0,-7533919.0,8.5,2.8230357496861167,0.6896551724137931,1.0,1.0,1.0,0.0,0.8758620689655172,10.0062,210.30045
237,2,Manuel,Neuer,12762554.0,121.0,2.0,2.0,2.0,11508.0,242.0,0,1,https://kickbase.b-cdn.net/content/file/bf993bb6d6914136b11177795c5f77a9.png,1.0,2,18.0,73.0,"[{""hasPlayed"": false, ""points"": null}, {""hasPlayed"": true, ""points"": 97}, {""hasPlayed"": true, ""points"": 145}]",2,Manuel Neuer,-256717.0,-256717.0,-258425.0,-322232.0,-2095455.0,-209429.0,6.9,1.6646071499372233,1.0,1.0,1.0,1.0,0.0,1.0,10.0062,114.929105
383,2,Sven,Ulreich,500000.0,,,,,,,0,1,https://kickbase.b-cdn.net/content/file/0535504fe45c48b6a905e9a14da5851d.png,26.0,0,,0.0,"[{""hasPlayed"": false, ""points"": null}, {""hasPlayed"": false, ""points"": null}, {""hasPlayed"": false, ""points"": null}]",5,Sven Ulreich,0.0,0.0,0.0,0.0,0.0,-1023004.0,0.0,1.6646071499372233,0.0,0.0,0.0,0.0,0.0,0.0,10.0062,0.0
1685,2,Joshua,Kimmich,59765723.0,216.0,3.0,3.0,2.0,13248.0,649.0,0,3,https://kickbase.b-cdn.net/content/file/b41a70e2188a4c72aa165cfc7606c3e9.png,6.0,2,10.0,110.0,"[{""hasPlayed"": true, ""points"": 92}, {""hasPlayed"": true, ""points"": 254}, {""hasPlayed"": true, ""points"": 303}]",1,Joshua Kimmich,-140912.0,-140912.0,-36878.0,2400.0,-156912.0,36305.0,9.1,2.8230357496861167,1.0,1.0,1.0,1.0,0.0,1.0,10.0062,257.055529
1961,2,Serge,Gnabry,13585346.0,,,,,,,0,3,https://kickbase.b-cdn.net/content/file/0a28d7fc999e415eb4aba7e837b0384c.png,7.0,1,,0.0,"[{""hasPlayed"": false, ""points"": null}, {""hasPlayed"": false, ""points"": null}, {""hasPlayed"": false, ""points"": null}]",5,Serge Gnabry,107576.0,107576.0,130071.0,170818.0,858286.0,-2956184.0,0.0,2.8230357496861167,0.0,0.0,0.0,0.0,0.0,0.0,10.0062,0.0
1991,2,Dayot,Upamecano,33743113.0,205.0,3.0,3.0,3.0,17409.0,615.0,0,2,https://kickbase.b-cdn.net/content/file/13835e113e4f40d986f924b517690435.png,2.0,1,18.0,73.0,"[{""hasPlayed"": true, ""points"": 126}, {""hasPlayed"": true, ""points"": 217}, {""hasPlayed"": true, ""points"": 272}]",3,Dayot Upamecano,15852.0,15852.0,37051.0,49384.0,105165.0,-65221.0,8.6,2.8230357496861167,1.0,0.6896551724137931,1.0,1.0,0.0,0.9068965517241379,10.0062,220.313829
2038,2,Konrad,Laimer,27562852.0,118.0,2.0,2.0,2.0,11508.0,236.0,0,2,https://kickbase.b-cdn.net/content/file/cb9d5de1bbd14bf0915f1ec819569c17.png,27.0,2,8.0,69.0,"[{""hasPlayed"": false, ""points"": null}, {""hasPlayed"": true, ""points"": 129}, {""hasPlayed"": true, ""points"": 107}]",2,Konrad Laimer,-307505.0,-307505.0,-329108.0,-437399.0,-3694375.0,-4717651.0,7.8,2.8230357496861167,1.0,1.0,1.0,1.0,0.0,1.0,10.0062,220.33331
2300,2,Josip,Stanišić,16308939.0,81.0,2.0,2.0,1.0,7199.0,161.0,0,2,https://kickbase.b-cdn.net/content/file/e5f36d7812254f3cb4534802eb6cd7e9.png,44.0,2,9.0,59.0,"[{""hasPlayed"": true, ""points"": 118}, {""hasPlayed"": false, ""points"": null}, {""hasPlayed"": true, ""points"": 43}]",4,Josip Stanišić,-327182.0,-327182.0,-118318.0,-332.0,-418544.0,-7454904.0,7.9,2.8230357496861167,0.0,0.0,0.0,0.0,0.0,0.0,10.0062,0.0
2366,2,Alphonso,Davies,16631097.0,148.0,3.0,3.0,2.0,11963.0,443.0,0,2,https://kickbase.b-cdn.net/content/file/1321be6fb58f47b592a91f17f6b2bf68.png,19.0,1,26.0,56.0,"[{""hasPlayed"": true, ""points"": 89}, {""hasPlayed"": true, ""points"": 201}, {""hasPlayed"": true, ""points"": 153}]",3,Alphonso Davies,185300.0,185300.0,208967.0,233132.0,1489864.0,3479354.0,8.7,2.8230357496861167,0.6896551724137931,0.6896551724137931,1.0,1.0,0.0,0.7827586206896552,10.0062,192.367929
2804,2,Jamal,Musiala,25631840.0,57.0,2.0,2.0,0.0,3962.0,113.0,0,3,https://kickbase.b-cdn.net/content/file/02ac203768a94e169fa6c6b87130a94e.png,10.0,1,4.0,37.0,"[{""hasPlayed"": true, ""points"": 75}, {""hasPlayed"": true, ""points"": 38}, {""hasPlayed"": false, ""points"": null}]",3,Jamal Musiala,69951.0,69951.0,85716.0,95098.0,666867.0,-9524150.0,7.8,2.8230357496861167,0.6051437216338881,0.6051437216338881,1.0,1.0,0.0,0.7236006051437217,10.0062,159.433317
3072,2,Jonas,Urbig,5244597.0,83.0,1.0,1.0,1.0,5901.0,83.0,0,1,https://kickbase.b-cdn.net/content/file/7305496deb014e31a4001d36894c457d.png,40.0,1,15.0,47.0,"[{""hasPlayed"": true, ""points"": 83}, {""hasPlayed"": false, ""points"": null}, {""hasPlayed"": false, ""points"": null}]",4,Jonas Urbig,151332.0,151332.0,201728.0,196097.0,596832.0,-3753391.0,5.5,1.6646071499372233,0.0,0.0,0.0,0.0,0.0,0.0,10.0062,0.0
3089,2,Hiroki,Ito,3168929.0,,,,,,,0,2,https://kickbase.b-cdn.net/content/file/7d48858483334caca6c4315882270919.png,21.0,2,,0.0,"[{""hasPlayed"": false, ""points"": null}, {""hasPlayed"": false, ""points"": null}, {""hasPlayed"": false, ""points"": null}]",5,Hiroki Ito,-54946.0,-54946.0,-76093.0,-94726.0,-608448.0,-1399998.0,0.0,2.8230357496861167,0.0,0.0,0.0,0.0,0.0,0.0,10.0062,0.0
3120,2,Tom,Bischof,17122353.0,65.0,3.0,3.0,1.0,6027.0,196.0,0,3,https://kickbase.b-cdn.net/content/file/9d622fb218a14c90ad0a75266080e027.png,8.0,1,11.0,37.0,"[{""hasPlayed"": true, ""points"": 108}, {""hasPlayed"": true, ""points"": 48}, {""hasPlayed"": true, ""points"": 40}]",4,Tom Bischof,33473.0,33473.0,68140.0,77129.0,-28406.0,-5218227.0,8.7,2.8230357496861167,0.0,0.0,0.0,0.0,0.0,0.0,10.0062,0.0
3543,2,Nathaniel,Brown,22803019.0,70.0,3.0,3.0,3.0,10672.0,210.0,0,2,https://kickbase.b-cdn.net/content/file/4dd49322843644839bb43182b3a8b68b.png,11.0,2,9.0,8.0,"[{""hasPlayed"": true, ""points"": 74}, {""hasPlayed"": true, ""points"": 76}, {""hasPlayed"": true, ""points"": 60}]",3,Nathaniel Brown,-401084.0,-401084.0,-466707.0,-481705.0,-3403113.0,-6050324.0,6.8,2.8230357496861167,0.3103448275862069,0.31034482758620685,0.0,0.0,0.0,0.21724137931034485,10.0062,41.728908
6080,2,Aleksandar,Pavlović,34068235.0,225.0,3.0,3.0,3.0,15541.0,675.0,0,3,https://kickbase.b-cdn.net/content/file/958c27ad7cf943a8b9e380f72fdc5b4f.png,45.0,1,19.0,47.0,"[{""hasPlayed"": true, ""points"": 249}, {""hasPlayed"": true, ""points"": 170}, {""hasPlayed"": true, ""points"": 256}]",2,Aleksandar Pavlović,58280.0,58280.0,73619.0,86021.0,344085.0,2105441.0,9.3,2.8230357496861167,1.0,1.0,1.0,1.0,0.0,1.0,10.0062,262.705101
6668,2,Kim,Minjae,13397734.0,120.0,2.0,2.0,2.0,10974.0,239.0,0,2,https://kickbase.b-cdn.net/content/file/4df81f5e57ca4e278fb6bc229ed6e05d.png,3.0,1,17.0,69.0,"[{""hasPlayed"": true, ""points"": 129}, {""hasPlayed"": false, ""points"": null}, {""hasPlayed"": true, ""points"": 110}]",3,Kim Minjae,36796.0,36796.0,44237.0,81750.0,484544.0,4290622.0,7.6,2.8230357496861167,0.3103448275862069,0.31034482758620685,0.0,0.0,0.0,0.21724137931034485,10.0062,46.638191
7226,2,Harry,Kane,65189766.0,134.0,3.0,3.0,2.0,13880.0,403.0,0,4,https://kickbase.b-cdn.net/content/file/8558eff47626439593b2acd71e400ab3.png,9.0,2,6.0,70.0,"[{""hasPlayed"": true, ""points"": 209}, {""hasPlayed"": true, ""points"": 70}, {""hasPlayed"": true, ""points"": 124}]",2,Harry Kane,-394245.0,-394245.0,-335594.0,-131863.0,-2252355.0,-3509891.0,8.9,2.8230357496861167,1.0,1.0,1.0,1.0,0.0,1.0,10.0062,251.405957
8329,2,Michael,Olise,65094010.0,202.0,3.0,3.0,2.0,13898.0,606.0,0,3,https://kickbase.b-cdn.net/content/file/2d1bffc491014bb582c5d1c622b0ee37.png,17.0,1,9.0,67.0,"[{""hasPlayed"": true, ""points"": 232}, {""hasPlayed"": true, ""points"": 125}, {""hasPlayed"": true, ""points"": 249}]",2,Michael Olise,190.0,190.0,4150.0,4751.0,28072.0,440362.0,9.3,2.8230357496861167,1.0,1.0,1.0,1.0,0.0,1.0,10.0062,262.705101
10789,2,Lennart,Karl,21151724.0,93.0,3.0,3.0,2.0,8373.0,280.0,0,3,https://kickbase.b-cdn.net/content/file/64b2f60104dd4a96af2c8b9d4af6f07d.png,42.0,1,13.0,84.0,"[{""hasPlayed"": true, ""points"": 186}, {""hasPlayed"": true, ""points"": 73}, {""hasPlayed"": true, ""points"": 21}]",3,Lennart Karl,53012.0,53012.0,88295.0,98921.0,313247.0,-2256893.0,8.2,2.8230357496861167,0.12254160363086235,0.1225416036308623,0.0,0.0,0.0,0.08577912254160362,10.0062,19.869229
11675,2,Luis,Díaz,50620836.0,139.0,3.0,3.0,2.0,13244.0,418.0,0,4,https://kickbase.b-cdn.net/content/file/43b93afe59614450a4de3fd8e08c486b.png,14.0,2,8.0,71.0,"[{""hasPlayed"": true, ""points"": 74}, {""hasPlayed"": true, ""points"": 129}, {""hasPlayed"": true, ""points"": 215}]",2,Luis Díaz,-610779.0,-610779.0,-615515.0,-578625.0,-3136819.0,-2748605.0,7.6,2.8230357496861167,1.0,1.0,1.0,1.0,0.0,1.0,10.0062,214.683738
12314,2,Bara Sapoko,Ndiaye,663720.0,,,,,,,0,3,https://kickbase.b-cdn.net/content/file/68a7688ebea44fc49865d84afbf17a38.png,39.0,2,,0.0,"[{""hasPlayed"": false, ""points"": null}, {""hasPlayed"": false, ""points"": null}, {""hasPlayed"": false, ""points"": null}]",5,Bara Sapoko Ndiaye,-28476.0,-28476.0,-50838.0,-73955.0,-444612.0,-2150861.0,0.0,2.8230357496861167,0.0,0.0,0.0,0.0,0.0,0.0,10.0062,0.0
14251,2,Ismael,Saibari,27676496.0,133.0,3.0,3.0,2.0,9755.0,399.0,0,4,https://kickbase.b-cdn.net/content/file/a8113275ef93446185b8dd4966df1834.png,34.0,1,14.0,81.0,"[{""hasPlayed"": true, ""points"": 180}, {""hasPlayed"": true, ""points"": 39}, {""hasPlayed"": true, ""points"": 180}]",3,Ismael Saibari,2271.0,2271.0,9897.0,-7881.0,-1297728.0,-2221792.0,7.4,2.8230357496861167,0.2723146747352497,0.2723146747352496,0.0,0.0,0.0,0.19062027231467477,10.0062,39.84615
15502,2,Tim,Binder,612566.0,,,,,,,0,3,https://kickbase.b-cdn.net/content/file/bd4ad2cb101841eab3aa5641a51ee891.png,0.0,2,,0.0,"[{""hasPlayed"": false, ""points"": null}, {""hasPlayed"": false, ""points"": null}, {""hasPlayed"": false, ""points"": null}]",5,Tim Binder,-85822.0,-85822.0,-102386.0,-120885.0,-835224.0,-1715522.0,0.0,2.8230357496861167,0.0,0.0,0.0,0.0,0.0,0.0,10.0062,0.0
1664,9,Maximilian,Mittelstädt,27312163.0,173.0,3.0,3.0,3.0,16532.0,518.0,0,2,https://kickbase.b-cdn.net/content/file/eb576d01f97f40aa86c36b009d8502ec.png,7.0,1,18.0,81.0,"[{""hasPlayed"": true, ""points"": 226}, {""hasPlayed"": true, ""points"": 213}, {""hasPlayed"": true, ""points"": 79}]",1,Maximilian Mittelstädt,24640.0,24640.0,45427.0,60533.0,261940.0,51676.0,7.8,1.4408352668213456,1.0,1.0,1.0,1.0,0.0,1.0,10.0062,112.45483
1671,9,Grischa,Prömel,17089548.0,102.0,3.0,3.0,3.0,17511.0,307.0,0,3,https://kickbase.b-cdn.net/content/file/08b903ec758e4ca3be71c96efaf7d324.png,21.0,1,17.0,104.0,"[{""hasPlayed"": true, ""points"": 49}, {""hasPlayed"": true, ""points"": 223}, {""hasPlayed"": true, ""points"": 35}]",3,Grischa Prömel,29236.0,29236.0,70271.0,77564.0,585190.0,4728844.0,6.6,1.4408352668213456,0.6896551724137931,0.6896551724137931,1.0,1.0,0.0,0.7827586206896552,10.0062,74.482682
2068,9,Dan-Axel,Zagadou,847908.0,,,,,,,2,2,https://kickbase.b-cdn.net/content/file/b356ec2b4bb34ae28c670dafbe1077c8.png,23.0,1,,0.0,"[{""hasPlayed"": false, ""points"": null}, {""hasPlayed"": false, ""points"": null}, {""hasPlayed"": false, ""points"": null}]",5,Dan-Axel Zagadou,212756.0,212756.0,117069.0,18083.0,117520.0,-2640963.0,0.0,1.4408352668213456,0.0,0.0,0.0,0.0,0.0,0.0,10.0062,0.0
2120,9,Nikolas,Nartey,5009187.0,,,,,,,0,3,https://kickbase.b-cdn.net/content/file/2133891e0645414dbdd7c340023656af.png,28.0,1,,0.0,"[{""hasPlayed"": false, ""points"": null}, {""hasPlayed"": false, ""points"": null}, {""hasPlayed"": false, ""points"": null}]",5,Nikolas Nartey,267138.0,267138.0,311470.0,280358.0,931864.0,-2941007.0,0.0,1.4408352668213456,0.0,0.0,0.0,0.0,0.0,0.0,10.0062,0.0
2172,9,Chris,Führich,18580045.0,78.0,2.0,2.0,2.0,8459.0,155.0,0,3,https://kickbase.b-cdn.net/content/file/9a804bbfd5e14d84a33ca8e11ba3feb7.png,10.0,2,8.0,48.0,"[{""hasPlayed"": true, ""points"": 59}, {""hasPlayed"": true, ""points"": 96}, {""hasPlayed"": false, ""points"": null}]",2,Chris Führich,-321803.0,-321803.0,-330892.0,-359078.0,-2234681.0,-6841390.0,7.0,1.4408352668213456,1.0,1.0,1.0,1.0,0.0,1.0,10.0062,100.921001
2199,9,Josha,Vagnoman,11985274.0,153.0,3.0,3.0,3.0,16621.0,458.0,0,2,https://kickbase.b-cdn.net/content/file/c0ddab007ad34b48b3efcfa3cb66ef4d.png,4.0,1,38.0,136.0,"[{""hasPlayed"": true, ""points"": 75}, {""hasPlayed"": true, ""points"": 310}, {""hasPlayed"": true, ""points"": 73}]",2,Josha Vagnoman,132497.0,132497.0,172315.0,211289.0,1423350.0,7754656.0,6.9,1.4408352668213456,0.6896551724137931,1.0,0.0,1.0,0.0,0.6758620689655173,10.0062,67.234267
2214,9,Atakan,Karazor,2706963.0,,,,,,,0,3,https://kickbase.b-cdn.net/content/file/219e2119996649e0846de7d6cd41906d.png,16.0,2,,0.0,"[{""hasPlayed"": false, ""points"": null}, {""hasPlayed"": false, ""points"": null}, {""hasPlayed"": false, ""points"": null}]",3,Atakan Karazor,-26410.0,-26410.0,-81431.0,-95895.0,-612139.0,-4550139.0,0.0,1.4408352668213456,0.3103448275862069,0.31034482758620685,0.0,0.0,0.0,0.21724137931034485,10.0062,0.0
2237,9,Fabian,Bredlow,13236116.0,130.0,3.0,3.0,3.0,17511.0,390.0,0,1,https://kickbase.b-cdn.net/content/file/9c66b1c555ae45aea1e62e700f53f3e9.png,1.0,1,29.0,20.0,"[{""hasPlayed"": true, ""points"": 128}, {""hasPlayed"": true, ""points"": 151}, {""hasPlayed"": true, ""points"": 111}]",1,Fabian Bredlow,5225.0,5225.0,28895.0,77060.0,285943.0,4075632.0,6.8,1.3881670533642692,1.0,1.0,1.0,1.0,0.0,1.0,10.0062,94.453885
2445,9,Marius,Funk,500000.0,,,,,,,0,1,https://kickbase.b-cdn.net/content/file/0e9c65b96cb040e5bd1a1d2127c167c9.png,33.0,2,,0.0,"[{""hasPlayed"": false, ""points"": null}, {""hasPlayed"": false, ""points"": null}, {""hasPlayed"": false, ""points"": null}]",5,Marius Funk,-116927.0,-116927.0,-137282.0,-143121.0,-1025225.0,-4448070.0,0.0,1.3881670533642692,0.0,0.0,0.0,0.0,0.0,0.0,10.0062,0.0
2694,9,Angelo,Stiller,26564785.0,51.0,3.0,3.0,3.0,12900.0,153.0,2,3,https://kickbase.b-cdn.net/content/file/11b094668fbf453fa70c2bcce7ffa8e8.png,6.0,2,5.0,66.0,"[{""hasPlayed"": true, ""points"": 1}, {""hasPlayed"": true, ""points"": 127}, {""hasPlayed"": true, ""points"": 25}]",2,Angelo Stiller,-654578.0,-654578.0,-648955.0,-708843.0,-4720028.0,-10410624.0,6.9,1.4408352668213456,0.6348884381338742,1.0,1.0,0.85,0.15,0.8389553752535497,10.0062,83.45867
2854,9,Ermedin,Demirović,17343270.0,56.0,3.0,3.0,1.0,7639.0,168.0,0,4,https://kickbase.b-cdn.net/content/file/80dff151ca80494294c4872fe9d6d725.png,9.0,1,9.0,94.0,"[{""hasPlayed"": true, ""points"": 7}, {""hasPlayed"": true, ""points"": 165}, {""hasPlayed"": true, ""points"": -4}]",3,Ermedin Demirović,-64266.0,-64266.0,53291.0,112569.0,676306.0,-4896621.0,7.0,1.4408352668213456,0.6896551724137931,0.2723146747352496,1.0,1.0,0.0,0.6575564713860922,10.0062,66.361257
2988,9,Jamie,Leweling,15183183.0,3.0,3.0,3.0,0.0,4325.0,8.0,0,3,https://kickbase.b-cdn.net/content/file/c9e7ad1b174e48d8aaf075b0bc0bb13d.png,18.0,2,0.0,16.0,"[{""hasPlayed"": true, ""points"": -10}, {""hasPlayed"": true, ""points"": 21}, {""hasPlayed"": true, ""points"": -3}]",3,Jamie Leweling,-585736.0,-585736.0,-566506.0,-565351.0,-3353919.0,-11943568.0,6.0,1.4408352668213456,0.3103448275862069,0.31034482758620685,1.0,0.0,0.0,0.41724137931034483,10.0062,36.092929
3190,9,Jeff,Chabot,20648335.0,89.0,3.0,3.0,3.0,16232.0,268.0,0,2,https://kickbase.b-cdn.net/content/file/ee6e1ec0b942485d99b3293e1c9d42f9.png,24.0,2,12.0,76.0,"[{""hasPlayed"": true, ""points"": 81}, {""hasPlayed"": true, ""points"": 170}, {""hasPlayed"": true, ""points"": 17}]",1,Jeff Chabot,-374579.0,-374579.0,-356615.0,-380549.0,-2459600.0,-5016070.0,7.4,1.4408352668213456,1.0,1.0,1.0,1.0,0.0,1.0,10.0062,106.687915
3193,9,,Tiago Tomás,4607044.0,35.0,1.0,1.0,1.0,3780.0,35.0,4,4,https://kickbase.b-cdn.net/content/file/bc4ccccad9f44c0fa4e3f4e7a406cb75.png,8.0,2,7.0,20.0,"[{""hasPlayed"": false, ""points"": null}, {""hasPlayed"": false, ""points"": null}, {""hasPlayed"": true, ""points"": 35}]",5,Tiago Tomás,-102761.0,-102761.0,-116658.0,-334006.0,-2013159.0,37746.0,0.0,1.4408352668213456,0.0,0.0,0.0,0.0,0.0,0.0,10.0062,0.0
4296,9,Dzenan,Pejčinović,9380251.0,34.0,3.0,3.0,3.0,15534.0,102.0,0,4,https://kickbase.b-cdn.net/content/file/dce6b383ea96472faf6e2059c30593a9.png,17.0,2,10.0,45.0,"[{""hasPlayed"": true, ""points"": 15}, {""hasPlayed"": true, ""points"": 93}, {""hasPlayed"": true, ""points"": -6}]",3,Dzenan Pejčinović,-191917.0,-191917.0,-176648.0,-237290.0,-2347563.0,4311513.0,5.6,1.4408352668213456,0.3103448275862069,0.1225416036308623,0.0,0.0,0.0,0.16090041212374145,10.0062,12.990585
4589,9,Justin,Diehl,500000.0,,,,,,,1,4,https://kickbase.b-cdn.net/content/file/30199653f3bb49e4893c86fb81d21361.png,31.0,0,,0.0,"[{""hasPlayed"": false, ""points"": null}, {""hasPlayed"": false, ""points"": null}, {""hasPlayed"": false, ""points"": null}]",5,Justin Diehl,0.0,0.0,0.0,0.0,0.0,0.0,0.0,1.4408352668213456,0.0,0.0,0.0,0.0,0.0,0.0,10.0062,0.0
6085,9,Dennis,Seimen,5325013.0,,,,,,,2,1,https://kickbase.b-cdn.net/content/file/6d05c64ea8014ede879dd27ed387ef4e.png,41.0,1,,0.0,"[{""hasPlayed"": false, ""points"": null}, {""hasPlayed"": false, ""points"": null}, {""hasPlayed"": false, ""points"": null}]",5,Dennis Seimen,180356.0,180356.0,165980.0,46420.0,-1574.0,-242037.0,0.0,1.3881670533642692,0.0,0.0,0.0,0.0,0.0,0.0,10.0062,0.0
7158,9,Deniz,Undav,32297648.0,12.0,3.0,3.0,2.0,10560.0,36.0,0,4,https://kickbase.b-cdn.net/content/file/09b0fa82db54498db93794d443c5dd46.png,26.0,2,1.0,45.0,"[{""hasPlayed"": true, ""points"": -17}, {""hasPlayed"": true, ""points"": 64}, {""hasPlayed"": true, ""points"": -11}]",2,Deniz Undav,-649460.0,-649460.0,-629912.0,-709692.0,-4939034.0,-11748074.0,6.2,1.4408352668213456,1.0,1.0,1.0,1.0,0.0,1.0,10.0062,89.387172
7257,9,Leonidas,Stergiou,723334.0,-8.0,1.0,1.0,0.0,1286.0,-8.0,0,2,https://kickbase.b-cdn.net/content/file/5969fcecc82d4c039732fa615901d1b2.png,20.0,2,,4.0,"[{""hasPlayed"": false, ""points"": null}, {""hasPlayed"": false, ""points"": null}, {""hasPlayed"": true, ""points"": -8}]",5,Leonidas Stergiou,-92817.0,-92817.0,-109406.0,-120355.0,-816236.0,-3547714.0,0.0,1.4408352668213456,0.0,0.0,0.0,0.0,0.0,0.0,10.0062,0.0
7349,9,Finn,Jeltsch,15645083.0,90.0,3.0,3.0,3.0,17511.0,271.0,0,2,https://kickbase.b-cdn.net/content/file/256dbc8d5e474b4caea5b04904175a7d.png,29.0,2,17.0,85.0,"[{""hasPlayed"": true, ""points"": 71}, {""hasPlayed"": true, ""points"": 184}, {""hasPlayed"": true, ""points"": 16}]",1,Finn Jeltsch,-141958.0,-141958.0,-196819.0,-244499.0,-1009289.0,2319323.0,6.9,1.4408352668213456,1.0,1.0,1.0,1.0,0.0,1.0,10.0062,99.479272
7781,9,Leo,Sauer,5809976.0,16.0,2.0,2.0,0.0,1881.0,32.0,0,3,https://kickbase.b-cdn.net/content/file/79854e5f8e024f4cac5b935b26f557ef.png,44.0,1,5.0,23.0,"[{""hasPlayed"": true, ""points"": -6}, {""hasPlayed"": true, ""points"": 38}, {""hasPlayed"": false, ""points"": null}]",5,Leo Sauer,138830.0,138830.0,207116.0,250566.0,1367796.0,899301.0,7.8,1.4408352668213456,0.0,0.0,0.0,0.0,0.0,0.0,10.0062,0.0
8247,9,Ramon,Hendriks,6863754.0,18.0,3.0,3.0,2.0,11892.0,54.0,0,2,https://kickbase.b-cdn.net/content/file/105193e4d2f8459290802db43899091e.png,3.0,2,7.0,49.0,"[{""hasPlayed"": true, ""points"": 59}, {""hasPlayed"": true, ""points"": -37}, {""hasPlayed"": true, ""points"": 32}]",3,Ramon Hendriks,-229469.0,-229469.0,-264061.0,-253354.0,-1500663.0,-6076340.0,5.4,1.4408352668213456,0.6896551724137931,0.6896551724137931,1.0,1.0,0.0,0.7827586206896552,10.0062,60.940376
9615,9,Ameen,Al Dakhil,2264259.0,,,,,,,0,2,https://kickbase.b-cdn.net/content/file/4aee2e4168564f5e94d30aa4876c1170.png,2.0,1,,0.0,"[{""hasPlayed"": false, ""points"": null}, {""hasPlayed"": false, ""points"": null}, {""hasPlayed"": false, ""points"": null}]",5,Ameen Al Dakhil,235554.0,235554.0,255182.0,258063.0,1443581.0,-956118.0,0.0,1.4408352668213456,0.0,0.0,0.0,0.0,0.0,0.0,10.0062,0.0
10112,9,Luca,Jaquez,994827.0,,,,,,,2,2,https://kickbase.b-cdn.net/content/file/723a3008f59f42d2bc35e506cca0cae0.png,14.0,2,,0.0,"[{""hasPlayed"": false, ""points"": null}, {""hasPlayed"": false, ""points"": null}, {""hasPlayed"": false, ""points"": null}]",5,Luca Jaquez,-76875.0,-76875.0,-83741.0,-81865.0,-578912.0,-3073571.0,0.0,1.4408352668213456,0.0,0.0,0.0,0.0,0.0,0.0,10.0062,0.0
11043,9,Lorenz,Assignon,1790751.0,,,,,,,2,2,https://kickbase.b-cdn.net/content/file/9a09f4c605aa4708839026cfa823e807.png,22.0,2,,0.0,"[{""hasPlayed"": false, ""points"": null}, {""hasPlayed"": false, ""points"": null}, {""hasPlayed"": false, ""points"": null}]",5,Lorenz Assignon,-35383.0,-35383.0,-75819.0,-111532.0,-731495.0,-73978.0,0.0,1.4408352668213456,0.0,0.0,0.0,0.0,0.0,0.0,10.0062,0.0
11955,9,Bilal,El Khannouss,19008658.0,63.0,3.0,3.0,1.0,7830.0,189.0,0,3,https://kickbase.b-cdn.net/content/file/5647309665b04428a87e221756ac45de.png,11.0,2,9.0,149.0,"[{""hasPlayed"": true, ""points"": 20}, {""hasPlayed"": true, ""points"": 229}, {""hasPlayed"": true, ""points"": -60}]",3,Bilal El Khannouss,-552480.0,-552480.0,-201301.0,20176.0,-277931.0,-4670050.0,6.4,1.4408352668213456,0.3103448275862069,0.6051437216338881,0.0,0.0,0.0,0.30568104752464914,10.0062,28.205383
12367,9,Yanik,Spalt,2465437.0,20.0,2.0,2.0,0.0,4173.0,39.0,0,3,https://kickbase.b-cdn.net/content/file/4369628365234b989d2c7b1750ba118a.png,47.0,1,15.0,0.0,"[{""hasPlayed"": true, ""points"": 20}, {""hasPlayed"": true, ""points"": 19}, {""hasPlayed"": false, ""points"": null}]",4,Yanik Spalt,133182.0,133182.0,243713.0,326114.0,1965437.0,1965437.0,4.8,1.4408352668213456,0.36511156186612576,0.0,0.0,0.0,0.0,0.1460446247464503,10.0062,10.106722
859,77,Jan,Gyamerah,8727414.0,57.0,3.0,3.0,3.0,15887.0,172.0,0,2,https://kickbase.b-cdn.net/content/file/605c8e04a1e448d28636a175391a6394.png,30.0,1,19.0,26.0,"[{""hasPlayed"": true, ""points"": 28}, {""hasPlayed"": true, ""points"": 81}, {""hasPlayed"": true, ""points"": 63}]",1,Jan Gyamerah,241392.0,241392.0,307971.0,359407.0,1885011.0,1925188.0,5.2,1.0526315789473684,1.0,1.0,1.0,1.0,0.0,1.0,10.0062,54.770779
1745,77,Amara,Condé,1857434.0,-1.0,2.0,2.0,0.0,1706.0,-2.0,0,3,https://kickbase.b-cdn.net/content/file/f4a59adaeaa34d489c40d0fc80a957a6.png,6.0,2,,15.0,"[{""hasPlayed"": true, ""points"": -16}, {""hasPlayed"": true, ""points"": 14}, {""hasPlayed"": false, ""points"": null}]",5,Amara Condé,-144055.0,-144055.0,-168189.0,-181136.0,-386844.0,-857343.0,4.0,1.0526315789473684,0.0,0.0,0.0,0.0,0.0,0.0,10.0062,0.0
2495,77,Tim,Boss,500000.0,,,,,,,0,1,https://kickbase.b-cdn.net/content/file/56d626009997411d96ea41f2355a4a62.png,28.0,2,,0.0,"[{""hasPlayed"": false, ""points"": null}, {""hasPlayed"": false, ""points"": null}, {""hasPlayed"": false, ""points"": null}]",5,Tim Boss,0.0,0.0,-3504.0,-136090.0,-726324.0,-4200554.0,0.0,1.3105263157894738,0.0,0.0,0.0,0.0,0.0,0.0,10.0062,0.0
2928,77,Lukas Emanuel,Petkov,13066175.0,119.0,3.0,3.0,3.0,17012.0,357.0,0,3,https://kickbase.b-cdn.net/content/file/128565baaabc492cb4552221f5309f70.png,25.0,1,27.0,102.0,"[{""hasPlayed"": true, ""points"": 33}, {""hasPlayed"": true, ""points"": 91}, {""hasPlayed"": true, ""points"": 233}]",1,Lukas Emanuel Petkov,128527.0,128527.0,173213.0,190305.0,906082.0,1188219.0,6.2,1.0526315789473684,1.0,1.0,1.0,1.0,0.0,1.0,10.0062,65.303621
3026,77,Lasse,Günther,7616368.0,48.0,3.0,3.0,3.0,16390.0,143.0,0,2,https://kickbase.b-cdn.net/content/file/efd54edaa770405ba5107ab4d8e895ec.png,21.0,2,18.0,30.0,"[{""hasPlayed"": true, ""points"": 15}, {""hasPlayed"": true, ""points"": 54}, {""hasPlayed"": true, ""points"": 74}]",1,Lasse Günther,-192371.0,-192371.0,-230586.0,-249765.0,-1386233.0,-2614933.0,4.6,1.0526315789473684,1.0,1.0,1.0,1.0,0.0,1.0,10.0062,48.451074
3232,77,Luca,Pfeiffer,520085.0,,,,,,,0,4,https://kickbase.b-cdn.net/content/file/31027969e84a49f6955ebbed0c02920c.png,16.0,2,,0.0,"[{""hasPlayed"": false, ""points"": null}, {""hasPlayed"": false, ""points"": null}, {""hasPlayed"": false, ""points"": null}]",5,Luca Pfeiffer,-65890.0,-65890.0,-82928.0,-94341.0,-733439.0,-3877646.0,0.0,1.0526315789473684,0.0,0.0,0.0,0.0,0.0,0.0,10.0062,0.0
3284,77,Maximilian,Rohr,11057397.0,104.0,3.0,3.0,3.0,16785.0,311.0,0,2,https://kickbase.b-cdn.net/content/file/42996bfe19eb43e8ab7a10cabb206982.png,31.0,1,28.0,14.0,"[{""hasPlayed"": true, ""points"": 109}, {""hasPlayed"": true, ""points"": 115}, {""hasPlayed"": true, ""points"": 87}]",1,Maximilian Rohr,113739.0,113739.0,143748.0,140972.0,285668.0,502672.0,6.5,1.0526315789473684,1.0,1.0,1.0,1.0,0.0,1.0,10.0062,68.463474
3350,77,Felix,Keidel,9895788.0,93.0,3.0,3.0,3.0,16417.0,280.0,0,2,https://kickbase.b-cdn.net/content/file/d6f20538ad104c5cb3d4ba7d427f874d.png,43.0,1,28.0,80.0,"[{""hasPlayed"": true, ""points"": 30}, {""hasPlayed"": true, ""points"": 184}, {""hasPlayed"": true, ""points"": 66}]",1,Felix Keidel,238914.0,238914.0,212338.0,132186.0,598538.0,4480002.0,6.7,1.0526315789473684,1.0,1.0,1.0,1.0,0.0,1.0,10.0062,70.570042
6148,77,Lukas,Pinckert,11595587.0,114.0,3.0,3.0,3.0,17640.0,343.0,0,2,https://kickbase.b-cdn.net/content/file/4f8f4bead9d74021b33b2641418a1631.png,19.0,1,29.0,44.0,"[{""hasPlayed"": true, ""points"": 71}, {""hasPlayed"": true, ""points"": 160}, {""hasPlayed"": true, ""points"": 112}]",1,Lukas Pinckert,114374.0,114374.0,154290.0,194340.0,791401.0,1234755.0,6.7,1.0526315789473684,1.0,1.0,1.0,1.0,0.0,1.0,10.0062,70.570042
6149,77,Frank,Lehmann,500000.0,,,,,,,0,1,https://kickbase.b-cdn.net/content/file/d396d4eb04c8406a99e09a3ad8cbd7d5.png,1.0,0,,0.0,"[{""hasPlayed"": false, ""points"": null}, {""hasPlayed"": false, ""points"": null}, {""hasPlayed"": false, ""points"": null}]",5,Frank Lehmann,0.0,0.0,0.0,0.0,0.0,-1028728.0,0.0,1.3105263157894738,0.0,0.0,0.0,0.0,0.0,0.0,10.0062,0.0
6158,77,Luca,Schnellbacher,2722665.0,6.0,2.0,2.0,0.0,1901.0,12.0,0,4,https://kickbase.b-cdn.net/content/file/082f309a17cb4c1b99372df2de90cc87.png,24.0,2,4.0,9.0,"[{""hasPlayed"": true, ""points"": -3}, {""hasPlayed"": false, ""points"": null}, {""hasPlayed"": true, ""points"": 15}]",5,Luca Schnellbacher,-111469.0,-111469.0,-121315.0,-128628.0,-873018.0,-1756057.0,6.2,1.0526315789473684,0.0,0.0,0.0,0.0,0.0,0.0,10.0062,0.0
6160,77,Nicolas,Kristof,12022170.0,96.0,3.0,3.0,3.0,17640.0,288.0,0,1,https://kickbase.b-cdn.net/content/file/e88c0be37ac84419974461264ed59e68.png,20.0,1,23.0,11.0,"[{""hasPlayed"": true, ""points"": 100}, {""hasPlayed"": true, ""points"": 105}, {""hasPlayed"": true, ""points"": 83}]",1,Nicolas Kristof,48716.0,48716.0,67694.0,46245.0,-1064.0,-699395.0,6.1,1.3105263157894738,1.0,1.0,1.0,1.0,0.0,1.0,10.0062,79.991669
6183,77,Noel,Futkeu,6078578.0,57.0,2.0,2.0,0.0,2469.0,113.0,0,4,https://kickbase.b-cdn.net/content/file/dfbdf3f14b144658845ce17d14108e74.png,9.0,2,18.0,73.0,"[{""hasPlayed"": true, ""points"": -9}, {""hasPlayed"": true, ""points"": 122}, {""hasPlayed"": false, ""points"": null}]",5,Noel Futkeu,-249470.0,-249470.0,-258377.0,-261144.0,-1223845.0,-3169629.0,6.8,1.0526315789473684,0.0,0.0,0.0,0.0,0.0,0.0,10.0062,0.0
7278,77,Lukasz,Poreba,10476775.0,76.0,3.0,3.0,3.0,17640.0,228.0,0,3,https://kickbase.b-cdn.net/content/file/e041a72fb7e245b5935420398b495e80.png,8.0,1,21.0,30.0,"[{""hasPlayed"": true, ""points"": 46}, {""hasPlayed"": true, ""points"": 107}, {""hasPlayed"": true, ""points"": 75}]",1,Lukasz Poreba,99215.0,99215.0,176720.0,326169.0,1274517.0,502097.0,5.9,1.0526315789473684,1.0,1.0,1.0,1.0,0.0,1.0,10.0062,62.143768
7441,77,Cole,Campbell,8519419.0,54.0,3.0,3.0,3.0,10979.0,163.0,0,3,https://kickbase.b-cdn.net/content/file/669458754d454557bed29bb138f25294.png,39.0,2,19.0,78.0,"[{""hasPlayed"": true, ""points"": -5}, {""hasPlayed"": true, ""points"": 24}, {""hasPlayed"": true, ""points"": 144}]",2,Cole Campbell,-111275.0,-111275.0,-163454.0,-200705.0,-1889191.0,4380459.0,5.9,1.0526315789473684,0.3103448275862069,1.0,0.0,0.0,0.0,0.4241379310344827,10.0062,26.357529
7463,77,Francis,Onyeka,8896927.0,63.0,3.0,3.0,3.0,9221.0,190.0,2,3,https://kickbase.b-cdn.net/content/file/1a2f3b7f876a41d09094a01b0c8e60e6.png,40.0,2,21.0,82.0,"[{""hasPlayed"": true, ""points"": -25}, {""hasPlayed"": true, ""points"": 76}, {""hasPlayed"": true, ""points"": 139}]",3,Francis Onyeka,-343078.0,-343078.0,-344279.0,-387295.0,-1956130.0,-242719.0,6.3,1.0526315789473684,0.0,0.1225416036308623,0.0,0.0,0.0,0.03676248108925869,10.0062,2.439444
7514,77,Florian,Le Joncour,1758463.0,20.0,1.0,1.0,0.0,855.0,20.0,0,2,https://kickbase.b-cdn.net/content/file/bd59eb88ca624feda29aaaea681b7e05.png,3.0,2,11.0,11.0,"[{""hasPlayed"": false, ""points"": null}, {""hasPlayed"": false, ""points"": null}, {""hasPlayed"": true, ""points"": 20}]",5,Florian Le Joncour,-125182.0,-125182.0,-141758.0,-170247.0,-655224.0,-833726.0,0.0,1.0526315789473684,0.0,0.0,0.0,0.0,0.0,0.0,10.0062,0.0
8252,77,Maurice,Krattenmacher,7033894.0,130.0,3.0,3.0,0.0,6685.0,389.0,0,3,https://kickbase.b-cdn.net/content/file/9ba6541c944d41ee80df738763e91701.png,7.0,1,55.0,133.0,"[{""hasPlayed"": true, ""points"": 101}, {""hasPlayed"": true, ""points"": 275}, {""hasPlayed"": true, ""points"": 13}]",3,Maurice Krattenmacher,393404.0,393404.0,414114.0,424329.0,2882857.0,3951117.0,8.4,1.0526315789473684,0.6896551724137931,0.6051437216338881,1.0,1.0,0.0,0.7574051854556837,10.0062,67.012086
8296,77,Frederik,Schmahl,1147265.0,,,,,,,0,3,https://kickbase.b-cdn.net/content/file/4fee028433d344a29b6c94e9ee65fa19.png,17.0,2,,0.0,"[{""hasPlayed"": false, ""points"": null}, {""hasPlayed"": false, ""points"": null}, {""hasPlayed"": false, ""points"": null}]",5,Frederik Schmahl,-128208.0,-128208.0,-139636.0,-144252.0,-1003030.0,-4175570.0,0.0,1.0526315789473684,0.0,0.0,0.0,0.0,0.0,0.0,10.0062,0.0
8301,77,Luca,Sirch,1668333.0,18.0,2.0,2.0,0.0,1752.0,35.0,0,2,https://kickbase.b-cdn.net/content/file/90e50e09e0d6425aa1c094d337ea2d95.png,26.0,2,20.0,12.0,"[{""hasPlayed"": false, ""points"": null}, {""hasPlayed"": true, ""points"": 25}, {""hasPlayed"": true, ""points"": 10}]",5,Luca Sirch,-101798.0,-101798.0,-113831.0,-127193.0,-852545.0,-4469591.0,5.6,1.0526315789473684,0.0,0.0,0.0,0.0,0.0,0.0,10.0062,0.0
9224,77,Tom,Zimmerschied,862104.0,,,,,,,2,3,https://kickbase.b-cdn.net/content/file/9f0800bc0d18427ebfd3b4a9089dd165.png,29.0,2,,0.0,"[{""hasPlayed"": false, ""points"": null}, {""hasPlayed"": false, ""points"": null}, {""hasPlayed"": false, ""points"": null}]",5,Tom Zimmerschied,5315.0,5315.0,-39819.0,-82996.0,-515125.0,-3521096.0,0.0,1.0526315789473684,0.0,0.0,0.0,0.0,0.0,0.0,10.0062,0.0
9384,77,Noah,Darvich,4405398.0,21.0,2.0,2.0,0.0,7165.0,41.0,0,3,https://kickbase.b-cdn.net/content/file/a152e089e0e747c58731e76c4f5b58e2.png,10.0,1,9.0,14.0,"[{""hasPlayed"": true, ""points"": 29}, {""hasPlayed"": false, ""points"": null}, {""hasPlayed"": true, ""points"": 12}]",3,Noah Darvich,298940.0,298940.0,255489.0,123376.0,316379.0,-458732.0,4.9,1.0526315789473684,1.0,0.2723146747352496,1.0,1.0,0.0,0.7816944024205749,10.0062,40.343972
9995,77,David,Mokwa,9957752.0,101.0,3.0,3.0,3.0,14665.0,303.0,0,4,https://kickbase.b-cdn.net/content/file/f876a96f8bbc45c9801216e1a536b532.png,42.0,1,30.0,83.0,"[{""hasPlayed"": true, ""points"": 5}, {""hasPlayed"": true, ""points"": 150}, {""hasPlayed"": true, ""points"": 148}]",1,David Mokwa,299852.0,299852.0,337158.0,372056.0,2338143.0,6636216.0,6.6,1.0526315789473684,1.0,1.0,1.0,1.0,0.0,1.0,10.0062,69.516758
11253,77,Nicholas,Mickelson,2199780.0,58.0,1.0,1.0,0.0,1249.0,58.0,0,2,https://kickbase.b-cdn.net/content/file/f16357c0983747ef91bacb8d05cc8499.png,2.0,2,26.0,33.0,"[{""hasPlayed"": false, ""points"": null}, {""hasPlayed"": true, ""points"": 58}, {""hasPlayed"": false, ""points"": null}]",5,Nicholas Mickelson,-114061.0,-114061.0,-113835.0,-112693.0,-812371.0,-730850.0,0.0,1.0526315789473684,0.0,0.0,0.0,0.0,0.0,0.0,10.0062,0.0
12317,77,Raif,Adam,1435396.0,,,,,,,0,4,https://kickbase.b-cdn.net/content/file/47b81129a6b9411b92255354f3e36834.png,15.0,2,,0.0,"[{""hasPlayed"": false, ""points"": null}, {""hasPlayed"": false, ""points"": null}, {""hasPlayed"": false, ""points"": null}]",5,Raif Adam,-133125.0,-133125.0,-137015.0,-145576.0,-1020263.0,-4479858.0,0.0,1.0526315789473684,0.0,0.0,0.0,0.0,0.0,0.0,10.0062,0.0
4,7,Janis,Blaswich,632420.0,,,,,,,0,1,https://kickbase.b-cdn.net/content/file/d17035064d4a480484cb35d2dab54e46.png,28.0,2,,0.0,"[{""hasPlayed"": false, ""points"": null}, {""hasPlayed"": false, ""points"": null}, {""hasPlayed"": false, ""points"": null}]",5,Janis Blaswich,-121489.0,-121489.0,-125042.0,-131922.0,-933686.0,-473328.0,7.5,1.4413154622080975,0.0,0.0,0.0,0.0,0.0,0.0,10.0062,0.0
72,7,Mark,Flekken,12642615.0,78.0,3.0,3.0,3.0,17387.0,235.0,0,1,https://kickbase.b-cdn.net/content/file/98ea8901b970421b88f6a41a3137142f.png,1.0,2,18.0,36.0,"[{""hasPlayed"": true, ""points"": 70}, {""hasPlayed"": true, ""points"": 118}, {""hasPlayed"": true, ""points"": 47}]",1,Mark Flekken,-124764.0,-124764.0,-121331.0,-132584.0,-1206291.0,-2201156.0,6.3,1.4413154622080975,1.0,1.0,1.0,1.0,0.0,1.0,10.0062,90.859172
78,7,Jonas,Hofmann,4096247.0,43.0,1.0,1.0,0.0,1881.0,43.0,0,3,https://kickbase.b-cdn.net/content/file/328114051c1e42df84e2a6ac3e93cf42.png,7.0,2,10.0,24.0,"[{""hasPlayed"": false, ""points"": null}, {""hasPlayed"": false, ""points"": null}, {""hasPlayed"": true, ""points"": 43}]",5,Jonas Hofmann,-133804.0,-133804.0,-135899.0,-145966.0,-886397.0,2627381.0,0.0,1.7065773110404865,0.0,0.0,0.0,0.0,0.0,0.0,10.0062,0.0
663,7,Robert,Andrich,3193102.0,38.0,1.0,1.0,0.0,1366.0,38.0,0,2,https://kickbase.b-cdn.net/content/file/0cdcdb27004443c09d112462f32ace2c.png,8.0,2,11.0,21.0,"[{""hasPlayed"": false, ""points"": null}, {""hasPlayed"": true, ""points"": 38}, {""hasPlayed"": false, ""points"": null}]",5,Robert Andrich,-72421.0,-72421.0,-113303.0,-116247.0,-688207.0,-4735557.0,7.6,1.7065773110404865,0.0,0.0,0.0,0.0,0.0,0.0,10.0062,0.0
2661,7,Moussa,Diaby,21622646.0,87.0,2.0,2.0,1.0,7414.0,173.0,0,4,https://kickbase.b-cdn.net/content/file/62cedf2a843f49b496969fb2c21fc150.png,19.0,2,8.0,55.0,"[{""hasPlayed"": true, ""points"": 126}, {""hasPlayed"": true, ""points"": 47}, {""hasPlayed"": false, ""points"": null}]",2,Moussa Diaby,-316177.0,-316177.0,-347288.0,-354226.0,-2396108.0,-16517910.0,7.1,1.7065773110404865,1.0,1.0,1.0,1.0,0.0,1.0,10.0062,121.242113
2746,7,Patrik,Schick,30258528.0,169.0,3.0,3.0,2.0,11964.0,508.0,0,4,https://kickbase.b-cdn.net/content/file/9f0daa3f23514ac7a72c46ba81396a95.png,14.0,2,16.0,62.0,"[{""hasPlayed"": true, ""points"": 131}, {""hasPlayed"": true, ""points"": 242}, {""hasPlayed"": true, ""points"": 135}]",3,Patrik Schick,-190405.0,-190405.0,3874.0,35269.0,52829.0,945940.0,8.6,1.7065773110404865,0.6896551724137931,0.6896551724137931,0.0,1.0,0.0,0.5827586206896551,10.0062,85.581975
2783,7,Edmond,Tapsoba,25271940.0,96.0,3.0,3.0,3.0,17387.0,289.0,0,2,https://kickbase.b-cdn.net/content/file/21031db97a054165806a98d2f0c0d73b.png,12.0,1,11.0,110.0,"[{""hasPlayed"": true, ""points"": 188}, {""hasPlayed"": true, ""points"": 127}, {""hasPlayed"": true, ""points"": -26}]",1,Edmond Tapsoba,13048.0,13048.0,27732.0,22638.0,-647098.0,-7067469.0,7.3,1.7065773110404865,1.0,1.0,1.0,1.0,0.0,1.0,10.0062,124.657383
2846,7,Malik,Tillman,10340715.0,77.0,3.0,3.0,2.0,9316.0,230.0,0,3,https://kickbase.b-cdn.net/content/file/04966a0af0e2477db734c91fdd98d4e1.png,10.0,2,22.0,20.0,"[{""hasPlayed"": true, ""points"": 58}, {""hasPlayed"": true, ""points"": 98}, {""hasPlayed"": true, ""points"": 74}]",4,Malik Tillman,-477459.0,-477459.0,-512126.0,-514061.0,-3536867.0,-2285958.0,7.5,1.7065773110404865,0.3103448275862069,0.31034482758620685,0.0,0.0,0.0,0.21724137931034485,10.0062,27.82268
3754,7,Lucas,Vázquez,4302339.0,13.0,3.0,3.0,1.0,4680.0,39.0,0,2,https://kickbase.b-cdn.net/content/file/1636c5905fe44210aa3526352673cb13.png,17.0,2,9.0,17.0,"[{""hasPlayed"": true, ""points"": 17}, {""hasPlayed"": true, ""points"": 28}, {""hasPlayed"": true, ""points"": -6}]",5,Lucas Vázquez,-106591.0,-106591.0,-129612.0,-125530.0,-1314874.0,1518482.0,6.7,1.7065773110404865,0.0,0.0,0.0,0.0,0.0,0.0,10.0062,0.0
3759,7,Miguel,Gutiérrez,23718594.0,164.0,3.0,3.0,3.0,16754.0,492.0,0,2,https://kickbase.b-cdn.net/content/file/e1b364b32dcc44539649cf1c88d0eba9.png,3.0,1,20.0,101.0,"[{""hasPlayed"": true, ""points"": 95}, {""hasPlayed"": true, ""points"": 280}, {""hasPlayed"": true, ""points"": 117}]",1,Miguel Gutiérrez,49686.0,49686.0,90869.0,117746.0,779777.0,4009050.0,7.7,1.7065773110404865,1.0,1.0,1.0,1.0,0.0,1.0,10.0062,131.487925
4199,7,Aleix,García,38549618.0,160.0,3.0,3.0,3.0,17387.0,480.0,0,3,https://kickbase.b-cdn.net/content/file/3de0ab19c54f4523a5bf21f686259db0.png,24.0,2,12.0,66.0,"[{""hasPlayed"": true, ""points"": 151}, {""hasPlayed"": true, ""points"": 231}, {""hasPlayed"": true, ""points"": 98}]",1,Aleix García,-211977.0,-211977.0,-68986.0,7213.0,-230121.0,234324.0,8.7,1.7065773110404865,1.0,1.0,1.0,1.0,0.0,1.0,10.0062,148.564279
4318,7,Tim,Oermann,1398625.0,,,,,,,0,2,https://kickbase.b-cdn.net/content/file/b9857e88faaf4de1a3450f6301c5448e.png,15.0,2,,0.0,"[{""hasPlayed"": false, ""points"": null}, {""hasPlayed"": false, ""points"": null}, {""hasPlayed"": false, ""points"": null}]",5,Tim Oermann,-128295.0,-128295.0,-135794.0,-139552.0,-992248.0,-4578218.0,0.0,1.7065773110404865,0.0,0.0,0.0,0.0,0.0,0.0,10.0062,0.0
4563,7,Loïc,Badé,6603000.0,35.0,2.0,2.0,1.0,4765.0,70.0,0,2,https://kickbase.b-cdn.net/content/file/80f11505e8d445ae827aefe485b1c4c7.png,5.0,2,10.0,20.0,"[{""hasPlayed"": false, ""points"": null}, {""hasPlayed"": true, ""points"": 40}, {""hasPlayed"": true, ""points"": 30}]",5,Loïc Badé,-323020.0,-323020.0,-354159.0,-343393.0,-2433507.0,-6355868.0,7.7,1.7065773110404865,0.0,0.0,0.0,0.0,0.0,0.0,10.0062,0.0
6061,7,Ibrahim,Maza,30577644.0,166.0,3.0,3.0,3.0,17387.0,497.0,0,3,https://kickbase.b-cdn.net/content/file/7ff9728d20544b96a1fe698af86f9f2f.png,30.0,2,16.0,134.0,"[{""hasPlayed"": true, ""points"": 71}, {""hasPlayed"": true, ""points"": 319}, {""hasPlayed"": true, ""points"": 107}]",2,Ibrahim Maza,-319510.0,-319510.0,-9513.0,41572.0,-36456.0,1070177.0,7.3,1.7065773110404865,0.6896551724137931,0.6896551724137931,1.0,1.0,0.0,0.7827586206896552,10.0062,97.576641
6745,7,Victor,Boniface,3484758.0,43.0,1.0,1.0,0.0,667.0,43.0,0,4,https://kickbase.b-cdn.net/content/file/f5f3d11be23443cb9e4c8c472288e093.png,22.0,2,12.0,24.0,"[{""hasPlayed"": false, ""points"": null}, {""hasPlayed"": false, ""points"": null}, {""hasPlayed"": true, ""points"": 43}]",5,Victor Boniface,-99652.0,-99652.0,-103102.0,-111377.0,-774032.0,-999170.0,0.0,1.7065773110404865,0.0,0.0,0.0,0.0,0.0,0.0,10.0062,0.0
7269,7,Nathan,Tella,3360864.0,,,,,,,2,3,https://kickbase.b-cdn.net/content/file/e0df07546d38465080767efd17a0898e.png,23.0,2,,0.0,"[{""hasPlayed"": false, ""points"": null}, {""hasPlayed"": false, ""points"": null}, {""hasPlayed"": false, ""points"": null}]",5,Nathan Tella,-125858.0,-125858.0,-121665.0,-123578.0,-885327.0,-3369611.0,0.0,1.7065773110404865,0.0,0.0,0.0,0.0,0.0,0.0,10.0062,0.0
7963,7,Jarell,Quansah,17974987.0,95.0,3.0,3.0,2.0,12009.0,286.0,0,2,https://kickbase.b-cdn.net/content/file/c1361cbb456a4b23a8e3d178290141cd.png,4.0,2,15.0,88.0,"[{""hasPlayed"": true, ""points"": 39}, {""hasPlayed"": true, ""points"": 197}, {""hasPlayed"": true, ""points"": 50}]",1,Jarell Quansah,-147609.0,-147609.0,-23599.0,96697.0,502459.0,-4359447.0,7.4,1.7065773110404865,1.0,1.0,1.0,1.0,0.0,1.0,10.0062,126.365019
8374,7,Martin,Terrier,3488789.0,21.0,1.0,1.0,0.0,1212.0,21.0,0,4,https://kickbase.b-cdn.net/content/file/039e1528fe214c32ad0653b911ea944e.png,11.0,1,6.0,12.0,"[{""hasPlayed"": true, ""points"": 21}, {""hasPlayed"": false, ""points"": null}, {""hasPlayed"": false, ""points"": null}]",4,Martin Terrier,341338.0,341338.0,299488.0,329145.0,2150893.0,1024010.0,6.7,1.7065773110404865,0.0,0.0,0.0,0.0,0.0,0.0,10.0062,0.0
11513,7,Christian,Kofane,10619989.0,97.0,3.0,3.0,1.0,7915.0,292.0,0,4,https://kickbase.b-cdn.net/content/file/ce8356c51b154a87a40a56f723f2e3e3.png,35.0,1,27.0,53.0,"[{""hasPlayed"": true, ""points"": 144}, {""hasPlayed"": true, ""points"": 39}, {""hasPlayed"": true, ""points"": 109}]",3,Christian Kofane,137236.0,137236.0,155299.0,165249.0,208120.0,-167719.0,8.4,1.7065773110404865,0.3103448275862069,0.31034482758620685,1.0,0.0,0.0,0.41724137931034483,10.0062,59.849676
11680,7,Kennet,Eichhorn,1548919.0,,,,,,,1,3,https://kickbase.b-cdn.net/content/file/ceafc42e35aa446595952bcbdf873954.png,18.0,2,,0.0,"[{""hasPlayed"": false, ""points"": null}, {""hasPlayed"": false, ""points"": null}, {""hasPlayed"": false, ""points"": null}]",5,Kennet Eichhorn,-91133.0,-91133.0,-97937.0,-100690.0,-746792.0,-3745877.0,0.0,1.7065773110404865,0.0,0.0,0.0,0.0,0.0,0.0,10.0062,0.0
11756,7,Montrell,Culbreath,943298.0,,,,,,,4,3,https://kickbase.b-cdn.net/content/file/43c4c26e99f3442ab58db3d049e5f1ae.png,42.0,2,,0.0,"[{""hasPlayed"": false, ""points"": null}, {""hasPlayed"": false, ""points"": null}, {""hasPlayed"": false, ""points"": null}]",5,Montrell Culbreath,-14856.0,-14856.0,-39798.0,-63416.0,-450372.0,-3128581.0,0.0,1.7065773110404865,0.0,0.0,0.0,0.0,0.0,0.0,10.0062,0.0
11956,7,Ezequiél,Fernández,12488758.0,122.0,3.0,3.0,3.0,12307.0,365.0,0,3,https://kickbase.b-cdn.net/content/file/2c37f7daf46f4c9693ffa9ef33ff980b.png,6.0,1,29.0,96.0,"[{""hasPlayed"": true, ""points"": 98}, {""hasPlayed"": true, ""points"": 228}, {""hasPlayed"": true, ""points"": 39}]",1,Ezequiél Fernández,106429.0,106429.0,124038.0,143836.0,937952.0,6697341.0,7.2,1.7065773110404865,1.0,1.0,1.0,1.0,0.0,1.0,10.0062,122.949748
11957,7,Eliesse,Ben Seghir,5609876.0,,,,,,,0,3,https://kickbase.b-cdn.net/content/file/83c0ccd07e1e42d0ac339779564cd1f4.png,29.0,1,,0.0,"[{""hasPlayed"": false, ""points"": null}, {""hasPlayed"": false, ""points"": null}, {""hasPlayed"": false, ""points"": null}]",5,Eliesse Ben Seghir,75826.0,75826.0,186377.0,259924.0,1521172.0,4115763.0,0.0,1.7065773110404865,0.0,0.0,0.0,0.0,0.0,0.0,10.0062,0.0
13888,7,Guéla,Doué,10585600.0,40.0,1.0,1.0,0.0,1989.0,40.0,1,2,https://kickbase.b-cdn.net/content/file/812bc3c9b83245c09d36a46dd5b0b56b.png,20.0,2,3.0,28.0,"[{""hasPlayed"": true, ""points"": 40}, {""hasPlayed"": false, ""points"": null}, {""hasPlayed"": false, ""points"": null}]",5,Guéla Doué,-966312.0,-966312.0,-927040.0,-472756.0,-4449468.0,10585600.0,0.0,1.7065773110404865,0.0,0.0,0.0,0.0,0.0,0.0,10.0062,0.0
14241,7,Facundo,Medina,11977986.0,106.0,3.0,3.0,2.0,11966.0,318.0,0,2,https://kickbase.b-cdn.net/content/file/a59d86f8dc644a43babfe89f615d199f.png,2.0,1,26.0,113.0,"[{""hasPlayed"": true, ""points"": 62}, {""hasPlayed"": true, ""points"": 235}, {""hasPlayed"": true, ""points"": 21}]",1,Facundo Medina,174437.0,174437.0,178093.0,217859.0,1505883.0,-2463056.0,7.7,1.7065773110404865,1.0,1.0,1.0,1.0,0.0,1.0,10.0062,131.487925
15199,7,Afonso,Moreira,19142874.0,71.0,3.0,3.0,3.0,15495.0,212.0,0,4,https://kickbase.b-cdn.net/content/file/91b4b5c394a1464f98589ffa59af5aec.png,9.0,2,11.0,62.0,"[{""hasPlayed"": true, ""points"": 77}, {""hasPlayed"": true, ""points"": 130}, {""hasPlayed"": true, ""points"": 5}]",2,Afonso Moreira,-451007.0,-451007.0,-505267.0,-519584.0,-3519790.0,-3776187.0,6.6,1.7065773110404865,1.0,1.0,1.0,1.0,0.0,1.0,10.0062,112.703936
417,28,Ron-Robert,Zieler,500000.0,,,,,,,0,1,https://kickbase.b-cdn.net/content/file/87bb56a22db74cfd99e639824b703f30.png,20.0,0,,0.0,"[{""hasPlayed"": false, ""points"": null}, {""hasPlayed"": false, ""points"": null}, {""hasPlayed"": false, ""points"": null}]",5,Ron-Robert Zieler,0.0,0.0,0.0,0.0,0.0,-2119006.0,0.0,1.388782816229117,0.0,0.0,0.0,0.0,0.0,0.0,10.0062,0.0
737,28,Luca,Waldschmidt,1601318.0,,,,,,,0,3,https://kickbase.b-cdn.net/content/file/c6c99717a5834cacbb3161877ca3f29f.png,7.0,2,,0.0,"[{""hasPlayed"": false, ""points"": null}, {""hasPlayed"": false, ""points"": null}, {""hasPlayed"": false, ""points"": null}]",5,Luca Waldschmidt,-122821.0,-122821.0,-125214.0,-131508.0,-896263.0,-4216775.0,0.0,1.4439140811455844,0.0,0.0,0.0,0.0,0.0,0.0,10.0062,0.0
1580,28,Marvin,Schwäbe,15765831.0,124.0,3.0,3.0,3.0,17300.0,373.0,0,1,https://kickbase.b-cdn.net/content/file/2708fddc28474a2299885f3eb69be6bc.png,1.0,2,23.0,45.0,"[{""hasPlayed"": true, ""points"": 88}, {""hasPlayed"": true, ""points"": 109}, {""hasPlayed"": true, ""points"": 176}]",1,Marvin Schwäbe,-86003.0,-86003.0,9476.0,16929.0,-78339.0,1432755.0,6.3,1.388782816229117,1.0,1.0,1.0,1.0,0.0,1.0,10.0062,87.547563
2069,28,Timo,Hübers,3174417.0,,,,,,,1,2,https://kickbase.b-cdn.net/content/file/6dbad3a67b1c4ffa892f8bef224e9f85.png,4.0,1,,0.0,"[{""hasPlayed"": false, ""points"": null}, {""hasPlayed"": false, ""points"": null}, {""hasPlayed"": false, ""points"": null}]",5,Timo Hübers,150833.0,150833.0,243301.0,260226.0,1380590.0,830508.0,0.0,1.4439140811455844,0.0,0.0,0.0,0.0,0.0,0.0,10.0062,0.0
2201,28,Linton,Maina,8433233.0,92.0,3.0,3.0,2.0,10312.0,276.0,0,4,https://kickbase.b-cdn.net/content/file/54aad91024e84cf59b75e3c363775d71.png,37.0,1,32.0,56.0,"[{""hasPlayed"": true, ""points"": 145}, {""hasPlayed"": true, ""points"": 32}, {""hasPlayed"": true, ""points"": 99}]",2,Linton Maina,260599.0,260599.0,220066.0,170511.0,225519.0,4478791.0,7.5,1.4439140811455844,1.0,1.0,1.0,1.0,0.0,1.0,10.0062,108.360698
2247,28,Borna,Sosa,4183634.0,,,,,,,0,2,https://kickbase.b-cdn.net/content/file/f8cf530ad652442a9688c49f058e3a8a.png,3.0,2,,0.0,"[{""hasPlayed"": false, ""points"": null}, {""hasPlayed"": false, ""points"": null}, {""hasPlayed"": false, ""points"": null}]",5,Borna Sosa,-131384.0,-131384.0,-139551.0,-145002.0,-1493500.0,-11326734.0,0.0,1.4439140811455844,0.0,0.0,0.0,0.0,0.0,0.0,10.0062,0.0
2358,28,Tom,Krauß,7389598.0,62.0,3.0,3.0,3.0,16374.0,185.0,0,3,https://kickbase.b-cdn.net/content/file/55c214adfaba4a839c1bb19ad5a5f8ed.png,5.0,1,25.0,15.0,"[{""hasPlayed"": true, ""points"": 67}, {""hasPlayed"": true, ""points"": 44}, {""hasPlayed"": true, ""points"": 74}]",3,Tom Krauß,69656.0,69656.0,92933.0,14641.0,-559973.0,-1262603.0,5.6,1.4439140811455844,0.6896551724137931,0.6896551724137931,1.0,1.0,0.0,0.7827586206896552,10.0062,63.332469
2536,28,Matthias,Köbbing,500000.0,,,,,,,0,1,https://kickbase.b-cdn.net/content/file/d7d4847201364186986efefd11b55766.png,44.0,0,,0.0,"[{""hasPlayed"": false, ""points"": null}, {""hasPlayed"": false, ""points"": null}, {""hasPlayed"": false, ""points"": null}]",5,Matthias Köbbing,0.0,0.0,0.0,0.0,0.0,0.0,0.0,1.388782816229117,0.0,0.0,0.0,0.0,0.0,0.0,10.0062,0.0
2552,28,Marius,Bülter,4566443.0,38.0,3.0,3.0,1.0,7341.0,114.0,0,4,https://kickbase.b-cdn.net/content/file/020abec0763842a7af00f1ec5aafeea4.png,30.0,1,24.0,37.0,"[{""hasPlayed"": true, ""points"": 81}, {""hasPlayed"": true, ""points"": 14}, {""hasPlayed"": true, ""points"": 19}]",4,Marius Bülter,97787.0,97787.0,74927.0,10260.0,-113371.0,-2036844.0,5.0,1.4439140811455844,0.0,0.0,0.0,0.0,0.0,0.0,10.0062,0.0
2718,28,Ellyes,Skhiri,8711586.0,69.0,3.0,3.0,1.0,10577.0,208.0,0,3,https://kickbase.b-cdn.net/content/file/1274d4acfc8845a789f74d858afe1168.png,6.0,1,23.0,77.0,"[{""hasPlayed"": true, ""points"": 156}, {""hasPlayed"": true, ""points"": 6}, {""hasPlayed"": true, ""points"": 46}]",1,Ellyes Skhiri,198118.0,198118.0,205674.0,236457.0,878239.0,5759344.0,7.0,1.4439140811455844,1.0,1.0,1.0,1.0,0.0,1.0,10.0062,101.136652
2765,28,Jan,Thielmann,4462371.0,50.0,2.0,2.0,2.0,8564.0,99.0,0,3,https://kickbase.b-cdn.net/content/file/bae198375c644308ba2bff1d0f3f0569.png,29.0,2,22.0,43.0,"[{""hasPlayed"": false, ""points"": null}, {""hasPlayed"": true, ""points"": 17}, {""hasPlayed"": true, ""points"": 82}]",4,Jan Thielmann,-111342.0,-111342.0,-111658.0,-117417.0,-1447591.0,-2252414.0,5.6,1.4439140811455844,0.0,0.0,0.0,0.0,0.0,0.0,10.0062,0.0
2855,28,Ragnar,Ache,10343650.0,49.0,3.0,3.0,2.0,10364.0,147.0,0,4,https://kickbase.b-cdn.net/content/file/659aab812d23451ba8e47f520a7d0754.png,9.0,2,14.0,36.0,"[{""hasPlayed"": true, ""points"": 26}, {""hasPlayed"": true, ""points"": 30}, {""hasPlayed"": true, ""points"": 91}]",3,Ragnar Ache,-414207.0,-414207.0,-487328.0,-504767.0,-3308837.0,-3423986.0,5.8,1.4439140811455844,0.6896551724137931,0.6896551724137931,1.0,1.0,0.0,0.7827586206896552,10.0062,65.594343
7219,28,Ísak,Jóhannesson,8983617.0,66.0,3.0,3.0,2.0,13334.0,199.0,0,3,https://kickbase.b-cdn.net/content/file/2922eb48335343ccb79b49b03af03818.png,8.0,2,22.0,88.0,"[{""hasPlayed"": true, ""points"": 12}, {""hasPlayed"": true, ""points"": 19}, {""hasPlayed"": true, ""points"": 168}]",3,Ísak Jóhannesson,-308548.0,-308548.0,-307998.0,-391306.0,-2658881.0,404060.0,6.2,1.4439140811455844,0.3103448275862069,0.31034482758620685,0.0,0.0,0.0,0.21724137931034485,10.0062,19.460087
8001,28,Luka,Lochoshvili,9184138.0,65.0,3.0,3.0,3.0,17300.0,196.0,0,2,https://kickbase.b-cdn.net/content/file/f6faf6be6d674e898fbfa189b9c2ad5c.png,24.0,2,21.0,48.0,"[{""hasPlayed"": true, ""points"": 44}, {""hasPlayed"": true, ""points"": 31}, {""hasPlayed"": true, ""points"": 121}]",1,Luka Lochoshvili,-132242.0,-132242.0,-156574.0,-229827.0,-1717921.0,-1195825.0,5.3,1.4439140811455844,1.0,1.0,1.0,1.0,0.0,1.0,10.0062,76.574893
8274,28,Said,El Mala,23556411.0,80.0,2.0,2.0,1.0,5254.0,159.0,0,3,https://kickbase.b-cdn.net/content/file/f56e6d60e40c49189c830fb4ff65d4bf.png,10.0,2,6.0,78.0,"[{""hasPlayed"": true, ""points"": 16}, {""hasPlayed"": false, ""points"": null}, {""hasPlayed"": true, ""points"": 143}]",1,Said El Mala,-124285.0,-124285.0,-131112.0,-236625.0,-1622169.0,-1919888.0,7.0,1.4439140811455844,1.0,1.0,1.0,1.0,0.0,1.0,10.0062,101.136652
10024,28,Joël,Schmied,3663610.0,20.0,1.0,1.0,0.0,185.0,20.0,0,2,https://kickbase.b-cdn.net/content/file/312960f02c6e4acab4db65b9c63eaf01.png,2.0,1,5.0,11.0,"[{""hasPlayed"": false, ""points"": null}, {""hasPlayed"": false, ""points"": null}, {""hasPlayed"": true, ""points"": 20}]",4,Joël Schmied,327716.0,327716.0,339231.0,269655.0,1611961.0,1009587.0,0.0,1.4439140811455844,0.0,0.0,0.0,0.0,0.0,0.0,10.0062,0.0
11570,28,Sebastian,Sebulonsen,2281332.0,18.0,1.0,1.0,0.0,1803.0,18.0,0,2,https://kickbase.b-cdn.net/content/file/0f9cbbaaccb148a6ad251ba707b4f099.png,28.0,1,7.0,10.0,"[{""hasPlayed"": true, ""points"": 18}, {""hasPlayed"": false, ""points"": null}, {""hasPlayed"": false, ""points"": null}]",3,Sebastian Sebulonsen,289589.0,289589.0,287123.0,261975.0,929151.0,-1704090.0,0.0,1.4439140811455844,0.6896551724137931,0.6896551724137931,0.0,1.0,0.0,0.5827586206896551,10.0062,0.0
11875,28,Rav,van den Berg,2165185.0,,,,,,,0,2,https://kickbase.b-cdn.net/content/file/0825c755c7df4f7ba70b3f8922154f99.png,33.0,1,,0.0,"[{""hasPlayed"": false, ""points"": null}, {""hasPlayed"": false, ""points"": null}, {""hasPlayed"": false, ""points"": null}]",5,Rav van den Berg,213665.0,213665.0,260785.0,260054.0,1255868.0,-707597.0,0.0,1.4439140811455844,0.0,0.0,0.0,0.0,0.0,0.0,10.0062,0.0
11958,28,Alessio,Castro-Montes,6323627.0,53.0,3.0,3.0,3.0,15312.0,158.0,0,3,https://kickbase.b-cdn.net/content/file/4df59c76b9024563892682f996043056.png,17.0,2,24.0,9.0,"[{""hasPlayed"": true, ""points"": 44}, {""hasPlayed"": true, ""points"": 51}, {""hasPlayed"": true, ""points"": 63}]",3,Alessio Castro-Montes,-233378.0,-233378.0,-212713.0,-249844.0,-1796277.0,397660.0,5.3,1.4439140811455844,0.3103448275862069,0.31034482758620685,1.0,0.0,0.0,0.41724137931034483,10.0062,31.950214
12321,28,Jahmai,Simpson-Pusey,10156495.0,75.0,3.0,3.0,3.0,17300.0,226.0,0,2,https://kickbase.b-cdn.net/content/file/f83f61dc46de468bb38cb6a9d9f51205.png,22.0,1,22.0,11.0,"[{""hasPlayed"": true, ""points"": 85}, {""hasPlayed"": true, ""points"": 79}, {""hasPlayed"": true, ""points"": 62}]",1,Jahmai Simpson-Pusey,192813.0,192813.0,158249.0,89871.0,328946.0,-1367763.0,5.8,1.4439140811455844,1.0,1.0,1.0,1.0,0.0,1.0,10.0062,83.79894
14140,28,Gideon,Mensah,10879109.0,60.0,3.0,3.0,3.0,17300.0,179.0,0,2,https://kickbase.b-cdn.net/content/file/6cf365776d1d461fac56322c9e84e7ab.png,14.0,1,16.0,24.0,"[{""hasPlayed"": true, ""points"": 53}, {""hasPlayed"": true, ""points"": 39}, {""hasPlayed"": true, ""points"": 87}]",1,Gideon Mensah,29250.0,29250.0,102844.0,158145.0,1001591.0,501144.0,5.3,1.4439140811455844,1.0,1.0,1.0,1.0,0.0,1.0,10.0062,76.574893
14300,28,Paul,Okon-Engstler,3414532.0,23.0,3.0,3.0,2.0,7047.0,69.0,0,3,https://kickbase.b-cdn.net/content/file/cfde74fcc93247699da56f08049928c0.png,23.0,2,20.0,30.0,"[{""hasPlayed"": true, ""points"": -5}, {""hasPlayed"": true, ""points"": 19}, {""hasPlayed"": true, ""points"": 55}]",4,Paul Okon-Engstler,-122506.0,-122506.0,-123948.0,-138705.0,-813043.0,-1866166.0,5.9,1.4439140811455844,0.0,0.0,0.0,0.0,0.0,0.0,10.0062,0.0
15373,28,Reigan,Heskey,2323450.0,-8.0,1.0,1.0,0.0,1185.0,-8.0,0,3,https://kickbase.b-cdn.net/content/file/4ceda4e80b804183b8af45a55f8bbb24.png,11.0,2,,4.0,"[{""hasPlayed"": false, ""points"": null}, {""hasPlayed"": true, ""points"": -8}, {""hasPlayed"": false, ""points"": null}]",5,Reigan Heskey,-142810.0,-142810.0,-137108.0,-140732.0,-983545.0,-6711071.0,0.0,1.4439140811455844,0.0,0.0,0.0,0.0,0.0,0.0,10.0062,0.0
16945,28,Thijs,Dallinga,10325018.0,111.0,2.0,2.0,1.0,5749.0,221.0,0,4,https://kickbase.b-cdn.net/content/file/fab92b426a354aacae1fe7f26e0e6ab0.png,27.0,1,21.0,144.0,"[{""hasPlayed"": true, ""points"": -19}, {""hasPlayed"": false, ""points"": null}, {""hasPlayed"": true, ""points"": 240}]",3,Thijs Dallinga,111398.0,111398.0,181046.0,301051.0,1628191.0,9825018.0,6.1,1.4439140811455844,0.3103448275862069,0.31034482758620685,0.0,0.0,0.0,0.21724137931034485,10.0062,19.146214
17282,28,Mikey,Moore,11627343.0,48.0,2.0,2.0,1.0,7482.0,96.0,0,3,https://kickbase.b-cdn.net/content/file/7f5524d22efb4465a313919dd3014114.png,47.0,2,8.0,16.0,"[{""hasPlayed"": true, ""points"": 60}, {""hasPlayed"": true, ""points"": 36}, {""hasPlayed"": false, ""points"": null}]",2,Mikey Moore,-194850.0,-194850.0,-54124.0,7735.0,-86894.0,11627343.0,6.5,1.4439140811455844,1.0,1.0,1.0,1.0,0.0,1.0,10.0062,93.912605
524,14,Oliver,Baumann,16068285.0,117.0,3.0,3.0,3.0,17799.0,352.0,0,1,https://kickbase.b-cdn.net/content/file/6e2c878756924da4a6fa4c11b8e4480c.png,1.0,1,21.0,38.0,"[{""hasPlayed"": true, ""points"": 149}, {""hasPlayed"": true, ""points"": 74}, {""hasPlayed"": true, ""points"": 129}]",1,Oliver Baumann,3503.0,3503.0,48773.0,59286.0,-331726.0,-3008789.0,5.4,1.4875598086124402,1.0,1.0,1.0,1.0,0.0,1.0,10.0062,80.378033
1815,14,Andrej,Kramarić,9747724.0,-1.0,3.0,3.0,0.0,2671.0,-3.0,0,3,https://kickbase.b-cdn.net/content/file/26cffab4e6be4195a3d2817f15c60ee2.png,27.0,2,,23.0,"[{""hasPlayed"": true, ""points"": 23}, {""hasPlayed"": true, ""points"": -23}, {""hasPlayed"": true, ""points"": -3}]",3,Andrej Kramarić,37621.0,37621.0,-42775.0,-254081.0,-1657369.0,-9891929.0,3.9,1.937799043062201,0.3103448275862069,0.31034482758620685,0.0,0.0,0.0,0.21724137931034485,10.0062,16.428014
1954,14,,Bernardo,4267890.0,62.0,1.0,1.0,1.0,3268.0,62.0,0,2,https://kickbase.b-cdn.net/content/file/2e01b620f1354d0f9383cc0003c49d97.png,13.0,2,14.0,35.0,"[{""hasPlayed"": false, ""points"": null}, {""hasPlayed"": false, ""points"": null}, {""hasPlayed"": true, ""points"": 62}]",4,Bernardo,-37524.0,-37524.0,-67598.0,-101086.0,-1008534.0,-4287038.0,0.0,1.937799043062201,0.0,0.0,0.0,0.0,0.0,0.0,10.0062,0.0
2373,14,Ozan,Kabak,23937119.0,143.0,3.0,3.0,3.0,16772.0,429.0,0,2,https://kickbase.b-cdn.net/content/file/61c84298d75b4e86b4f46a133f91f33d.png,5.0,1,17.0,69.0,"[{""hasPlayed"": true, ""points"": 162}, {""hasPlayed"": true, ""points"": 66}, {""hasPlayed"": true, ""points"": 201}]",1,Ozan Kabak,51111.0,51111.0,82704.0,94329.0,215783.0,2444704.0,7.0,1.937799043062201,1.0,1.0,1.0,1.0,0.0,1.0,10.0062,135.730033
2803,14,Tim,Lemperle,13927702.0,100.0,2.0,2.0,2.0,10467.0,200.0,0,4,https://kickbase.b-cdn.net/content/file/531648f7c8e7446883243fb819e94d82.png,19.0,1,14.0,64.0,"[{""hasPlayed"": true, ""points"": 72}, {""hasPlayed"": true, ""points"": 128}, {""hasPlayed"": false, ""points"": null}]",3,Tim Lemperle,166087.0,166087.0,198314.0,223221.0,1461444.0,3514170.0,5.8,1.937799043062201,1.0,0.6896551724137931,1.0,1.0,0.0,0.9068965517241379,10.0062,101.991425
2852,14,Luca,Philipp,500000.0,,,,,,,0,1,https://kickbase.b-cdn.net/content/file/e45a165d68934e8e8a2bbc33ecbbbc96.png,37.0,0,,0.0,"[{""hasPlayed"": false, ""points"": null}, {""hasPlayed"": false, ""points"": null}, {""hasPlayed"": false, ""points"": null}]",5,Luca Philipp,0.0,0.0,0.0,0.0,0.0,0.0,7.0,1.4875598086124402,0.0,0.0,0.0,0.0,0.0,0.0,10.0062,0.0
3124,14,Patrick,Wimmer,7472263.0,61.0,3.0,3.0,2.0,11334.0,184.0,0,3,https://kickbase.b-cdn.net/content/file/a1e6985ea5b8487ca2db9c16a66eafe7.png,8.0,2,24.0,43.0,"[{""hasPlayed"": true, ""points"": 96}, {""hasPlayed"": true, ""points"": 12}, {""hasPlayed"": true, ""points"": 76}]",3,Patrick Wimmer,-182548.0,-182548.0,-217961.0,-217846.0,-1297681.0,177368.0,6.5,1.937799043062201,0.3103448275862069,0.31034482758620685,1.0,0.0,0.0,0.41724137931034483,10.0062,52.58703
3158,14,Fisnik,Asllani,15959981.0,48.0,1.0,1.0,0.0,786.0,48.0,0,4,https://kickbase.b-cdn.net/content/file/61214fe54f31411ea068f8fb8b3c1e49.png,11.0,1,3.0,27.0,"[{""hasPlayed"": true, ""points"": 48}, {""hasPlayed"": false, ""points"": null}, {""hasPlayed"": false, ""points"": null}]",4,Fisnik Asllani,51601.0,51601.0,102998.0,131192.0,-24044.0,-10786789.0,4.1,1.937799043062201,0.0,0.0,0.0,0.0,0.0,0.0,10.0062,0.0
3204,14,Bambasé,Conté,10097080.0,66.0,3.0,3.0,2.0,10772.0,197.0,0,4,https://kickbase.b-cdn.net/content/file/fa595ccc62ce4fdeafca00ccfc95088b.png,20.0,1,19.0,67.0,"[{""hasPlayed"": true, ""points"": 103}, {""hasPlayed"": true, ""points"": -12}, {""hasPlayed"": true, ""points"": 106}]",2,Bambasé Conté,127712.0,127712.0,153034.0,137209.0,-162412.0,-919472.0,6.4,1.937799043062201,0.6896551724137931,1.0,0.0,1.0,0.0,0.6758620689655173,10.0062,83.8718
3471,14,Adam,Hložek,9137587.0,112.0,3.0,3.0,3.0,13110.0,336.0,0,4,https://kickbase.b-cdn.net/content/file/a70373665abe402993add63ac96b77de.png,10.0,1,36.0,137.0,"[{""hasPlayed"": true, ""points"": 270}, {""hasPlayed"": true, ""points"": 19}, {""hasPlayed"": true, ""points"": 47}]",3,Adam Hložek,308238.0,308238.0,308376.0,303111.0,997732.0,505675.0,6.5,1.937799043062201,0.6896551724137931,0.6896551724137931,1.0,1.0,0.0,0.7827586206896552,10.0062,98.655007
7543,14,Max,Moerstedt,3356532.0,-41.0,2.0,2.0,0.0,3269.0,-82.0,0,4,https://kickbase.b-cdn.net/content/file/901ac71d98064e48b7b250786d8ac1d2.png,9.0,2,,41.0,"[{""hasPlayed"": false, ""points"": null}, {""hasPlayed"": true, ""points"": -7}, {""hasPlayed"": true, ""points"": -75}]",4,Max Moerstedt,-102471.0,-102471.0,-109537.0,-120909.0,-861172.0,-2996095.0,5.5,1.937799043062201,0.0,0.0,0.0,0.0,0.0,0.0,10.0062,0.0
7673,14,Albian,Hajdari,12914063.0,53.0,3.0,3.0,3.0,17292.0,160.0,0,2,https://kickbase.b-cdn.net/content/file/0f60a3cd21c94cc4913d13f811e532a9.png,21.0,1,12.0,63.0,"[{""hasPlayed"": true, ""points"": 115}, {""hasPlayed"": true, ""points"": -11}, {""hasPlayed"": true, ""points"": 56}]",3,Albian Hajdari,68167.0,68167.0,62122.0,65713.0,-488112.0,-5012916.0,6.0,1.937799043062201,0.6896551724137931,0.5243757431629013,1.0,1.0,0.0,0.7331747919143876,10.0062,85.297576
7717,14,Alexander,Prass,1026159.0,,,,,,,0,3,https://kickbase.b-cdn.net/content/file/f9e6ef6646eb4d248d5ce3ee24abda2d.png,22.0,2,,0.0,"[{""hasPlayed"": false, ""points"": null}, {""hasPlayed"": false, ""points"": null}, {""hasPlayed"": false, ""points"": null}]",5,Alexander Prass,-28946.0,-28946.0,-63901.0,-73992.0,-471791.0,-2974361.0,0.0,1.937799043062201,0.0,0.0,0.0,0.0,0.0,0.0,10.0062,0.0
7745,14,Vladimír,Coufal,23416372.0,115.0,3.0,3.0,3.0,16207.0,344.0,0,2,https://kickbase.b-cdn.net/content/file/3b2c057d49604e74af1ea35ac7411a4a.png,34.0,2,14.0,45.0,"[{""hasPlayed"": true, ""points"": 62}, {""hasPlayed"": true, ""points"": 146}, {""hasPlayed"": true, ""points"": 136}]",2,Vladimír Coufal,-235850.0,-235850.0,-397265.0,-444132.0,-2232637.0,-2143009.0,6.7,1.937799043062201,1.0,1.0,1.0,0.0,0.0,0.9,10.0062,116.921729
7750,14,Robin,Hranác,4109741.0,23.0,2.0,2.0,0.0,3564.0,45.0,0,2,https://kickbase.b-cdn.net/content/file/378ad76b9745472cb56cc5de220ea9f9.png,2.0,2,10.0,25.0,"[{""hasPlayed"": false, ""points"": null}, {""hasPlayed"": true, ""points"": 1}, {""hasPlayed"": true, ""points"": 44}]",4,Robin Hranác,-124761.0,-124761.0,-125830.0,-115558.0,-1374733.0,101941.0,0.0,1.937799043062201,0.0,0.0,0.0,0.0,0.0,0.0,10.0062,0.0
8289,14,Lúkas,Petersson,500000.0,,,,,,,0,1,https://kickbase.b-cdn.net/content/file/e12887e5419f4c63a3e0c0b0213fb3cc.png,36.0,0,,0.0,"[{""hasPlayed"": false, ""points"": null}, {""hasPlayed"": false, ""points"": null}, {""hasPlayed"": false, ""points"": null}]",5,Lúkas Petersson,0.0,0.0,0.0,0.0,0.0,0.0,0.0,1.4875598086124402,0.0,0.0,0.0,0.0,0.0,0.0,10.0062,0.0
9598,14,Valentin,Gendrey,1581425.0,56.0,1.0,1.0,0.0,1592.0,56.0,0,2,https://kickbase.b-cdn.net/content/file/963aa0e9a1bf4537bba171631d3ef595.png,15.0,1,35.0,32.0,"[{""hasPlayed"": true, ""points"": 56}, {""hasPlayed"": false, ""points"": null}, {""hasPlayed"": false, ""points"": null}]",4,Valentin Gendrey,235738.0,235738.0,214284.0,126977.0,367068.0,-2631799.0,0.0,1.937799043062201,0.0,0.0,0.0,1.0,0.0,0.1,10.0062,0.0
11161,14,Koki,Machida,5475113.0,49.0,1.0,1.0,0.0,1579.0,49.0,0,2,https://kickbase.b-cdn.net/content/file/80f0a50727b54ea5a90a99a754cc7a6c.png,28.0,1,8.0,28.0,"[{""hasPlayed"": true, ""points"": 49}, {""hasPlayed"": false, ""points"": null}, {""hasPlayed"": false, ""points"": null}]",3,Koki Machida,174058.0,174058.0,246618.0,333517.0,1364078.0,3722213.0,7.3,1.937799043062201,0.3103448275862069,0.6896551724137931,0.0,0.0,0.0,0.33103448275862074,10.0062,46.856949
11162,14,Leon,Avdullahu,16920811.0,98.0,3.0,3.0,3.0,17799.0,293.0,0,3,https://kickbase.b-cdn.net/content/file/805fdf4f3bec4018a1ff6bc85cc95546.png,7.0,1,17.0,33.0,"[{""hasPlayed"": true, ""points"": 82}, {""hasPlayed"": true, ""points"": 136}, {""hasPlayed"": true, ""points"": 75}]",1,Leon Avdullahu,79468.0,79468.0,90925.0,87802.0,390896.0,1334648.0,6.7,1.937799043062201,1.0,1.0,1.0,1.0,0.0,1.0,10.0062,129.913032
11591,14,Cajetan,Lenz,506449.0,,,,,,,0,3,https://kickbase.b-cdn.net/content/file/2d15f1ede167438698d92ddc037e6abe.png,32.0,2,,0.0,"[{""hasPlayed"": false, ""points"": null}, {""hasPlayed"": false, ""points"": null}, {""hasPlayed"": false, ""points"": null}]",5,Cajetan Lenz,-29352.0,-29352.0,-34495.0,-51188.0,-349423.0,-3171760.0,0.0,1.937799043062201,0.0,0.0,0.0,0.0,0.0,0.0,10.0062,0.0
11631,14,Wouter,Burger,17822671.0,71.0,3.0,3.0,3.0,16781.0,214.0,0,3,https://kickbase.b-cdn.net/content/file/50a59d7c22f64565b2f31bba1dfae5bd.png,18.0,2,12.0,18.0,"[{""hasPlayed"": true, ""points"": 93}, {""hasPlayed"": true, ""points"": 58}, {""hasPlayed"": true, ""points"": 63}]",2,Wouter Burger,29172.0,29172.0,6407.0,-58771.0,-1285579.0,-5370882.0,6.8,1.937799043062201,0.6896551724137931,1.0,1.0,1.0,0.0,0.8758620689655172,10.0062,115.484194
11959,14,Adam,Daghim,12629205.0,167.0,3.0,3.0,3.0,17286.0,502.0,0,4,https://kickbase.b-cdn.net/content/file/1919dcbd4fb6447aad155fb3c72f3e38.png,14.0,1,39.0,24.0,"[{""hasPlayed"": true, ""points"": 194}, {""hasPlayed"": true, ""points"": 145}, {""hasPlayed"": true, ""points"": 163}]",2,Adam Daghim,254415.0,254415.0,257607.0,250806.0,1532736.0,6842196.0,7.1,1.937799043062201,1.0,1.0,1.0,1.0,0.0,1.0,10.0062,137.669034
15193,14,Mats,Rots,9982451.0,65.0,3.0,3.0,2.0,10920.0,196.0,0,2,https://kickbase.b-cdn.net/content/file/d96dc40ca1674b38aef03dff83ae8ab0.png,39.0,1,19.0,68.0,"[{""hasPlayed"": true, ""points"": 105}, {""hasPlayed"": true, ""points"": 105}, {""hasPlayed"": true, ""points"": -14}]",3,Mats Rots,200309.0,200309.0,231490.0,256191.0,1612028.0,997972.0,6.8,1.937799043062201,1.0,0.6896551724137931,1.0,1.0,0.0,0.9068965517241379,10.0062,119.576154
15262,14,Nathan,De Cat,8188762.0,-6.0,2.0,2.0,0.0,2514.0,-11.0,0,3,https://kickbase.b-cdn.net/content/file/8c55d861342c440b9966f1cd6dc86f29.png,17.0,2,,4.0,"[{""hasPlayed"": false, ""points"": null}, {""hasPlayed"": true, ""points"": -2}, {""hasPlayed"": true, ""points"": -9}]",4,Nathan De Cat,-238220.0,-238220.0,-258378.0,-301693.0,-2655674.0,-8750202.0,5.3,1.937799043062201,0.3103448275862069,0.0,0.0,0.0,0.0,0.12413793103448276,10.0062,12.757286
51,40,Rani,Khedira,5186098.0,32.0,3.0,3.0,3.0,18135.0,97.0,0,3,https://kickbase.b-cdn.net/content/file/9ecae4fccb2648b8b2bd92c4cac3f955.png,8.0,2,18.0,18.0,"[{""hasPlayed"": true, ""points"": 32}, {""hasPlayed"": true, ""points"": 14}, {""hasPlayed"": true, ""points"": 51}]",1,Rani Khedira,-91573.0,-91573.0,-132375.0,-171353.0,-1309498.0,-1488337.0,4.7,0.1293200290755303,1.0,1.0,1.0,1.0,0.0,1.0,10.0062,6.08181
1223,40,Marvin,Friedrich,682547.0,,,,,,,2,2,https://kickbase.b-cdn.net/content/file/0e7e99776b0c460eaaf8702878b90869.png,5.0,2,,0.0,"[{""hasPlayed"": false, ""points"": null}, {""hasPlayed"": false, ""points"": null}, {""hasPlayed"": false, ""points"": null}]",5,Marvin Friedrich,-37467.0,-37467.0,-51070.0,-75777.0,-676635.0,-286574.0,0.0,0.1293200290755303,0.0,0.0,0.0,0.0,0.0,0.0,10.0062,0.0
1553,40,Janik,Haberer,5177111.0,13.0,3.0,3.0,0.0,4111.0,38.0,0,3,https://kickbase.b-cdn.net/content/file/ce496ba0469a4a3b80d18b665d7466c0.png,19.0,1,7.0,17.0,"[{""hasPlayed"": true, ""points"": -6}, {""hasPlayed"": true, ""points"": 15}, {""hasPlayed"": true, ""points"": 29}]",3,Janik Haberer,205015.0,205015.0,289383.0,351415.0,1932915.0,1005305.0,5.8,0.1293200290755303,0.0,0.31034482758620685,0.0,0.0,0.0,0.09310344827586206,10.0062,0.698761
1955,40,Oliver,Burke,996108.0,,,,,,,2,4,https://kickbase.b-cdn.net/content/file/a76d8d4a531548f58ceb241fe4958952.png,7.0,2,,0.0,"[{""hasPlayed"": false, ""points"": null}, {""hasPlayed"": false, ""points"": null}, {""hasPlayed"": false, ""points"": null}]",5,Oliver Burke,-111605.0,-111605.0,-114093.0,-111634.0,-739294.0,-4139322.0,0.0,0.1293200290755303,0.0,0.0,0.0,0.0,0.0,0.0,10.0062,0.0
2065,40,Felix,Uduokhai,7898921.0,73.0,2.0,2.0,2.0,11974.0,145.0,0,2,https://kickbase.b-cdn.net/content/file/e407afb596ac48f2bab3f2f63a37f2c2.png,2.0,1,18.0,41.0,"[{""hasPlayed"": true, ""points"": 75}, {""hasPlayed"": true, ""points"": 70}, {""hasPlayed"": false, ""points"": null}]",2,Felix Uduokhai,291815.0,291815.0,285422.0,262506.0,1480421.0,-799617.0,5.2,0.1293200290755303,1.0,1.0,1.0,1.0,0.0,1.0,10.0062,6.728811
2279,40,Frederik,Rönnow,10481402.0,94.0,2.0,2.0,2.0,11974.0,187.0,0,1,https://kickbase.b-cdn.net/content/file/a74539007fa347f28af0ce83caafef6f.png,1.0,1,17.0,54.0,"[{""hasPlayed"": true, ""points"": 97}, {""hasPlayed"": true, ""points"": 90}, {""hasPlayed"": false, ""points"": null}]",1,Frederik Rönnow,88396.0,88396.0,140869.0,187824.0,1531780.0,1108627.0,6.2,1.1258640058151062,1.0,1.0,1.0,1.0,0.0,1.0,10.0062,69.846847
2302,40,Woo-Yeong,Jeong,3842628.0,46.0,3.0,3.0,1.0,9458.0,137.0,0,3,https://kickbase.b-cdn.net/content/file/167f780b883445c1bb79e00354f1e807.png,11.0,2,35.0,33.0,"[{""hasPlayed"": true, ""points"": 69}, {""hasPlayed"": true, ""points"": 7}, {""hasPlayed"": true, ""points"": 61}]",3,Woo-Yeong Jeong,-99708.0,-99708.0,-110933.0,-121726.0,-570742.0,202806.0,5.8,0.1293200290755303,0.3103448275862069,0.2723146747352496,1.0,0.0,0.0,0.40583233345505765,10.0062,3.045858
2400,40,Christopher,Trimmel,1369215.0,-6.0,1.0,1.0,0.0,1194.0,-6.0,0,2,https://kickbase.b-cdn.net/content/file/0133043125be433d91c3b93eb502aebe.png,28.0,2,,3.0,"[{""hasPlayed"": false, ""points"": null}, {""hasPlayed"": true, ""points"": -6}, {""hasPlayed"": false, ""points"": null}]",3,Christopher Trimmel,-51567.0,-51567.0,-110091.0,-120526.0,-793371.0,-3369833.0,0.0,0.1293200290755303,1.0,0.6896551724137931,0.0,1.0,0.0,0.7068965517241379,10.0062,0.0
2491,40,Tim,Skarke,7880319.0,95.0,3.0,3.0,0.0,5558.0,286.0,0,3,https://kickbase.b-cdn.net/content/file/530ba96741b943798d9be4d5dcc151f5.png,21.0,1,36.0,74.0,"[{""hasPlayed"": true, ""points"": 137}, {""hasPlayed"": true, ""points"": 9}, {""hasPlayed"": true, ""points"": 140}]",3,Tim Skarke,123796.0,123796.0,197332.0,252388.0,1159321.0,3105956.0,8.2,0.1293200290755303,1.0,0.6896551724137931,1.0,1.0,0.0,0.9068965517241379,10.0062,9.622913
2717,40,Robert,Skov,1366517.0,-12.0,1.0,1.0,0.0,742.0,-12.0,0,3,https://kickbase.b-cdn.net/content/file/ebae4e5c0fec43ebaed2b2aae064a346.png,24.0,2,,6.0,"[{""hasPlayed"": true, ""points"": -12}, {""hasPlayed"": false, ""points"": null}, {""hasPlayed"": false, ""points"": null}]",5,Robert Skov,-129331.0,-129331.0,-137624.0,-148740.0,-789322.0,-1429134.0,0.0,0.1293200290755303,0.0,0.0,0.0,0.0,0.0,0.0,10.0062,0.0
3102,40,Tom,Rothe,8786126.0,84.0,3.0,3.0,3.0,18135.0,253.0,0,2,https://kickbase.b-cdn.net/content/file/82917858d1a74a7f90a2d9dfca456b71.png,15.0,1,28.0,62.0,"[{""hasPlayed"": true, ""points"": 150}, {""hasPlayed"": true, ""points"": 25}, {""hasPlayed"": true, ""points"": 78}]",1,Tom Rothe,130259.0,130259.0,52380.0,18826.0,-209150.0,915120.0,6.4,0.1293200290755303,1.0,1.0,1.0,1.0,0.0,1.0,10.0062,8.281613
3187,40,András,Schäfer,3167417.0,25.0,3.0,3.0,1.0,8489.0,76.0,0,3,https://kickbase.b-cdn.net/content/file/433f8b676b6b4b898ad3ede98e20f79d.png,13.0,2,23.0,29.0,"[{""hasPlayed"": true, ""points"": 47}, {""hasPlayed"": true, ""points"": -8}, {""hasPlayed"": true, ""points"": 37}]",3,András Schäfer,-80596.0,-80596.0,-93720.0,-101382.0,-731287.0,206012.0,6.2,0.1293200290755303,0.6896551724137931,0.6896551724137931,0.0,1.0,0.0,0.5827586206896551,10.0062,4.675363
3364,40,Carl,Klaus,1581897.0,,,,,,,0,1,https://kickbase.b-cdn.net/content/file/03530ee1979440f6865c5fc39260c63a.png,25.0,2,,0.0,"[{""hasPlayed"": false, ""points"": null}, {""hasPlayed"": false, ""points"": null}, {""hasPlayed"": false, ""points"": null}]",5,Carl Klaus,-149065.0,-149065.0,-148029.0,-147353.0,-1036025.0,-1398017.0,0.0,1.1258640058151062,0.0,0.0,0.0,0.0,0.0,0.0,10.0062,0.0
3419,40,Matheo,Raab,3439718.0,9.0,1.0,1.0,1.0,6161.0,9.0,0,1,https://kickbase.b-cdn.net/content/file/6f65c492a85a491b94cd3b8a37bae6f8.png,31.0,2,2.0,5.0,"[{""hasPlayed"": false, ""points"": null}, {""hasPlayed"": false, ""points"": null}, {""hasPlayed"": true, ""points"": 9}]",5,Matheo Raab,-136983.0,-136983.0,-141315.0,-143722.0,-1020502.0,2252598.0,5.1,1.1258640058151062,0.0,0.0,0.0,0.0,0.0,0.0,10.0062,0.0
3453,40,Derrick,Köhn,4294818.0,19.0,1.0,1.0,0.0,811.0,19.0,0,2,https://kickbase.b-cdn.net/content/file/336162df73db46fdb0d35c73c0928582.png,17.0,1,4.0,10.0,"[{""hasPlayed"": false, ""points"": null}, {""hasPlayed"": false, ""points"": null}, {""hasPlayed"": true, ""points"": 19}]",4,Derrick Köhn,242273.0,242273.0,326867.0,369134.0,1578226.0,1865140.0,0.0,0.1293200290755303,0.0,0.0,0.0,0.0,0.0,0.0,10.0062,0.0
4352,40,Stanley,Nsoki,610384.0,,,,,,,2,2,https://kickbase.b-cdn.net/content/file/6c54070a804d4f15acb3d09b63af882a.png,34.0,2,,0.0,"[{""hasPlayed"": false, ""points"": null}, {""hasPlayed"": false, ""points"": null}, {""hasPlayed"": false, ""points"": null}]",5,Stanley Nsoki,-64585.0,-64585.0,-75647.0,-91426.0,-755945.0,-4605189.0,0.0,0.1293200290755303,0.0,0.0,0.0,0.0,0.0,0.0,10.0062,0.0
4446,40,Aljoscha,Kemlein,5319826.0,24.0,3.0,3.0,3.0,11650.0,73.0,0,3,https://kickbase.b-cdn.net/content/file/2dc45e5315ff4262a38925af69a6e745.png,6.0,2,13.0,27.0,"[{""hasPlayed"": true, ""points"": 6}, {""hasPlayed"": true, ""points"": 11}, {""hasPlayed"": true, ""points"": 56}]",2,Aljoscha Kemlein,-205727.0,-205727.0,-236331.0,-255381.0,-1695247.0,-3644295.0,5.0,0.1293200290755303,1.0,1.0,1.0,1.0,0.0,1.0,10.0062,6.47001
4598,40,Josip,Juranović,8485950.0,100.0,3.0,3.0,3.0,16940.0,300.0,2,2,https://kickbase.b-cdn.net/content/file/17ce8593891544bbae052579071e5c45.png,18.0,2,35.0,104.0,"[{""hasPlayed"": true, ""points"": 72}, {""hasPlayed"": true, ""points"": 12}, {""hasPlayed"": true, ""points"": 216}]",5,Josip Juranović,-389021.0,-389021.0,-325895.0,-297393.0,-2606765.0,3294369.0,6.5,0.1293200290755303,0.0,0.0,1.0,0.0,0.0,0.2,10.0062,1.682203
7684,40,Michel,Aebischer,3736598.0,14.0,3.0,3.0,3.0,13139.0,41.0,0,3,https://kickbase.b-cdn.net/content/file/53d3916429e94e6c8ea54b7c96c1fd91.png,20.0,2,10.0,17.0,"[{""hasPlayed"": true, ""points"": 22}, {""hasPlayed"": true, ""points"": -6}, {""hasPlayed"": true, ""points"": 25}]",2,Michel Aebischer,-30340.0,-30340.0,-42473.0,-70785.0,-536251.0,3736598.0,4.6,0.1293200290755303,0.6896551724137931,1.0,1.0,1.0,0.0,0.8758620689655172,10.0062,5.21349
7723,40,Leopold,Querfeld,12046172.0,185.0,2.0,2.0,2.0,12486.0,369.0,0,2,https://kickbase.b-cdn.net/content/file/b9dfbb26ed9347b9a1585f29718c9d76.png,14.0,2,30.0,128.0,"[{""hasPlayed"": true, ""points"": 112}, {""hasPlayed"": false, ""points"": null}, {""hasPlayed"": true, ""points"": 257}]",3,Leopold Querfeld,-154104.0,-154104.0,-159521.0,-199567.0,-1678705.0,-2107338.0,7.0,0.1293200290755303,0.6896551724137931,0.6896551724137931,0.0,1.0,0.0,0.5827586206896551,10.0062,5.278636
8381,40,Livan,Burcu,4137967.0,21.0,3.0,3.0,2.0,9683.0,64.0,0,3,https://kickbase.b-cdn.net/content/file/9ee1048c9191462c82b58e23f1dbf647.png,9.0,2,15.0,10.0,"[{""hasPlayed"": true, ""points"": 9}, {""hasPlayed"": true, ""points"": 28}, {""hasPlayed"": true, ""points"": 27}]",3,Livan Burcu,-108294.0,-108294.0,-110650.0,-118324.0,-756096.0,-3684919.0,5.3,0.1293200290755303,0.3103448275862069,0.31034482758620685,0.0,0.0,0.0,0.21724137931034485,10.0062,1.489887
9683,40,Andrej,Ilic,2601632.0,,,,,,,2,4,https://kickbase.b-cdn.net/content/file/1a56a70bd0c1483894bc78d61bf30f46.png,23.0,2,,0.0,"[{""hasPlayed"": false, ""points"": null}, {""hasPlayed"": false, ""points"": null}, {""hasPlayed"": false, ""points"": null}]",5,Andrej Ilic,-100453.0,-100453.0,-109384.0,-107849.0,-727596.0,-4842863.0,0.0,0.1293200290755303,0.0,0.0,0.0,0.0,0.0,0.0,10.0062,0.0
10106,40,Marin,Ljubičić,3960245.0,1.0,3.0,3.0,2.0,14522.0,4.0,0,4,https://kickbase.b-cdn.net/content/file/fcb660bdc74f41ef85fd3f45ac56962e.png,27.0,2,1.0,18.0,"[{""hasPlayed"": true, ""points"": -10}, {""hasPlayed"": true, ""points"": -9}, {""hasPlayed"": true, ""points"": 23}]",3,Marin Ljubičić,-133486.0,-133486.0,-125327.0,-130779.0,-683308.0,1380197.0,4.9,0.1293200290755303,0.3103448275862069,0.31034482758620685,1.0,0.0,0.0,0.41724137931034483,10.0062,2.645565
12763,40,Emmanuel,Latte Lath,6354714.0,30.0,3.0,3.0,3.0,12576.0,91.0,0,4,https://kickbase.b-cdn.net/content/file/d94f619b8cda4f03a559f3b3b10c2ffc.png,29.0,2,14.0,58.0,"[{""hasPlayed"": true, ""points"": 11}, {""hasPlayed"": true, ""points"": -16}, {""hasPlayed"": true, ""points"": 96}]",3,Emmanuel Latte Lath,-322223.0,-322223.0,-329119.0,-317275.0,-2020676.0,-2740171.0,4.7,0.1293200290755303,0.6896551724137931,0.6051437216338881,0.0,1.0,0.0,0.5574051854556836,10.0062,3.390032
13629,40,Linus,Güther,734152.0,,,,,,,0,3,https://kickbase.b-cdn.net/content/file/d92375c9bb9640858ef3fa4deebadf84.png,49.0,2,,0.0,"[{""hasPlayed"": false, ""points"": null}, {""hasPlayed"": false, ""points"": null}, {""hasPlayed"": false, ""points"": null}]",5,Linus Güther,-54728.0,-54728.0,-81595.0,-106699.0,-769469.0,-365392.0,0.0,0.1293200290755303,0.0,0.0,0.0,0.0,0.0,0.0,10.0062,0.0
14917,40,Zeno,Van den Bosch,6602460.0,51.0,2.0,2.0,2.0,11810.0,101.0,0,2,https://kickbase.b-cdn.net/content/file/f19174a181cb4b18a6fb28116d085029.png,4.0,2,15.0,49.0,"[{""hasPlayed"": false, ""points"": null}, {""hasPlayed"": true, ""points"": 10}, {""hasPlayed"": true, ""points"": 91}]",3,Zeno Van den Bosch,-317652.0,-317652.0,-325672.0,-328618.0,-2164213.0,-6615529.0,5.5,0.1293200290755303,0.3103448275862069,0.3948562783661119,1.0,0.0,0.0,0.4425948145443163,10.0062,3.149952
17306,40,Kastriot,Imeri,1992171.0,,,,,,,0,3,https://kickbase.b-cdn.net/content/file/a4b7da39d3b84ed08289b6992fe6d4ee.png,30.0,2,,0.0,"[{""hasPlayed"": false, ""points"": null}, {""hasPlayed"": false, ""points"": null}, {""hasPlayed"": false, ""points"": null}]",5,Kastriot Imeri,-138715.0,-138715.0,-145396.0,-143171.0,-1018722.0,1992171.0,0.0,0.1293200290755303,0.0,0.0,0.0,0.0,0.0,0.0,10.0062,0.0
357,4,Jens,Grahl,500000.0,,,,,,,0,1,https://kickbase.b-cdn.net/content/file/e76a9805862d4c849883f4035d7912a7.png,33.0,0,,0.0,"[{""hasPlayed"": false, ""points"": null}, {""hasPlayed"": false, ""points"": null}, {""hasPlayed"": false, ""points"": null}]",5,Jens Grahl,0.0,0.0,0.0,0.0,0.0,0.0,0.0,1.3802796387998835,0.0,0.0,0.0,0.0,0.0,0.0,10.0062,0.0
461,4,Timothy,Chandler,1138952.0,6.0,2.0,2.0,0.0,1847.0,12.0,0,2,https://kickbase.b-cdn.net/content/file/e7c03911a4054596904af25c839e49a8.png,22.0,1,10.0,15.0,"[{""hasPlayed"": true, ""points"": 21}, {""hasPlayed"": true, ""points"": -9}, {""hasPlayed"": false, ""points"": null}]",5,Timothy Chandler,315539.0,315539.0,240293.0,83120.0,402195.0,638952.0,4.6,1.4013981939994173,0.0,0.0,0.0,0.0,0.0,0.0,10.0062,0.0
513,4,Mario,Götze,6686934.0,75.0,2.0,2.0,1.0,6305.0,150.0,0,3,https://kickbase.b-cdn.net/content/file/d3877d0c416e4d30a99efbd5a673b455.png,27.0,1,22.0,47.0,"[{""hasPlayed"": true, ""points"": 94}, {""hasPlayed"": true, ""points"": 56}, {""hasPlayed"": false, ""points"": null}]",3,Mario Götze,209014.0,209014.0,292020.0,341807.0,2162117.0,868323.0,7.6,1.4013981939994173,0.0,0.2723146747352496,0.0,0.0,0.0,0.08169440242057488,10.0062,8.70636
2144,4,Robin,Koch,25022806.0,141.0,3.0,3.0,3.0,17621.0,424.0,0,2,https://kickbase.b-cdn.net/content/file/9ec4a1262fb84d21b3b5458cc97f9cf3.png,4.0,1,16.0,15.0,"[{""hasPlayed"": true, ""points"": 159}, {""hasPlayed"": true, ""points"": 133}, {""hasPlayed"": true, ""points"": 132}]",1,Robin Koch,18369.0,18369.0,77245.0,98760.0,384118.0,1564054.0,7.7,1.4013981939994173,1.0,1.0,1.0,1.0,0.0,1.0,10.0062,107.974564
2255,4,Jonathan,Burkardt,24626726.0,135.0,3.0,3.0,3.0,14685.0,406.0,0,4,https://kickbase.b-cdn.net/content/file/f11b49646cad49699fd37664e712e9c9.png,9.0,1,16.0,101.0,"[{""hasPlayed"": true, ""points"": 246}, {""hasPlayed"": true, ""points"": 114}, {""hasPlayed"": true, ""points"": 46}]",1,Jonathan Burkardt,119693.0,119693.0,149044.0,159203.0,420347.0,-1660381.0,7.6,1.4013981939994173,1.0,1.0,1.0,1.0,0.0,1.0,10.0062,106.572297
2863,4,Ansgar,Knauff,2943086.0,,,,,,,0,3,https://kickbase.b-cdn.net/content/file/df49f152f9bc4fd99f45742758ff5cfc.png,7.0,2,,0.0,"[{""hasPlayed"": false, ""points"": null}, {""hasPlayed"": false, ""points"": null}, {""hasPlayed"": false, ""points"": null}]",4,Ansgar Knauff,-15593.0,-15593.0,-37201.0,-87982.0,-596721.0,-1489524.0,0.0,1.4013981939994173,0.0,0.0,0.0,0.0,0.0,0.0,10.0062,0.0
2864,4,Nnamdi,Collins,5936315.0,,,,,,,0,2,https://kickbase.b-cdn.net/content/file/47efb7c32b294c238dcddcc3bd26ac21.png,34.0,1,,0.0,"[{""hasPlayed"": false, ""points"": null}, {""hasPlayed"": false, ""points"": null}, {""hasPlayed"": false, ""points"": null}]",3,Nnamdi Collins,220259.0,220259.0,240565.0,267155.0,1077249.0,-7839601.0,0.0,1.4013981939994173,0.6051437216338881,0.6051437216338881,1.0,0.0,0.0,0.6236006051437217,10.0062,0.0
2887,4,Ritsu,Dōan,17023357.0,88.0,2.0,2.0,2.0,11057.0,176.0,0,3,https://kickbase.b-cdn.net/content/file/8ad9394d1b4e4df9b692dad3a7539c1d.png,20.0,1,10.0,53.0,"[{""hasPlayed"": true, ""points"": 106}, {""hasPlayed"": true, ""points"": 70}, {""hasPlayed"": false, ""points"": null}]",2,Ritsu Dōan,94340.0,94340.0,162998.0,225309.0,1133361.0,-4023076.0,5.4,1.4013981939994173,1.0,1.0,1.0,1.0,0.0,1.0,10.0062,75.722421
3019,4,Noah,Atubolu,14440995.0,118.0,3.0,3.0,3.0,17621.0,355.0,0,1,https://kickbase.b-cdn.net/content/file/1a428dbd61524b48bb209d1ebee4ac6d.png,1.0,1,24.0,77.0,"[{""hasPlayed"": true, ""points"": 189}, {""hasPlayed"": true, ""points"": 36}, {""hasPlayed"": true, ""points"": 130}]",1,Noah Atubolu,99893.0,99893.0,126025.0,147847.0,775175.0,6050301.0,6.4,1.3802796387998835,1.0,1.0,1.0,1.0,0.0,1.0,10.0062,88.392666
6081,4,Can,Uzun,25609627.0,134.0,3.0,3.0,3.0,14825.0,403.0,0,3,https://kickbase.b-cdn.net/content/file/d508a06c367e48b4a6ad92a95ee8612d.png,42.0,1,15.0,125.0,"[{""hasPlayed"": true, ""points"": 279}, {""hasPlayed"": true, ""points"": 59}, {""hasPlayed"": true, ""points"": 65}]",1,Can Uzun,36650.0,36650.0,50460.0,54853.0,-615824.0,-2118275.0,7.2,1.4013981939994173,1.0,1.0,1.0,1.0,0.0,1.0,10.0062,100.963228
7275,4,Kauã,Santos,2847346.0,,,,,,,0,1,https://kickbase.b-cdn.net/content/file/aa2d99e5647f41be9c144d86afcdde54.png,40.0,2,,0.0,"[{""hasPlayed"": false, ""points"": null}, {""hasPlayed"": false, ""points"": null}, {""hasPlayed"": false, ""points"": null}]",5,Kauã Santos,-140777.0,-140777.0,-142975.0,-144288.0,-1023158.0,-6825194.0,6.2,1.3802796387998835,0.0,0.0,0.0,0.0,0.0,0.0,10.0062,0.0
7277,4,Farès,Chaïbi,7549157.0,54.0,2.0,2.0,1.0,7623.0,107.0,0,3,https://kickbase.b-cdn.net/content/file/774d9ee4bd994b9dae8672fbf45215fe.png,8.0,2,14.0,40.0,"[{""hasPlayed"": false, ""points"": null}, {""hasPlayed"": true, ""points"": 28}, {""hasPlayed"": true, ""points"": 79}]",3,Farès Chaïbi,-266335.0,-266335.0,-292246.0,-312496.0,-2397177.0,-1861966.0,7.1,1.4013981939994173,0.0,0.1225416036308623,0.0,0.0,0.0,0.03676248108925869,10.0062,3.660108
7325,4,Elias,Baum,13796721.0,112.0,3.0,3.0,3.0,15773.0,336.0,0,2,https://kickbase.b-cdn.net/content/file/0f3d607126284679ac5bc7ee81f890ad.png,2.0,1,24.0,65.0,"[{""hasPlayed"": true, ""points"": 105}, {""hasPlayed"": true, ""points"": 50}, {""hasPlayed"": true, ""points"": 181}]",2,Elias Baum,66172.0,66172.0,59769.0,65733.0,4189.0,3555428.0,6.5,1.4013981939994173,1.0,1.0,1.0,1.0,0.0,1.0,10.0062,91.147359
7417,4,Noël,Aséko,5215469.0,58.0,1.0,1.0,1.0,3692.0,58.0,0,3,https://kickbase.b-cdn.net/content/file/4c3b212857824d74bed5f3922ab26e64.png,15.0,1,11.0,33.0,"[{""hasPlayed"": true, ""points"": 58}, {""hasPlayed"": false, ""points"": null}, {""hasPlayed"": false, ""points"": null}]",3,Noël Aséko,340163.0,340163.0,338413.0,359366.0,1279598.0,-3065430.0,6.1,1.4013981939994173,1.0,0.6051437216338881,1.0,1.0,0.0,0.8815431164901664,10.0062,75.405691
8351,4,Oscar,Højlund,3261017.0,1.0,1.0,1.0,0.0,945.0,1.0,0,3,https://kickbase.b-cdn.net/content/file/9f25f3c48efd47488db3f0fea31226bc.png,6.0,2,0.0,0.0,"[{""hasPlayed"": false, ""points"": null}, {""hasPlayed"": false, ""points"": null}, {""hasPlayed"": true, ""points"": 1}]",4,Oscar Højlund,-119591.0,-119591.0,-124930.0,-131372.0,-865129.0,-151469.0,0.0,1.4013981939994173,0.0,0.0,0.0,0.0,0.0,0.0,10.0062,0.0
10004,4,Younes,Ebnoutalib,16010564.0,151.0,3.0,3.0,2.0,12410.0,453.0,0,4,https://kickbase.b-cdn.net/content/file/0a607bef8a9448cabbf3308c90e0dc6f.png,11.0,2,28.0,146.0,"[{""hasPlayed"": true, ""points"": 11}, {""hasPlayed"": true, ""points"": 138}, {""hasPlayed"": true, ""points"": 304}]",3,Younes Ebnoutalib,-104617.0,-104617.0,-166852.0,-49919.0,330437.0,5519079.0,7.1,1.4013981939994173,0.2723146747352497,0.1225416036308623,0.0,0.0,0.0,0.14568835098335856,10.0062,14.504872
11186,4,Jeremiaha,Maluze,5974809.0,198.0,2.0,2.0,2.0,11959.0,396.0,1,2,https://kickbase.b-cdn.net/content/file/41180e5bf4d046fbb3c24268c49459cb.png,37.0,1,66.0,114.0,"[{""hasPlayed"": true, ""points"": 202}, {""hasPlayed"": false, ""points"": null}, {""hasPlayed"": true, ""points"": 194}]",5,Jeremiaha Maluze,25365.0,25365.0,306772.0,341705.0,1295791.0,5474809.0,8.3,1.4013981939994173,0.0,0.0,0.0,0.0,0.0,0.0,10.0062,0.0
12284,4,Keita,Kosugi,8580531.0,73.0,3.0,3.0,3.0,17621.0,219.0,0,2,https://kickbase.b-cdn.net/content/file/4626c41eb1dd44d5b36bfde09dc9f229.png,26.0,1,25.0,24.0,"[{""hasPlayed"": true, ""points"": 101}, {""hasPlayed"": true, ""points"": 54}, {""hasPlayed"": true, ""points"": 64}]",1,Keita Kosugi,79604.0,79604.0,50256.0,46168.0,-231132.0,1323093.0,6.1,1.4013981939994173,1.0,1.0,1.0,1.0,0.0,1.0,10.0062,85.538291
12285,4,Love,Arrhov,500000.0,-6.0,1.0,1.0,0.0,944.0,-6.0,0,3,https://kickbase.b-cdn.net/content/file/02ec19133f8a43768226917be968f9f8.png,31.0,2,,3.0,"[{""hasPlayed"": false, ""points"": null}, {""hasPlayed"": false, ""points"": null}, {""hasPlayed"": true, ""points"": -6}]",5,Love Arrhov,-8769.0,-8769.0,-55598.0,-84183.0,-592058.0,-3512773.0,4.6,1.4013981939994173,0.0,0.0,0.0,0.0,0.0,0.0,10.0062,0.0
12294,4,Ayoube,Amaimouni,5892175.0,31.0,3.0,3.0,1.0,7067.0,94.0,0,3,https://kickbase.b-cdn.net/content/file/5f68ec42f258435a8233881431dc3c75.png,29.0,2,15.0,36.0,"[{""hasPlayed"": true, ""points"": 12}, {""hasPlayed"": true, ""points"": 9}, {""hasPlayed"": true, ""points"": 73}]",4,Ayoube Amaimouni,-327756.0,-327756.0,-365677.0,-378539.0,-2740762.0,1966827.0,6.3,1.4013981939994173,0.0,0.0,0.0,0.0,0.0,0.0,10.0062,0.0
14920,4,Malik,Pimpong,982069.0,-6.0,2.0,2.0,0.0,2139.0,-12.0,0,4,https://kickbase.b-cdn.net/content/file/0800fc3bf36841cbb6450f1a83cf8ee3.png,35.0,2,,12.0,"[{""hasPlayed"": false, ""points"": null}, {""hasPlayed"": true, ""points"": -18}, {""hasPlayed"": true, ""points"": 6}]",5,Malik Pimpong,-98332.0,-98332.0,-107422.0,-116867.0,-821239.0,-3407873.0,6.3,1.4013981939994173,0.0,0.0,0.0,0.0,0.0,0.0,10.0062,0.0
15589,4,,Otávio,4154318.0,-1.0,1.0,1.0,0.0,611.0,-1.0,0,2,https://kickbase.b-cdn.net/content/file/29d28defc06541cdb2d6e020dc443ca1.png,5.0,2,,0.0,"[{""hasPlayed"": false, ""points"": null}, {""hasPlayed"": false, ""points"": null}, {""hasPlayed"": true, ""points"": -1}]",3,Otávio,-58031.0,-58031.0,-126304.0,-133832.0,-1306068.0,-3444710.0,6.6,1.4013981939994173,0.12254160363086235,0.2723146747352496,0.0,1.0,0.0,0.2307110438729198,10.0062,21.352221
16369,4,Raphael,Onyedika,9810411.0,45.0,3.0,3.0,3.0,17621.0,134.0,0,3,https://kickbase.b-cdn.net/content/file/4413ed18fac54a58a6e94d858ea72074.png,25.0,2,13.0,43.0,"[{""hasPlayed"": true, ""points"": 12}, {""hasPlayed"": true, ""points"": 94}, {""hasPlayed"": true, ""points"": 28}]",1,Raphael Onyedika,-39116.0,-39116.0,-145133.0,-307600.0,-2143569.0,-3857692.0,5.6,1.4013981939994173,1.0,1.0,1.0,1.0,0.0,1.0,10.0062,78.526955
17285,4,Lilian,Brassier,13245467.0,104.0,2.0,2.0,2.0,11460.0,207.0,0,2,https://kickbase.b-cdn.net/content/file/951b525cdfe04feaba0ac1724d5faf27.png,3.0,1,15.0,34.0,"[{""hasPlayed"": true, ""points"": 128}, {""hasPlayed"": true, ""points"": 79}, {""hasPlayed"": false, ""points"": null}]",1,Lilian Brassier,36148.0,36148.0,69311.0,88615.0,338328.0,13245467.0,6.8,1.4013981939994173,1.0,1.0,1.0,1.0,0.0,1.0,10.0062,95.35416
60,18,Dominik,Kohr,3986982.0,96.0,1.0,1.0,1.0,4824.0,96.0,1,2,https://kickbase.b-cdn.net/content/file/fc6cb9d67771484baa8cd7547280f6cd.png,31.0,2,24.0,55.0,"[{""hasPlayed"": false, ""points"": null}, {""hasPlayed"": false, ""points"": null}, {""hasPlayed"": true, ""points"": 96}]",5,Dominik Kohr,-135773.0,-135773.0,-132222.0,-131661.0,-1164120.0,-5281141.0,0.0,1.5743579915676504,0.0,0.0,0.0,0.0,0.0,0.0,10.0062,0.0
550,18,Stefan,Bell,2396523.0,,,,,,,0,2,https://kickbase.b-cdn.net/content/file/b5f9d86fa6414225acae1ed532dfb2e7.png,16.0,1,,0.0,"[{""hasPlayed"": false, ""points"": null}, {""hasPlayed"": false, ""points"": null}, {""hasPlayed"": false, ""points"": null}]",4,Stefan Bell,201120.0,201120.0,241133.0,271474.0,1539423.0,37154.0,0.0,1.5743579915676504,0.0,0.0,1.0,0.0,0.0,0.2,10.0062,0.0
620,18,Alexander,Schwolow,6110618.0,151.0,1.0,1.0,1.0,5624.0,151.0,0,1,https://kickbase.b-cdn.net/content/file/8c632c3299954c0f8703f77102907955.png,1.0,1,24.0,87.0,"[{""hasPlayed"": false, ""points"": null}, {""hasPlayed"": true, ""points"": 151}, {""hasPlayed"": false, ""points"": null}]",1,Alexander Schwolow,318039.0,318039.0,380592.0,343368.0,2503557.0,820099.0,7.9,1.41487159831353,1.0,1.0,1.0,1.0,0.0,1.0,10.0062,111.844157
1540,18,Danny,Da Costa,7868729.0,58.0,3.0,3.0,1.0,8364.0,174.0,0,2,https://kickbase.b-cdn.net/content/file/d7479cd684eb4636932e2e5651e92411.png,21.0,2,22.0,76.0,"[{""hasPlayed"": true, ""points"": -4}, {""hasPlayed"": true, ""points"": 35}, {""hasPlayed"": true, ""points"": 143}]",4,Danny Da Costa,-324573.0,-324573.0,-314843.0,-311961.0,-2596415.0,-1581250.0,6.7,1.5743579915676504,0.0,0.0,0.0,0.0,0.0,0.0,10.0062,0.0
1590,18,Robin,Zentner,9408243.0,72.0,2.0,2.0,2.0,11529.0,144.0,1,1,https://kickbase.b-cdn.net/content/file/dad81a3053174c60b16a47385173f2d5.png,27.0,2,15.0,52.0,"[{""hasPlayed"": true, ""points"": 40}, {""hasPlayed"": false, ""points"": null}, {""hasPlayed"": true, ""points"": 104}]",5,Robin Zentner,-386885.0,-386885.0,-768177.0,-795169.0,-3163047.0,-3661004.0,6.3,1.41487159831353,0.0,0.0,0.0,0.0,0.0,0.0,10.0062,0.0
1639,18,Nadiem,Amiri,34092095.0,105.0,3.0,3.0,3.0,16626.0,316.0,0,3,https://kickbase.b-cdn.net/content/file/7d4c71e7f54e4886a93df87cf4f3987c.png,10.0,2,9.0,111.0,"[{""hasPlayed"": true, ""points"": -23}, {""hasPlayed"": true, ""points"": 172}, {""hasPlayed"": true, ""points"": 167}]",1,Nadiem Amiri,-452554.0,-452554.0,-274014.0,-155203.0,-849189.0,967678.0,7.1,1.5743579915676504,1.0,1.0,1.0,1.0,0.0,1.0,10.0062,111.848721
2006,18,Stefan,Posch,10072766.0,93.0,2.0,2.0,2.0,11097.0,185.0,0,2,https://kickbase.b-cdn.net/content/file/890290d8b9bd491fb3c624f1c57d47bd.png,4.0,1,18.0,61.0,"[{""hasPlayed"": true, ""points"": 62}, {""hasPlayed"": true, ""points"": 123}, {""hasPlayed"": false, ""points"": null}]",1,Stefan Posch,314955.0,314955.0,301278.0,262214.0,1304613.0,115318.0,6.3,1.5743579915676504,1.0,1.0,1.0,1.0,0.0,1.0,10.0062,99.246048
2030,18,Phillip,Tietz,16966430.0,178.0,3.0,3.0,3.0,17153.0,535.0,0,4,https://kickbase.b-cdn.net/content/file/2acf94096d5443fcb6d70524c93fb74e.png,9.0,1,31.0,125.0,"[{""hasPlayed"": true, ""points"": 129}, {""hasPlayed"": true, ""points"": 321}, {""hasPlayed"": true, ""points"": 85}]",1,Phillip Tietz,132517.0,132517.0,157687.0,169211.0,1094979.0,4398730.0,8.2,1.5743579915676504,1.0,1.0,1.0,1.0,0.0,1.0,10.0062,129.177396
2232,18,Philipp,Mwene,12018902.0,125.0,3.0,3.0,3.0,15959.0,374.0,0,2,https://kickbase.b-cdn.net/content/file/90c9ea6f2e3c49fd8dc4455a289facd0.png,2.0,2,31.0,157.0,"[{""hasPlayed"": true, ""points"": 1}, {""hasPlayed"": true, ""points"": 302}, {""hasPlayed"": true, ""points"": 71}]",1,Philipp Mwene,-120382.0,-120382.0,2554.0,45794.0,289326.0,4526218.0,6.9,1.5743579915676504,1.0,1.0,1.0,1.0,0.0,1.0,10.0062,108.698052
2399,18,Lennard,Maloney,1207571.0,23.0,1.0,1.0,0.0,312.0,23.0,0,3,https://kickbase.b-cdn.net/content/file/8ae05919f4ae4c4a8ea0e0fdc6e08e32.png,15.0,2,19.0,13.0,"[{""hasPlayed"": false, ""points"": null}, {""hasPlayed"": true, ""points"": 23}, {""hasPlayed"": false, ""points"": null}]",5,Lennard Maloney,-113647.0,-113647.0,-126853.0,-125649.0,-890731.0,-498429.0,0.0,1.5743579915676504,0.0,0.0,0.0,0.0,0.0,0.0,10.0062,0.0
2476,18,Jae-Sung,Lee,13036479.0,95.0,3.0,3.0,3.0,12307.0,285.0,0,3,https://kickbase.b-cdn.net/content/file/b0241527f3d94a8c976c749e2004944d.png,7.0,2,21.0,81.0,"[{""hasPlayed"": true, ""points"": 9}, {""hasPlayed"": true, ""points"": 172}, {""hasPlayed"": true, ""points"": 104}]",3,Jae-Sung Lee,-462833.0,-462833.0,-241470.0,-53051.0,-565562.0,2897628.0,7.4,1.5743579915676504,0.6896551724137931,0.6896551724137931,1.0,1.0,0.0,0.7827586206896552,10.0062,91.249869
2646,18,Sheraldo,Becker,14887441.0,135.0,3.0,3.0,3.0,12809.0,405.0,0,4,https://kickbase.b-cdn.net/content/file/e279d94dff1f46ea8a7f16ea6656528c.png,23.0,1,27.0,144.0,"[{""hasPlayed"": true, ""points"": 54}, {""hasPlayed"": true, ""points"": 302}, {""hasPlayed"": true, ""points"": 49}]",1,Sheraldo Becker,127734.0,127734.0,144414.0,152898.0,961190.0,1209373.0,7.5,1.5743579915676504,1.0,1.0,1.0,1.0,0.0,1.0,10.0062,118.150057
2702,18,Eric,Martel,3150590.0,,,,,,,0,3,https://kickbase.b-cdn.net/content/file/8744ec1d907e4042b8afa0f7d030628c.png,5.0,1,,0.0,"[{""hasPlayed"": false, ""points"": null}, {""hasPlayed"": false, ""points"": null}, {""hasPlayed"": false, ""points"": null}]",5,Eric Martel,311149.0,311149.0,298265.0,277049.0,906950.0,-1692606.0,0.0,1.5743579915676504,0.0,0.0,0.0,0.0,0.0,0.0,10.0062,0.0
2822,18,,Silas,1167141.0,,,,,,,1,4,https://kickbase.b-cdn.net/content/file/c9d8809a21ab421eae753d788da8f8e3.png,26.0,1,,0.0,"[{""hasPlayed"": false, ""points"": null}, {""hasPlayed"": false, ""points"": null}, {""hasPlayed"": false, ""points"": null}]",5,Silas,280187.0,280187.0,255318.0,113757.0,557937.0,652766.0,0.0,1.5743579915676504,0.0,0.0,0.0,0.0,0.0,0.0,10.0062,0.0
2895,18,Paul,Nebel,4059314.0,,,,,,,4,3,https://kickbase.b-cdn.net/content/file/03b835615e0c4ae3850ce2970f9cec04.png,8.0,1,,0.0,"[{""hasPlayed"": false, ""points"": null}, {""hasPlayed"": false, ""points"": null}, {""hasPlayed"": false, ""points"": null}]",5,Paul Nebel,221903.0,221903.0,224350.0,190277.0,608489.0,-3350651.0,0.0,1.5743579915676504,0.0,0.0,0.0,0.0,0.0,0.0,10.0062,0.0
3041,18,Silvan,Widmer,1624061.0,29.0,1.0,1.0,0.0,1324.0,29.0,1,2,https://kickbase.b-cdn.net/content/file/0c5f8e3a3a1145cfadc9fbe799559ed4.png,30.0,2,17.0,16.0,"[{""hasPlayed"": false, ""points"": null}, {""hasPlayed"": false, ""points"": null}, {""hasPlayed"": true, ""points"": 29}]",5,Silvan Widmer,-141449.0,-141449.0,-141952.0,-147527.0,-1109674.0,-1287610.0,0.0,1.5743579915676504,0.0,0.0,0.0,0.0,0.0,0.0,10.0062,0.0
3318,18,Ransford,Königsdörffer,6571964.0,60.0,3.0,3.0,0.0,6108.0,180.0,0,4,https://kickbase.b-cdn.net/content/file/4f3abfff728148fda062801c5af46204.png,11.0,1,27.0,62.0,"[{""hasPlayed"": true, ""points"": 31}, {""hasPlayed"": true, ""points"": 132}, {""hasPlayed"": true, ""points"": 17}]",3,Ransford Königsdörffer,240318.0,240318.0,255252.0,221951.0,1082356.0,1766503.0,7.7,1.5743579915676504,0.3103448275862069,0.31034482758620685,0.0,0.0,0.0,0.21724137931034485,10.0062,26.351537
3470,18,Anthony,Caci,10410195.0,73.0,3.0,3.0,3.0,13194.0,219.0,0,2,https://kickbase.b-cdn.net/content/file/5bb349b2622049a7aa73a59edcec1781.png,19.0,2,21.0,62.0,"[{""hasPlayed"": true, ""points"": 3}, {""hasPlayed"": true, ""points"": 92}, {""hasPlayed"": true, ""points"": 124}]",2,Anthony Caci,-444906.0,-444906.0,-462031.0,-558470.0,-2518164.0,1054974.0,6.5,1.5743579915676504,1.0,1.0,1.0,1.0,0.0,1.0,10.0062,102.396716
6111,18,Benedict,Hollerbach,1755943.0,7.0,1.0,1.0,0.0,1187.0,7.0,0,4,https://kickbase.b-cdn.net/content/file/212f0c9603f04c869640c40bdbb0a396.png,17.0,1,3.0,4.0,"[{""hasPlayed"": true, ""points"": 7}, {""hasPlayed"": false, ""points"": null}, {""hasPlayed"": false, ""points"": null}]",5,Benedict Hollerbach,26953.0,26953.0,12178.0,-6484.0,-211822.0,-3433638.0,0.0,1.5743579915676504,0.0,0.0,0.0,0.0,0.0,0.0,10.0062,0.0
8307,18,Kaishu,Sano,19271081.0,137.0,3.0,3.0,3.0,16840.0,412.0,0,3,https://kickbase.b-cdn.net/content/file/aa2bb0e7fba5493db89b7b6646147ddc.png,6.0,1,21.0,40.0,"[{""hasPlayed"": true, ""points"": 99}, {""hasPlayed"": true, ""points"": 180}, {""hasPlayed"": true, ""points"": 133}]",1,Kaishu Sano,79938.0,79938.0,105005.0,132801.0,783602.0,4193378.0,7.9,1.5743579915676504,1.0,1.0,1.0,1.0,0.0,1.0,10.0062,124.451393
10122,18,Fabio,Gruber,13900406.0,117.0,3.0,3.0,3.0,17153.0,351.0,0,2,https://kickbase.b-cdn.net/content/file/278ee138191a434c98f6a644a68e553c.png,3.0,1,25.0,77.0,"[{""hasPlayed"": true, ""points"": 34}, {""hasPlayed"": true, ""points"": 187}, {""hasPlayed"": true, ""points"": 130}]",2,Fabio Gruber,86185.0,86185.0,145826.0,195725.0,1293104.0,186524.0,7.2,1.5743579915676504,1.0,1.0,0.0,1.0,0.0,0.8,10.0062,90.739244
11261,18,Sota,Kawasaki,1235741.0,,,,,,,0,3,https://kickbase.b-cdn.net/content/file/4678b1fe37904abeb5122cf3927324dc.png,24.0,2,,0.0,"[{""hasPlayed"": false, ""points"": null}, {""hasPlayed"": false, ""points"": null}, {""hasPlayed"": false, ""points"": null}]",5,Sota Kawasaki,-128859.0,-128859.0,-136533.0,-139956.0,-976156.0,-4718468.0,0.0,1.5743579915676504,0.0,0.0,0.0,0.0,0.0,0.0,10.0062,0.0
11665,18,Kacper,Potulski,9336515.0,52.0,3.0,3.0,2.0,12329.0,156.0,0,2,https://kickbase.b-cdn.net/content/file/b1ee33c0ce864060a4d44adf70936760.png,48.0,1,16.0,69.0,"[{""hasPlayed"": true, ""points"": -2}, {""hasPlayed"": true, ""points"": 130}, {""hasPlayed"": true, ""points"": 28}]",2,Kacper Potulski,192178.0,192178.0,238739.0,258665.0,1854795.0,2741817.0,6.2,1.5743579915676504,1.0,1.0,1.0,1.0,0.0,1.0,10.0062,97.670714
11666,18,Maximilian,Kinzig,500000.0,,,,,,,0,1,https://kickbase.b-cdn.net/content/file/7add439bbfdf4921bf609edc2ed32e8e.png,40.0,0,,0.0,"[{""hasPlayed"": false, ""points"": null}, {""hasPlayed"": false, ""points"": null}, {""hasPlayed"": false, ""points"": null}]",5,Maximilian Kinzig,0.0,0.0,0.0,0.0,0.0,0.0,0.0,1.41487159831353,0.0,0.0,0.0,0.0,0.0,0.0,10.0062,0.0
13438,18,Otto,Ruoppi,1676004.0,28.0,3.0,3.0,0.0,2479.0,85.0,0,3,https://kickbase.b-cdn.net/content/file/87f2fcbedcfd4094b1aa3112efb54de3.png,20.0,1,50.0,16.0,"[{""hasPlayed"": true, ""points"": 47}, {""hasPlayed"": true, ""points"": 23}, {""hasPlayed"": true, ""points"": 15}]",4,Otto Ruoppi,252042.0,252042.0,212684.0,70079.0,375662.0,-2058659.0,7.4,1.5743579915676504,0.0,0.0,0.0,0.0,0.0,0.0,10.0062,0.0
17179,18,Rael-Tshimbela,Nakuzola,694748.0,27.0,2.0,2.0,0.0,1517.0,54.0,0,2,https://kickbase.b-cdn.net/content/file/6c0a23ba3672480f9163c215c36670c8.png,47.0,2,77.0,16.0,"[{""hasPlayed"": true, ""points"": 31}, {""hasPlayed"": true, ""points"": 23}, {""hasPlayed"": false, ""points"": null}]",5,Rael-Tshimbela Nakuzola,-50791.0,-50791.0,-65188.0,-82426.0,-658686.0,694748.0,0.0,1.5743579915676504,0.0,0.0,0.0,0.0,0.0,0.0,10.0062,0.0
168,29,Sven,Michel,1111897.0,,,,,,,4,4,https://kickbase.b-cdn.net/content/file/e03c92ddb64b4dfaa85fddc8832168ef.png,11.0,2,,0.0,"[{""hasPlayed"": false, ""points"": null}, {""hasPlayed"": false, ""points"": null}, {""hasPlayed"": false, ""points"": null}]",5,Sven Michel,-128443.0,-128443.0,-136539.0,-142066.0,-983954.0,-1232570.0,0.0,0.84688995215311,0.0,0.0,0.0,0.0,0.0,0.0,10.0062,0.0
1964,29,Felix,Götze,3369242.0,,,,,,,0,2,https://kickbase.b-cdn.net/content/file/211c165645f84bc08e3bac17e3ba0dcf.png,20.0,2,,0.0,"[{""hasPlayed"": false, ""points"": null}, {""hasPlayed"": false, ""points"": null}, {""hasPlayed"": false, ""points"": null}]",3,Felix Götze,-84118.0,-84118.0,-81957.0,-86251.0,-674613.0,-5947612.0,0.0,0.84688995215311,0.0,0.31034482758620685,0.0,0.0,0.0,0.09310344827586206,10.0062,0.0
2015,29,Raphael,Obermair,7896052.0,65.0,3.0,3.0,3.0,17225.0,196.0,0,3,https://kickbase.b-cdn.net/content/file/0d9820e6e0904252b629770883bf6ed2.png,23.0,2,24.0,21.0,"[{""hasPlayed"": true, ""points"": 56}, {""hasPlayed"": true, ""points"": 50}, {""hasPlayed"": true, ""points"": 90}]",1,Raphael Obermair,-247122.0,-247122.0,-261888.0,-292914.0,-1661829.0,-2480363.0,5.5,0.84688995215311,1.0,1.0,1.0,1.0,0.0,1.0,10.0062,46.607826
2301,29,Oliver,Batista Meier,3089573.0,-9.0,2.0,2.0,0.0,2817.0,-18.0,0,3,https://kickbase.b-cdn.net/content/file/80153ba03a7849fdae3b398764d24b18.png,7.0,2,,5.0,"[{""hasPlayed"": true, ""points"": -7}, {""hasPlayed"": true, ""points"": -11}, {""hasPlayed"": false, ""points"": null}]",4,Oliver Batista Meier,-133098.0,-133098.0,-128436.0,-133118.0,-942776.0,-2358609.0,5.8,0.84688995215311,0.0,0.0,0.0,0.0,0.0,0.0,10.0062,0.0
2471,29,Markus,Schubert,500000.0,,,,,,,0,1,https://kickbase.b-cdn.net/content/file/1602a8ef777540f4ac5390f258ed237c.png,1.0,2,,0.0,"[{""hasPlayed"": false, ""points"": null}, {""hasPlayed"": false, ""points"": null}, {""hasPlayed"": false, ""points"": null}]",5,Markus Schubert,0.0,0.0,-103903.0,-132208.0,-835494.0,-4692713.0,6.4,1.2693779904306222,0.0,0.0,0.0,0.0,0.0,0.0,10.0062,0.0
2498,29,Tom,Baack,800299.0,12.0,1.0,1.0,0.0,1187.0,12.0,0,3,https://kickbase.b-cdn.net/content/file/e009e7eb6946411f8f86641cb56174fe.png,6.0,2,14.0,6.0,"[{""hasPlayed"": false, ""points"": null}, {""hasPlayed"": false, ""points"": null}, {""hasPlayed"": true, ""points"": 12}]",5,Tom Baack,-98835.0,-98835.0,-115137.0,-124305.0,-850112.0,-3905668.0,0.0,0.84688995215311,0.0,0.0,0.0,0.0,0.0,0.0,10.0062,0.0
2749,29,Steffen,Tigges,2976452.0,19.0,3.0,3.0,0.0,6206.0,57.0,0,4,https://kickbase.b-cdn.net/content/file/10d7abeb491e42818537662e1ceba8d1.png,27.0,2,19.0,28.0,"[{""hasPlayed"": true, ""points"": -14}, {""hasPlayed"": true, ""points"": 39}, {""hasPlayed"": true, ""points"": 32}]",4,Steffen Tigges,-105510.0,-105510.0,-119492.0,-125452.0,-815207.0,2310855.0,6.3,0.84688995215311,0.0,0.0,0.0,0.0,0.0,0.0,10.0062,0.0
2977,29,Nahuel,Noll,13237385.0,127.0,3.0,3.0,3.0,17225.0,382.0,0,1,https://kickbase.b-cdn.net/content/file/48b2c904ac8c41fdaa5c9503ba6e81ca.png,15.0,1,28.0,26.0,"[{""hasPlayed"": true, ""points"": 158}, {""hasPlayed"": true, ""points"": 113}, {""hasPlayed"": true, ""points"": 111}]",1,Nahuel Noll,47087.0,47087.0,67533.0,52598.0,8448.0,855502.0,6.6,1.2693779904306222,1.0,1.0,1.0,1.0,0.0,1.0,10.0062,83.83089
3027,29,Marvin,Pieringer,4148847.0,25.0,3.0,3.0,3.0,16303.0,74.0,0,4,https://kickbase.b-cdn.net/content/file/599aac2ada574e618a4b2ef6956cd9b3.png,18.0,2,17.0,88.0,"[{""hasPlayed"": true, ""points"": 9}, {""hasPlayed"": true, ""points"": 1}, {""hasPlayed"": true, ""points"": 64}]",1,Marvin Pieringer,-3117.0,-3117.0,-25982.0,-48025.0,-381323.0,2904330.0,4.1,0.84688995215311,1.0,1.0,1.0,1.0,0.0,1.0,10.0062,34.744016
3081,29,Gabriel,Vidović,4837461.0,34.0,3.0,3.0,3.0,15641.0,101.0,0,3,https://kickbase.b-cdn.net/content/file/cbf9ad550a164e0392e43ae723e2d83d.png,40.0,2,20.0,35.0,"[{""hasPlayed"": true, ""points"": 27}, {""hasPlayed"": true, ""points"": 2}, {""hasPlayed"": true, ""points"": 72}]",1,Gabriel Vidović,-210200.0,-210200.0,-232323.0,-255737.0,-1868745.0,4337461.0,5.6,0.84688995215311,1.0,1.0,1.0,1.0,0.0,1.0,10.0062,47.455241
3336,29,Stefano,Marino,3764285.0,21.0,3.0,3.0,2.0,9003.0,63.0,0,4,https://kickbase.b-cdn.net/content/file/197aeeb1c0994cb68e398212e6941782.png,30.0,2,16.0,21.0,"[{""hasPlayed"": true, ""points"": 32}, {""hasPlayed"": true, ""points"": -4}, {""hasPlayed"": true, ""points"": 35}]",3,Stefano Marino,-93766.0,-93766.0,-107798.0,-115966.0,-769992.0,-6096889.0,5.8,0.84688995215311,0.6896551724137931,0.31034482758620685,1.0,1.0,0.0,0.6689655172413793,10.0062,32.879703
3491,29,Sebastian,Klaas,543385.0,,,,,,,0,3,https://kickbase.b-cdn.net/content/file/889217c751e5403eaf39162d4dc54b9a.png,26.0,2,,0.0,"[{""hasPlayed"": false, ""points"": null}, {""hasPlayed"": false, ""points"": null}, {""hasPlayed"": false, ""points"": null}]",5,Sebastian Klaas,-101548.0,-101548.0,-111562.0,-127526.0,-897518.0,43385.0,0.0,0.84688995215311,0.0,0.0,0.0,0.0,0.0,0.0,10.0062,0.0
3492,29,Marcel,Hoffmeier,2190723.0,,,,,,,0,2,https://kickbase.b-cdn.net/content/file/b4ad73b6a3334bf8a2efdbe5b1d7e19c.png,33.0,2,,0.0,"[{""hasPlayed"": false, ""points"": null}, {""hasPlayed"": false, ""points"": null}, {""hasPlayed"": false, ""points"": null}]",5,Marcel Hoffmeier,-151863.0,-151863.0,-147547.0,-147113.0,-1022057.0,-5797001.0,0.0,0.84688995215311,0.0,0.0,0.0,0.0,0.0,0.0,10.0062,0.0
3559,29,Laurin,Ulrich,5033445.0,56.0,3.0,3.0,3.0,13793.0,168.0,0,3,https://kickbase.b-cdn.net/content/file/bd6e7a7bc0ff4f5397cce0a6fb3864fa.png,28.0,2,33.0,19.0,"[{""hasPlayed"": true, ""points"": 45}, {""hasPlayed"": true, ""points"": 79}, {""hasPlayed"": true, ""points"": 44}]",2,Laurin Ulrich,-122532.0,-122532.0,-172812.0,-209974.0,-1552666.0,55154.0,5.5,0.84688995215311,1.0,1.0,1.0,1.0,0.0,1.0,10.0062,46.607826
6197,29,Laurin,Curda,8091637.0,79.0,3.0,3.0,3.0,15627.0,238.0,0,2,https://kickbase.b-cdn.net/content/file/ba195e9442954a30a3835950c99832a5.png,17.0,2,29.0,93.0,"[{""hasPlayed"": true, ""points"": 36}, {""hasPlayed"": true, ""points"": 15}, {""hasPlayed"": true, ""points"": 187}]",1,Laurin Curda,-327216.0,-327216.0,-329790.0,-325241.0,-2660741.0,-3602588.0,6.1,0.84688995215311,1.0,1.0,1.0,1.0,0.0,1.0,10.0062,51.692316
6217,29,Rayan,Philippe,5995816.0,4.0,3.0,3.0,1.0,3819.0,12.0,0,4,https://kickbase.b-cdn.net/content/file/585c2df9602d47268fb6aaf32245792c.png,9.0,1,2.0,20.0,"[{""hasPlayed"": true, ""points"": -14}, {""hasPlayed"": true, ""points"": 27}, {""hasPlayed"": true, ""points"": -1}]",3,Rayan Philippe,134522.0,134522.0,216483.0,278486.0,1710619.0,2712937.0,5.5,0.84688995215311,0.3103448275862069,0.6896551724137931,0.0,0.0,0.0,0.33103448275862074,10.0062,15.428798
6292,29,Mattes,Hansen,7630117.0,53.0,3.0,3.0,3.0,14988.0,160.0,0,2,https://kickbase.b-cdn.net/content/file/c747e1ad35ed44f4afbc5de1075d8bf1.png,22.0,1,20.0,10.0,"[{""hasPlayed"": true, ""points"": 44}, {""hasPlayed"": true, ""points"": 52}, {""hasPlayed"": true, ""points"": 64}]",3,Mattes Hansen,48653.0,48653.0,186072.0,251615.0,1106226.0,2485769.0,5.8,0.84688995215311,1.0,0.6896551724137931,1.0,1.0,0.0,0.9068965517241379,10.0062,44.57403
6751,29,Florian,Pruhs,615403.0,,,,,,,0,1,https://kickbase.b-cdn.net/content/file/3878770830244658b3841f0074466ab7.png,31.0,2,,0.0,"[{""hasPlayed"": false, ""points"": null}, {""hasPlayed"": false, ""points"": null}, {""hasPlayed"": false, ""points"": null}]",5,Florian Pruhs,-139968.0,-139968.0,-144224.0,-149127.0,-1070127.0,-3556566.0,0.0,1.2693779904306222,0.0,0.0,0.0,0.0,0.0,0.0,10.0062,0.0
7320,29,Tjark,Scheller,7821804.0,84.0,3.0,3.0,3.0,17225.0,253.0,0,2,https://kickbase.b-cdn.net/content/file/06f63d14a0f4493faf04f78ea6aa5f10.png,25.0,2,32.0,45.0,"[{""hasPlayed"": true, ""points"": 44}, {""hasPlayed"": true, ""points"": 76}, {""hasPlayed"": true, ""points"": 133}]",2,Tjark Scheller,-249684.0,-249684.0,-285920.0,-311205.0,-1634810.0,2459945.0,5.6,0.84688995215311,1.0,1.0,1.0,1.0,0.0,1.0,10.0062,47.455241
7616,29,Jano,ter Horst,7705512.0,82.0,3.0,3.0,3.0,16485.0,245.0,0,2,https://kickbase.b-cdn.net/content/file/a931e1f10bb84a9bb35b795a7857b8ee.png,21.0,2,31.0,54.0,"[{""hasPlayed"": true, ""points"": 64}, {""hasPlayed"": true, ""points"": 38}, {""hasPlayed"": true, ""points"": 143}]",2,Jano ter Horst,-236802.0,-236802.0,-269030.0,-294213.0,-2356710.0,3654989.0,6.4,0.84688995215311,1.0,1.0,1.0,1.0,0.0,1.0,10.0062,54.234562
8292,29,Santiago,Castañeda,9071805.0,87.0,3.0,3.0,3.0,17225.0,260.0,0,3,https://kickbase.b-cdn.net/content/file/37ddcd7042414ce59c844f52d87ee300.png,5.0,2,28.0,15.0,"[{""hasPlayed"": true, ""points"": 89}, {""hasPlayed"": true, ""points"": 70}, {""hasPlayed"": true, ""points"": 101}]",1,Santiago Castañeda,-138609.0,-138609.0,-126186.0,-157851.0,-1287853.0,-1181612.0,6.6,0.84688995215311,1.0,1.0,1.0,1.0,0.0,1.0,10.0062,55.929392
8872,29,Jonah,Sticker,1925613.0,8.0,2.0,2.0,0.0,1936.0,15.0,0,2,https://kickbase.b-cdn.net/content/file/74f3dad539cd4e30aabca849e8e8bc64.png,3.0,2,7.0,14.0,"[{""hasPlayed"": false, ""points"": null}, {""hasPlayed"": true, ""points"": -6}, {""hasPlayed"": true, ""points"": 21}]",5,Jonah Sticker,-128390.0,-128390.0,-143495.0,-150162.0,-951775.0,-3727158.0,6.7,0.84688995215311,0.0,0.0,0.0,0.0,0.0,0.0,10.0062,0.0
8984,29,Nyamekye,Awortwie-Grant,500000.0,,,,,,,4,2,https://kickbase.b-cdn.net/content/file/6b0e71018bd542b0b17a0e0a3e9058ac.png,4.0,0,,0.0,"[{""hasPlayed"": false, ""points"": null}, {""hasPlayed"": false, ""points"": null}, {""hasPlayed"": false, ""points"": null}]",5,Nyamekye Awortwie-Grant,0.0,0.0,0.0,0.0,-276470.0,0.0,0.0,0.84688995215311,0.0,0.0,0.0,0.0,0.0,0.0,10.0062,0.0
9283,29,Deniz,Zeitler,1289047.0,,,,,,,0,4,https://kickbase.b-cdn.net/content/file/cde6a72f67e043e0b1b56ac70e3f9c19.png,38.0,2,,0.0,"[{""hasPlayed"": false, ""points"": null}, {""hasPlayed"": false, ""points"": null}, {""hasPlayed"": false, ""points"": null}]",5,Deniz Zeitler,-128986.0,-128986.0,-138160.0,-140740.0,-977192.0,-524185.0,0.0,0.84688995215311,0.0,0.0,0.0,0.0,0.0,0.0,10.0062,0.0
10048,29,Luka,Duric,631802.0,-16.0,1.0,1.0,0.0,1010.0,-16.0,0,3,https://kickbase.b-cdn.net/content/file/fdce53ba9bff4a39b30dda997ad991ee.png,8.0,2,,9.0,"[{""hasPlayed"": true, ""points"": -16}, {""hasPlayed"": false, ""points"": null}, {""hasPlayed"": false, ""points"": null}]",5,Luka Duric,-88604.0,-88604.0,-109712.0,-120249.0,-853465.0,-4060031.0,0.0,0.84688995215311,0.0,0.0,0.0,0.0,0.0,0.0,10.0062,0.0
11170,29,Ruben,Müller,1325899.0,,,,,,,0,3,https://kickbase.b-cdn.net/content/file/30dea41b80454a638771929f17e0d368.png,2.0,2,,0.0,"[{""hasPlayed"": false, ""points"": null}, {""hasPlayed"": false, ""points"": null}, {""hasPlayed"": false, ""points"": null}]",5,Ruben Müller,-138879.0,-138879.0,-145599.0,-150090.0,-1008461.0,-2933347.0,0.0,0.84688995215311,0.0,0.0,0.0,0.0,0.0,0.0,10.0062,0.0
12262,29,Albert Frank,Millgramm,1431372.0,,,,,,,0,4,https://kickbase.b-cdn.net/content/file/0635ef3343fb4b138fd946cc4a199637.png,19.0,2,,0.0,"[{""hasPlayed"": false, ""points"": null}, {""hasPlayed"": false, ""points"": null}, {""hasPlayed"": false, ""points"": null}]",5,Albert Frank Millgramm,-126099.0,-126099.0,-135831.0,-138111.0,-1001954.0,-5317420.0,0.0,0.84688995215311,0.0,0.0,0.0,0.0,0.0,0.0,10.0062,0.0
14911,29,Clemens,Lippmann,1461222.0,-11.0,2.0,2.0,0.0,1779.0,-21.0,0,2,https://kickbase.b-cdn.net/content/file/7462061e1e7843ffb7efaa2fe7e2b5f5.png,29.0,2,,13.0,"[{""hasPlayed"": true, ""points"": -23}, {""hasPlayed"": false, ""points"": null}, {""hasPlayed"": true, ""points"": 2}]",5,Clemens Lippmann,-130833.0,-130833.0,-142420.0,-149193.0,-957503.0,-707700.0,4.9,0.84688995215311,0.0,0.0,0.0,0.0,0.0,0.0,10.0062,0.0
14914,29,Timur,Gayret,500000.0,,,,,,,1,3,https://kickbase.b-cdn.net/content/file/174077d2fba447fbb8a0e46a12d28245.png,44.0,0,,0.0,"[{""hasPlayed"": false, ""points"": null}, {""hasPlayed"": false, ""points"": null}, {""hasPlayed"": false, ""points"": null}]",5,Timur Gayret,0.0,0.0,0.0,0.0,0.0,0.0,0.0,0.84688995215311,0.0,0.0,0.0,0.0,0.0,0.0,10.0062,0.0
1225,43,Leopold,Zingerle,500000.0,,,,,,,0,1,https://kickbase.b-cdn.net/content/file/d257ae98474e45c4ad7082fbe5adde82.png,25.0,0,,0.0,"[{""hasPlayed"": false, ""points"": null}, {""hasPlayed"": false, ""points"": null}, {""hasPlayed"": false, ""points"": null}]",5,Leopold Zingerle,0.0,0.0,0.0,0.0,0.0,0.0,0.0,1.313348072405693,0.0,0.0,0.0,0.0,0.0,0.0,10.0062,0.0
1246,43,Willi,Orban,27557865.0,196.0,3.0,3.0,3.0,17524.0,587.0,0,2,https://kickbase.b-cdn.net/content/file/1f7999ae3a674c74ac9b8d4f00ed1028.png,4.0,1,21.0,94.0,"[{""hasPlayed"": true, ""points"": 300}, {""hasPlayed"": true, ""points"": 116}, {""hasPlayed"": true, ""points"": 171}]",2,Willi Orban,34204.0,34204.0,39066.0,34415.0,-1863308.0,-3586254.0,7.7,1.066740362028465,1.0,1.0,1.0,1.0,0.0,1.0,10.0062,82.189934
1333,43,Lukas,Klostermann,2638769.0,,,,,,,0,2,https://kickbase.b-cdn.net/content/file/91ea3cbf0389453ca1c0add22d52e089.png,16.0,1,,0.0,"[{""hasPlayed"": false, ""points"": null}, {""hasPlayed"": false, ""points"": null}, {""hasPlayed"": false, ""points"": null}]",5,Lukas Klostermann,221815.0,221815.0,264666.0,297778.0,1797936.0,87937.0,0.0,1.066740362028465,0.0,0.0,0.0,0.0,0.0,0.0,10.0062,0.0
1689,43,Benjamin,Henrichs,6052508.0,73.0,2.0,2.0,1.0,5903.0,145.0,0,2,https://kickbase.b-cdn.net/content/file/c091f35a668e446caa75ecc93b1084dd.png,39.0,1,23.0,56.0,"[{""hasPlayed"": true, ""points"": 111}, {""hasPlayed"": false, ""points"": null}, {""hasPlayed"": true, ""points"": 34}]",4,Benjamin Henrichs,302041.0,302041.0,352344.0,371511.0,1628002.0,-1745187.0,7.7,1.066740362028465,0.3103448275862069,0.0,0.0,0.0,0.0,0.12413793103448276,10.0062,10.202888
1728,43,Örjan,Nyland,975305.0,,,,,,,0,1,https://kickbase.b-cdn.net/content/file/361c8899e8db48868bb66d49e2cd4d2d.png,1.0,2,,0.0,"[{""hasPlayed"": false, ""points"": null}, {""hasPlayed"": false, ""points"": null}, {""hasPlayed"": false, ""points"": null}]",5,Örjan Nyland,-141606.0,-141606.0,-139840.0,-145576.0,-1018782.0,-3559934.0,0.0,1.313348072405693,0.0,0.0,0.0,0.0,0.0,0.0,10.0062,0.0
2141,43,Ridle ,Baku,21938031.0,178.0,3.0,3.0,2.0,11620.0,535.0,0,2,https://kickbase.b-cdn.net/content/file/938a124759354a928af165b155e6925a.png,17.0,1,24.0,99.0,"[{""hasPlayed"": true, ""points"": 64}, {""hasPlayed"": true, ""points"": 238}, {""hasPlayed"": true, ""points"": 233}]",2,Ridle  Baku,21328.0,21328.0,80509.0,114293.0,791166.0,3485924.0,7.9,1.066740362028465,0.6896551724137931,1.0,1.0,1.0,0.0,0.8758620689655172,10.0062,73.856839
2275,43,Christoph,Baumgartner,8864512.0,,,,,,,4,3,https://kickbase.b-cdn.net/content/file/de86594ccecb4a7899a87cdd662e1a9c.png,14.0,2,,0.0,"[{""hasPlayed"": false, ""points"": null}, {""hasPlayed"": false, ""points"": null}, {""hasPlayed"": false, ""points"": null}]",5,Christoph Baumgartner,-76749.0,-76749.0,-139975.0,-143246.0,-1108890.0,-10625398.0,0.0,1.066740362028465,0.0,0.0,0.0,0.0,0.0,0.0,10.0062,0.0
2522,43,David,Raum,32229515.0,145.0,3.0,3.0,3.0,17524.0,436.0,0,2,https://kickbase.b-cdn.net/content/file/ff40a7c5554548ee8a8a51168c408d77.png,22.0,2,13.0,37.0,"[{""hasPlayed"": true, ""points"": 181}, {""hasPlayed"": true, ""points"": 106}, {""hasPlayed"": true, ""points"": 149}]",1,David Raum,-393581.0,-393581.0,-355572.0,-255024.0,-2519292.0,-1450085.0,7.6,1.066740362028465,1.0,1.0,1.0,1.0,0.0,1.0,10.0062,81.122532
2687,43,Christopher,Nkunku,26406960.0,133.0,3.0,3.0,1.0,10742.0,398.0,0,4,https://kickbase.b-cdn.net/content/file/bf619920e0d34e138aa57fe52dbcde21.png,28.0,1,15.0,70.0,"[{""hasPlayed"": true, ""points"": 211}, {""hasPlayed"": true, ""points"": 76}, {""hasPlayed"": true, ""points"": 111}]",2,Christopher Nkunku,66843.0,66843.0,63880.0,63901.0,306857.0,-13140661.0,7.5,1.066740362028465,0.2723146747352497,1.0,0.0,1.0,0.0,0.5089258698940998,10.0062,40.742127
2897,43,Rocco,Reitz,7313560.0,208.0,1.0,1.0,1.0,5072.0,208.0,4,3,https://kickbase.b-cdn.net/content/file/4186115eb899498fbec64508ec48475c.png,20.0,2,28.0,120.0,"[{""hasPlayed"": false, ""points"": null}, {""hasPlayed"": false, ""points"": null}, {""hasPlayed"": true, ""points"": 208}]",5,Rocco Reitz,-281854.0,-281854.0,-296782.0,-303170.0,-2203402.0,-5688080.0,0.0,1.066740362028465,0.0,0.0,0.0,0.0,0.0,0.0,10.0062,0.0
4596,43,Brajan,Gruda,20340255.0,126.0,2.0,2.0,2.0,10156.0,251.0,0,3,https://kickbase.b-cdn.net/content/file/fc98ceda9d134bd09d5526a600465611.png,10.0,1,12.0,72.0,"[{""hasPlayed"": true, ""points"": 123}, {""hasPlayed"": false, ""points"": null}, {""hasPlayed"": true, ""points"": 128}]",1,Brajan Gruda,-1075.0,-1075.0,16116.0,27146.0,-522376.0,2303119.0,7.2,1.066740362028465,1.0,1.0,1.0,1.0,0.0,1.0,10.0062,76.852925
6104,43,Marc,Guiu,5956052.0,-13.0,1.0,1.0,0.0,1327.0,-13.0,1,4,https://kickbase.b-cdn.net/content/file/9ccdca6deb4c4831809374836463eb2d.png,9.0,2,,9.0,"[{""hasPlayed"": false, ""points"": null}, {""hasPlayed"": true, ""points"": -13}, {""hasPlayed"": false, ""points"": null}]",5,Marc Guiu,-370768.0,-370768.0,-378360.0,-413340.0,-2790007.0,5956052.0,0.0,1.066740362028465,0.0,0.0,0.0,0.0,0.0,0.0,10.0062,0.0
6176,43,Nicolas,Seiwald,14934297.0,82.0,2.0,2.0,2.0,11814.0,164.0,0,3,https://kickbase.b-cdn.net/content/file/5320dfb79fb348369e61599e552840b0.png,13.0,2,10.0,54.0,"[{""hasPlayed"": false, ""points"": null}, {""hasPlayed"": true, ""points"": 55}, {""hasPlayed"": true, ""points"": 109}]",3,Nicolas Seiwald,-467387.0,-467387.0,-486660.0,-545160.0,-3630215.0,-1905563.0,5.6,1.066740362028465,0.3103448275862069,1.0,1.0,0.0,0.0,0.6241379310344828,10.0062,37.307531
6300,43,Assan,Ouédraogo,8459414.0,61.0,1.0,1.0,1.0,2047.0,61.0,1,3,https://kickbase.b-cdn.net/content/file/44f5198b463047fc88626d9698f3a2d0.png,8.0,2,7.0,35.0,"[{""hasPlayed"": true, ""points"": 61}, {""hasPlayed"": false, ""points"": null}, {""hasPlayed"": false, ""points"": null}]",5,Assan Ouédraogo,-378472.0,-378472.0,-434027.0,-597921.0,-1309772.0,-7264710.0,7.1,1.066740362028465,0.0,0.0,0.0,0.0,0.0,0.0,10.0062,0.0
7224,43,Lukeba,Castello Jr.,18276226.0,140.0,2.0,2.0,2.0,10347.0,279.0,0,2,https://kickbase.b-cdn.net/content/file/52117c9891144d3998de1b87b91ca123.png,23.0,2,15.0,100.0,"[{""hasPlayed"": true, ""points"": 80}, {""hasPlayed"": false, ""points"": null}, {""hasPlayed"": true, ""points"": 199}]",2,Lukeba Castello Jr.,-325558.0,-325558.0,-335349.0,-371456.0,-2564130.0,-486701.0,7.8,1.066740362028465,1.0,1.0,1.0,1.0,0.0,1.0,10.0062,83.257336
7239,43,Max,Finkgräfe,2261860.0,28.0,1.0,1.0,0.0,948.0,28.0,0,2,https://kickbase.b-cdn.net/content/file/14ced344f69a48a5aeed3cbdcd5938da.png,35.0,2,12.0,16.0,"[{""hasPlayed"": true, ""points"": 28}, {""hasPlayed"": false, ""points"": null}, {""hasPlayed"": false, ""points"": null}]",5,Max Finkgräfe,-125852.0,-125852.0,-122626.0,-119857.0,-800244.0,-3513674.0,0.0,1.066740362028465,0.0,0.0,0.0,0.0,0.0,0.0,10.0062,0.0
8061,43,Johan,Bakayoko,5327780.0,24.0,2.0,2.0,1.0,5355.0,48.0,0,4,https://kickbase.b-cdn.net/content/file/1b1b3bd47f834642b2d8169d2b018ec2.png,11.0,2,9.0,16.0,"[{""hasPlayed"": false, ""points"": null}, {""hasPlayed"": true, ""points"": 33}, {""hasPlayed"": true, ""points"": 15}]",5,Johan Bakayoko,-263289.0,-263289.0,-295879.0,-311215.0,-2068093.0,-4426411.0,5.3,1.066740362028465,0.0,0.0,0.0,0.0,0.0,0.0,10.0062,0.0
8227,43,Maarten,Vandevoordt,15341545.0,142.0,3.0,3.0,3.0,17524.0,425.0,0,1,https://kickbase.b-cdn.net/content/file/1aa808600ddb4c5b9883e7caedba5966.png,26.0,1,27.0,96.0,"[{""hasPlayed"": true, ""points"": 207}, {""hasPlayed"": true, ""points"": 31}, {""hasPlayed"": true, ""points"": 187}]",1,Maarten Vandevoordt,17658.0,17658.0,27527.0,28539.0,-1070042.0,-261462.0,6.6,1.313348072405693,1.0,1.0,1.0,1.0,0.0,1.0,10.0062,86.734715
9507,43,Antonio,Nusa,27440290.0,210.0,3.0,3.0,3.0,15785.0,630.0,0,3,https://kickbase.b-cdn.net/content/file/9a7ea9c911e04f9e9cf0fa6c4b57ca54.png,7.0,1,22.0,137.0,"[{""hasPlayed"": true, ""points"": 339}, {""hasPlayed"": true, ""points"": 65}, {""hasPlayed"": true, ""points"": 226}]",1,Antonio Nusa,62979.0,62979.0,77362.0,81647.0,258444.0,2030066.0,7.7,1.066740362028465,1.0,1.0,1.0,1.0,0.0,1.0,10.0062,82.189934
9776,43,Andrija,Maksimovic,6778620.0,84.0,1.0,1.0,0.0,791.0,84.0,0,3,https://kickbase.b-cdn.net/content/file/4b987894fd8842a69a0341460d5ebc51.png,30.0,1,12.0,48.0,"[{""hasPlayed"": false, ""points"": null}, {""hasPlayed"": true, ""points"": 84}, {""hasPlayed"": false, ""points"": null}]",4,Andrija Maksimovic,134004.0,134004.0,233165.0,290955.0,2073744.0,723917.0,0.0,1.066740362028465,0.6051437216338881,0.0,1.0,0.0,0.0,0.44205748865355526,10.0062,0.0
10113,43,Tidiam,Gomis,10380430.0,125.0,3.0,3.0,2.0,10463.0,376.0,0,4,https://kickbase.b-cdn.net/content/file/6fdc632f20f64bac905749a9c2b23a86.png,27.0,1,36.0,100.0,"[{""hasPlayed"": true, ""points"": 190}, {""hasPlayed"": true, ""points"": 10}, {""hasPlayed"": true, ""points"": 176}]",3,Tidiam Gomis,93667.0,93667.0,112295.0,175668.0,170742.0,6108155.0,7.4,1.066740362028465,1.0,0.31034482758620685,1.0,1.0,0.0,0.7931034482758621,10.0062,62.64544
11008,43,Ezechiel,Banzuzi,10059832.0,98.0,3.0,3.0,3.0,16752.0,294.0,0,3,https://kickbase.b-cdn.net/content/file/a9c36464a61049d0b9acd73d6c4e9c96.png,6.0,1,29.0,69.0,"[{""hasPlayed"": true, ""points"": 165}, {""hasPlayed"": true, ""points"": 26}, {""hasPlayed"": true, ""points"": 103}]",2,Ezechiel Banzuzi,5850.0,5850.0,26902.0,18786.0,-1468042.0,3605494.0,6.6,1.066740362028465,0.6896551724137931,0.6896551724137931,0.0,1.0,0.0,0.5827586206896551,10.0062,41.054479
11886,43,,Rômulo,10157229.0,143.0,1.0,1.0,0.0,1200.0,143.0,0,4,https://kickbase.b-cdn.net/content/file/040691ff56a547f291aae153a0681fac.png,40.0,1,14.0,82.0,"[{""hasPlayed"": true, ""points"": 143}, {""hasPlayed"": false, ""points"": null}, {""hasPlayed"": false, ""points"": null}]",4,Rômulo,203497.0,203497.0,259593.0,288831.0,552649.0,-10511238.0,0.0,1.066740362028465,0.12254160363086235,0.0,0.0,0.0,0.0,0.04901664145234494,10.0062,0.0
14249,43,Neil,El Aynaoui,10390329.0,99.0,2.0,2.0,2.0,10350.0,198.0,0,3,https://kickbase.b-cdn.net/content/file/380772e2d5eb4e13834c2af58d468869.png,21.0,1,19.0,76.0,"[{""hasPlayed"": true, ""points"": 153}, {""hasPlayed"": true, ""points"": 45}, {""hasPlayed"": false, ""points"": null}]",1,Neil El Aynaoui,65404.0,65404.0,49414.0,59829.0,-1440446.0,10390329.0,5.8,1.066740362028465,1.0,1.0,1.0,1.0,0.0,1.0,10.0062,61.909301
14896,43,Abdoul,Koné,737696.0,,,,,,,0,2,https://kickbase.b-cdn.net/content/file/4ca128a18c804aa59eeca0345b142d1c.png,2.0,2,,0.0,"[{""hasPlayed"": false, ""points"": null}, {""hasPlayed"": false, ""points"": null}, {""hasPlayed"": false, ""points"": null}]",5,Abdoul Koné,-57631.0,-57631.0,-85505.0,-110411.0,-701581.0,-3410692.0,0.0,1.066740362028465,0.0,0.0,0.0,0.0,0.0,0.0,10.0062,0.0
15376,43,Maxime,Estève,9773604.0,104.0,2.0,2.0,1.0,7176.0,208.0,0,2,https://kickbase.b-cdn.net/content/file/a7416c976f85479b8ca67947eda7ef58.png,3.0,2,21.0,80.0,"[{""hasPlayed"": true, ""points"": 51}, {""hasPlayed"": true, ""points"": 157}, {""hasPlayed"": false, ""points"": null}]",4,Maxime Estève,-680676.0,-680676.0,-593837.0,-67695.0,-920551.0,-6925890.0,0.0,1.066740362028465,0.0,0.0,0.0,0.0,0.0,0.0,10.0062,0.0
577,15,Daniel,Batz,500000.0,,,,,,,0,1,https://kickbase.b-cdn.net/content/file/61c6f55172674b6eb750e6263b23da0d.png,33.0,0,,0.0,"[{""hasPlayed"": false, ""points"": null}, {""hasPlayed"": false, ""points"": null}, {""hasPlayed"": false, ""points"": null}]",5,Daniel Batz,0.0,0.0,0.0,0.0,0.0,-2430918.0,0.0,1.334036029129935,0.0,0.0,0.0,0.0,0.0,0.0,10.0062,0.0
619,15,Kevin,Stöger,4890037.0,3.0,2.0,2.0,2.0,8946.0,5.0,0,3,https://kickbase.b-cdn.net/content/file/ec9e6d0723944f8d846da3ac937cd7b3.png,7.0,2,1.0,4.0,"[{""hasPlayed"": true, ""points"": 7}, {""hasPlayed"": false, ""points"": null}, {""hasPlayed"": true, ""points"": -2}]",3,Kevin Stöger,-276159.0,-276159.0,-296005.0,-327909.0,-2280990.0,-2117870.0,5.4,1.170180145649674,0.6051437216338881,0.6051437216338881,1.0,1.0,0.0,0.7236006051437217,10.0062,45.752474
849,15,Tim,Kleindienst,12352668.0,3.0,3.0,3.0,3.0,13737.0,9.0,16,4,https://kickbase.b-cdn.net/content/file/c5a005a8dbaa4237a4d0cb0304ac67a0.png,11.0,2,0.0,81.0,"[{""hasPlayed"": true, ""points"": -64}, {""hasPlayed"": true, ""points"": 94}, {""hasPlayed"": true, ""points"": -21}]",5,Tim Kleindienst,-615164.0,-615164.0,-655197.0,-635739.0,-4768328.0,-4953620.0,4.1,1.170180145649674,0.0,0.0,0.0,0.0,0.0,0.0,10.0062,0.0
1883,15,Moritz,Nicolas,16004329.0,118.0,3.0,3.0,3.0,17331.0,354.0,0,1,https://kickbase.b-cdn.net/content/file/02e615fb0e3043649fe830816e2860ba.png,1.0,2,22.0,78.0,"[{""hasPlayed"": true, ""points"": 34}, {""hasPlayed"": true, ""points"": 131}, {""hasPlayed"": true, ""points"": 189}]",1,Moritz Nicolas,-394717.0,-394717.0,-336018.0,-415121.0,-2310265.0,-3082055.0,5.4,1.334036029129935,1.0,1.0,1.0,1.0,0.0,1.0,10.0062,72.082609
2074,15,Robin,Hack,5244913.0,-2.0,3.0,3.0,2.0,9535.0,-5.0,0,3,https://kickbase.b-cdn.net/content/file/05225d0ae1a74293a432710302565e54.png,25.0,2,,17.0,"[{""hasPlayed"": true, ""points"": 5}, {""hasPlayed"": true, ""points"": -22}, {""hasPlayed"": true, ""points"": 12}]",3,Robin Hack,-179079.0,-179079.0,-224128.0,-263768.0,-1998043.0,-3801705.0,5.1,1.170180145649674,0.3103448275862069,0.31034482758620685,0.0,0.0,0.0,0.21724137931034485,10.0062,12.972827
2126,15,Nicolas,Kühn,3587141.0,21.0,1.0,1.0,0.0,1576.0,21.0,4,3,https://kickbase.b-cdn.net/content/file/4881796043e3415988bd7340d2f89b43.png,19.0,2,5.0,14.0,"[{""hasPlayed"": false, ""points"": null}, {""hasPlayed"": true, ""points"": 21}, {""hasPlayed"": false, ""points"": null}]",5,Nicolas Kühn,-138296.0,-138296.0,-140803.0,-151344.0,-1052800.0,3087141.0,0.0,1.170180145649674,0.0,0.0,0.0,0.0,0.0,0.0,10.0062,0.0
2261,15,Florian,Neuhaus,5333774.0,,,,,,,0,3,https://kickbase.b-cdn.net/content/file/0244f54c08f14d5e98d1ec66bd2bca77.png,10.0,1,,0.0,"[{""hasPlayed"": false, ""points"": null}, {""hasPlayed"": false, ""points"": null}, {""hasPlayed"": false, ""points"": null}]",5,Florian Neuhaus,150581.0,150581.0,282322.0,316981.0,1506773.0,3371827.0,0.0,1.170180145649674,0.0,0.0,0.0,0.0,0.0,0.0,10.0062,0.0
2560,15,Philipp,Sander,7789575.0,36.0,3.0,3.0,3.0,17331.0,107.0,0,3,https://kickbase.b-cdn.net/content/file/fb578835ac86440a8189e44877f9bcc8.png,16.0,2,13.0,59.0,"[{""hasPlayed"": true, ""points"": -8}, {""hasPlayed"": true, ""points"": 103}, {""hasPlayed"": true, ""points"": 12}]",1,Philipp Sander,-41159.0,-41159.0,-125260.0,-197884.0,-1347143.0,-4110362.0,5.6,1.170180145649674,1.0,1.0,1.0,1.0,0.0,1.0,10.0062,65.570717
2850,15,Jan,Olschowsky,500000.0,,,,,,,0,1,https://kickbase.b-cdn.net/content/file/871dd19a11bc47da8b9d1105bec98909.png,23.0,0,,0.0,"[{""hasPlayed"": false, ""points"": null}, {""hasPlayed"": false, ""points"": null}, {""hasPlayed"": false, ""points"": null}]",5,Jan Olschowsky,0.0,0.0,0.0,0.0,0.0,0.0,0.0,1.334036029129935,0.0,0.0,0.0,0.0,0.0,0.0,10.0062,0.0
2862,15,Jens,Castrop,787068.0,,,,,,,4,3,https://kickbase.b-cdn.net/content/file/7c1e6725133e4dc5abd4022a37be73f3.png,17.0,2,,0.0,"[{""hasPlayed"": false, ""points"": null}, {""hasPlayed"": false, ""points"": null}, {""hasPlayed"": false, ""points"": null}]",5,Jens Castrop,57855.0,57855.0,-17514.0,-98666.0,-580771.0,-3861873.0,0.0,1.170180145649674,0.0,0.0,0.0,0.0,0.0,0.0,10.0062,0.0
2941,15,Joseph,Scally,7622646.0,36.0,3.0,3.0,2.0,11609.0,109.0,0,2,https://kickbase.b-cdn.net/content/file/d6ec0ce09dc940e7ae1e339aba844c03.png,29.0,1,14.0,69.0,"[{""hasPlayed"": true, ""points"": -4}, {""hasPlayed"": true, ""points"": 117}, {""hasPlayed"": true, ""points"": -4}]",3,Joseph Scally,83601.0,83601.0,178573.0,225365.0,1278932.0,2890053.0,5.4,1.170180145649674,0.3103448275862069,0.31034482758620685,0.0,1.0,0.0,0.31724137931034485,10.0062,20.058825
3063,15,Fabio,Chiarodia,1887417.0,,,,,,,0,2,https://kickbase.b-cdn.net/content/file/b20e95c99c5c414dba98788ce536d7ad.png,2.0,2,,0.0,"[{""hasPlayed"": false, ""points"": null}, {""hasPlayed"": false, ""points"": null}, {""hasPlayed"": false, ""points"": null}]",4,Fabio Chiarodia,-127660.0,-127660.0,-135164.0,-140835.0,-978212.0,965542.0,0.0,1.170180145649674,0.12254160363086235,0.0,0.0,0.0,0.0,0.04901664145234494,10.0062,0.0
3129,15,Ko,Itakura,7648475.0,28.0,3.0,3.0,3.0,17331.0,85.0,0,2,https://kickbase.b-cdn.net/content/file/4b21780a283045729069fef7f989f200.png,6.0,2,11.0,10.0,"[{""hasPlayed"": true, ""points"": 16}, {""hasPlayed"": true, ""points"": 35}, {""hasPlayed"": true, ""points"": 34}]",2,Ko Itakura,-283093.0,-283093.0,-272535.0,-251371.0,-1901627.0,-5959322.0,4.9,1.170180145649674,1.0,1.0,1.0,1.0,0.0,1.0,10.0062,57.374377
3516,15,Enzo,Leopold,3226884.0,,,,,,,1,3,https://kickbase.b-cdn.net/content/file/55c63aaaf1484294892e8cc74ad7b53d.png,8.0,2,,0.0,"[{""hasPlayed"": false, ""points"": null}, {""hasPlayed"": false, ""points"": null}, {""hasPlayed"": false, ""points"": null}]",5,Enzo Leopold,-147057.0,-147057.0,-149977.0,-149049.0,-1068663.0,-10228112.0,0.0,1.170180145649674,0.0,0.0,0.0,0.0,0.0,0.0,10.0062,0.0
4292,15,David,Herold,3028619.0,7.0,3.0,3.0,1.0,8462.0,21.0,0,2,https://kickbase.b-cdn.net/content/file/78e179f9be5248c887e00608eaee10bc.png,20.0,2,6.0,2.0,"[{""hasPlayed"": true, ""points"": 7}, {""hasPlayed"": true, ""points"": 9}, {""hasPlayed"": true, ""points"": 5}]",3,David Herold,-48362.0,-48362.0,-45202.0,-69538.0,-440919.0,-4316373.0,5.0,1.170180145649674,0.3103448275862069,0.31034482758620685,0.0,0.0,0.0,0.21724137931034485,10.0062,12.718458
4333,15,Lukas,Ullrich,4412365.0,40.0,2.0,2.0,2.0,8864.0,80.0,0,2,https://kickbase.b-cdn.net/content/file/27f19d9713034a05b1a7dedcb527f48d.png,26.0,2,18.0,32.0,"[{""hasPlayed"": false, ""points"": null}, {""hasPlayed"": true, ""points"": 63}, {""hasPlayed"": true, ""points"": 17}]",3,Lukas Ullrich,-38637.0,-38637.0,-50132.0,-89531.0,-1208122.0,-2561452.0,6.1,1.170180145649674,0.6896551724137931,0.6896551724137931,1.0,1.0,0.0,0.7827586206896552,10.0062,55.908726
6199,15,Shuto,Machino,2036100.0,-7.0,1.0,1.0,0.0,2900.0,-7.0,0,4,https://kickbase.b-cdn.net/content/file/cefff6eb5d884a94b7d3b2ffb53b760c.png,18.0,1,,4.0,"[{""hasPlayed"": true, ""points"": -7}, {""hasPlayed"": false, ""points"": null}, {""hasPlayed"": false, ""points"": null}]",4,Shuto Machino,129883.0,129883.0,7709.0,-56210.0,-417502.0,590675.0,5.0,1.170180145649674,0.3103448275862069,0.0,0.0,0.0,0.0,0.12413793103448276,10.0062,7.26769
6319,15,Franck,Honorat,11526688.0,82.0,3.0,3.0,2.0,10267.0,245.0,0,3,https://kickbase.b-cdn.net/content/file/ba369ac3889a4ce98a51468fb3f7c14b.png,9.0,1,21.0,57.0,"[{""hasPlayed"": true, ""points"": 28}, {""hasPlayed"": true, ""points"": 142}, {""hasPlayed"": true, ""points"": 75}]",2,Franck Honorat,74113.0,74113.0,113474.0,110245.0,697862.0,1592394.0,7.3,1.170180145649674,0.6896551724137931,1.0,1.0,1.0,0.0,0.8758620689655172,10.0062,74.865285
7774,15,Yukhym,Konoplia,1696706.0,,,,,,,2,2,https://kickbase.b-cdn.net/content/file/37facc3b42e54ca4aa5a24fb0c96cc4d.png,22.0,2,,0.0,"[{""hasPlayed"": false, ""points"": null}, {""hasPlayed"": false, ""points"": null}, {""hasPlayed"": false, ""points"": null}]",5,Yukhym Konoplia,-55317.0,-55317.0,-81152.0,-130800.0,-521367.0,-1270802.0,0.0,1.170180145649674,0.0,0.0,0.0,0.0,0.0,0.0,10.0062,0.0
9540,15,Isac,Lidberg,4049738.0,-10.0,3.0,3.0,0.0,4656.0,-30.0,0,4,https://kickbase.b-cdn.net/content/file/b759181ffa3546828a627f5efb974b06.png,3.0,1,,6.0,"[{""hasPlayed"": true, ""points"": -17}, {""hasPlayed"": true, ""points"": -5}, {""hasPlayed"": true, ""points"": -8}]",1,Isac Lidberg,229389.0,229389.0,205570.0,108434.0,232463.0,-5079850.0,4.6,1.170180145649674,1.0,1.0,1.0,1.0,0.0,1.0,10.0062,53.86166
11010,15,Kevin,Diks,10195903.0,31.0,3.0,3.0,3.0,17331.0,92.0,0,2,https://kickbase.b-cdn.net/content/file/2963465030854dafa3b90fbfd15f4a89.png,4.0,2,9.0,21.0,"[{""hasPlayed"": true, ""points"": 10}, {""hasPlayed"": true, ""points"": 53}, {""hasPlayed"": true, ""points"": 29}]",1,Kevin Diks,-280644.0,-280644.0,-355737.0,-440166.0,-3336426.0,-6223027.0,5.2,1.170180145649674,1.0,1.0,1.0,1.0,0.0,1.0,10.0062,60.887094
11748,15,Wael,Mohya,5549106.0,14.0,3.0,3.0,2.0,9753.0,43.0,0,3,https://kickbase.b-cdn.net/content/file/4fc954ae0ffd4f5ab6d58a98b51cccd9.png,36.0,2,7.0,32.0,"[{""hasPlayed"": true, ""points"": -16}, {""hasPlayed"": true, ""points"": 48}, {""hasPlayed"": true, ""points"": 11}]",3,Wael Mohya,-153683.0,-153683.0,-190508.0,-232119.0,-1625660.0,-4815931.0,5.6,1.170180145649674,0.6896551724137931,0.6896551724137931,1.0,1.0,0.0,0.7827586206896552,10.0062,51.326044
13442,15,Hugo,Bolin,10110345.0,104.0,3.0,3.0,3.0,14451.0,311.0,0,3,https://kickbase.b-cdn.net/content/file/7f789e6ac2c84d5b878ec36c44b31dc2.png,38.0,2,30.0,159.0,"[{""hasPlayed"": true, ""points"": -7}, {""hasPlayed"": true, ""points"": 286}, {""hasPlayed"": true, ""points"": 32}]",2,Hugo Bolin,-586885.0,-586885.0,-667715.0,-526119.0,-2189598.0,1707929.0,6.8,1.170180145649674,1.0,1.0,1.0,1.0,0.0,1.0,10.0062,79.621585
15181,15,Jan,Leszczynski,3460813.0,1.0,1.0,1.0,0.0,1116.0,1.0,0,2,https://kickbase.b-cdn.net/content/file/43eddfa24a0f4db3a737bf045f96d849.png,5.0,2,0.0,0.0,"[{""hasPlayed"": false, ""points"": null}, {""hasPlayed"": true, ""points"": 1}, {""hasPlayed"": false, ""points"": null}]",3,Jan Leszczynski,30650.0,30650.0,-16151.0,-65877.0,-512272.0,-1348885.0,0.0,1.170180145649674,0.0,0.1225416036308623,1.0,0.0,0.0,0.2367624810892587,10.0062,0.0
15202,15,Zento,Uno,1960159.0,,,,,,,0,3,https://kickbase.b-cdn.net/content/file/9c1b0bb28e67413dad79f8a99c4eda88.png,47.0,2,,0.0,"[{""hasPlayed"": false, ""points"": null}, {""hasPlayed"": false, ""points"": null}, {""hasPlayed"": false, ""points"": null}]",5,Zento Uno,-151252.0,-151252.0,-174562.0,-183530.0,-462210.0,-776836.0,0.0,1.170180145649674,0.0,0.0,0.0,0.0,0.0,0.0,10.0062,0.0
15613,15,Daiki,Hashioka,4093047.0,17.0,1.0,1.0,1.0,4604.0,17.0,0,2,https://kickbase.b-cdn.net/content/file/dc4f94ffdb854af9a954313e8b974d4c.png,14.0,2,4.0,9.0,"[{""hasPlayed"": false, ""points"": null}, {""hasPlayed"": false, ""points"": null}, {""hasPlayed"": true, ""points"": 17}]",3,Daiki Hashioka,-103985.0,-103985.0,-117287.0,-115361.0,-1057341.0,-4660796.0,0.0,1.170180145649674,0.6896551724137931,0.6896551724137931,0.0,0.0,0.0,0.48275862068965514,10.0062,0.0
16564,15,Mathieu,Nguefack,2379835.0,13.0,3.0,3.0,1.0,8384.0,40.0,0,3,https://kickbase.b-cdn.net/content/file/e571de447a2c48c996992e7b729aeb55.png,34.0,2,16.0,30.0,"[{""hasPlayed"": true, ""points"": -19}, {""hasPlayed"": true, ""points"": 42}, {""hasPlayed"": true, ""points"": 17}]",3,Mathieu Nguefack,-127353.0,-127353.0,-136525.0,-148347.0,-971246.0,1879835.0,4.5,1.170180145649674,0.2723146747352497,0.2723146747352496,0.0,0.0,0.0,0.19062027231467477,10.0062,10.043926
54,3,Emre,Can,640905.0,,,,,,,1,2,https://kickbase.b-cdn.net/content/file/fe3cc9ba92274b29890b3d2888584906.png,23.0,2,,0.0,"[{""hasPlayed"": false, ""points"": null}, {""hasPlayed"": false, ""points"": null}, {""hasPlayed"": false, ""points"": null}]",5,Emre Can,-82781.0,-82781.0,-98319.0,-100695.0,-753922.0,-730187.0,0.0,1.3085846867749418,0.0,0.0,0.0,0.0,0.0,0.0,10.0062,0.0
75,3,Patrick,Drewes,500000.0,,,,,,,0,1,https://kickbase.b-cdn.net/content/file/d4b85a111f624b02a8519a1a07c23e7f.png,30.0,0,,0.0,"[{""hasPlayed"": false, ""points"": null}, {""hasPlayed"": false, ""points"": null}, {""hasPlayed"": false, ""points"": null}]",5,Patrick Drewes,0.0,0.0,0.0,0.0,0.0,0.0,0.0,1.3617169373549884,0.0,0.0,0.0,0.0,0.0,0.0,10.0062,0.0
1704,3,Waldemar,Anton,34054829.0,195.0,3.0,3.0,3.0,17527.0,586.0,0,2,https://kickbase.b-cdn.net/content/file/5cbbbb34725b43dba3f7f4f6835b98f0.png,3.0,1,17.0,80.0,"[{""hasPlayed"": true, ""points"": 140}, {""hasPlayed"": true, ""points"": 288}, {""hasPlayed"": true, ""points"": 158}]",1,Waldemar Anton,3272.0,3272.0,12867.0,40875.0,185346.0,212009.0,8.1,1.3085846867749418,1.0,1.0,1.0,1.0,0.0,1.0,10.0062,106.061077
1856,3,Marcel,Sabitzer,8354284.0,50.0,3.0,3.0,0.0,4706.0,151.0,0,3,https://kickbase.b-cdn.net/content/file/579e192bcc2b413185587ba2eb3c082c.png,20.0,1,18.0,42.0,"[{""hasPlayed"": true, ""points"": 98}, {""hasPlayed"": true, ""points"": 16}, {""hasPlayed"": true, ""points"": 37}]",4,Marcel Sabitzer,-72183.0,-72183.0,84683.0,120237.0,323482.0,-624913.0,8.1,1.3085846867749418,0.0,0.0,0.0,0.0,0.0,0.0,10.0062,0.0
1873,3,Gregor,Kobel,18901791.0,140.0,3.0,3.0,3.0,17527.0,419.0,0,1,https://kickbase.b-cdn.net/content/file/f2d4753d2676442bb38580d0b59a6293.png,1.0,2,22.0,37.0,"[{""hasPlayed"": true, ""points"": 98}, {""hasPlayed"": true, ""points"": 152}, {""hasPlayed"": true, ""points"": 169}]",1,Gregor Kobel,-250208.0,-250208.0,-193612.0,-147724.0,-1437769.0,-3993753.0,6.6,1.3617169373549884,1.0,1.0,1.0,1.0,0.0,1.0,10.0062,89.929039
1920,3,Serhou,Guirassy,31880689.0,190.0,3.0,3.0,3.0,17018.0,569.0,0,4,https://kickbase.b-cdn.net/content/file/f60de765e2e34fce8747b78399dca305.png,9.0,1,17.0,38.0,"[{""hasPlayed"": true, ""points"": 157}, {""hasPlayed"": true, ""points"": 232}, {""hasPlayed"": true, ""points"": 180}]",1,Serhou Guirassy,90029.0,90029.0,102349.0,111883.0,718211.0,2795838.0,8.9,1.3085846867749418,1.0,1.0,1.0,1.0,0.0,1.0,10.0062,116.536245
2148,3,Alexander,Meyer,500000.0,,,,,,,0,1,https://kickbase.b-cdn.net/content/file/5502ac110b6c42ddad9d1cdb351cbbcc.png,33.0,2,,0.0,"[{""hasPlayed"": false, ""points"": null}, {""hasPlayed"": false, ""points"": null}, {""hasPlayed"": false, ""points"": null}]",5,Alexander Meyer,0.0,0.0,0.0,-76677.0,-612557.0,-559363.0,7.4,1.3617169373549884,0.0,0.0,0.0,0.0,0.0,0.0,10.0062,0.0
2383,3,Nico,Schlotterbeck,25783564.0,136.0,1.0,1.0,1.0,4766.0,136.0,0,2,https://kickbase.b-cdn.net/content/file/bc913364cbca4d48b0393c36b9f01728.png,4.0,1,5.0,78.0,"[{""hasPlayed"": true, ""points"": 136}, {""hasPlayed"": false, ""points"": null}, {""hasPlayed"": false, ""points"": null}]",1,Nico Schlotterbeck,137346.0,137346.0,141664.0,153060.0,1333951.0,-2560557.0,7.8,1.3085846867749418,1.0,1.0,1.0,1.0,0.0,1.0,10.0062,102.132889
2395,3,Julian,Ryerson,21897991.0,87.0,3.0,3.0,3.0,15273.0,262.0,0,2,https://kickbase.b-cdn.net/content/file/2998191f5e674fecb9ddf7762821ebc5.png,26.0,2,11.0,27.0,"[{""hasPlayed"": true, ""points"": 64}, {""hasPlayed"": true, ""points"": 118}, {""hasPlayed"": true, ""points"": 80}]",2,Julian Ryerson,-436257.0,-436257.0,-435990.0,-380903.0,-2632938.0,-3788861.0,6.5,1.3085846867749418,0.6896551724137931,1.0,1.0,1.0,0.0,0.8758620689655172,10.0062,74.545269
2714,3,Maximilian,Beier,20645313.0,107.0,3.0,3.0,2.0,12137.0,322.0,0,4,https://kickbase.b-cdn.net/content/file/d9ef0f909c4c4610aef2af20def367ba.png,14.0,2,15.0,54.0,"[{""hasPlayed"": true, ""points"": 101}, {""hasPlayed"": true, ""points"": 56}, {""hasPlayed"": true, ""points"": 165}]",3,Maximilian Beier,-511764.0,-511764.0,-494649.0,-461525.0,-2139871.0,-4888079.0,7.2,1.3085846867749418,0.3103448275862069,0.31034482758620685,0.0,0.0,0.0,0.21724137931034485,10.0062,20.48076
2736,3,Ramy,Bensebaini,12869869.0,49.0,1.0,1.0,0.0,1005.0,49.0,0,2,https://kickbase.b-cdn.net/content/file/f2e48e2f879643559eb9d2cdb6db0d7a.png,5.0,2,3.0,28.0,"[{""hasPlayed"": true, ""points"": 49}, {""hasPlayed"": false, ""points"": null}, {""hasPlayed"": false, ""points"": null}]",5,Ramy Bensebaini,-698216.0,-698216.0,-223425.0,-873.0,-1127416.0,-8091201.0,0.0,1.3085846867749418,0.0,0.0,0.0,0.0,0.0,0.0,10.0062,0.0
3069,3,Felix,Nmecha,25664540.0,150.0,3.0,3.0,2.0,9236.0,449.0,0,3,https://kickbase.b-cdn.net/content/file/f83b3a24df594aaf81be1d58da773656.png,8.0,1,17.0,114.0,"[{""hasPlayed"": true, ""points"": 275}, {""hasPlayed"": true, ""points"": 51}, {""hasPlayed"": true, ""points"": 123}]",2,Felix Nmecha,45777.0,45777.0,59976.0,71066.0,-819417.0,-815517.0,8.3,1.3085846867749418,1.0,1.0,1.0,1.0,0.0,1.0,10.0062,108.679869
7737,3,Joey,Veerman,15797152.0,71.0,3.0,3.0,1.0,8310.0,212.0,0,3,https://kickbase.b-cdn.net/content/file/529a765a8c184857a82fa881408360cf.png,25.0,2,13.0,32.0,"[{""hasPlayed"": true, ""points"": 101}, {""hasPlayed"": true, ""points"": 75}, {""hasPlayed"": true, ""points"": 36}]",3,Joey Veerman,-181511.0,-181511.0,-54026.0,3314.0,-19400.0,15797152.0,8.2,1.3085846867749418,0.3103448275862069,0.6896551724137931,1.0,1.0,0.0,0.6310344827586207,10.0062,67.754471
9440,3,Filippo,Mane,3437123.0,32.0,2.0,2.0,1.0,3152.0,64.0,1,2,https://kickbase.b-cdn.net/content/file/c944b500e3224366ad9e5a494a84ee47.png,39.0,2,18.0,23.0,"[{""hasPlayed"": false, ""points"": null}, {""hasPlayed"": true, ""points"": 47}, {""hasPlayed"": true, ""points"": 17}]",5,Filippo Mane,-141209.0,-141209.0,-136121.0,-141347.0,-991851.0,-255143.0,7.7,1.3085846867749418,0.0,0.0,0.0,0.0,0.0,0.0,10.0062,0.0
9698,3,,Fábio Silva,11434760.0,139.0,2.0,2.0,1.0,6035.0,278.0,0,4,https://kickbase.b-cdn.net/content/file/2aaeda6f5123438e95f1958a10ce0058.png,21.0,1,24.0,81.0,"[{""hasPlayed"": true, ""points"": 154}, {""hasPlayed"": true, ""points"": 124}, {""hasPlayed"": false, ""points"": null}]",3,Fábio Silva,229826.0,229826.0,256193.0,276498.0,2037204.0,4327020.0,9.1,1.3085846867749418,1.0,0.6896551724137931,1.0,1.0,0.0,0.9068965517241379,10.0062,108.061292
10114,3,Carney,Chukwuemeka,6308290.0,35.0,1.0,1.0,0.0,1743.0,35.0,0,3,https://kickbase.b-cdn.net/content/file/d823612bd32f4715b90b0c7b626973ac.png,17.0,1,5.0,20.0,"[{""hasPlayed"": true, ""points"": 35}, {""hasPlayed"": false, ""points"": null}, {""hasPlayed"": false, ""points"": null}]",5,Carney Chukwuemeka,145848.0,145848.0,245734.0,303161.0,2006917.0,2262372.0,7.6,1.3085846867749418,0.0,0.0,0.0,0.0,0.0,0.0,10.0062,0.0
10115,3,Daniel,Svensson,20711905.0,143.0,3.0,3.0,3.0,17527.0,428.0,0,2,https://kickbase.b-cdn.net/content/file/da063055c5d14c798dd8d7427fb2a48f.png,24.0,1,20.0,20.0,"[{""hasPlayed"": true, ""points"": 142}, {""hasPlayed"": true, ""points"": 123}, {""hasPlayed"": true, ""points"": 163}]",1,Daniel Svensson,98229.0,98229.0,143732.0,180601.0,1176279.0,2595139.0,7.4,1.3085846867749418,1.0,1.0,1.0,1.0,0.0,1.0,10.0062,96.895305
11099,3,Jobe,Bellingham,20232817.0,135.0,3.0,3.0,3.0,17527.0,404.0,0,3,https://kickbase.b-cdn.net/content/file/5f42cc7cc7c5447aa341c17ba41ebcbe.png,7.0,1,19.0,38.0,"[{""hasPlayed"": true, ""points"": 158}, {""hasPlayed"": true, ""points"": 90}, {""hasPlayed"": true, ""points"": 156}]",3,Jobe Bellingham,81496.0,81496.0,155516.0,224281.0,1317155.0,643328.0,7.8,1.3085846867749418,0.6896551724137931,0.31034482758620685,0.0,0.0,0.0,0.3689655172413793,10.0062,37.683514
11100,3,Samuele,Inácio,5554982.0,-60.0,1.0,1.0,0.0,155.0,-60.0,0,3,https://kickbase.b-cdn.net/content/file/3990db0656bc411cac06104a42bdb903.png,40.0,1,,34.0,"[{""hasPlayed"": false, ""points"": null}, {""hasPlayed"": false, ""points"": null}, {""hasPlayed"": true, ""points"": -60}]",5,Samuele Inácio,210205.0,210205.0,243120.0,223144.0,448975.0,-3921528.0,0.0,1.3085846867749418,0.0,0.0,0.0,0.0,0.0,0.0,10.0062,0.0
13472,3,Luca,Reggiani,5863794.0,57.0,1.0,1.0,0.0,1999.0,57.0,0,2,https://kickbase.b-cdn.net/content/file/8250a085897d474a87bd2a15e5558528.png,49.0,1,9.0,32.0,"[{""hasPlayed"": false, ""points"": null}, {""hasPlayed"": true, ""points"": 57}, {""hasPlayed"": false, ""points"": null}]",5,Luca Reggiani,181723.0,181723.0,291433.0,334222.0,2243763.0,1712871.0,0.0,1.3085846867749418,0.0,0.0,0.0,0.0,0.0,0.0,10.0062,0.0
14662,3,Justin,Lerma,1225977.0,,,,,,,1,3,https://kickbase.b-cdn.net/content/file/ec7bf8e163864c2fb47fb324c7a06a82.png,28.0,2,,0.0,"[{""hasPlayed"": false, ""points"": null}, {""hasPlayed"": false, ""points"": null}, {""hasPlayed"": false, ""points"": null}]",5,Justin Lerma,-138113.0,-138113.0,-141863.0,-142274.0,-1005692.0,-5715621.0,0.0,1.3085846867749418,0.0,0.0,0.0,0.0,0.0,0.0,10.0062,0.0
14899,3,Kauã,Prates,4292034.0,34.0,1.0,1.0,0.0,632.0,34.0,0,2,https://kickbase.b-cdn.net/content/file/3c7f16c226b44240b9d55d65798e5f29.png,36.0,2,7.0,19.0,"[{""hasPlayed"": false, ""points"": null}, {""hasPlayed"": false, ""points"": null}, {""hasPlayed"": true, ""points"": 34}]",5,Kauã Prates,-141050.0,-141050.0,-159817.0,-219597.0,-615570.0,974916.0,7.5,1.3085846867749418,0.0,0.0,0.0,0.0,0.0,0.0,10.0062,0.0
15211,3,Joane,Gadou,22564701.0,102.0,3.0,3.0,3.0,15527.0,307.0,0,2,https://kickbase.b-cdn.net/content/file/48c386df17604a3cbfeaffff6bdffae7.png,22.0,2,13.0,34.0,"[{""hasPlayed"": true, ""points"": 111}, {""hasPlayed"": true, ""points"": 64}, {""hasPlayed"": true, ""points"": 132}]",1,Joane Gadou,-246363.0,-246363.0,-246141.0,-189951.0,-1879749.0,-1363752.0,7.1,1.3085846867749418,1.0,1.0,1.0,1.0,0.0,1.0,10.0062,92.967117
16378,3,Konstantinos,Karetsas,23831742.0,125.0,2.0,2.0,2.0,8514.0,249.0,0,3,https://kickbase.b-cdn.net/content/file/f4e89a3523cb47e09c5be6702baec885.png,19.0,1,10.0,114.0,"[{""hasPlayed"": false, ""points"": null}, {""hasPlayed"": true, ""points"": 35}, {""hasPlayed"": true, ""points"": 214}]",3,Konstantinos Karetsas,-4029.0,-4029.0,10226.0,-4374.0,-1098945.0,1414030.0,7.2,1.3085846867749418,0.3103448275862069,0.31034482758620685,0.0,0.85,0.15,0.3022413793103448,10.0062,28.494263
16948,3,Giannis,Konstantelias,7581860.0,181.0,1.0,1.0,1.0,3348.0,181.0,1,3,https://kickbase.b-cdn.net/content/file/222864c862d743758c5cdcbcbd1bba48.png,45.0,2,23.0,104.0,"[{""hasPlayed"": false, ""points"": null}, {""hasPlayed"": false, ""points"": null}, {""hasPlayed"": true, ""points"": 181}]",5,Giannis Konstantelias,-383307.0,-383307.0,-387406.0,-367267.0,-3210859.0,7081860.0,0.0,1.3085846867749418,0.0,0.0,0.0,0.0,0.0,0.0,10.0062,0.0
17309,3,Ethan,Nwaneri,18846098.0,105.0,2.0,2.0,1.0,8065.0,209.0,0,3,https://kickbase.b-cdn.net/content/file/80320ca8522a4369b908308269d074ad.png,18.0,2,11.0,55.0,"[{""hasPlayed"": true, ""points"": 144}, {""hasPlayed"": true, ""points"": 65}, {""hasPlayed"": false, ""points"": null}]",3,Ethan Nwaneri,-328818.0,-328818.0,-82998.0,17520.0,-107337.0,18846098.0,7.4,1.3085846867749418,0.6896551724137931,0.6896551724137931,1.0,0.0,0.0,0.6827586206896552,10.0062,66.156105
1863,6,Daniel,Heuer Fernandes,10548678.0,54.0,3.0,3.0,3.0,17140.0,163.0,0,1,https://kickbase.b-cdn.net/content/file/25bb5ce570244f8296d6e817316ad707.png,1.0,2,15.0,39.0,"[{""hasPlayed"": true, ""points"": 20}, {""hasPlayed"": true, ""points"": 46}, {""hasPlayed"": true, ""points"": 97}]",1,Daniel Heuer Fernandes,-214239.0,-214239.0,-189920.0,-309338.0,-2083453.0,-3660903.0,4.3,1.358711217183771,1.0,1.0,1.0,1.0,0.0,1.0,10.0062,58.460806
1865,6,Yussuf,Poulsen,728610.0,-5.0,2.0,2.0,1.0,3566.0,-10.0,0,4,https://kickbase.b-cdn.net/content/file/b3e645c3a34347808d97e722fcbe2ced.png,15.0,2,,4.0,"[{""hasPlayed"": true, ""points"": -1}, {""hasPlayed"": false, ""points"": null}, {""hasPlayed"": true, ""points"": -9}]",3,Yussuf Poulsen,-16812.0,-16812.0,-47825.0,-60427.0,-342884.0,-2856532.0,4.6,1.2935560859188544,0.6896551724137931,0.31034482758620685,0.0,0.0,0.0,0.3689655172413793,10.0062,21.968381
1889,6,Bakery,Jatta,4113853.0,8.0,2.0,2.0,1.0,5366.0,15.0,0,3,https://kickbase.b-cdn.net/content/file/7b147e15dd4b4df4bddb50f00fa8ce4e.png,18.0,2,3.0,21.0,"[{""hasPlayed"": true, ""points"": -14}, {""hasPlayed"": false, ""points"": null}, {""hasPlayed"": true, ""points"": 29}]",5,Bakery Jatta,-130494.0,-130494.0,-131640.0,-138500.0,-1378898.0,-217924.0,5.4,1.2935560859188544,0.0,0.0,0.0,0.0,0.0,0.0,10.0062,0.0
1978,6,Jordan,Torunarigha,6598100.0,15.0,3.0,3.0,3.0,13525.0,45.0,0,2,https://kickbase.b-cdn.net/content/file/58a51dcb3fef41de90e23a162e7fe44e.png,23.0,2,6.0,27.0,"[{""hasPlayed"": true, ""points"": 47}, {""hasPlayed"": true, ""points"": -4}, {""hasPlayed"": true, ""points"": 2}]",1,Jordan Torunarigha,-150270.0,-150270.0,-190208.0,-169796.0,-1166435.0,-4798429.0,4.3,1.2935560859188544,1.0,1.0,1.0,1.0,0.0,1.0,10.0062,55.657398
2725,6,Sebastiaan,Bornauw,5706871.0,38.0,2.0,2.0,2.0,11430.0,75.0,2,2,https://kickbase.b-cdn.net/content/file/06472f6d8eb24eccaeae4898fa81b045.png,33.0,2,13.0,24.0,"[{""hasPlayed"": false, ""points"": null}, {""hasPlayed"": true, ""points"": 49}, {""hasPlayed"": true, ""points"": 26}]",5,Sebastiaan Bornauw,-353727.0,-353727.0,-358457.0,-366586.0,-2597883.0,5170483.0,5.4,1.2935560859188544,0.0,0.0,0.0,0.0,0.0,0.0,10.0062,0.0
3277,6,Miro,Muheim,3162279.0,,,,,,,0,2,https://kickbase.b-cdn.net/content/file/6b31cba3484c46c98c5575fe4f79b349.png,28.0,2,,0.0,"[{""hasPlayed"": false, ""points"": null}, {""hasPlayed"": false, ""points"": null}, {""hasPlayed"": false, ""points"": null}]",4,Miro Muheim,-106917.0,-106917.0,-110972.0,-119665.0,-820449.0,-6423900.0,0.0,1.2935560859188544,0.0,0.0,0.0,0.0,0.0,0.0,10.0062,0.0
6201,6,Nicolai,Remberg,7675832.0,31.0,3.0,3.0,3.0,17140.0,92.0,0,3,https://kickbase.b-cdn.net/content/file/8838a772b69f4284a8f34b1d63f406d8.png,21.0,2,11.0,30.0,"[{""hasPlayed"": true, ""points"": 50}, {""hasPlayed"": true, ""points"": -5}, {""hasPlayed"": true, ""points"": 47}]",1,Nicolai Remberg,17590.0,17590.0,-70915.0,-140272.0,-1053928.0,-4313019.0,5.2,1.2935560859188544,1.0,1.0,1.0,1.0,0.0,1.0,10.0062,67.306621
7350,6,Otto,Stange,2744344.0,-12.0,3.0,3.0,0.0,4306.0,-37.0,0,4,https://kickbase.b-cdn.net/content/file/d876e417d53e4983b76765c28cb2825d.png,19.0,2,,5.0,"[{""hasPlayed"": true, ""points"": -15}, {""hasPlayed"": true, ""points"": -16}, {""hasPlayed"": true, ""points"": -6}]",4,Otto Stange,-101549.0,-101549.0,-118776.0,-130144.0,-881346.0,-438397.0,4.8,1.2935560859188544,0.0,0.0,0.0,0.0,0.0,0.0,10.0062,0.0
7394,6,Kofi,Amoako,612174.0,,,,,,,0,3,https://kickbase.b-cdn.net/content/file/6faaaadc0c43454aa7802b77b1455f2e.png,22.0,1,,0.0,"[{""hasPlayed"": false, ""points"": null}, {""hasPlayed"": false, ""points"": null}, {""hasPlayed"": false, ""points"": null}]",4,Kofi Amoako,83111.0,83111.0,29063.0,-43572.0,-289477.0,-3056327.0,0.0,1.2935560859188544,0.0,0.0,0.0,0.0,0.0,0.0,10.0062,0.0
8367,6,Albert,Sambi Lokonga,6883431.0,21.0,2.0,2.0,2.0,10562.0,42.0,0,3,https://kickbase.b-cdn.net/content/file/c9c716c7e03d47078ca74b707b1577a9.png,6.0,2,6.0,26.0,"[{""hasPlayed"": true, ""points"": -2}, {""hasPlayed"": false, ""points"": null}, {""hasPlayed"": true, ""points"": 44}]",1,Albert Sambi Lokonga,-81270.0,-81270.0,-178306.0,-210473.0,-1549129.0,-3693627.0,4.8,1.2935560859188544,1.0,1.0,1.0,1.0,0.0,1.0,10.0062,62.129188
9605,6,Albert,Grønbæk,8047671.0,18.0,3.0,3.0,3.0,17140.0,53.0,0,3,https://kickbase.b-cdn.net/content/file/02b24cefd3da410ca1d4639a2fb7ccac.png,11.0,2,6.0,23.0,"[{""hasPlayed"": true, ""points"": 32}, {""hasPlayed"": true, ""points"": -9}, {""hasPlayed"": true, ""points"": 30}]",1,Albert Grønbæk,-236338.0,-236338.0,-242313.0,-269191.0,-2204358.0,-2699530.0,5.2,1.2935560859188544,1.0,1.0,1.0,1.0,0.0,1.0,10.0062,67.306621
10120,6,Alexander,Røssing-Lelesiit,1115597.0,,,,,,,2,4,https://kickbase.b-cdn.net/content/file/1e0140e6053349279a689f6bac4fdc91.png,38.0,2,,0.0,"[{""hasPlayed"": false, ""points"": null}, {""hasPlayed"": false, ""points"": null}, {""hasPlayed"": false, ""points"": null}]",5,Alexander Røssing-Lelesiit,-124140.0,-124140.0,-130624.0,-140914.0,-844368.0,-917108.0,0.0,1.2935560859188544,0.0,0.0,0.0,0.0,0.0,0.0,10.0062,0.0
11512,6,Nicolás,Capaldo,6923491.0,17.0,3.0,3.0,3.0,17140.0,52.0,0,2,https://kickbase.b-cdn.net/content/file/bb8ff3d0932d47bd9d7fa4a4f38068ef.png,24.0,2,7.0,30.0,"[{""hasPlayed"": true, ""points"": 1}, {""hasPlayed"": true, ""points"": -2}, {""hasPlayed"": true, ""points"": 53}]",1,Nicolás Capaldo,-229834.0,-229834.0,-236161.0,-281449.0,-1826267.0,-3632991.0,4.6,1.2935560859188544,1.0,1.0,1.0,1.0,0.0,1.0,10.0062,59.540472
11752,6,Warmed,Omari,1332326.0,-59.0,1.0,1.0,0.0,1262.0,-59.0,0,2,https://kickbase.b-cdn.net/content/file/6565bd5f9c14426aad721f006cf6f971.png,17.0,1,,34.0,"[{""hasPlayed"": true, ""points"": -59}, {""hasPlayed"": false, ""points"": null}, {""hasPlayed"": false, ""points"": null}]",3,Warmed Omari,99457.0,99457.0,46132.0,-22353.0,-88132.0,-3160745.0,0.0,1.2935560859188544,0.6896551724137931,0.6051437216338881,1.0,1.0,0.0,0.7574051854556837,10.0062,0.0
11949,6,Shafiq,Nandja,1373261.0,-17.0,2.0,2.0,1.0,7361.0,-34.0,0,2,https://kickbase.b-cdn.net/content/file/74d769a877844fa1bf2f65f53f4fb91f.png,43.0,2,,18.0,"[{""hasPlayed"": true, ""points"": -33}, {""hasPlayed"": true, ""points"": -1}, {""hasPlayed"": false, ""points"": null}]",3,Shafiq Nandja,-107757.0,-107757.0,-125166.0,-135218.0,-756476.0,873261.0,4.8,1.2935560859188544,0.3103448275862069,0.2723146747352496,0.0,0.0,0.0,0.20583233345505764,10.0062,12.788196
11967,6,Fábio,Vieira,15134936.0,-3.0,2.0,2.0,0.0,4179.0,-6.0,0,3,https://kickbase.b-cdn.net/content/file/c93ccb5240654ea0832be06471767031.png,20.0,2,,8.0,"[{""hasPlayed"": true, ""points"": -9}, {""hasPlayed"": true, ""points"": 3}, {""hasPlayed"": false, ""points"": null}]",3,Fábio Vieira,-499032.0,-499032.0,-500609.0,-482725.0,-3425751.0,-3451999.0,4.6,1.2935560859188544,0.6896551724137931,0.6896551724137931,1.0,1.0,0.0,0.7827586206896552,10.0062,46.605818
12368,6,Sander,Tangvik,500000.0,,,,,,,0,1,https://kickbase.b-cdn.net/content/file/3d7ab89b5e874e77bbb6b1fb6724745f.png,12.0,0,,0.0,"[{""hasPlayed"": false, ""points"": null}, {""hasPlayed"": false, ""points"": null}, {""hasPlayed"": false, ""points"": null}]",5,Sander Tangvik,0.0,0.0,0.0,0.0,-311976.0,0.0,7.3,1.358711217183771,0.0,0.0,0.0,0.0,0.0,0.0,10.0062,0.0
13433,6,Louis,Lemke,3810339.0,-7.0,2.0,2.0,1.0,6001.0,-13.0,0,2,https://kickbase.b-cdn.net/content/file/46eac50def834b9983f1475d94d28249.png,37.0,2,,9.0,"[{""hasPlayed"": false, ""points"": null}, {""hasPlayed"": true, ""points"": -15}, {""hasPlayed"": true, ""points"": 2}]",5,Louis Lemke,-127592.0,-127592.0,-130076.0,-138895.0,-975169.0,795266.0,6.2,1.2935560859188544,0.0,0.0,0.0,0.0,0.0,0.0,10.0062,0.0
14256,6,Zakaria,El Ouahdi,6965824.0,-5.0,2.0,2.0,2.0,11028.0,-10.0,0,2,https://kickbase.b-cdn.net/content/file/aaa59ffd4dbb4a3ca8cbdc97f7a6f5d3.png,0.0,2,,26.0,"[{""hasPlayed"": true, ""points"": 14}, {""hasPlayed"": true, ""points"": -24}, {""hasPlayed"": false, ""points"": null}]",1,Zakaria El Ouahdi,-289924.0,-289924.0,-305663.0,-278018.0,-2107228.0,6965824.0,3.8,1.2935560859188544,1.0,1.0,1.0,1.0,0.0,1.0,10.0062,49.185607
14425,6,David,Møller Wolfe,5962552.0,16.0,2.0,2.0,2.0,10796.0,31.0,0,2,https://kickbase.b-cdn.net/content/file/ebc8dfc4fe9a44deb9eb939667d97619.png,3.0,2,5.0,6.0,"[{""hasPlayed"": true, ""points"": 11}, {""hasPlayed"": true, ""points"": 20}, {""hasPlayed"": false, ""points"": null}]",2,David Møller Wolfe,-262912.0,-262912.0,-294116.0,-307292.0,-2291138.0,5962552.0,3.9,1.2935560859188544,1.0,1.0,1.0,1.0,0.0,1.0,10.0062,50.479966
15283,6,Martin,Adeline,3451013.0,-5.0,2.0,2.0,2.0,6947.0,-9.0,0,3,https://kickbase.b-cdn.net/content/file/a88b98f2845e4a508b7e59e2bce5ff27.png,5.0,2,,7.0,"[{""hasPlayed"": false, ""points"": null}, {""hasPlayed"": true, ""points"": -12}, {""hasPlayed"": true, ""points"": 3}]",4,Martin Adeline,-133900.0,-133900.0,-136989.0,-136515.0,-950362.0,-3506244.0,4.5,1.2935560859188544,0.0,0.0,0.0,0.0,0.0,0.0,10.0062,0.0
15472,6,Patson,Daka,6065129.0,13.0,3.0,3.0,2.0,11532.0,39.0,0,4,https://kickbase.b-cdn.net/content/file/218db4a2d0cb4f89be008597b2e2d9a7.png,27.0,2,6.0,20.0,"[{""hasPlayed"": true, ""points"": 34}, {""hasPlayed"": true, ""points"": -7}, {""hasPlayed"": true, ""points"": 12}]",3,Patson Daka,-337163.0,-337163.0,-327236.0,-325204.0,-2238661.0,-5647562.0,5.1,1.2935560859188544,0.3103448275862069,0.31034482758620685,0.0,0.0,0.0,0.21724137931034485,10.0062,14.340595
15478,6,Bilal,Nadir,743992.0,-4.0,2.0,2.0,1.0,3526.0,-7.0,0,3,https://kickbase.b-cdn.net/content/file/d153e6d5703a4637bf8ee1c23c857608.png,4.0,2,,7.0,"[{""hasPlayed"": false, ""points"": null}, {""hasPlayed"": true, ""points"": 4}, {""hasPlayed"": true, ""points"": -11}]",3,Bilal Nadir,-65046.0,-65046.0,-97980.0,-124114.0,-703986.0,-3355769.0,5.8,1.2935560859188544,0.0,0.1225416036308623,0.0,0.0,0.0,0.03676248108925869,10.0062,2.759861
17203,6,Terem,Moffi,3626278.0,-4.0,3.0,3.0,1.0,8477.0,-12.0,0,4,https://kickbase.b-cdn.net/content/file/84e882059fcb4accba56e1b212d31e8f.png,9.0,1,,13.0,"[{""hasPlayed"": true, ""points"": 5}, {""hasPlayed"": true, ""points"": -19}, {""hasPlayed"": true, ""points"": 2}]",3,Terem Moffi,103645.0,103645.0,7418.0,-57777.0,-311115.0,3626278.0,4.6,1.2935560859188544,0.3103448275862069,0.6896551724137931,1.0,1.0,0.0,0.6310344827586207,10.0062,37.572091
49,5,Matthias,Ginter,27152090.0,223.0,3.0,3.0,3.0,17069.0,668.0,0,2,https://kickbase.b-cdn.net/content/file/a8c1cfae192947a6b91e1c32238cf2d6.png,28.0,1,24.0,92.0,"[{""hasPlayed"": true, ""points"": 326}, {""hasPlayed"": true, ""points"": 148}, {""hasPlayed"": true, ""points"": 194}]",1,Matthias Ginter,49794.0,49794.0,62887.0,67085.0,251525.0,609171.0,8.5,1.3559568890183515,1.0,1.0,1.0,1.0,0.0,1.0,10.0062,115.327794
89,5,Christian,Günter,2777492.0,,,,,,,0,2,https://kickbase.b-cdn.net/content/file/6cf382255517427e83824869e5a182d9.png,30.0,2,,0.0,"[{""hasPlayed"": false, ""points"": null}, {""hasPlayed"": false, ""points"": null}, {""hasPlayed"": false, ""points"": null}]",4,Christian Günter,-111507.0,-111507.0,-119661.0,-120945.0,-869316.0,-652952.0,0.0,1.3559568890183515,0.0,0.0,0.0,0.0,0.0,0.0,10.0062,0.0
118,5,Vincenzo,Grifo,6615520.0,70.0,2.0,2.0,0.0,2812.0,140.0,0,3,https://kickbase.b-cdn.net/content/file/eabed4e9dee0416bbcc8ff5864f44ea5.png,32.0,2,21.0,51.0,"[{""hasPlayed"": true, ""points"": 102}, {""hasPlayed"": true, ""points"": 38}, {""hasPlayed"": false, ""points"": null}]",4,Vincenzo Grifo,-66466.0,-66466.0,-150687.0,-196470.0,-1242623.0,-5543174.0,8.5,1.3559568890183515,0.0,0.0,0.0,0.0,0.0,0.0,10.0062,0.0
1257,5,Lukas,Kübler,5214344.0,53.0,3.0,3.0,1.0,6160.0,158.0,0,2,https://kickbase.b-cdn.net/content/file/a2d24146b6354e6f9b967bb58061f2ac.png,17.0,2,30.0,43.0,"[{""hasPlayed"": true, ""points"": 22}, {""hasPlayed"": true, ""points"": 34}, {""hasPlayed"": true, ""points"": 102}]",4,Lukas Kübler,-278375.0,-278375.0,-296030.0,-322463.0,-2091369.0,1063924.0,7.5,1.3559568890183515,0.0,0.0,0.0,0.0,0.0,0.0,10.0062,0.0
1645,5,Maximilian,Eggestein,19053291.0,194.0,3.0,3.0,3.0,17069.0,581.0,0,3,https://kickbase.b-cdn.net/content/file/7b762754c912496287f84b3c38b24a82.png,8.0,1,30.0,64.0,"[{""hasPlayed"": true, ""points"": 232}, {""hasPlayed"": true, ""points"": 230}, {""hasPlayed"": true, ""points"": 119}]",1,Maximilian Eggestein,172736.0,172736.0,192219.0,212558.0,1204774.0,3878453.0,8.6,1.3559568890183515,1.0,1.0,1.0,1.0,0.0,1.0,10.0062,116.684592
1767,5,Jannik,Huth,500000.0,,,,,,,0,1,https://kickbase.b-cdn.net/content/file/32936879ffa043938bf688dd5dbca746.png,24.0,0,,0.0,"[{""hasPlayed"": false, ""points"": null}, {""hasPlayed"": false, ""points"": null}, {""hasPlayed"": false, ""points"": null}]",5,Jannik Huth,0.0,0.0,0.0,0.0,0.0,0.0,0.0,1.3711913778036704,0.0,0.0,0.0,0.0,0.0,0.0,10.0062,0.0
1858,5,Anthony,Jung,987447.0,,,,,,,0,2,https://kickbase.b-cdn.net/content/file/5de873b60e7a46eb83255e4a5297a974.png,5.0,2,,0.0,"[{""hasPlayed"": false, ""points"": null}, {""hasPlayed"": false, ""points"": null}, {""hasPlayed"": false, ""points"": null}]",5,Anthony Jung,-121321.0,-121321.0,-127899.0,-132214.0,-929709.0,-822959.0,0.0,1.3559568890183515,0.0,0.0,0.0,0.0,0.0,0.0,10.0062,0.0
1910,5,Florian,Müller,500000.0,,,,,,,0,1,https://kickbase.b-cdn.net/content/file/812a2cedbff7444099345ed29acae1a0.png,21.0,0,,0.0,"[{""hasPlayed"": false, ""points"": null}, {""hasPlayed"": false, ""points"": null}, {""hasPlayed"": false, ""points"": null}]",5,Florian Müller,0.0,0.0,0.0,0.0,0.0,0.0,0.0,1.3711913778036704,0.0,0.0,0.0,0.0,0.0,0.0,10.0062,0.0
2084,5,Philipp,Lienhart,15198512.0,135.0,3.0,3.0,3.0,15577.0,404.0,0,2,https://kickbase.b-cdn.net/content/file/748f11f6c0294a41850137ab1c162436.png,3.0,1,26.0,44.0,"[{""hasPlayed"": true, ""points"": 183}, {""hasPlayed"": true, ""points"": 94}, {""hasPlayed"": true, ""points"": 127}]",2,Philipp Lienhart,174147.0,174147.0,204737.0,197300.0,907847.0,2665655.0,7.9,1.3559568890183515,1.0,1.0,1.0,1.0,0.0,1.0,10.0062,107.187009
2125,5,Jan-Niklas,Beste,14934363.0,113.0,3.0,3.0,3.0,12217.0,339.0,0,3,https://kickbase.b-cdn.net/content/file/50008e312d584e419fc78f1d54151bc3.png,19.0,1,22.0,23.0,"[{""hasPlayed"": true, ""points"": 125}, {""hasPlayed"": true, ""points"": 86}, {""hasPlayed"": true, ""points"": 128}]",1,Jan-Niklas Beste,107255.0,107255.0,131664.0,156944.0,711801.0,3855427.0,7.4,1.3559568890183515,1.0,1.0,1.0,1.0,0.0,1.0,10.0062,100.403021
2176,5,Lucas,Höler,3546420.0,35.0,2.0,2.0,0.0,2169.0,70.0,0,4,https://kickbase.b-cdn.net/content/file/fd6c0b5e138c4a7382c1f0eade49e3f9.png,9.0,2,19.0,20.0,"[{""hasPlayed"": true, ""points"": 33}, {""hasPlayed"": false, ""points"": null}, {""hasPlayed"": true, ""points"": 37}]",5,Lucas Höler,-99292.0,-99292.0,-104209.0,-112043.0,-796232.0,1042077.0,7.6,1.3559568890183515,0.0,0.0,0.0,0.0,0.0,0.0,10.0062,0.0
2722,5,Patrick,Osterhage,1115258.0,,,,,,,0,3,https://kickbase.b-cdn.net/content/file/60fae74949d64f7dbfc181f788ffc48c.png,6.0,2,,0.0,"[{""hasPlayed"": false, ""points"": null}, {""hasPlayed"": false, ""points"": null}, {""hasPlayed"": false, ""points"": null}]",5,Patrick Osterhage,-92854.0,-92854.0,-109688.0,-108929.0,-771642.0,-3688495.0,0.0,1.3559568890183515,0.0,0.0,0.0,0.0,0.0,0.0,10.0062,0.0
3209,5,Yannik,Engelhardt,11373345.0,174.0,3.0,3.0,3.0,16288.0,522.0,0,3,https://kickbase.b-cdn.net/content/file/026c80a428ef428ba28a09167853739e.png,16.0,1,45.0,193.0,"[{""hasPlayed"": true, ""points"": 397}, {""hasPlayed"": true, ""points"": 54}, {""hasPlayed"": true, ""points"": 71}]",1,Yannik Engelhardt,193664.0,193664.0,208346.0,164262.0,168806.0,1664014.0,7.1,1.3559568890183515,1.0,1.0,1.0,1.0,0.0,1.0,10.0062,96.332628
3218,5,Mio,Backhaus,15677435.0,118.0,3.0,3.0,3.0,17069.0,354.0,0,1,https://kickbase.b-cdn.net/content/file/5b9a29bca41244bb8c7e691643d00e7d.png,1.0,1,22.0,40.0,"[{""hasPlayed"": true, ""points"": 144}, {""hasPlayed"": true, ""points"": 139}, {""hasPlayed"": true, ""points"": 71}]",1,Mio Backhaus,70451.0,70451.0,112552.0,123022.0,514774.0,-1352147.0,6.2,1.3711913778036704,1.0,1.0,1.0,1.0,0.0,1.0,10.0062,85.066574
3304,5,Igor,Matanović,23726962.0,253.0,3.0,3.0,3.0,14899.0,759.0,0,4,https://kickbase.b-cdn.net/content/file/6bb42fe3c2da4e1e9f8ad8dc25f1cc85.png,31.0,1,31.0,50.0,"[{""hasPlayed"": true, ""points"": 272}, {""hasPlayed"": true, ""points"": 196}, {""hasPlayed"": true, ""points"": 291}]",1,Igor Matanović,212434.0,212434.0,225373.0,232291.0,1481592.0,5375085.0,9.3,1.3559568890183515,1.0,1.0,1.0,1.0,0.0,1.0,10.0062,126.182175
4335,5,Derry,Scherhant,12430098.0,131.0,3.0,3.0,3.0,14257.0,394.0,0,3,https://kickbase.b-cdn.net/content/file/bef26d4942154c3483dbb80207a36d4d.png,7.0,1,31.0,11.0,"[{""hasPlayed"": true, ""points"": 128}, {""hasPlayed"": true, ""points"": 122}, {""hasPlayed"": true, ""points"": 144}]",2,Derry Scherhant,177702.0,177702.0,195359.0,214888.0,1235609.0,7459964.0,8.1,1.3559568890183515,1.0,1.0,1.0,1.0,0.0,1.0,10.0062,109.900604
6209,5,Philipp,Treu,11195794.0,92.0,3.0,3.0,2.0,12157.0,275.0,0,2,https://kickbase.b-cdn.net/content/file/76b764f7f4a448e39454f846207e2071.png,29.0,1,24.0,55.0,"[{""hasPlayed"": true, ""points"": 103}, {""hasPlayed"": true, ""points"": 141}, {""hasPlayed"": true, ""points"": 31}]",2,Philipp Treu,175780.0,175780.0,183749.0,184268.0,850836.0,-96739.0,7.0,1.3559568890183515,1.0,1.0,1.0,1.0,0.0,1.0,10.0062,94.975831
7215,5,Jordy,Makengo,11146864.0,162.0,3.0,3.0,3.0,17069.0,486.0,0,2,https://kickbase.b-cdn.net/content/file/fd0567aa1f2a49ac97f7b4bdc6aa87a7.png,33.0,1,43.0,99.0,"[{""hasPlayed"": true, ""points"": 276}, {""hasPlayed"": true, ""points"": 120}, {""hasPlayed"": true, ""points"": 90}]",2,Jordy Makengo,144976.0,144976.0,180736.0,185489.0,1127942.0,8831570.0,7.9,1.3559568890183515,1.0,1.0,1.0,1.0,0.0,1.0,10.0062,107.187009
7216,5,Max,Rosenfelder,4342227.0,37.0,1.0,1.0,0.0,1491.0,37.0,0,2,https://kickbase.b-cdn.net/content/file/e433049f58c743a5959513619885f55b.png,37.0,2,8.0,21.0,"[{""hasPlayed"": false, ""points"": null}, {""hasPlayed"": false, ""points"": null}, {""hasPlayed"": true, ""points"": 37}]",4,Max Rosenfelder,-118275.0,-118275.0,-134301.0,-135857.0,-1573565.0,900036.0,0.0,1.3559568890183515,0.0,0.0,0.0,0.0,0.0,0.0,10.0062,0.0
8363,5,Berkay,Yilmaz,2402184.0,24.0,1.0,1.0,0.0,780.0,24.0,0,2,https://kickbase.b-cdn.net/content/file/1fc23d1e07db4a7da80071b9456c1dfc.png,27.0,2,9.0,13.0,"[{""hasPlayed"": false, ""points"": null}, {""hasPlayed"": true, ""points"": 24}, {""hasPlayed"": false, ""points"": null}]",5,Berkay Yilmaz,-110256.0,-110256.0,-121406.0,-123101.0,-854438.0,-5933324.0,0.0,1.3559568890183515,0.0,0.0,0.0,0.0,0.0,0.0,10.0062,0.0
8364,5,Bruno,Ogbus,3502944.0,,,,,,,0,2,https://kickbase.b-cdn.net/content/file/e64737da07c343e9a8027194fa943078.png,43.0,2,,0.0,"[{""hasPlayed"": false, ""points"": null}, {""hasPlayed"": false, ""points"": null}, {""hasPlayed"": false, ""points"": null}]",5,Bruno Ogbus,-144324.0,-144324.0,-149031.0,-152672.0,-915429.0,1561573.0,0.0,1.3559568890183515,0.0,0.0,0.0,0.0,0.0,0.0,10.0062,0.0
11006,5,Yuito,Suzuki,17942695.0,189.0,3.0,3.0,3.0,14504.0,566.0,0,3,https://kickbase.b-cdn.net/content/file/b6f12e7f20704297b8205da224ce56f1.png,14.0,1,31.0,178.0,"[{""hasPlayed"": true, ""points"": 96}, {""hasPlayed"": true, ""points"": 75}, {""hasPlayed"": true, ""points"": 395}]",1,Yuito Suzuki,158510.0,158510.0,171922.0,182944.0,1109279.0,5080385.0,6.9,1.3559568890183515,1.0,1.0,1.0,1.0,0.0,1.0,10.0062,93.619033
11007,5,Cyriaque,Irié,4241387.0,45.0,2.0,2.0,0.0,3674.0,90.0,0,3,https://kickbase.b-cdn.net/content/file/495fd2fe440e4673a4c36e223f53eb4e.png,22.0,2,21.0,30.0,"[{""hasPlayed"": true, ""points"": 30}, {""hasPlayed"": false, ""points"": null}, {""hasPlayed"": true, ""points"": 60}]",5,Cyriaque Irié,-120815.0,-120815.0,-126730.0,-137366.0,-1773024.0,-5629.0,8.5,1.3559568890183515,0.0,0.0,0.0,0.0,0.0,0.0,10.0062,0.0
14048,5,Keisuke,Goto,2425720.0,26.0,3.0,3.0,0.0,2564.0,78.0,0,4,https://kickbase.b-cdn.net/content/file/51c1a52f7444432aab2f7b125fe5ac33.png,42.0,2,32.0,19.0,"[{""hasPlayed"": true, ""points"": 48}, {""hasPlayed"": true, ""points"": 19}, {""hasPlayed"": true, ""points"": 11}]",5,Keisuke Goto,-84390.0,-84390.0,-80167.0,-78523.0,-570570.0,-3850673.0,8.0,1.3559568890183515,0.0,0.0,0.0,0.0,0.0,0.0,10.0062,0.0
15196,5,Rihito,Yamamoto,1656044.0,,,,,,,0,3,https://kickbase.b-cdn.net/content/file/500d566763b246d9b74d65bf2cf33241.png,20.0,2,,0.0,"[{""hasPlayed"": false, ""points"": null}, {""hasPlayed"": false, ""points"": null}, {""hasPlayed"": false, ""points"": null}]",5,Rihito Yamamoto,-113521.0,-113521.0,-123464.0,-136344.0,-938575.0,-5198872.0,0.0,1.3559568890183515,0.0,0.0,0.0,0.0,0.0,0.0,10.0062,0.0
43,10,Mitchell,Weiser,5739672.0,13.0,1.0,1.0,0.0,746.0,13.0,0,2,https://kickbase.b-cdn.net/content/file/d4075d101f5c49f88113a719ed8f34e5.png,8.0,1,2.0,7.0,"[{""hasPlayed"": true, ""points"": 13}, {""hasPlayed"": false, ""points"": null}, {""hasPlayed"": false, ""points"": null}]",5,Mitchell Weiser,223492.0,223492.0,275646.0,347441.0,1310881.0,1029479.0,0.0,1.4013981939994173,0.0,0.0,0.0,0.0,0.0,0.0,10.0062,0.0
157,10,Niklas,Stark,3520837.0,,,,,,,0,2,https://kickbase.b-cdn.net/content/file/47d350de3ba7487dad6fff58c11b5910.png,4.0,2,,0.0,"[{""hasPlayed"": false, ""points"": null}, {""hasPlayed"": false, ""points"": null}, {""hasPlayed"": false, ""points"": null}]",5,Niklas Stark,-143920.0,-143920.0,-145509.0,-155042.0,-818982.0,1069625.0,0.0,1.4013981939994173,0.0,0.0,0.0,0.0,0.0,0.0,10.0062,0.0
608,10,Niclas,Füllkrug,13976411.0,81.0,3.0,3.0,3.0,13334.0,243.0,0,4,https://kickbase.b-cdn.net/content/file/b83a0c4ef29b40d99020bb11e9e1bc7f.png,10.0,1,17.0,110.0,"[{""hasPlayed"": true, ""points"": 152}, {""hasPlayed"": true, ""points"": 137}, {""hasPlayed"": true, ""points"": -46}]",1,Niclas Füllkrug,70319.0,70319.0,103730.0,150517.0,788126.0,3503843.0,7.3,1.4013981939994173,1.0,1.0,1.0,1.0,0.0,1.0,10.0062,102.365495
1996,10,Marco,Friedl,10613515.0,89.0,3.0,3.0,3.0,17467.0,267.0,0,2,https://kickbase.b-cdn.net/content/file/7ab07056637e493d80590700542ee887.png,32.0,1,25.0,19.0,"[{""hasPlayed"": true, ""points"": 109}, {""hasPlayed"": true, ""points"": 88}, {""hasPlayed"": true, ""points"": 70}]",1,Marco Friedl,93387.0,93387.0,75348.0,71408.0,-317903.0,-2170738.0,6.6,1.4013981939994173,1.0,1.0,1.0,1.0,0.0,1.0,10.0062,92.549626
2294,10,Amos,Pieper,12705466.0,122.0,3.0,3.0,3.0,17467.0,365.0,0,2,https://kickbase.b-cdn.net/content/file/32262c6e17164fd1a62ee34e358e2540.png,5.0,1,28.0,40.0,"[{""hasPlayed"": true, ""points"": 168}, {""hasPlayed"": true, ""points"": 102}, {""hasPlayed"": true, ""points"": 95}]",1,Amos Pieper,124644.0,124644.0,142824.0,115630.0,388255.0,2486887.0,6.8,1.4013981939994173,1.0,1.0,1.0,1.0,0.0,1.0,10.0062,95.35416
2842,10,Felix,Agu,775276.0,,,,,,,4,2,https://kickbase.b-cdn.net/content/file/d3aec548a0d84afcb6a8f6c90cc09e72.png,27.0,2,,0.0,"[{""hasPlayed"": false, ""points"": null}, {""hasPlayed"": false, ""points"": null}, {""hasPlayed"": false, ""points"": null}]",5,Felix Agu,-63290.0,-63290.0,-85468.0,-103749.0,-662103.0,-3662148.0,0.0,1.4013981939994173,0.0,0.0,0.0,0.0,0.0,0.0,10.0062,0.0
2939,10,Eren Sami,Dinkçi,8465952.0,46.0,3.0,3.0,2.0,9814.0,139.0,0,3,https://kickbase.b-cdn.net/content/file/174ad85385c44b14afdb5c2c71ce799f.png,18.0,1,16.0,68.0,"[{""hasPlayed"": true, ""points"": 28}, {""hasPlayed"": true, ""points"": 122}, {""hasPlayed"": true, ""points"": -11}]",1,Eren Sami Dinkçi,297522.0,297522.0,323187.0,327030.0,1957392.0,4098612.0,5.9,1.4013981939994173,1.0,1.0,1.0,1.0,0.0,1.0,10.0062,82.733757
3139,10,Cédric,Itten,2881863.0,15.0,3.0,3.0,0.0,4131.0,46.0,0,4,https://kickbase.b-cdn.net/content/file/c4cfdfdc99a949ea8f5f97c7c316efd8.png,26.0,2,15.0,5.0,"[{""hasPlayed"": true, ""points"": 11}, {""hasPlayed"": true, ""points"": 21}, {""hasPlayed"": true, ""points"": 14}]",5,Cédric Itten,-105082.0,-105082.0,-113639.0,-120267.0,-786392.0,-5870304.0,6.4,1.4013981939994173,0.0,0.0,0.0,0.0,0.0,0.0,10.0062,0.0
3166,10,Keke,Topp,566080.0,,,,,,,4,4,https://kickbase.b-cdn.net/content/file/3b2c4046987d46a6a2afe1a90455d7ea.png,9.0,2,,0.0,"[{""hasPlayed"": false, ""points"": null}, {""hasPlayed"": false, ""points"": null}, {""hasPlayed"": false, ""points"": null}]",5,Keke Topp,-87559.0,-87559.0,-139213.0,-27187.0,-7418.0,66080.0,0.0,1.4013981939994173,0.0,0.0,0.0,0.0,0.0,0.0,10.0062,0.0
3228,10,Justin,Njinmah,3284249.0,2.0,1.0,1.0,1.0,3750.0,2.0,1,4,https://kickbase.b-cdn.net/content/file/aecaedfbbfac4fc189856b5b5d560b2d.png,11.0,2,0.0,1.0,"[{""hasPlayed"": false, ""points"": null}, {""hasPlayed"": false, ""points"": null}, {""hasPlayed"": true, ""points"": 2}]",5,Justin Njinmah,-136561.0,-136561.0,-141057.0,-137132.0,-984034.0,-1613967.0,0.0,1.4013981939994173,0.0,0.0,0.0,0.0,0.0,0.0,10.0062,0.0
3281,10,Ludovit,Reis,8747123.0,62.0,3.0,3.0,3.0,15433.0,186.0,0,3,https://kickbase.b-cdn.net/content/file/4b8927aad68d467b96d281d272a77f35.png,15.0,2,21.0,34.0,"[{""hasPlayed"": true, ""points"": 60}, {""hasPlayed"": true, ""points"": 97}, {""hasPlayed"": true, ""points"": 29}]",1,Ludovit Reis,-256460.0,-256460.0,-323294.0,-313639.0,-1143482.0,4669072.0,6.3,1.4013981939994173,1.0,1.0,1.0,1.0,0.0,1.0,10.0062,88.342825
3450,10,Markus,Kolke,500000.0,,,,,,,0,1,https://kickbase.b-cdn.net/content/file/8e62a66ca620435fa877b6e0ed662c0b.png,25.0,0,,0.0,"[{""hasPlayed"": false, ""points"": null}, {""hasPlayed"": false, ""points"": null}, {""hasPlayed"": false, ""points"": null}]",5,Markus Kolke,0.0,0.0,0.0,0.0,0.0,0.0,0.0,1.3802796387998835,0.0,0.0,0.0,0.0,0.0,0.0,10.0062,0.0
3481,10,Jens,Stage,8157450.0,,,,,,,1,3,https://kickbase.b-cdn.net/content/file/1660e6fa98fe418d8a4abdb17bda1d62.png,6.0,2,,0.0,"[{""hasPlayed"": false, ""points"": null}, {""hasPlayed"": false, ""points"": null}, {""hasPlayed"": false, ""points"": null}]",5,Jens Stage,-368386.0,-368386.0,-370642.0,-358315.0,-3428069.0,-11080321.0,0.0,1.4013981939994173,0.0,0.0,0.0,0.0,0.0,0.0,10.0062,0.0
6174,10,,Arthur,8959534.0,52.0,2.0,2.0,2.0,9147.0,103.0,0,2,https://kickbase.b-cdn.net/content/file/1a97160785984f9ba1247c828bca87a5.png,13.0,1,11.0,29.0,"[{""hasPlayed"": true, ""points"": 54}, {""hasPlayed"": true, ""points"": 49}, {""hasPlayed"": false, ""points"": null}]",1,Arthur,184817.0,184817.0,255624.0,310020.0,1889154.0,4844398.0,5.4,1.4013981939994173,1.0,1.0,1.0,1.0,0.0,1.0,10.0062,75.722421
7167,10,Senne,Lynen,4412751.0,0.0,1.0,1.0,1.0,2812.0,0.0,0,3,https://kickbase.b-cdn.net/content/file/155288638ca9459bbebfab0684e818ef.png,14.0,2,,0.0,"[{""hasPlayed"": false, ""points"": null}, {""hasPlayed"": false, ""points"": null}, {""hasPlayed"": true, ""points"": 0}]",5,Senne Lynen,-74238.0,-74238.0,-57539.0,-86696.0,-1348724.0,-5154760.0,0.0,1.4013981939994173,0.0,0.0,0.0,0.0,0.0,0.0,10.0062,0.0
7282,10,Olivier,Deman,10810671.0,101.0,3.0,3.0,3.0,17467.0,302.0,0,2,https://kickbase.b-cdn.net/content/file/581d084f390f47a38c3d2d35085fb1e4.png,2.0,1,27.0,70.0,"[{""hasPlayed"": true, ""points"": 117}, {""hasPlayed"": true, ""points"": 162}, {""hasPlayed"": true, ""points"": 23}]",1,Olivier Deman,112368.0,112368.0,132270.0,165867.0,777909.0,471233.0,7.0,1.4013981939994173,1.0,1.0,1.0,1.0,0.0,1.0,10.0062,98.158694
7721,10,Marco,Grüll,10842055.0,158.0,3.0,3.0,3.0,16917.0,473.0,0,3,https://kickbase.b-cdn.net/content/file/73071b81354346399a14dd6431d4e823.png,17.0,1,43.0,119.0,"[{""hasPlayed"": true, ""points"": 56}, {""hasPlayed"": true, ""points"": 290}, {""hasPlayed"": true, ""points"": 127}]",1,Marco Grüll,234651.0,234651.0,268588.0,418016.0,2420446.0,4882933.0,7.4,1.4013981939994173,1.0,1.0,1.0,1.0,0.0,1.0,10.0062,103.767763
8166,10,,Chuki,10494363.0,93.0,3.0,3.0,3.0,16659.0,280.0,0,3,https://kickbase.b-cdn.net/content/file/480d2ef5bfd94f57a5db7545d63b0828.png,20.0,1,26.0,67.0,"[{""hasPlayed"": true, ""points"": 110}, {""hasPlayed"": true, ""points"": 151}, {""hasPlayed"": true, ""points"": 19}]",1,Chuki,199671.0,199671.0,247408.0,403234.0,2270968.0,-945745.0,6.4,1.4013981939994173,1.0,1.0,1.0,1.0,0.0,1.0,10.0062,89.745092
9513,10,Karl,Hein,12667670.0,128.0,3.0,3.0,3.0,17467.0,384.0,0,1,https://kickbase.b-cdn.net/content/file/0342913c28ed45b18f310732f9b90b16.png,1.0,1,30.0,113.0,"[{""hasPlayed"": true, ""points"": 234}, {""hasPlayed"": true, ""points"": 142}, {""hasPlayed"": true, ""points"": 8}]",1,Karl Hein,82463.0,82463.0,131628.0,142289.0,516585.0,-213940.0,6.8,1.3802796387998835,1.0,1.0,1.0,1.0,0.0,1.0,10.0062,93.917208
9600,10,Alexander,Schlager,500000.0,,,,,,,0,1,https://kickbase.b-cdn.net/content/file/c677b3706079488a8ee0283db8fdd970.png,30.0,2,,0.0,"[{""hasPlayed"": false, ""points"": null}, {""hasPlayed"": false, ""points"": null}, {""hasPlayed"": false, ""points"": null}]",5,Alexander Schlager,0.0,0.0,-67659.0,-123844.0,-745713.0,-3758468.0,7.4,1.3802796387998835,0.0,0.0,0.0,0.0,0.0,0.0,10.0062,0.0
10131,10,Dariusz,Stalmach,4359344.0,63.0,3.0,3.0,0.0,5260.0,188.0,0,3,https://kickbase.b-cdn.net/content/file/24197523c05b4e17ac6e922264265d37.png,23.0,2,43.0,73.0,"[{""hasPlayed"": true, ""points"": 16}, {""hasPlayed"": true, ""points"": 25}, {""hasPlayed"": true, ""points"": 147}]",5,Dariusz Stalmach,-109733.0,-109733.0,-116383.0,-122819.0,-772097.0,1204407.0,7.0,1.4013981939994173,0.0,0.0,0.0,0.0,0.0,0.0,10.0062,0.0
10134,10,Mick,Schmetgens,3692595.0,16.0,3.0,3.0,1.0,8318.0,48.0,0,2,https://kickbase.b-cdn.net/content/file/cbb89b4949af4997a53ca8ecc1ce7c78.png,33.0,2,12.0,22.0,"[{""hasPlayed"": true, ""points"": 6}, {""hasPlayed"": true, ""points"": 42}, {""hasPlayed"": true, ""points"": 0}]",5,Mick Schmetgens,-111497.0,-111497.0,-114370.0,-120891.0,-848504.0,-2474359.0,6.4,1.4013981939994173,0.0,0.0,0.0,0.0,0.0,0.0,10.0062,0.0
11262,10,Salim Amani,Musah,2554248.0,1.0,2.0,2.0,0.0,2762.0,1.0,0,4,https://kickbase.b-cdn.net/content/file/06171b2c46b740f29fc107281e5b489c.png,29.0,2,0.0,5.0,"[{""hasPlayed"": false, ""points"": null}, {""hasPlayed"": true, ""points"": 6}, {""hasPlayed"": true, ""points"": -5}]",5,Salim Amani Musah,-126778.0,-126778.0,-134064.0,-133670.0,-901687.0,-4440446.0,5.7,1.4013981939994173,0.0,0.0,0.0,0.0,0.0,0.0,10.0062,0.0
13449,10,Moussa,Ndiaye,2338824.0,,,,,,,2,2,https://kickbase.b-cdn.net/content/file/2af2bd87e1ec448bb98741662c2c9fe4.png,16.0,2,,0.0,"[{""hasPlayed"": false, ""points"": null}, {""hasPlayed"": false, ""points"": null}, {""hasPlayed"": false, ""points"": null}]",5,Moussa Ndiaye,-141234.0,-141234.0,-148402.0,-149902.0,-1205628.0,2338824.0,0.0,1.4013981939994173,0.0,0.0,0.0,0.0,0.0,0.0,10.0062,0.0
14923,10,Kenny,Quetant,500000.0,,,,,,,0,4,https://kickbase.b-cdn.net/content/file/ce71a0ceab994338b9911cf79b91e00c.png,19.0,2,,0.0,"[{""hasPlayed"": false, ""points"": null}, {""hasPlayed"": false, ""points"": null}, {""hasPlayed"": false, ""points"": null}]",5,Kenny Quetant,0.0,0.0,-17405.0,-49695.0,-181567.0,-2941195.0,0.0,1.4013981939994173,0.0,0.0,0.0,0.0,0.0,0.0,10.0062,0.0
14926,10,Darwin,Soylu,1838900.0,,,,,,,0,3,https://kickbase.b-cdn.net/content/file/5cb0e397fead443c8b6edad320c05fb5.png,34.0,1,,0.0,"[{""hasPlayed"": false, ""points"": null}, {""hasPlayed"": false, ""points"": null}, {""hasPlayed"": false, ""points"": null}]",5,Darwin Soylu,234995.0,234995.0,274083.0,284323.0,1143067.0,-1554236.0,0.0,1.4013981939994173,0.0,0.0,0.0,0.0,0.0,0.0,10.0062,0.0
15256,10,Oskar,Wójcik,962282.0,,,,,,,0,2,https://kickbase.b-cdn.net/content/file/97c455965a994f56b1d9c44f02427633.png,3.0,2,,0.0,"[{""hasPlayed"": false, ""points"": null}, {""hasPlayed"": false, ""points"": null}, {""hasPlayed"": false, ""points"": null}]",5,Oskar Wójcik,-101999.0,-101999.0,-120993.0,-127303.0,-865816.0,-4467595.0,0.0,1.4013981939994173,0.0,0.0,0.0,0.0,0.0,0.0,10.0062,0.0
15313,10,Paul,Erevbenagie,2697107.0,25.0,2.0,2.0,0.0,2494.0,49.0,0,4,https://kickbase.b-cdn.net/content/file/6e29480ac28c4af59908453b181e813c.png,38.0,2,18.0,18.0,"[{""hasPlayed"": true, ""points"": 12}, {""hasPlayed"": true, ""points"": 37}, {""hasPlayed"": false, ""points"": null}]",5,Paul Erevbenagie,-98207.0,-98207.0,-104879.0,-112415.0,-741262.0,-1326837.0,7.2,1.4013981939994173,0.0,0.0,0.0,0.0,0.0,0.0,10.0062,0.0
17288,10,Youri,Regeer,8372325.0,78.0,2.0,2.0,2.0,10204.0,155.0,0,3,https://kickbase.b-cdn.net/content/file/f4b7ace177bb4699aad8c93d93c91829.png,44.0,1,18.0,74.0,"[{""hasPlayed"": true, ""points"": 25}, {""hasPlayed"": true, ""points"": 130}, {""hasPlayed"": false, ""points"": null}]",1,Youri Regeer,-46183.0,-46183.0,53642.0,119796.0,886603.0,8372325.0,6.0,1.4013981939994173,1.0,1.0,1.0,1.0,0.0,1.0,10.0062,84.136024
493,13,Michael,Gregoritsch,14663181.0,178.0,3.0,3.0,3.0,14533.0,533.0,0,4,https://kickbase.b-cdn.net/content/file/90d8bfeb702e4fc9a12b70e61d1cada3.png,11.0,1,36.0,89.0,"[{""hasPlayed"": true, ""points"": 257}, {""hasPlayed"": true, ""points"": 81}, {""hasPlayed"": true, ""points"": 195}]",1,Michael Gregoritsch,198502.0,198502.0,228408.0,262104.0,1496253.0,4341913.0,8.1,1.3559568890183515,1.0,1.0,1.0,1.0,0.0,1.0,10.0062,109.900604
1809,13,Marius,Wolf,10117836.0,145.0,3.0,3.0,3.0,14544.0,436.0,0,3,https://kickbase.b-cdn.net/content/file/a1f80afaec424464a483185498e81a2e.png,27.0,1,43.0,102.0,"[{""hasPlayed"": true, ""points"": 36}, {""hasPlayed"": true, ""points"": 162}, {""hasPlayed"": true, ""points"": 238}]",3,Marius Wolf,-53323.0,-53323.0,23096.0,92479.0,684479.0,8893131.0,6.5,1.3559568890183515,1.0,0.31034482758620685,1.0,1.0,0.0,0.7931034482758621,10.0062,69.945255
1811,13,Jeffrey,Gouweleeuw,4463048.0,26.0,2.0,2.0,0.0,777.0,52.0,0,2,https://kickbase.b-cdn.net/content/file/12102af2b43f4161bfaeb1a6d0172ad2.png,6.0,2,11.0,15.0,"[{""hasPlayed"": false, ""points"": null}, {""hasPlayed"": true, ""points"": 30}, {""hasPlayed"": true, ""points"": 22}]",4,Jeffrey Gouweleeuw,-116586.0,-116586.0,-126249.0,-335025.0,-1697264.0,-6213157.0,0.0,1.3559568890183515,0.0,0.0,0.0,0.0,0.0,0.0,10.0062,0.0
2195,13,Finn,Dahmen,17159019.0,158.0,3.0,3.0,3.0,17155.0,475.0,0,1,https://kickbase.b-cdn.net/content/file/78075846ec2d4f2eaeef6be38fdb6681.png,1.0,1,27.0,65.0,"[{""hasPlayed"": true, ""points"": 86}, {""hasPlayed"": true, ""points"": 176}, {""hasPlayed"": true, ""points"": 213}]",1,Finn Dahmen,-1836.0,-1836.0,53690.0,88340.0,403043.0,1055370.0,7.4,1.3711913778036704,1.0,1.0,1.0,1.0,0.0,1.0,10.0062,101.531072
2764,13,Yannik,Keitel,786724.0,11.0,2.0,2.0,0.0,1298.0,21.0,0,3,https://kickbase.b-cdn.net/content/file/4f4bc9f6569e49588aa7dd39288b614f.png,14.0,2,26.0,13.0,"[{""hasPlayed"": true, ""points"": -2}, {""hasPlayed"": false, ""points"": null}, {""hasPlayed"": true, ""points"": 23}]",5,Yannik Keitel,-30380.0,-30380.0,-61667.0,-88808.0,-605432.0,-3077763.0,6.5,1.3559568890183515,0.0,0.0,0.0,0.0,0.0,0.0,10.0062,0.0
3176,13,Arijon,Ibrahimović,9899985.0,115.0,2.0,2.0,2.0,7295.0,229.0,0,3,https://kickbase.b-cdn.net/content/file/f88dab5aaf7b458a971b11fb9ae2eb82.png,21.0,1,23.0,93.0,"[{""hasPlayed"": true, ""points"": 48}, {""hasPlayed"": true, ""points"": 181}, {""hasPlayed"": false, ""points"": null}]",2,Arijon Ibrahimović,304431.0,304431.0,341926.0,384641.0,2517191.0,5699366.0,6.3,1.3559568890183515,0.6896551724137931,1.0,1.0,1.0,0.0,0.8758620689655172,10.0062,74.867155
3183,13,Anton,Kade,9961201.0,273.0,1.0,1.0,1.0,5649.0,273.0,4,4,https://kickbase.b-cdn.net/content/file/023539a6ce2b4b2d971d98593d7ce584.png,30.0,2,27.0,157.0,"[{""hasPlayed"": false, ""points"": null}, {""hasPlayed"": false, ""points"": null}, {""hasPlayed"": true, ""points"": 273}]",5,Anton Kade,-418656.0,-418656.0,-459678.0,-573368.0,-3916342.0,-1626464.0,0.0,1.3559568890183515,0.0,0.0,0.0,0.0,0.0,0.0,10.0062,0.0
4654,13,Mert,Kömür,3681670.0,40.0,3.0,3.0,0.0,4099.0,120.0,0,3,https://kickbase.b-cdn.net/content/file/f2c46eb7f8d3482c8bb69240abd7762d.png,10.0,2,32.0,18.0,"[{""hasPlayed"": true, ""points"": 20}, {""hasPlayed"": true, ""points"": 57}, {""hasPlayed"": true, ""points"": 43}]",4,Mert Kömür,17897.0,17897.0,-22848.0,-59063.0,-393623.0,80447.0,7.4,1.3559568890183515,0.0,0.0,0.0,0.0,0.0,0.0,10.0062,0.0
6168,13,Robin,Fellhauer,9503715.0,84.0,3.0,3.0,3.0,13047.0,251.0,0,3,https://kickbase.b-cdn.net/content/file/c458283e0fd243beb4cd2bd270cbfb54.png,19.0,2,26.0,57.0,"[{""hasPlayed"": true, ""points"": 44}, {""hasPlayed"": true, ""points"": 149}, {""hasPlayed"": true, ""points"": 58}]",2,Robin Fellhauer,-109310.0,-109310.0,-106534.0,-161225.0,-949078.0,-865076.0,6.1,1.3559568890183515,1.0,1.0,1.0,1.0,0.0,1.0,10.0062,82.764653
7283,13,Calvin,Brackelmann,10227411.0,120.0,3.0,3.0,3.0,16377.0,361.0,0,2,https://kickbase.b-cdn.net/content/file/e13f320cbaad4bad96143f969d2cf434.png,2.0,1,35.0,36.0,"[{""hasPlayed"": true, ""points"": 136}, {""hasPlayed"": true, ""points"": 79}, {""hasPlayed"": true, ""points"": 146}]",2,Calvin Brackelmann,278179.0,278179.0,316223.0,369495.0,2032761.0,4576953.0,7.0,1.3559568890183515,1.0,1.0,1.0,1.0,0.0,1.0,10.0062,94.975831
7336,13,Sima,Suso,500000.0,,,,,,,1,3,https://kickbase.b-cdn.net/content/file/183351daddfd4c36b0c80c411b0e061c.png,8.0,0,,0.0,"[{""hasPlayed"": false, ""points"": null}, {""hasPlayed"": false, ""points"": null}, {""hasPlayed"": false, ""points"": null}]",5,Sima Suso,0.0,0.0,0.0,0.0,-270271.0,-2949674.0,0.0,1.3559568890183515,0.0,0.0,0.0,0.0,0.0,0.0,10.0062,0.0
7676,13,Fabian,Rieder,17860348.0,181.0,3.0,3.0,3.0,16513.0,543.0,0,3,https://kickbase.b-cdn.net/content/file/bdc22db52af641168bf48d012401bd6b.png,32.0,1,30.0,48.0,"[{""hasPlayed"": true, ""points"": 127}, {""hasPlayed"": true, ""points"": 221}, {""hasPlayed"": true, ""points"": 195}]",1,Fabian Rieder,138713.0,138713.0,150055.0,179819.0,998129.0,4526923.0,7.9,1.3559568890183515,1.0,1.0,1.0,1.0,0.0,1.0,10.0062,107.187009
7696,13,Nediljko,Labrović,500000.0,,,,,,,0,1,https://kickbase.b-cdn.net/content/file/ab74d9253f714c34b29783c84700fd13.png,22.0,0,,0.0,"[{""hasPlayed"": false, ""points"": null}, {""hasPlayed"": false, ""points"": null}, {""hasPlayed"": false, ""points"": null}]",5,Nediljko Labrović,0.0,0.0,0.0,0.0,0.0,-1696674.0,0.0,1.3711913778036704,0.0,0.0,0.0,0.0,0.0,0.0,10.0062,0.0
8355,13,Noahkai,Banks,11990054.0,120.0,3.0,3.0,3.0,17155.0,361.0,0,2,https://kickbase.b-cdn.net/content/file/eee3a63f6cd84553ac20c6854134da5c.png,40.0,1,30.0,30.0,"[{""hasPlayed"": true, ""points"": 86}, {""hasPlayed"": true, ""points"": 130}, {""hasPlayed"": true, ""points"": 145}]",1,Noahkai Banks,116805.0,116805.0,168190.0,197183.0,1283181.0,5852941.0,7.2,1.3559568890183515,1.0,1.0,1.0,1.0,0.0,1.0,10.0062,97.689426
9642,13,Chrislain,Matsima,15958481.0,140.0,3.0,3.0,3.0,17155.0,421.0,0,2,https://kickbase.b-cdn.net/content/file/0337794cdbe74c759f6ea4c6ac9c796b.png,5.0,1,26.0,34.0,"[{""hasPlayed"": true, ""points"": 107}, {""hasPlayed"": true, ""points"": 176}, {""hasPlayed"": true, ""points"": 138}]",2,Chrislain Matsima,39169.0,39169.0,75158.0,147419.0,751998.0,4534338.0,7.5,1.3559568890183515,1.0,1.0,1.0,1.0,0.0,1.0,10.0062,101.759819
9684,13,Alexis,Claude-Maurice,9804387.0,89.0,2.0,2.0,0.0,4217.0,177.0,0,3,https://kickbase.b-cdn.net/content/file/6fcd0e7bf78f4355ac28aecef9efb589.png,20.0,1,18.0,93.0,"[{""hasPlayed"": true, ""points"": 10}, {""hasPlayed"": true, ""points"": 167}, {""hasPlayed"": false, ""points"": null}]",3,Alexis Claude-Maurice,229548.0,229548.0,270831.0,318134.0,1996070.0,-1439209.0,7.4,1.3559568890183515,0.3103448275862069,0.6896551724137931,0.0,0.0,0.0,0.33103448275862074,10.0062,33.236862
9754,13,Juma,Bah,4042645.0,,,,,,,0,2,https://kickbase.b-cdn.net/content/file/5627c3fa11834a97ae7c6963d68a09a6.png,35.0,2,,0.0,"[{""hasPlayed"": false, ""points"": null}, {""hasPlayed"": false, ""points"": null}, {""hasPlayed"": false, ""points"": null}]",4,Juma Bah,-140255.0,-140255.0,-140095.0,-146541.0,-1512697.0,4042645.0,0.0,1.3559568890183515,0.0,0.0,0.0,0.0,0.0,0.0,10.0062,0.0
9965,13,Faik,Sakar,1293782.0,,,,,,,2,3,https://kickbase.b-cdn.net/content/file/8acfc6a0b1524998999efe1e686302d4.png,23.0,2,,0.0,"[{""hasPlayed"": false, ""points"": null}, {""hasPlayed"": false, ""points"": null}, {""hasPlayed"": false, ""points"": null}]",5,Faik Sakar,-137798.0,-137798.0,-143121.0,-144745.0,-1046231.0,-5000915.0,0.0,1.3559568890183515,0.0,0.0,0.0,0.0,0.0,0.0,10.0062,0.0
10049,13,Hennes,Behrens,13548828.0,134.0,3.0,3.0,3.0,17155.0,401.0,0,2,https://kickbase.b-cdn.net/content/file/18dac711dedc44698522f7c499401190.png,16.0,1,29.0,31.0,"[{""hasPlayed"": true, ""points"": 159}, {""hasPlayed"": true, ""points"": 99}, {""hasPlayed"": true, ""points"": 143}]",1,Hennes Behrens,151488.0,151488.0,159099.0,173749.0,827372.0,3498034.0,7.0,1.3559568890183515,1.0,1.0,1.0,1.0,0.0,1.0,10.0062,94.975831
11556,13,Han-Noah,Massengo,13225656.0,109.0,3.0,3.0,3.0,16498.0,328.0,0,3,https://kickbase.b-cdn.net/content/file/d5c086e505984d7ba4c7e0af23d1a901.png,4.0,1,24.0,64.0,"[{""hasPlayed"": true, ""points"": 36}, {""hasPlayed"": true, ""points"": 137}, {""hasPlayed"": true, ""points"": 155}]",1,Han-Noah Massengo,113624.0,113624.0,144309.0,180368.0,1107944.0,3584654.0,6.8,1.3559568890183515,1.0,1.0,1.0,1.0,0.0,1.0,10.0062,92.262236
12341,13,Rodrigo,Ribeiro,4486383.0,42.0,3.0,3.0,0.0,2620.0,127.0,0,4,https://kickbase.b-cdn.net/content/file/7d60acf2c66d45288438f5f879775e01.png,9.0,2,28.0,54.0,"[{""hasPlayed"": true, ""points"": -4}, {""hasPlayed"": true, ""points"": 28}, {""hasPlayed"": true, ""points"": 103}]",5,Rodrigo Ribeiro,-96066.0,-96066.0,-103878.0,-123659.0,-1430181.0,407268.0,7.2,1.3559568890183515,0.0,0.0,0.0,0.0,0.0,0.0,10.0062,0.0
13479,13,Uchenna,Ogundu,1461933.0,,,,,,,0,4,https://kickbase.b-cdn.net/content/file/c9277b2f662b4b60a7ad1b27ddb68201.png,39.0,2,,0.0,"[{""hasPlayed"": false, ""points"": null}, {""hasPlayed"": false, ""points"": null}, {""hasPlayed"": false, ""points"": null}]",5,Uchenna Ogundu,-132346.0,-132346.0,-138177.0,-143596.0,-1012796.0,-4597403.0,0.0,1.3559568890183515,0.0,0.0,0.0,0.0,0.0,0.0,10.0062,0.0
13671,13,Tom,Wisbereit,500000.0,,,,,,,0,1,https://kickbase.b-cdn.net/content/file/487a6f69783d4bf69fa8c1b023e108e1.png,48.0,0,,0.0,"[{""hasPlayed"": false, ""points"": null}, {""hasPlayed"": false, ""points"": null}, {""hasPlayed"": false, ""points"": null}]",5,Tom Wisbereit,0.0,0.0,0.0,0.0,0.0,0.0,0.0,1.3711913778036704,0.0,0.0,0.0,0.0,0.0,0.0,10.0062,0.0
13806,13,Young-Woo,Seol,2132148.0,35.0,3.0,3.0,0.0,2609.0,104.0,0,2,https://kickbase.b-cdn.net/content/file/e7ba68f831b843ba9e8251edb80f7989.png,7.0,2,48.0,37.0,"[{""hasPlayed"": true, ""points"": -1}, {""hasPlayed"": true, ""points"": 32}, {""hasPlayed"": true, ""points"": 73}]",4,Young-Woo Seol,-53268.0,-53268.0,-66156.0,-88676.0,-590449.0,2132148.0,6.1,1.3559568890183515,0.0,0.0,0.0,0.0,0.0,0.0,10.0062,0.0
32,8,Loris,Karius,17470067.0,137.0,3.0,3.0,3.0,17715.0,412.0,0,1,https://kickbase.b-cdn.net/content/file/9b53a17786bd45d8b843b3e188f2ceae.png,1.0,1,23.0,12.0,"[{""hasPlayed"": true, ""points"": 147}, {""hasPlayed"": true, ""points"": 123}, {""hasPlayed"": true, ""points"": 142}]",1,Loris Karius,25238.0,25238.0,86185.0,125024.0,606386.0,838501.0,6.5,1.436842105263158,1.0,1.0,1.0,1.0,0.0,1.0,10.0062,93.452642
670,8,Kenan,Karaman,10318203.0,50.0,2.0,2.0,1.0,5494.0,100.0,0,4,https://kickbase.b-cdn.net/content/file/3eb5c46b23e042a4b366137871517bbe.png,19.0,1,9.0,45.0,"[{""hasPlayed"": true, ""points"": 85}, {""hasPlayed"": true, ""points"": 15}, {""hasPlayed"": false, ""points"": null}]",1,Kenan Karaman,135031.0,135031.0,252244.0,288164.0,1413033.0,-5204420.0,6.1,1.6842105263157894,1.0,1.0,1.0,1.0,0.0,1.0,10.0062,102.800539
755,8,Kevin,Müller,500000.0,,,,,,,0,1,https://kickbase.b-cdn.net/content/file/9267ef7e0ff04d8d8f68116e2baab8fa.png,22.0,0,,0.0,"[{""hasPlayed"": false, ""points"": null}, {""hasPlayed"": false, ""points"": null}, {""hasPlayed"": false, ""points"": null}]",5,Kevin Müller,0.0,0.0,0.0,0.0,-520202.0,-26634.0,0.0,1.436842105263158,0.0,0.0,0.0,0.0,0.0,0.0,10.0062,0.0
1012,8,Edin,Džeko,4668701.0,-7.0,2.0,2.0,0.0,2479.0,-14.0,0,4,https://kickbase.b-cdn.net/content/file/31e382a514fb4fd0a7b6bf028b56f839.png,10.0,2,,23.0,"[{""hasPlayed"": true, ""points"": 16}, {""hasPlayed"": false, ""points"": null}, {""hasPlayed"": true, ""points"": -30}]",5,Edin Džeko,-88565.0,-88565.0,-94997.0,-115740.0,-1397756.0,-4511047.0,6.0,1.6842105263157894,0.0,0.0,0.0,0.0,0.0,0.0,10.0062,0.0
1691,8,Finn,Porath,513203.0,,,,,,,0,3,https://kickbase.b-cdn.net/content/file/250d4c6c00a74d8b9604ba54ec4385fd.png,27.0,2,,0.0,"[{""hasPlayed"": false, ""points"": null}, {""hasPlayed"": false, ""points"": null}, {""hasPlayed"": false, ""points"": null}]",5,Finn Porath,-63102.0,-63102.0,-84988.0,-106489.0,-776847.0,-4016524.0,0.0,1.6842105263157894,0.0,0.0,0.0,0.0,0.0,0.0,10.0062,0.0
2449,8,Hee-Chan,Hwang,4521143.0,82.0,1.0,1.0,0.0,1422.0,82.0,0,4,https://kickbase.b-cdn.net/content/file/f03e94d1a5cf48cb99e80d9be87e060c.png,7.0,1,18.0,57.0,"[{""hasPlayed"": true, ""points"": 82}, {""hasPlayed"": false, ""points"": null}, {""hasPlayed"": false, ""points"": null}]",4,Hee-Chan Hwang,27845.0,27845.0,33178.0,48453.0,48318.0,2154916.0,0.0,1.6842105263157894,0.0,0.0,0.0,0.0,0.0,0.0,10.0062,0.0
2762,8,Timo,Becker,9351200.0,92.0,3.0,3.0,3.0,17715.0,276.0,0,2,https://kickbase.b-cdn.net/content/file/f1cc618a8f9e4121bc762da081feea87.png,5.0,1,29.0,67.0,"[{""hasPlayed"": true, ""points"": 158}, {""hasPlayed"": true, ""points"": 95}, {""hasPlayed"": true, ""points"": 23}]",1,Timo Becker,132244.0,132244.0,156517.0,185226.0,773240.0,4321901.0,6.2,1.6842105263157894,1.0,1.0,1.0,1.0,0.0,1.0,10.0062,104.485794
2876,8,Ron,Schallenberg,2621427.0,-54.0,1.0,1.0,1.0,3776.0,-54.0,0,3,https://kickbase.b-cdn.net/content/file/9f2d8e42f6bc438a9b4808262a3b2349.png,6.0,2,,31.0,"[{""hasPlayed"": false, ""points"": null}, {""hasPlayed"": false, ""points"": null}, {""hasPlayed"": true, ""points"": -54}]",3,Ron Schallenberg,-64794.0,-64794.0,-73803.0,-95301.0,-716769.0,-5342476.0,5.0,1.6842105263157894,0.3103448275862069,0.31034482758620685,0.0,0.0,0.0,0.21724137931034485,10.0062,18.305353
2967,8,Soufiane,El-Faouzi,13640220.0,87.0,3.0,3.0,3.0,17715.0,261.0,0,3,https://kickbase.b-cdn.net/content/file/08eca83815c745e1b44ccab6f89b6778.png,23.0,1,19.0,25.0,"[{""hasPlayed"": true, ""points"": 110}, {""hasPlayed"": true, ""points"": 91}, {""hasPlayed"": true, ""points"": 60}]",1,Soufiane El-Faouzi,145152.0,145152.0,162689.0,181933.0,972872.0,-974624.0,5.9,1.6842105263157894,1.0,1.0,1.0,1.0,0.0,1.0,10.0062,99.430029
3029,8,Dejan,Ljubičić,5678204.0,40.0,3.0,3.0,3.0,11465.0,119.0,1,3,https://kickbase.b-cdn.net/content/file/98ab54f781d048c8b864ceba5bc2f7d4.png,21.0,2,20.0,11.0,"[{""hasPlayed"": true, ""points"": 49}, {""hasPlayed"": true, ""points"": 27}, {""hasPlayed"": true, ""points"": 43}]",5,Dejan Ljubičić,-395602.0,-395602.0,-399406.0,-454587.0,-2556846.0,-942770.0,6.4,1.6842105263157894,0.0,0.0,0.0,0.0,0.0,0.0,10.0062,0.0
3307,8,Janik,Bachmann,1430587.0,17.0,1.0,1.0,0.0,601.0,17.0,0,3,https://kickbase.b-cdn.net/content/file/428a68b3510c4b3ba91bef10ecd9fff2.png,14.0,2,11.0,9.0,"[{""hasPlayed"": true, ""points"": 17}, {""hasPlayed"": false, ""points"": null}, {""hasPlayed"": false, ""points"": null}]",5,Janik Bachmann,-123764.0,-123764.0,-138449.0,-160941.0,-768772.0,-676516.0,0.0,1.6842105263157894,0.0,0.0,0.0,0.0,0.0,0.0,10.0062,0.0
4406,8,Éric,Dina Ebimbe,5822649.0,31.0,3.0,3.0,1.0,10996.0,94.0,0,3,https://kickbase.b-cdn.net/content/file/afbea634b0e842279a632beb83f7cfbd.png,29.0,1,16.0,51.0,"[{""hasPlayed"": true, ""points"": 84}, {""hasPlayed"": true, ""points"": 29}, {""hasPlayed"": true, ""points"": -19}]",2,Éric Dina Ebimbe,215173.0,215173.0,228168.0,242133.0,1019360.0,292018.0,5.5,1.6842105263157894,1.0,1.0,1.0,1.0,0.0,1.0,10.0062,92.689011
4606,8,Hasan,Kuruçay,10780366.0,77.0,3.0,3.0,3.0,14615.0,231.0,0,2,https://kickbase.b-cdn.net/content/file/6448b21aef9940588bd94029c6f79831.png,4.0,1,21.0,46.0,"[{""hasPlayed"": true, ""points"": 100}, {""hasPlayed"": true, ""points"": 108}, {""hasPlayed"": true, ""points"": 23}]",1,Hasan Kuruçay,121855.0,121855.0,159852.0,201788.0,1416798.0,-2153586.0,6.6,1.6842105263157894,1.0,1.0,1.0,1.0,0.0,1.0,10.0062,111.226813
6172,8,Junior,Adamu,6074389.0,73.0,2.0,2.0,2.0,8629.0,145.0,0,4,https://kickbase.b-cdn.net/content/file/61eaae6121e34a598bac55925001ce96.png,20.0,1,23.0,64.0,"[{""hasPlayed"": true, ""points"": 121}, {""hasPlayed"": false, ""points"": null}, {""hasPlayed"": true, ""points"": 24}]",3,Junior Adamu,206589.0,206589.0,251058.0,295594.0,1326792.0,-943442.0,5.8,1.6842105263157894,0.0,0.31034482758620685,0.0,0.0,0.0,0.09310344827586206,10.0062,9.100376
7156,8,Maximilian,Wöber,3371410.0,41.0,3.0,3.0,0.0,4534.0,124.0,0,2,https://kickbase.b-cdn.net/content/file/aa8759270ae54b79851feea4f7769c01.png,39.0,1,36.0,120.0,"[{""hasPlayed"": true, ""points"": 163}, {""hasPlayed"": true, ""points"": 38}, {""hasPlayed"": true, ""points"": -77}]",5,Maximilian Wöber,382266.0,382266.0,335712.0,330110.0,1672271.0,-970834.0,6.9,1.6842105263157894,0.0,0.0,0.0,0.0,0.0,0.0,10.0062,0.0
7242,8,Robin,Gosens,9841740.0,86.0,3.0,3.0,2.0,10808.0,259.0,0,2,https://kickbase.b-cdn.net/content/file/aad327c722fd45e2a843dfbba1484126.png,8.0,1,26.0,97.0,"[{""hasPlayed"": true, ""points"": 186}, {""hasPlayed"": true, ""points"": 82}, {""hasPlayed"": true, ""points"": -9}]",1,Robin Gosens,324533.0,324533.0,351827.0,360198.0,1994635.0,-49553.0,6.9,1.6842105263157894,1.0,1.0,1.0,1.0,0.0,1.0,10.0062,116.282577
8222,8,Moussa,Sylla,8317004.0,23.0,2.0,2.0,2.0,11390.0,45.0,0,4,https://kickbase.b-cdn.net/content/file/9e29701cd06e47cb89a5e43674193068.png,9.0,2,5.0,13.0,"[{""hasPlayed"": false, ""points"": null}, {""hasPlayed"": true, ""points"": 24}, {""hasPlayed"": true, ""points"": 21}]",3,Moussa Sylla,-199416.0,-199416.0,-9154.0,48603.0,-7681.0,-1128701.0,5.2,1.6842105263157894,1.0,0.6896551724137931,1.0,1.0,0.0,0.9068965517241379,10.0062,79.474289
8235,8,Adrian,Gantenbein,500000.0,,,,,,,0,2,https://kickbase.b-cdn.net/content/file/20ff107cb10149319ad76cc948de9e70.png,17.0,0,,0.0,"[{""hasPlayed"": false, ""points"": null}, {""hasPlayed"": false, ""points"": null}, {""hasPlayed"": false, ""points"": null}]",5,Adrian Gantenbein,0.0,0.0,0.0,0.0,-39289.0,0.0,0.0,1.6842105263157894,0.0,0.0,0.0,0.0,0.0,0.0,10.0062,0.0
8277,8,Vitalie,Becker,3300049.0,10.0,2.0,2.0,1.0,5471.0,20.0,0,2,https://kickbase.b-cdn.net/content/file/e467725d314c414688deb0c9754900e0.png,33.0,2,6.0,8.0,"[{""hasPlayed"": false, ""points"": null}, {""hasPlayed"": true, ""points"": 4}, {""hasPlayed"": true, ""points"": 16}]",5,Vitalie Becker,-120992.0,-120992.0,-125265.0,-130338.0,-855889.0,-4959427.0,5.1,1.6842105263157894,0.0,0.0,0.0,0.0,0.0,0.0,10.0062,0.0
10916,8,Mert Can,Ayhan,2961554.0,-7.0,2.0,2.0,0.0,2203.0,-13.0,0,2,https://kickbase.b-cdn.net/content/file/130406d171884bb486982e8fe381150c.png,43.0,2,,17.0,"[{""hasPlayed"": false, ""points"": null}, {""hasPlayed"": true, ""points"": 11}, {""hasPlayed"": true, ""points"": -24}]",4,Mert Can Ayhan,-126636.0,-126636.0,-129845.0,-130026.0,-906794.0,-6635289.0,5.2,1.6842105263157894,0.0,0.0,0.0,0.0,0.0,0.0,10.0062,0.0
11255,8,Nikola,Katic,12012491.0,124.0,3.0,3.0,3.0,16662.0,371.0,0,2,https://kickbase.b-cdn.net/content/file/74d1dd6590234bdb8e0d4bd266d6c531.png,25.0,1,30.0,66.0,"[{""hasPlayed"": true, ""points"": 197}, {""hasPlayed"": true, ""points"": 107}, {""hasPlayed"": true, ""points"": 67}]",1,Nikola Katic,214314.0,214314.0,239195.0,241496.0,1349667.0,-2587905.0,6.9,1.6842105263157894,1.0,1.0,1.0,1.0,0.0,1.0,10.0062,116.282577
12158,8,Luca,Vozar,820257.0,5.0,1.0,1.0,0.0,1178.0,5.0,0,3,https://kickbase.b-cdn.net/content/file/48805a793bcc4f09abdd1e903981c421.png,38.0,2,6.0,2.0,"[{""hasPlayed"": false, ""points"": null}, {""hasPlayed"": true, ""points"": 5}, {""hasPlayed"": false, ""points"": null}]",5,Luca Vozar,-36120.0,-36120.0,-79214.0,-105654.0,-752353.0,234031.0,0.0,1.6842105263157894,0.0,0.0,0.0,0.0,0.0,0.0,10.0062,0.0
12297,8,Satoshi,Tanaka,9104978.0,96.0,2.0,2.0,2.0,12066.0,192.0,0,3,https://kickbase.b-cdn.net/content/file/450d1dc6d03543289c75d4e5e117d7e1.png,13.0,1,21.0,55.0,"[{""hasPlayed"": true, ""points"": 98}, {""hasPlayed"": true, ""points"": 94}, {""hasPlayed"": false, ""points"": null}]",3,Satoshi Tanaka,232100.0,232100.0,268498.0,326346.0,2079423.0,2890858.0,6.2,1.6842105263157894,0.6896551724137931,0.6896551724137931,1.0,1.0,0.0,0.7827586206896552,10.0062,81.787156
13431,8,Johannes Simon,Siebeking,500000.0,,,,,,,1,1,https://kickbase.b-cdn.net/content/file/c6ff39d185b14c30a66421c5c78c245e.png,36.0,0,,0.0,"[{""hasPlayed"": false, ""points"": null}, {""hasPlayed"": false, ""points"": null}, {""hasPlayed"": false, ""points"": null}]",5,Johannes Simon Siebeking,0.0,0.0,0.0,0.0,0.0,-1633499.0,0.0,1.436842105263158,0.0,0.0,0.0,0.0,0.0,0.0,10.0062,0.0
13448,8,Adil,Aouchiche,11851133.0,103.0,3.0,3.0,3.0,16049.0,309.0,0,3,https://kickbase.b-cdn.net/content/file/8ac09c4f6e974d80a4bc1aff9ad6768d.png,24.0,1,26.0,71.0,"[{""hasPlayed"": true, ""points"": 182}, {""hasPlayed"": true, ""points"": 84}, {""hasPlayed"": true, ""points"": 43}]",1,Adil Aouchiche,195719.0,195719.0,209842.0,223947.0,1161686.0,-3086485.0,6.6,1.6842105263157894,1.0,1.0,1.0,1.0,0.0,1.0,10.0062,111.226813
