id,teamId,firstName,lastName,marketValue,averagePoints,games,gamesPlayed,start11,totalPlaytimeS,totalPoints,status,position,playerImage,number,trend,pointsPerValue,pointsStdDev,history,startProbability,name,marketChangeToday,marketChange.today,marketChange.yesterday,marketChange.twoDays,marketChange.sevenDaysAvg,marketChange.thirtyDaysAvg
173,2,Jonathan,Tah,31005752.0,134.0,2.0,2.0,1.0,6434.0,267.0,0,2,https://kickbase.b-cdn.net/content/file/cd9c5cb89a074d1ea56f7d952e5074e4.png,4.0,2,8.0,139.0,"[{""hasPlayed"": true, ""points"": 232}, {""hasPlayed"": true, ""points"": 35}]",2,Jonathan Tah,-300876.0,-300876.0,-278481.0,-197912.0,-2624517.0,-5543376.0
237,2,Manuel,Neuer,14858009.0,121.0,2.0,2.0,2.0,11508.0,242.0,0,1,https://kickbase.b-cdn.net/content/file/bf993bb6d6914136b11177795c5f77a9.png,1.0,1,16.0,33.0,"[{""hasPlayed"": true, ""points"": 97}, {""hasPlayed"": true, ""points"": 145}]",2,Manuel Neuer,-6695.0,-6695.0,35815.0,67081.0,305026.0,2368762.0
383,2,Sven,Ulreich,500000.0,,,,,,,0,1,https://kickbase.b-cdn.net/content/file/0535504fe45c48b6a905e9a14da5851d.png,26.0,0,,0.0,"[{""hasPlayed"": false, ""points"": null}, {""hasPlayed"": false, ""points"": null}]",5,Sven Ulreich,0.0,0.0,0.0,0.0,0.0,-1078651.0
1685,2,Joshua,Kimmich,59922635.0,279.0,2.0,2.0,2.0,11508.0,557.0,0,3,https://kickbase.b-cdn.net/content/file/b41a70e2188a4c72aa165cfc7606c3e9.png,6.0,1,9.0,34.0,"[{""hasPlayed"": true, ""points"": 254}, {""hasPlayed"": true, ""points"": 303}]",1,Joshua Kimmich,2473.0,2473.0,8649.0,8053.0,52182.0,389467.0
1961,2,Serge,Gnabry,12727060.0,,,,,,,0,3,https://kickbase.b-cdn.net/content/file/0a28d7fc999e415eb4aba7e837b0384c.png,7.0,1,,0.0,"[{""hasPlayed"": false, ""points"": null}, {""hasPlayed"": false, ""points"": null}]",5,Serge Gnabry,118077.0,118077.0,115877.0,94456.0,258551.0,-6175974.0
1991,2,Dayot,Upamecano,33637948.0,245.0,2.0,2.0,2.0,11508.0,489.0,0,2,https://kickbase.b-cdn.net/content/file/13835e113e4f40d986f924b517690435.png,2.0,1,14.0,38.0,"[{""hasPlayed"": true, ""points"": 217}, {""hasPlayed"": true, ""points"": 272}]",3,Dayot Upamecano,-18932.0,-18932.0,18536.0,49872.0,239861.0,291268.0
2038,2,Konrad,Laimer,31257227.0,118.0,2.0,2.0,2.0,11508.0,236.0,0,2,https://kickbase.b-cdn.net/content/file/cb9d5de1bbd14bf0915f1ec819569c17.png,27.0,2,7.0,15.0,"[{""hasPlayed"": true, ""points"": 129}, {""hasPlayed"": true, ""points"": 107}]",3,Konrad Laimer,-582669.0,-582669.0,-238291.0,-16531.0,-899870.0,-2823076.0
2300,2,Josip,Stanišić,16727483.0,43.0,1.0,1.0,0.0,1298.0,43.0,0,2,https://kickbase.b-cdn.net/content/file/e5f36d7812254f3cb4534802eb6cd7e9.png,44.0,2,2.0,30.0,"[{""hasPlayed"": false, ""points"": null}, {""hasPlayed"": true, ""points"": 43}]",3,Josip Stanišić,-305070.0,-305070.0,-372497.0,-417427.0,-2880079.0,-10178391.0
2366,2,Alphonso,Davies,15141233.0,177.0,2.0,2.0,2.0,10209.0,354.0,0,2,https://kickbase.b-cdn.net/content/file/1321be6fb58f47b592a91f17f6b2bf68.png,19.0,1,23.0,33.0,"[{""hasPlayed"": true, ""points"": 201}, {""hasPlayed"": true, ""points"": 153}]",3,Alphonso Davies,241532.0,241532.0,255594.0,274323.0,1771008.0,-269836.0
2804,2,Jamal,Musiala,24964973.0,38.0,1.0,1.0,0.0,2235.0,38.0,0,3,https://kickbase.b-cdn.net/content/file/02ac203768a94e169fa6c6b87130a94e.png,10.0,1,1.0,26.0,"[{""hasPlayed"": true, ""points"": 38}, {""hasPlayed"": false, ""points"": null}]",3,Jamal Musiala,114531.0,114531.0,148764.0,137086.0,320234.0,-9943898.0
3072,2,Jonas,Urbig,4647765.0,,,,,,,0,1,https://kickbase.b-cdn.net/content/file/7305496deb014e31a4001d36894c457d.png,40.0,2,,0.0,"[{""hasPlayed"": false, ""points"": null}, {""hasPlayed"": false, ""points"": null}]",4,Jonas Urbig,-45641.0,-45641.0,-31525.0,-35609.0,-688990.0,-6698554.0
3089,2,Hiroki,Ito,3777377.0,,,,,,,0,2,https://kickbase.b-cdn.net/content/file/7d48858483334caca6c4315882270919.png,21.0,2,,0.0,"[{""hasPlayed"": false, ""points"": null}, {""hasPlayed"": false, ""points"": null}]",5,Hiroki Ito,-93917.0,-93917.0,-109659.0,-118973.0,-734180.0,-1461589.0
3120,2,Tom,Bischof,17150759.0,44.0,2.0,2.0,0.0,1866.0,88.0,0,3,https://kickbase.b-cdn.net/content/file/9d622fb218a14c90ad0a75266080e027.png,8.0,2,5.0,5.0,"[{""hasPlayed"": true, ""points"": 48}, {""hasPlayed"": true, ""points"": 40}]",4,Tom Bischof,-324656.0,-324656.0,-382263.0,-418317.0,-2580261.0,-4232507.0
3543,2,Nathaniel,Brown,26206132.0,68.0,2.0,2.0,2.0,6526.0,136.0,0,2,https://kickbase.b-cdn.net/content/file/4dd49322843644839bb43182b3a8b68b.png,11.0,2,5.0,11.0,"[{""hasPlayed"": true, ""points"": 76}, {""hasPlayed"": true, ""points"": 60}]",3,Nathaniel Brown,-661884.0,-661884.0,-699174.0,-654467.0,-3772458.0,-2176164.0
6080,2,Aleksandar,Pavlović,33724150.0,213.0,2.0,2.0,2.0,9640.0,426.0,0,3,https://kickbase.b-cdn.net/content/file/958c27ad7cf943a8b9e380f72fdc5b4f.png,45.0,1,12.0,60.0,"[{""hasPlayed"": true, ""points"": 170}, {""hasPlayed"": true, ""points"": 256}]",2,Aleksandar Pavlović,41116.0,41116.0,62484.0,75631.0,499734.0,2385351.0
6668,2,Kim,Minjae,12913190.0,110.0,1.0,1.0,1.0,5073.0,110.0,0,2,https://kickbase.b-cdn.net/content/file/4df81f5e57ca4e278fb6bc229ed6e05d.png,3.0,1,8.0,77.0,"[{""hasPlayed"": false, ""points"": null}, {""hasPlayed"": true, ""points"": 110}]",3,Kim Minjae,108781.0,108781.0,138399.0,148100.0,797761.0,1647782.0
7226,2,Harry,Kane,67442121.0,97.0,2.0,2.0,1.0,7979.0,194.0,0,4,https://kickbase.b-cdn.net/content/file/8558eff47626439593b2acd71e400ab3.png,9.0,2,2.0,38.0,"[{""hasPlayed"": true, ""points"": 70}, {""hasPlayed"": true, ""points"": 124}]",1,Harry Kane,-446376.0,-446376.0,-395272.0,-261365.0,-1449833.0,-1073032.0
8329,2,Michael,Olise,65065938.0,187.0,2.0,2.0,1.0,7997.0,374.0,0,3,https://kickbase.b-cdn.net/content/file/2d1bffc491014bb582c5d1c622b0ee37.png,17.0,1,5.0,87.0,"[{""hasPlayed"": true, ""points"": 125}, {""hasPlayed"": true, ""points"": 249}]",1,Michael Olise,1588.0,1588.0,6547.0,10707.0,60779.0,649547.0
10789,2,Lennart,Karl,20838477.0,47.0,2.0,2.0,1.0,4200.0,94.0,0,3,https://kickbase.b-cdn.net/content/file/64b2f60104dd4a96af2c8b9d4af6f07d.png,42.0,1,4.0,36.0,"[{""hasPlayed"": true, ""points"": 73}, {""hasPlayed"": true, ""points"": 21}]",3,Lennart Karl,19624.0,19624.0,48813.0,56177.0,289083.0,-5263634.0
11675,2,Luis,Díaz,53757655.0,172.0,2.0,2.0,2.0,11508.0,344.0,0,4,https://kickbase.b-cdn.net/content/file/43b93afe59614450a4de3fd8e08c486b.png,14.0,2,6.0,60.0,"[{""hasPlayed"": true, ""points"": 129}, {""hasPlayed"": true, ""points"": 215}]",2,Luis Díaz,-33583.0,-33583.0,2012.0,4312.0,18450.0,634714.0
12314,2,Bara Sapoko,Ndiaye,1108332.0,,,,,,,0,3,https://kickbase.b-cdn.net/content/file/68a7688ebea44fc49865d84afbf17a38.png,39.0,2,,0.0,"[{""hasPlayed"": false, ""points"": null}, {""hasPlayed"": false, ""points"": null}]",5,Bara Sapoko Ndiaye,-62910.0,-62910.0,-83419.0,-103651.0,-554012.0,-2398539.0
14251,2,Ismael,Saibari,28974224.0,110.0,2.0,2.0,1.0,5590.0,219.0,0,4,https://kickbase.b-cdn.net/content/file/a8113275ef93446185b8dd4966df1834.png,34.0,2,7.0,99.0,"[{""hasPlayed"": true, ""points"": 39}, {""hasPlayed"": true, ""points"": 180}]",3,Ismael Saibari,-575855.0,-575855.0,-536396.0,-336634.0,-1452092.0,-420996.0
15502,2,Tim,Binder,1447790.0,,,,,,,4,3,https://kickbase.b-cdn.net/content/file/bd4ad2cb101841eab3aa5641a51ee891.png,0.0,2,,0.0,"[{""hasPlayed"": false, ""points"": null}, {""hasPlayed"": false, ""points"": null}]",5,Tim Binder,-132289.0,-132289.0,-140511.0,-148579.0,-968247.0,947790.0
1664,9,Maximilian,Mittelstädt,27050223.0,146.0,2.0,2.0,2.0,10489.0,292.0,0,2,https://kickbase.b-cdn.net/content/file/eb576d01f97f40aa86c36b009d8502ec.png,7.0,1,10.0,94.0,"[{""hasPlayed"": true, ""points"": 213}, {""hasPlayed"": true, ""points"": 79}]",2,Maximilian Mittelstädt,42439.0,42439.0,73774.0,91412.0,474053.0,-1828229.0
1671,9,Grischa,Prömel,16504358.0,129.0,2.0,2.0,2.0,11468.0,258.0,0,3,https://kickbase.b-cdn.net/content/file/08b903ec758e4ca3be71c96efaf7d324.png,21.0,1,15.0,132.0,"[{""hasPlayed"": true, ""points"": 223}, {""hasPlayed"": true, ""points"": 35}]",2,Grischa Prömel,152816.0,152816.0,198708.0,218826.0,1324343.0,4699583.0
2068,9,Dan-Axel,Zagadou,730388.0,,,,,,,1,2,https://kickbase.b-cdn.net/content/file/b356ec2b4bb34ae28c670dafbe1077c8.png,23.0,2,,0.0,"[{""hasPlayed"": false, ""points"": null}, {""hasPlayed"": false, ""points"": null}]",5,Dan-Axel Zagadou,-51387.0,-51387.0,-64904.0,-95840.0,-684614.0,-3792247.0
2120,9,Nikolas,Nartey,4077323.0,,,,,,,2,3,https://kickbase.b-cdn.net/content/file/2133891e0645414dbdd7c340023656af.png,28.0,2,,0.0,"[{""hasPlayed"": false, ""points"": null}, {""hasPlayed"": false, ""points"": null}]",5,Nikolas Nartey,-77100.0,-77100.0,-66212.0,-79615.0,-613989.0,-2113109.0
2172,9,Chris,Führich,20814726.0,96.0,1.0,1.0,1.0,4251.0,96.0,0,3,https://kickbase.b-cdn.net/content/file/9a804bbfd5e14d84a33ca8e11ba3feb7.png,10.0,1,4.0,67.0,"[{""hasPlayed"": true, ""points"": 96}, {""hasPlayed"": false, ""points"": null}]",3,Chris Führich,-27744.0,-27744.0,11752.0,30782.0,188448.0,-3958589.0
2199,9,Josha,Vagnoman,10561924.0,192.0,2.0,2.0,2.0,11468.0,383.0,0,2,https://kickbase.b-cdn.net/content/file/c0ddab007ad34b48b3efcfa3cb66ef4d.png,4.0,1,36.0,167.0,"[{""hasPlayed"": true, ""points"": 310}, {""hasPlayed"": true, ""points"": 73}]",2,Josha Vagnoman,229596.0,229596.0,259992.0,403123.0,2260302.0,5716327.0
2214,9,Atakan,Karazor,3319102.0,,,,,,,0,3,https://kickbase.b-cdn.net/content/file/219e2119996649e0846de7d6cd41906d.png,16.0,2,,0.0,"[{""hasPlayed"": false, ""points"": null}, {""hasPlayed"": false, ""points"": null}]",4,Atakan Karazor,-93116.0,-93116.0,-99324.0,-109123.0,-716255.0,-5635966.0
2237,9,Fabian,Bredlow,12950173.0,131.0,2.0,2.0,2.0,11468.0,262.0,0,1,https://kickbase.b-cdn.net/content/file/9c66b1c555ae45aea1e62e700f53f3e9.png,1.0,1,20.0,28.0,"[{""hasPlayed"": true, ""points"": 151}, {""hasPlayed"": true, ""points"": 111}]",1,Fabian Bredlow,70345.0,70345.0,106602.0,136331.0,726999.0,5805516.0
2445,9,Marius,Funk,1525225.0,,,,,,,0,1,https://kickbase.b-cdn.net/content/file/0e9c65b96cb040e5bd1a1d2127c167c9.png,33.0,2,,0.0,"[{""hasPlayed"": false, ""points"": null}, {""hasPlayed"": false, ""points"": null}]",5,Marius Funk,-151662.0,-151662.0,-149893.0,-148757.0,-1043748.0,-1977252.0
2694,9,Angelo,Stiller,31284813.0,76.0,2.0,2.0,2.0,10853.0,152.0,0,3,https://kickbase.b-cdn.net/content/file/11b094668fbf453fa70c2bcce7ffa8e8.png,6.0,2,4.0,72.0,"[{""hasPlayed"": true, ""points"": 127}, {""hasPlayed"": true, ""points"": 25}]",1,Angelo Stiller,-461614.0,-461614.0,-505739.0,-536370.0,-3046921.0,-5389276.0
2854,9,Ermedin,Demirović,16666964.0,81.0,2.0,2.0,0.0,3421.0,161.0,0,4,https://kickbase.b-cdn.net/content/file/80dff151ca80494294c4872fe9d6d725.png,9.0,1,9.0,119.0,"[{""hasPlayed"": true, ""points"": 165}, {""hasPlayed"": true, ""points"": -4}]",3,Ermedin Demirović,185431.0,185431.0,143395.0,157063.0,796226.0,-8085480.0
2988,9,Jamie,Leweling,18537102.0,9.0,2.0,2.0,0.0,3435.0,18.0,0,3,https://kickbase.b-cdn.net/content/file/c9e7ad1b174e48d8aaf075b0bc0bb13d.png,18.0,2,0.0,16.0,"[{""hasPlayed"": true, ""points"": 21}, {""hasPlayed"": true, ""points"": -3}]",3,Jamie Leweling,-460131.0,-460131.0,-494628.0,-554294.0,-2931458.0,-8370524.0
3190,9,Jeff,Chabot,23107935.0,94.0,2.0,2.0,2.0,10189.0,187.0,0,2,https://kickbase.b-cdn.net/content/file/ee6e1ec0b942485d99b3293e1c9d42f9.png,24.0,1,8.0,108.0,"[{""hasPlayed"": true, ""points"": 170}, {""hasPlayed"": true, ""points"": 17}]",2,Jeff Chabot,18770.0,18770.0,79601.0,103284.0,369236.0,-2591211.0
3193,9,,Tiago Tomás,6620203.0,35.0,1.0,1.0,1.0,3780.0,35.0,1,4,https://kickbase.b-cdn.net/content/file/bc4ccccad9f44c0fa4e3f4e7a406cb75.png,8.0,2,5.0,24.0,"[{""hasPlayed"": false, ""points"": null}, {""hasPlayed"": true, ""points"": 35}]",5,Tiago Tomás,-374887.0,-374887.0,-382005.0,-371400.0,-2840394.0,1669442.0
4296,9,Dzenan,Pejčinović,11727814.0,44.0,2.0,2.0,2.0,9491.0,87.0,0,4,https://kickbase.b-cdn.net/content/file/dce6b383ea96472faf6e2059c30593a9.png,17.0,1,7.0,55.0,"[{""hasPlayed"": true, ""points"": 93}, {""hasPlayed"": true, ""points"": -6}]",3,Dzenan Pejčinović,-27369.0,-27369.0,67109.0,118364.0,798527.0,8848752.0
4589,9,Justin,Diehl,500000.0,,,,,,,1,4,https://kickbase.b-cdn.net/content/file/30199653f3bb49e4893c86fb81d21361.png,31.0,2,,0.0,"[{""hasPlayed"": false, ""points"": null}, {""hasPlayed"": false, ""points"": null}]",5,Justin Diehl,-3126.0,-3126.0,-59066.0,-73097.0,-694012.0,0.0
6085,9,Dennis,Seimen,5326587.0,,,,,,,4,1,https://kickbase.b-cdn.net/content/file/6d05c64ea8014ede879dd27ed387ef4e.png,41.0,2,,0.0,"[{""hasPlayed"": false, ""points"": null}, {""hasPlayed"": false, ""points"": null}]",5,Dennis Seimen,-210468.0,-210468.0,-190734.0,-174984.0,-951507.0,-1934665.0
7158,9,Deniz,Undav,37236682.0,27.0,2.0,2.0,2.0,8735.0,53.0,0,4,https://kickbase.b-cdn.net/content/file/09b0fa82db54498db93794d443c5dd46.png,26.0,2,1.0,53.0,"[{""hasPlayed"": true, ""points"": 64}, {""hasPlayed"": true, ""points"": -11}]",3,Deniz Undav,-692582.0,-692582.0,-679465.0,-791583.0,-4780923.0,-6376730.0
7257,9,Leonidas,Stergiou,1539570.0,-8.0,1.0,1.0,0.0,1286.0,-8.0,0,2,https://kickbase.b-cdn.net/content/file/5969fcecc82d4c039732fa615901d1b2.png,20.0,2,,5.0,"[{""hasPlayed"": false, ""points"": null}, {""hasPlayed"": true, ""points"": -8}]",4,Leonidas Stergiou,-107083.0,-107083.0,-116043.0,-132851.0,-710441.0,-3623109.0
7349,9,Finn,Jeltsch,16654372.0,100.0,2.0,2.0,2.0,11468.0,200.0,0,2,https://kickbase.b-cdn.net/content/file/256dbc8d5e474b4caea5b04904175a7d.png,29.0,1,12.0,118.0,"[{""hasPlayed"": true, ""points"": 184}, {""hasPlayed"": true, ""points"": 16}]",2,Finn Jeltsch,47526.0,47526.0,87667.0,124502.0,747491.0,4596599.0
7781,9,Leo,Sauer,4442180.0,38.0,1.0,1.0,0.0,985.0,38.0,0,3,https://kickbase.b-cdn.net/content/file/79854e5f8e024f4cac5b935b26f557ef.png,44.0,1,8.0,26.0,"[{""hasPlayed"": true, ""points"": 38}, {""hasPlayed"": false, ""points"": null}]",4,Leo Sauer,254846.0,254846.0,289650.0,316948.0,1271919.0,-3136676.0
8247,9,Ramon,Hendriks,8364417.0,-3.0,2.0,2.0,1.0,6745.0,-5.0,0,2,https://kickbase.b-cdn.net/content/file/105193e4d2f8459290802db43899091e.png,3.0,2,,48.0,"[{""hasPlayed"": true, ""points"": -37}, {""hasPlayed"": true, ""points"": 32}]",3,Ramon Hendriks,-200522.0,-200522.0,-251316.0,-298742.0,-1253287.0,-3476998.0
9615,9,Ameen,Al Dakhil,820678.0,,,,,,,0,2,https://kickbase.b-cdn.net/content/file/4aee2e4168564f5e94d30aa4876c1170.png,2.0,2,,0.0,"[{""hasPlayed"": false, ""points"": null}, {""hasPlayed"": false, ""points"": null}]",4,Ameen Al Dakhil,3870.0,3870.0,-37185.0,-71071.0,-508031.0,-3395889.0
10112,9,Luca,Jaquez,1573739.0,,,,,,,2,2,https://kickbase.b-cdn.net/content/file/723a3008f59f42d2bc35e506cca0cae0.png,14.0,2,,0.0,"[{""hasPlayed"": false, ""points"": null}, {""hasPlayed"": false, ""points"": null}]",5,Luca Jaquez,-72485.0,-72485.0,-73478.0,-91003.0,-632892.0,-3349915.0
11043,9,Lorenz,Assignon,2522246.0,,,,,,,0,2,https://kickbase.b-cdn.net/content/file/9a09f4c605aa4708839026cfa823e807.png,22.0,2,,0.0,"[{""hasPlayed"": false, ""points"": null}, {""hasPlayed"": false, ""points"": null}]",4,Lorenz Assignon,-132503.0,-132503.0,-133309.0,-136227.0,-891006.0,2013335.0
11955,9,Bilal,El Khannouss,19286589.0,85.0,2.0,2.0,1.0,5995.0,169.0,0,3,https://kickbase.b-cdn.net/content/file/5647309665b04428a87e221756ac45de.png,11.0,1,8.0,204.0,"[{""hasPlayed"": true, ""points"": 229}, {""hasPlayed"": true, ""points"": -60}]",2,Bilal El Khannouss,153402.0,153402.0,176910.0,200022.0,885303.0,-6220997.0
859,77,Jan,Gyamerah,6842403.0,72.0,2.0,2.0,2.0,9986.0,144.0,0,2,https://kickbase.b-cdn.net/content/file/605c8e04a1e448d28636a175391a6394.png,30.0,1,21.0,12.0,"[{""hasPlayed"": true, ""points"": 81}, {""hasPlayed"": true, ""points"": 63}]",1,Jan Gyamerah,248264.0,248264.0,246034.0,237549.0,1376476.0,1970736.0
1745,77,Amara,Condé,2244278.0,14.0,1.0,1.0,0.0,483.0,14.0,0,3,https://kickbase.b-cdn.net/content/file/f4a59adaeaa34d489c40d0fc80a957a6.png,6.0,1,6.0,9.0,"[{""hasPlayed"": true, ""points"": 14}, {""hasPlayed"": false, ""points"": null}]",5,Amara Condé,226159.0,226159.0,276132.0,293726.0,1337624.0,-1282980.0
2495,77,Tim,Boss,1226324.0,,,,,,,0,1,https://kickbase.b-cdn.net/content/file/56d626009997411d96ea41f2355a4a62.png,28.0,2,,0.0,"[{""hasPlayed"": false, ""points"": null}, {""hasPlayed"": false, ""points"": null}]",5,Tim Boss,-150572.0,-150572.0,-152903.0,-152816.0,-1039154.0,-3448743.0
2928,77,Lukas Emanuel,Petkov,12160093.0,162.0,2.0,2.0,2.0,11739.0,324.0,0,3,https://kickbase.b-cdn.net/content/file/128565baaabc492cb4552221f5309f70.png,25.0,1,26.0,100.0,"[{""hasPlayed"": true, ""points"": 91}, {""hasPlayed"": true, ""points"": 233}]",1,Lukas Emanuel Petkov,142696.0,142696.0,179768.0,200992.0,1214552.0,654268.0
3026,77,Lasse,Günther,9002601.0,64.0,2.0,2.0,2.0,10489.0,128.0,0,2,https://kickbase.b-cdn.net/content/file/efd54edaa770405ba5107ab4d8e895ec.png,21.0,1,14.0,14.0,"[{""hasPlayed"": true, ""points"": 54}, {""hasPlayed"": true, ""points"": 74}]",2,Lasse Günther,185100.0,185100.0,226033.0,207726.0,1044873.0,379874.0
3232,77,Luca,Pfeiffer,1253524.0,,,,,,,0,4,https://kickbase.b-cdn.net/content/file/31027969e84a49f6955ebbed0c02920c.png,16.0,2,,0.0,"[{""hasPlayed"": false, ""points"": null}, {""hasPlayed"": false, ""points"": null}]",5,Luca Pfeiffer,-109153.0,-109153.0,-131802.0,-136298.0,-903571.0,-4456755.0
3284,77,Maximilian,Rohr,10771729.0,101.0,2.0,2.0,2.0,10884.0,202.0,0,2,https://kickbase.b-cdn.net/content/file/42996bfe19eb43e8ab7a10cabb206982.png,31.0,1,18.0,19.0,"[{""hasPlayed"": true, ""points"": 115}, {""hasPlayed"": true, ""points"": 87}]",1,Maximilian Rohr,98799.0,98799.0,164160.0,193125.0,1120214.0,178827.0
3350,77,Felix,Keidel,9297250.0,125.0,2.0,2.0,2.0,11739.0,250.0,0,2,https://kickbase.b-cdn.net/content/file/d6f20538ad104c5cb3d4ba7d427f874d.png,43.0,1,26.0,83.0,"[{""hasPlayed"": true, ""points"": 184}, {""hasPlayed"": true, ""points"": 66}]",1,Felix Keidel,94489.0,94489.0,169149.0,223774.0,1004877.0,6092873.0
6148,77,Lukas,Pinckert,10804186.0,136.0,2.0,2.0,2.0,11739.0,272.0,0,2,https://kickbase.b-cdn.net/content/file/4f8f4bead9d74021b33b2641418a1631.png,19.0,1,25.0,33.0,"[{""hasPlayed"": true, ""points"": 160}, {""hasPlayed"": true, ""points"": 112}]",1,Lukas Pinckert,166810.0,166810.0,203653.0,222539.0,1601587.0,1853704.0
6149,77,Frank,Lehmann,500000.0,,,,,,,0,1,https://kickbase.b-cdn.net/content/file/d396d4eb04c8406a99e09a3ad8cbd7d5.png,1.0,0,,0.0,"[{""hasPlayed"": false, ""points"": null}, {""hasPlayed"": false, ""points"": null}]",5,Frank Lehmann,0.0,0.0,0.0,0.0,0.0,-1753759.0
6158,77,Luca,Schnellbacher,3595683.0,15.0,1.0,1.0,0.0,1273.0,15.0,0,4,https://kickbase.b-cdn.net/content/file/082f309a17cb4c1b99372df2de90cc87.png,24.0,2,4.0,10.0,"[{""hasPlayed"": false, ""points"": null}, {""hasPlayed"": true, ""points"": 15}]",5,Luca Schnellbacher,-134920.0,-134920.0,-138450.0,-145298.0,-932999.0,1287255.0
6160,77,Nicolas,Kristof,12023234.0,94.0,2.0,2.0,2.0,11739.0,188.0,0,1,https://kickbase.b-cdn.net/content/file/e88c0be37ac84419974461264ed59e68.png,20.0,1,15.0,15.0,"[{""hasPlayed"": true, ""points"": 105}, {""hasPlayed"": true, ""points"": 83}]",1,Nicolas Kristof,-4930.0,-4930.0,7087.0,19840.0,-403425.0,232715.0
6183,77,Noel,Futkeu,7302423.0,122.0,1.0,1.0,0.0,1252.0,122.0,0,4,https://kickbase.b-cdn.net/content/file/dfbdf3f14b144658845ce17d14108e74.png,9.0,1,16.0,86.0,"[{""hasPlayed"": true, ""points"": 122}, {""hasPlayed"": false, ""points"": null}]",5,Noel Futkeu,131694.0,131694.0,188302.0,156803.0,149540.0,-1843504.0
7278,77,Lukasz,Poreba,9202258.0,91.0,2.0,2.0,2.0,11739.0,182.0,0,3,https://kickbase.b-cdn.net/content/file/e041a72fb7e245b5935420398b495e80.png,8.0,1,19.0,22.0,"[{""hasPlayed"": true, ""points"": 107}, {""hasPlayed"": true, ""points"": 75}]",1,Lukasz Poreba,218024.0,218024.0,244781.0,266964.0,1172638.0,484648.0
7441,77,Cole,Campbell,10408610.0,84.0,2.0,2.0,2.0,7974.0,168.0,0,3,https://kickbase.b-cdn.net/content/file/669458754d454557bed29bb138f25294.png,39.0,1,16.0,84.0,"[{""hasPlayed"": true, ""points"": 24}, {""hasPlayed"": true, ""points"": 144}]",2,Cole Campbell,-96238.0,-96238.0,91686.0,182315.0,1295795.0,5954042.0
7463,77,Francis,Onyeka,10853057.0,108.0,2.0,2.0,2.0,8591.0,215.0,0,3,https://kickbase.b-cdn.net/content/file/1a2f3b7f876a41d09094a01b0c8e60e6.png,40.0,1,19.0,44.0,"[{""hasPlayed"": true, ""points"": 76}, {""hasPlayed"": true, ""points"": 139}]",2,Francis Onyeka,128587.0,128587.0,180748.0,226668.0,1811892.0,161882.0
7514,77,Florian,Le Joncour,2413687.0,20.0,1.0,1.0,0.0,855.0,20.0,0,2,https://kickbase.b-cdn.net/content/file/bd59eb88ca624feda29aaaea681b7e05.png,3.0,1,8.0,14.0,"[{""hasPlayed"": false, ""points"": null}, {""hasPlayed"": true, ""points"": 20}]",5,Florian Le Joncour,220967.0,220967.0,273595.0,295236.0,1338118.0,-1191685.0
8252,77,Maurice,Krattenmacher,4151037.0,144.0,2.0,2.0,0.0,3763.0,288.0,0,3,https://kickbase.b-cdn.net/content/file/9ba6541c944d41ee80df738763e91701.png,7.0,1,69.0,185.0,"[{""hasPlayed"": true, ""points"": 275}, {""hasPlayed"": true, ""points"": 13}]",4,Maurice Krattenmacher,449803.0,449803.0,414900.0,439299.0,2529406.0,192035.0
8296,77,Frederik,Schmahl,2150295.0,,,,,,,0,3,https://kickbase.b-cdn.net/content/file/4fee028433d344a29b6c94e9ee65fa19.png,17.0,2,,0.0,"[{""hasPlayed"": false, ""points"": null}, {""hasPlayed"": false, ""points"": null}]",5,Frederik Schmahl,-130906.0,-130906.0,-139428.0,-147073.0,-973337.0,-1251673.0
8301,77,Luca,Sirch,2520878.0,18.0,2.0,2.0,0.0,1752.0,35.0,0,2,https://kickbase.b-cdn.net/content/file/90e50e09e0d6425aa1c094d337ea2d95.png,26.0,2,13.0,10.0,"[{""hasPlayed"": true, ""points"": 25}, {""hasPlayed"": true, ""points"": 10}]",4,Luca Sirch,-115755.0,-115755.0,-127315.0,-131193.0,-816400.0,-3488347.0
9224,77,Tom,Zimmerschied,1377229.0,,,,,,,2,3,https://kickbase.b-cdn.net/content/file/9f0800bc0d18427ebfd3b4a9089dd165.png,29.0,2,,0.0,"[{""hasPlayed"": false, ""points"": null}, {""hasPlayed"": false, ""points"": null}]",5,Tom Zimmerschied,-99359.0,-99359.0,-104812.0,-111684.0,-789204.0,-5059595.0
9384,77,Noah,Darvich,4089019.0,12.0,1.0,1.0,0.0,1895.0,12.0,0,3,https://kickbase.b-cdn.net/content/file/a152e089e0e747c58731e76c4f5b58e2.png,10.0,2,2.0,8.0,"[{""hasPlayed"": false, ""points"": null}, {""hasPlayed"": true, ""points"": 12}]",5,Noah Darvich,-126577.0,-126577.0,-126237.0,-132380.0,-1202185.0,-1439505.0
9995,77,David,Mokwa,7619609.0,149.0,2.0,2.0,2.0,9981.0,298.0,0,4,https://kickbase.b-cdn.net/content/file/f876a96f8bbc45c9801216e1a536b532.png,42.0,1,39.0,1.0,"[{""hasPlayed"": true, ""points"": 150}, {""hasPlayed"": true, ""points"": 148}]",1,David Mokwa,368128.0,368128.0,403836.0,424976.0,2784223.0,3580267.0
11253,77,Nicholas,Mickelson,3012151.0,58.0,1.0,1.0,0.0,1249.0,58.0,0,2,https://kickbase.b-cdn.net/content/file/f16357c0983747ef91bacb8d05cc8499.png,2.0,2,19.0,41.0,"[{""hasPlayed"": true, ""points"": 58}, {""hasPlayed"": false, ""points"": null}]",4,Nicholas Mickelson,-116255.0,-116255.0,-120564.0,-124148.0,-866867.0,2184250.0
12317,77,Raif,Adam,2455659.0,,,,,,,0,4,https://kickbase.b-cdn.net/content/file/47b81129a6b9411b92255354f3e36834.png,15.0,2,,0.0,"[{""hasPlayed"": false, ""points"": null}, {""hasPlayed"": false, ""points"": null}]",5,Raif Adam,-143108.0,-143108.0,-150298.0,-143288.0,-964889.0,-1491531.0
4,7,Janis,Blaswich,1566106.0,,,,,,,0,1,https://kickbase.b-cdn.net/content/file/d17035064d4a480484cb35d2dab54e46.png,28.0,2,,0.0,"[{""hasPlayed"": false, ""points"": null}, {""hasPlayed"": false, ""points"": null}]",5,Janis Blaswich,-136791.0,-136791.0,-137054.0,-146250.0,-1087811.0,-313227.0
72,7,Mark,Flekken,13848906.0,83.0,2.0,2.0,2.0,11543.0,165.0,0,1,https://kickbase.b-cdn.net/content/file/98ea8901b970421b88f6a41a3137142f.png,1.0,2,11.0,50.0,"[{""hasPlayed"": true, ""points"": 118}, {""hasPlayed"": true, ""points"": 47}]",1,Mark Flekken,-45046.0,-45046.0,4797.0,9265.0,-608076.0,-28904.0
78,7,Jonas,Hofmann,4982644.0,43.0,1.0,1.0,0.0,1881.0,43.0,0,3,https://kickbase.b-cdn.net/content/file/328114051c1e42df84e2a6ac3e93cf42.png,7.0,1,8.0,30.0,"[{""hasPlayed"": false, ""points"": null}, {""hasPlayed"": true, ""points"": 43}]",5,Jonas Hofmann,250098.0,250098.0,323231.0,366752.0,2070528.0,2826762.0
663,7,Robert,Andrich,3881309.0,38.0,1.0,1.0,0.0,1366.0,38.0,0,2,https://kickbase.b-cdn.net/content/file/0cdcdb27004443c09d112462f32ace2c.png,8.0,2,9.0,26.0,"[{""hasPlayed"": true, ""points"": 38}, {""hasPlayed"": false, ""points"": null}]",5,Robert Andrich,-70709.0,-70709.0,-69033.0,-60826.0,-508658.0,-6196933.0
2661,7,Moussa,Diaby,24018754.0,47.0,1.0,1.0,0.0,1570.0,47.0,0,4,https://kickbase.b-cdn.net/content/file/62cedf2a843f49b496969fb2c21fc150.png,19.0,2,1.0,,"[{""hasPlayed"": true, ""points"": 47}, {""hasPlayed"": false, ""points"": null}]",3,Moussa Diaby,-495628.0,-495628.0,-634022.0,-351225.0,-1548514.0,-14121802.0
2746,7,Patrik,Schick,30205699.0,189.0,2.0,2.0,2.0,9970.0,377.0,0,4,https://kickbase.b-cdn.net/content/file/9f0daa3f23514ac7a72c46ba81396a95.png,14.0,1,12.0,75.0,"[{""hasPlayed"": true, ""points"": 242}, {""hasPlayed"": true, ""points"": 135}]",1,Patrik Schick,62335.0,62335.0,80519.0,93373.0,451780.0,1136080.0
2783,7,Edmond,Tapsoba,25919038.0,51.0,2.0,2.0,2.0,11543.0,101.0,0,2,https://kickbase.b-cdn.net/content/file/21031db97a054165806a98d2f0c0d73b.png,12.0,2,3.0,108.0,"[{""hasPlayed"": true, ""points"": 127}, {""hasPlayed"": true, ""points"": -26}]",1,Edmond Tapsoba,-546667.0,-546667.0,-562425.0,-551068.0,-3449910.0,-5978354.0
2846,7,Malik,Tillman,13877582.0,86.0,2.0,2.0,2.0,8092.0,172.0,0,3,https://kickbase.b-cdn.net/content/file/04966a0af0e2477db734c91fdd98d4e1.png,10.0,2,12.0,16.0,"[{""hasPlayed"": true, ""points"": 98}, {""hasPlayed"": true, ""points"": 74}]",3,Malik Tillman,-496986.0,-496986.0,-437999.0,-314751.0,-1580917.0,-1053144.0
3754,7,Lucas,Vázquez,5617213.0,11.0,2.0,2.0,1.0,4031.0,22.0,0,2,https://kickbase.b-cdn.net/content/file/1636c5905fe44210aa3526352673cb13.png,17.0,2,3.0,24.0,"[{""hasPlayed"": true, ""points"": 28}, {""hasPlayed"": true, ""points"": -6}]",4,Lucas Vázquez,-373726.0,-373726.0,-365227.0,-386249.0,-2417297.0,2364848.0
3759,7,Miguel,Gutiérrez,22938817.0,199.0,2.0,2.0,2.0,10910.0,397.0,0,2,https://kickbase.b-cdn.net/content/file/e1b364b32dcc44539649cf1c88d0eba9.png,3.0,1,17.0,115.0,"[{""hasPlayed"": true, ""points"": 280}, {""hasPlayed"": true, ""points"": 117}]",1,Miguel Gutiérrez,145827.0,145827.0,160114.0,176348.0,898123.0,4654624.0
4199,7,Aleix,García,38779739.0,165.0,2.0,2.0,2.0,11543.0,329.0,0,3,https://kickbase.b-cdn.net/content/file/3de0ab19c54f4523a5bf21f686259db0.png,24.0,1,8.0,94.0,"[{""hasPlayed"": true, ""points"": 231}, {""hasPlayed"": true, ""points"": 98}]",1,Aleix García,2930.0,2930.0,13636.0,2965.0,-400202.0,1236233.0
4318,7,Tim,Oermann,2390873.0,,,,,,,0,2,https://kickbase.b-cdn.net/content/file/b9857e88faaf4de1a3450f6301c5448e.png,15.0,2,,0.0,"[{""hasPlayed"": false, ""points"": null}, {""hasPlayed"": false, ""points"": null}]",5,Tim Oermann,-133297.0,-133297.0,-142854.0,-147576.0,-940723.0,-1845504.0
4563,7,Loïc,Badé,9036507.0,35.0,2.0,2.0,1.0,4765.0,70.0,0,2,https://kickbase.b-cdn.net/content/file/80f11505e8d445ae827aefe485b1c4c7.png,5.0,2,7.0,7.0,"[{""hasPlayed"": true, ""points"": 40}, {""hasPlayed"": true, ""points"": 30}]",4,Loïc Badé,-340866.0,-340866.0,-354848.0,-621383.0,-3719849.0,-5210078.0
6061,7,Ibrahim,Maza,30614100.0,213.0,2.0,2.0,2.0,11543.0,426.0,0,3,https://kickbase.b-cdn.net/content/file/7ff9728d20544b96a1fe698af86f9f2f.png,30.0,1,13.0,149.0,"[{""hasPlayed"": true, ""points"": 319}, {""hasPlayed"": true, ""points"": 107}]",1,Ibrahim Maza,68386.0,68386.0,77980.0,71076.0,319336.0,1717973.0
6745,7,Victor,Boniface,4258790.0,43.0,1.0,1.0,0.0,667.0,43.0,0,4,https://kickbase.b-cdn.net/content/file/f5f3d11be23443cb9e4c8c472288e093.png,22.0,2,10.0,30.0,"[{""hasPlayed"": false, ""points"": null}, {""hasPlayed"": true, ""points"": 43}]",5,Victor Boniface,-102898.0,-102898.0,-111670.0,-116671.0,-604103.0,-490215.0
7269,7,Nathan,Tella,4246191.0,,,,,,,2,3,https://kickbase.b-cdn.net/content/file/e0df07546d38465080767efd17a0898e.png,23.0,2,,0.0,"[{""hasPlayed"": false, ""points"": null}, {""hasPlayed"": false, ""points"": null}]",5,Nathan Tella,-133838.0,-133838.0,-124001.0,-128043.0,-1377329.0,-4267580.0
7963,7,Jarell,Quansah,17472528.0,124.0,2.0,2.0,1.0,8154.0,247.0,0,2,https://kickbase.b-cdn.net/content/file/c1361cbb456a4b23a8e3d178290141cd.png,4.0,1,14.0,103.0,"[{""hasPlayed"": true, ""points"": 197}, {""hasPlayed"": true, ""points"": 50}]",2,Jarell Quansah,170180.0,170180.0,179537.0,191785.0,293611.0,-3948485.0
8374,7,Martin,Terrier,1337896.0,,,,,,,0,4,https://kickbase.b-cdn.net/content/file/039e1528fe214c32ad0653b911ea944e.png,11.0,1,,0.0,"[{""hasPlayed"": false, ""points"": null}, {""hasPlayed"": false, ""points"": null}]",5,Martin Terrier,233649.0,233649.0,155625.0,47852.0,268474.0,-1883987.0
11513,7,Christian,Kofane,10411869.0,74.0,2.0,2.0,0.0,4066.0,148.0,0,4,https://kickbase.b-cdn.net/content/file/ce8356c51b154a87a40a56f723f2e3e3.png,35.0,1,14.0,49.0,"[{""hasPlayed"": true, ""points"": 39}, {""hasPlayed"": true, ""points"": 109}]",5,Christian Kofane,-91432.0,-91432.0,65407.0,128321.0,809641.0,-912354.0
11680,7,Kennet,Eichhorn,2295711.0,,,,,,,1,3,https://kickbase.b-cdn.net/content/file/ceafc42e35aa446595952bcbdf873954.png,18.0,2,,0.0,"[{""hasPlayed"": false, ""points"": null}, {""hasPlayed"": false, ""points"": null}]",5,Kennet Eichhorn,-120964.0,-120964.0,-120855.0,-124787.0,-858260.0,-5299114.0
11756,7,Montrell,Culbreath,1393670.0,,,,,,,4,3,https://kickbase.b-cdn.net/content/file/43c4c26e99f3442ab58db3d049e5f1ae.png,42.0,2,,0.0,"[{""hasPlayed"": false, ""points"": null}, {""hasPlayed"": false, ""points"": null}]",5,Montrell Culbreath,-87139.0,-87139.0,-94798.0,-105876.0,-721661.0,-4082676.0
11956,7,Ezequiél,Fernández,11550806.0,134.0,2.0,2.0,2.0,7676.0,267.0,0,3,https://kickbase.b-cdn.net/content/file/2c37f7daf46f4c9693ffa9ef33ff980b.png,6.0,1,23.0,133.0,"[{""hasPlayed"": true, ""points"": 228}, {""hasPlayed"": true, ""points"": 39}]",2,Ezequiél Fernández,157168.0,157168.0,175452.0,193373.0,823117.0,7895364.0
11957,7,Eliesse,Ben Seghir,4088704.0,,,,,,,0,3,https://kickbase.b-cdn.net/content/file/83c0ccd07e1e42d0ac339779564cd1f4.png,17.0,1,,0.0,"[{""hasPlayed"": false, ""points"": null}, {""hasPlayed"": false, ""points"": null}]",5,Eliesse Ben Seghir,310754.0,310754.0,312550.0,241935.0,1393101.0,1687667.0
13888,7,Guéla,Doué,15035068.0,,,,,,,0,2,https://kickbase.b-cdn.net/content/file/812bc3c9b83245c09d36a46dd5b0b56b.png,0.0,2,,,"[{""hasPlayed"": false, ""points"": null}, {""hasPlayed"": false, ""points"": null}]",4,Guéla Doué,-594336.0,-594336.0,-615767.0,-682573.0,-3497717.0,15035068.0
14241,7,Facundo,Medina,10472103.0,128.0,2.0,2.0,1.0,6771.0,256.0,0,2,https://kickbase.b-cdn.net/content/file/a59d86f8dc644a43babfe89f615d199f.png,2.0,1,24.0,151.0,"[{""hasPlayed"": true, ""points"": 235}, {""hasPlayed"": true, ""points"": 21}]",2,Facundo Medina,245304.0,245304.0,356322.0,379620.0,1912344.0,10472103.0
15199,7,Afonso,Moreira,22662664.0,68.0,2.0,2.0,2.0,10875.0,135.0,0,4,https://kickbase.b-cdn.net/content/file/91b4b5c394a1464f98589ffa59af5aec.png,9.0,2,5.0,88.0,"[{""hasPlayed"": true, ""points"": 130}, {""hasPlayed"": true, ""points"": 5}]",2,Afonso Moreira,-437534.0,-437534.0,-361216.0,-417255.0,-1991770.0,1471535.0
417,28,Ron-Robert,Zieler,500000.0,,,,,,,0,1,https://kickbase.b-cdn.net/content/file/87bb56a22db74cfd99e639824b703f30.png,20.0,0,,0.0,"[{""hasPlayed"": false, ""points"": null}, {""hasPlayed"": false, ""points"": null}]",5,Ron-Robert Zieler,0.0,0.0,0.0,0.0,-39887.0,-1919230.0
737,28,Luca,Waldschmidt,2497581.0,,,,,,,0,3,https://kickbase.b-cdn.net/content/file/c6c99717a5834cacbb3161877ca3f29f.png,7.0,2,,0.0,"[{""hasPlayed"": false, ""points"": null}, {""hasPlayed"": false, ""points"": null}]",5,Luca Waldschmidt,-118603.0,-118603.0,-129181.0,-132810.0,-867879.0,-1539623.0
1580,28,Marvin,Schwäbe,15844170.0,143.0,2.0,2.0,2.0,11507.0,285.0,0,1,https://kickbase.b-cdn.net/content/file/2708fddc28474a2299885f3eb69be6bc.png,1.0,1,17.0,47.0,"[{""hasPlayed"": true, ""points"": 109}, {""hasPlayed"": true, ""points"": 176}]",1,Marvin Schwäbe,13725.0,13725.0,42854.0,66423.0,256574.0,2491640.0
2069,28,Timo,Hübers,1793827.0,,,,,,,4,2,https://kickbase.b-cdn.net/content/file/6dbad3a67b1c4ffa892f8bef224e9f85.png,4.0,1,,0.0,"[{""hasPlayed"": false, ""points"": null}, {""hasPlayed"": false, ""points"": null}]",5,Timo Hübers,209197.0,209197.0,234401.0,251452.0,971636.0,-1393573.0
2201,28,Linton,Maina,8207714.0,66.0,2.0,2.0,1.0,6346.0,131.0,0,4,https://kickbase.b-cdn.net/content/file/54aad91024e84cf59b75e3c363775d71.png,37.0,1,15.0,47.0,"[{""hasPlayed"": true, ""points"": 32}, {""hasPlayed"": true, ""points"": 99}]",4,Linton Maina,44644.0,44644.0,160433.0,204893.0,872209.0,3909505.0
2247,28,Borna,Sosa,5677134.0,,,,,,,0,2,https://kickbase.b-cdn.net/content/file/f8cf530ad652442a9688c49f058e3a8a.png,0.0,1,,,"[{""hasPlayed"": false, ""points"": null}, {""hasPlayed"": false, ""points"": null}]",5,Borna Sosa,72322.0,72322.0,178675.0,239273.0,1161034.0,-9833234.0
2358,28,Tom,Krauß,7949571.0,59.0,2.0,2.0,2.0,10881.0,118.0,0,3,https://kickbase.b-cdn.net/content/file/55c214adfaba4a839c1bb19ad5a5f8ed.png,5.0,2,14.0,21.0,"[{""hasPlayed"": true, ""points"": 44}, {""hasPlayed"": true, ""points"": 74}]",2,Tom Krauß,-169831.0,-169831.0,-195189.0,-205674.0,-1335315.0,409889.0
2536,28,Matthias,Köbbing,500000.0,,,,,,,0,1,https://kickbase.b-cdn.net/content/file/d7d4847201364186986efefd11b55766.png,44.0,0,,0.0,"[{""hasPlayed"": false, ""points"": null}, {""hasPlayed"": false, ""points"": null}]",5,Matthias Köbbing,0.0,0.0,0.0,0.0,0.0,0.0
2552,28,Marius,Bülter,4679814.0,17.0,2.0,2.0,0.0,1548.0,33.0,0,4,https://kickbase.b-cdn.net/content/file/020abec0763842a7af00f1ec5aafeea4.png,30.0,2,7.0,3.0,"[{""hasPlayed"": true, ""points"": 14}, {""hasPlayed"": true, ""points"": 19}]",4,Marius Bülter,-322394.0,-322394.0,-325954.0,-335291.0,-2006409.0,-665995.0
2718,28,Ellyes,Skhiri,7833347.0,26.0,2.0,2.0,0.0,4784.0,52.0,0,3,https://kickbase.b-cdn.net/content/file/1274d4acfc8845a789f74d858afe1168.png,6.0,1,6.0,28.0,"[{""hasPlayed"": true, ""points"": 6}, {""hasPlayed"": true, ""points"": 46}]",3,Ellyes Skhiri,66684.0,66684.0,110314.0,112817.0,546783.0,4279116.0
2765,28,Jan,Thielmann,5909962.0,50.0,2.0,2.0,2.0,8564.0,99.0,0,3,https://kickbase.b-cdn.net/content/file/bae198375c644308ba2bff1d0f3f0569.png,29.0,2,16.0,45.0,"[{""hasPlayed"": true, ""points"": 17}, {""hasPlayed"": true, ""points"": 82}]",4,Jan Thielmann,-260473.0,-260473.0,-249298.0,-64713.0,-237520.0,842629.0
2855,28,Ragnar,Ache,13652487.0,61.0,2.0,2.0,2.0,8510.0,121.0,0,4,https://kickbase.b-cdn.net/content/file/659aab812d23451ba8e47f520a7d0754.png,9.0,2,8.0,43.0,"[{""hasPlayed"": true, ""points"": 30}, {""hasPlayed"": true, ""points"": 91}]",1,Ragnar Ache,-236386.0,-236386.0,-341645.0,-441324.0,-1954261.0,1045618.0
7219,28,Ísak,Jóhannesson,11642498.0,94.0,2.0,2.0,2.0,11507.0,187.0,0,3,https://kickbase.b-cdn.net/content/file/2922eb48335343ccb79b49b03af03818.png,8.0,1,16.0,105.0,"[{""hasPlayed"": true, ""points"": 19}, {""hasPlayed"": true, ""points"": 168}]",1,Ísak Jóhannesson,3563.0,3563.0,18543.0,98730.0,631034.0,4168485.0
8001,28,Luka,Lochoshvili,10902059.0,76.0,2.0,2.0,2.0,11507.0,152.0,0,2,https://kickbase.b-cdn.net/content/file/f6faf6be6d674e898fbfa189b9c2ad5c.png,24.0,1,13.0,63.0,"[{""hasPlayed"": true, ""points"": 31}, {""hasPlayed"": true, ""points"": 121}]",2,Luka Lochoshvili,-10146.0,-10146.0,8615.0,13250.0,247891.0,2409040.0
8274,28,Said,El Mala,25178580.0,143.0,1.0,1.0,1.0,3976.0,143.0,2,3,https://kickbase.b-cdn.net/content/file/f56e6d60e40c49189c830fb4ff65d4bf.png,10.0,2,5.0,101.0,"[{""hasPlayed"": false, ""points"": null}, {""hasPlayed"": true, ""points"": 143}]",2,Said El Mala,-77163.0,-77163.0,-25066.0,8612.0,-918818.0,-194502.0
10024,28,Joël,Schmied,2051649.0,20.0,1.0,1.0,0.0,185.0,20.0,0,2,https://kickbase.b-cdn.net/content/file/312960f02c6e4acab4db65b9c63eaf01.png,2.0,1,9.0,14.0,"[{""hasPlayed"": false, ""points"": null}, {""hasPlayed"": true, ""points"": 20}]",4,Joël Schmied,217282.0,217282.0,241164.0,234008.0,865519.0,-1573149.0
11570,28,Sebastian,Sebulonsen,1352181.0,,,,,,,0,2,https://kickbase.b-cdn.net/content/file/0f9cbbaaccb148a6ad251ba707b4f099.png,28.0,2,,0.0,"[{""hasPlayed"": false, ""points"": null}, {""hasPlayed"": false, ""points"": null}]",4,Sebastian Sebulonsen,-40559.0,-40559.0,-50746.0,-60233.0,-537368.0,-4194971.0
11875,28,Rav,van den Berg,909317.0,,,,,,,0,2,https://kickbase.b-cdn.net/content/file/0825c755c7df4f7ba70b3f8922154f99.png,33.0,2,,0.0,"[{""hasPlayed"": false, ""points"": null}, {""hasPlayed"": false, ""points"": null}]",4,Rav van den Berg,-19967.0,-19967.0,-47483.0,-88805.0,-453773.0,-2795817.0
11958,28,Alessio,Castro-Montes,8119904.0,57.0,2.0,2.0,2.0,11322.0,114.0,2,3,https://kickbase.b-cdn.net/content/file/4df59c76b9024563892682f996043056.png,17.0,2,14.0,8.0,"[{""hasPlayed"": true, ""points"": 51}, {""hasPlayed"": true, ""points"": 63}]",2,Alessio Castro-Montes,-377743.0,-377743.0,-387787.0,-376436.0,-1947765.0,4859534.0
12321,28,Jahmai,Simpson-Pusey,9827549.0,71.0,2.0,2.0,2.0,11507.0,141.0,0,2,https://kickbase.b-cdn.net/content/file/f83f61dc46de468bb38cb6a9d9f51205.png,22.0,2,14.0,12.0,"[{""hasPlayed"": true, ""points"": 79}, {""hasPlayed"": true, ""points"": 62}]",1,Jahmai Simpson-Pusey,-100681.0,-100681.0,-212276.0,-232763.0,-1422155.0,-634082.0
14140,28,Gideon,Mensah,9877518.0,63.0,2.0,2.0,2.0,11507.0,126.0,0,2,https://kickbase.b-cdn.net/content/file/6cf365776d1d461fac56322c9e84e7ab.png,14.0,1,12.0,33.0,"[{""hasPlayed"": true, ""points"": 39}, {""hasPlayed"": true, ""points"": 87}]",1,Gideon Mensah,68603.0,68603.0,25988.0,-28697.0,-258885.0,985729.0
14300,28,Paul,Okon-Engstler,4227575.0,37.0,2.0,2.0,2.0,6747.0,74.0,0,3,https://kickbase.b-cdn.net/content/file/cfde74fcc93247699da56f08049928c0.png,23.0,2,17.0,25.0,"[{""hasPlayed"": true, ""points"": 19}, {""hasPlayed"": true, ""points"": 55}]",3,Paul Okon-Engstler,-71051.0,-71051.0,-85905.0,-69479.0,-135260.0,1165002.0
15373,28,Reigan,Heskey,3306995.0,-8.0,1.0,1.0,0.0,1185.0,-8.0,0,3,https://kickbase.b-cdn.net/content/file/4ceda4e80b804183b8af45a55f8bbb24.png,11.0,2,,5.0,"[{""hasPlayed"": true, ""points"": -8}, {""hasPlayed"": false, ""points"": null}]",5,Reigan Heskey,-129226.0,-129226.0,-135431.0,-133590.0,-865195.0,-5923924.0
16945,28,Thijs,Dallinga,8696827.0,240.0,1.0,1.0,0.0,1810.0,240.0,0,4,https://kickbase.b-cdn.net/content/file/fab92b426a354aacae1fe7f26e0e6ab0.png,27.0,1,27.0,169.0,"[{""hasPlayed"": false, ""points"": null}, {""hasPlayed"": true, ""points"": 240}]",5,Thijs Dallinga,211797.0,211797.0,230750.0,271520.0,1106054.0,8696827.0
17282,28,Mikey,Moore,11714237.0,36.0,1.0,1.0,0.0,2967.0,36.0,0,3,https://kickbase.b-cdn.net/content/file/7f5524d22efb4465a313919dd3014114.png,0.0,1,3.0,,"[{""hasPlayed"": true, ""points"": 36}, {""hasPlayed"": false, ""points"": null}]",2,Mikey Moore,99083.0,99083.0,144330.0,166039.0,875724.0,11714237.0
524,14,Oliver,Baumann,16400011.0,102.0,2.0,2.0,2.0,11756.0,203.0,0,1,https://kickbase.b-cdn.net/content/file/6e2c878756924da4a6fa4c11b8e4480c.png,1.0,2,12.0,38.0,"[{""hasPlayed"": true, ""points"": 74}, {""hasPlayed"": true, ""points"": 129}]",1,Oliver Baumann,-142973.0,-142973.0,-48699.0,-76952.0,-1029150.0,-3735677.0
1815,14,Andrej,Kramarić,11405093.0,-13.0,2.0,2.0,0.0,1881.0,-26.0,0,3,https://kickbase.b-cdn.net/content/file/26cffab4e6be4195a3d2817f15c60ee2.png,27.0,2,,14.0,"[{""hasPlayed"": true, ""points"": -23}, {""hasPlayed"": true, ""points"": -3}]",3,Andrej Kramarić,-376874.0,-376874.0,-389144.0,-383720.0,-2886446.0,-11490805.0
1954,14,,Bernardo,5276424.0,62.0,1.0,1.0,1.0,3268.0,62.0,0,2,https://kickbase.b-cdn.net/content/file/2e01b620f1354d0f9383cc0003c49d97.png,13.0,2,11.0,43.0,"[{""hasPlayed"": false, ""points"": null}, {""hasPlayed"": true, ""points"": 62}]",4,Bernardo,-294307.0,-294307.0,-321163.0,-322623.0,-1879678.0,-5156204.0
2373,14,Ozan,Kabak,23721336.0,134.0,2.0,2.0,2.0,10729.0,267.0,0,2,https://kickbase.b-cdn.net/content/file/61c84298d75b4e86b4f46a133f91f33d.png,5.0,1,11.0,95.0,"[{""hasPlayed"": true, ""points"": 66}, {""hasPlayed"": true, ""points"": 201}]",1,Ozan Kabak,-12936.0,-12936.0,11935.0,35262.0,265371.0,3384824.0
2803,14,Tim,Lemperle,12466258.0,128.0,1.0,1.0,1.0,5210.0,128.0,0,4,https://kickbase.b-cdn.net/content/file/531648f7c8e7446883243fb819e94d82.png,19.0,1,10.0,90.0,"[{""hasPlayed"": true, ""points"": 128}, {""hasPlayed"": false, ""points"": null}]",1,Tim Lemperle,223479.0,223479.0,229842.0,213955.0,1426728.0,292828.0
2852,14,Luca,Philipp,500000.0,,,,,,,0,1,https://kickbase.b-cdn.net/content/file/e45a165d68934e8e8a2bbc33ecbbbc96.png,37.0,0,,0.0,"[{""hasPlayed"": false, ""points"": null}, {""hasPlayed"": false, ""points"": null}]",5,Luca Philipp,0.0,0.0,0.0,0.0,0.0,0.0
3124,14,Patrick,Wimmer,8769944.0,44.0,2.0,2.0,2.0,8894.0,88.0,0,3,https://kickbase.b-cdn.net/content/file/a1e6985ea5b8487ca2db9c16a66eafe7.png,8.0,2,10.0,45.0,"[{""hasPlayed"": true, ""points"": 12}, {""hasPlayed"": true, ""points"": 76}]",3,Patrick Wimmer,-208739.0,-208739.0,-233790.0,-303837.0,-1799909.0,104871.0
3158,14,Fisnik,Asllani,15984025.0,,,,,,,2,4,https://kickbase.b-cdn.net/content/file/61214fe54f31411ea068f8fb8b3c1e49.png,11.0,2,,0.0,"[{""hasPlayed"": false, ""points"": null}, {""hasPlayed"": false, ""points"": null}]",5,Fisnik Asllani,-520521.0,-520521.0,-496948.0,-419071.0,-3234346.0,-10676304.0
3204,14,Bambasé,Conté,10259492.0,47.0,2.0,2.0,1.0,7169.0,94.0,0,4,https://kickbase.b-cdn.net/content/file/fa595ccc62ce4fdeafca00ccfc95088b.png,20.0,1,9.0,83.0,"[{""hasPlayed"": true, ""points"": -12}, {""hasPlayed"": true, ""points"": 106}]",3,Bambasé Conté,22048.0,22048.0,141382.0,239900.0,1060524.0,-607425.0
3471,14,Adam,Hložek,8139855.0,33.0,2.0,2.0,2.0,7858.0,66.0,0,4,https://kickbase.b-cdn.net/content/file/a70373665abe402993add63ac96b77de.png,10.0,2,8.0,19.0,"[{""hasPlayed"": true, ""points"": 19}, {""hasPlayed"": true, ""points"": 47}]",3,Adam Hložek,-239449.0,-239449.0,-260286.0,-291080.0,-2324782.0,1306893.0
7543,14,Max,Moerstedt,4217704.0,-41.0,2.0,2.0,0.0,3269.0,-82.0,0,4,https://kickbase.b-cdn.net/content/file/901ac71d98064e48b7b250786d8ac1d2.png,9.0,2,,48.0,"[{""hasPlayed"": true, ""points"": -7}, {""hasPlayed"": true, ""points"": -75}]",4,Max Moerstedt,-125548.0,-125548.0,-130460.0,-136763.0,-980645.0,-1799326.0
7673,14,Albian,Hajdari,13402175.0,23.0,2.0,2.0,2.0,11249.0,45.0,0,2,https://kickbase.b-cdn.net/content/file/0f60a3cd21c94cc4913d13f811e532a9.png,21.0,2,3.0,47.0,"[{""hasPlayed"": true, ""points"": -11}, {""hasPlayed"": true, ""points"": 56}]",2,Albian Hajdari,-446189.0,-446189.0,-467382.0,-535568.0,-3544848.0,-3324193.0
7717,14,Alexander,Prass,1497950.0,,,,,,,2,3,https://kickbase.b-cdn.net/content/file/f9e6ef6646eb4d248d5ce3ee24abda2d.png,22.0,2,,0.0,"[{""hasPlayed"": false, ""points"": null}, {""hasPlayed"": false, ""points"": null}]",5,Alexander Prass,-74149.0,-74149.0,-78121.0,-88988.0,-644319.0,-3258163.0
7745,14,Vladimír,Coufal,25649009.0,141.0,2.0,2.0,2.0,11756.0,282.0,0,2,https://kickbase.b-cdn.net/content/file/3b2c057d49604e74af1ea35ac7411a4a.png,34.0,1,10.0,7.0,"[{""hasPlayed"": true, ""points"": 146}, {""hasPlayed"": true, ""points"": 136}]",1,Vladimír Coufal,5341.0,5341.0,17922.0,6481.0,-301826.0,651992.0
7750,14,Robin,Hranác,5484474.0,23.0,2.0,2.0,0.0,3564.0,45.0,0,2,https://kickbase.b-cdn.net/content/file/378ad76b9745472cb56cc5de220ea9f9.png,2.0,1,8.0,30.0,"[{""hasPlayed"": true, ""points"": 1}, {""hasPlayed"": true, ""points"": 44}]",4,Robin Hranác,203256.0,203256.0,248344.0,320394.0,1847422.0,836430.0
8289,14,Lúkas,Petersson,500000.0,,,,,,,0,1,https://kickbase.b-cdn.net/content/file/e12887e5419f4c63a3e0c0b0213fb3cc.png,36.0,0,,0.0,"[{""hasPlayed"": false, ""points"": null}, {""hasPlayed"": false, ""points"": null}]",5,Lúkas Petersson,0.0,0.0,0.0,0.0,0.0,0.0
9598,14,Valentin,Gendrey,1214357.0,,,,,,,0,2,https://kickbase.b-cdn.net/content/file/963aa0e9a1bf4537bba171631d3ef595.png,15.0,2,,0.0,"[{""hasPlayed"": false, ""points"": null}, {""hasPlayed"": false, ""points"": null}]",5,Valentin Gendrey,-102193.0,-102193.0,-121729.0,-132414.0,-838218.0,-3534462.0
11161,14,Koki,Machida,4111035.0,,,,,,,0,2,https://kickbase.b-cdn.net/content/file/80f0a50727b54ea5a90a99a754cc7a6c.png,28.0,1,,0.0,"[{""hasPlayed"": false, ""points"": null}, {""hasPlayed"": false, ""points"": null}]",5,Koki Machida,311794.0,311794.0,325664.0,260163.0,1429294.0,1385155.0
11162,14,Leon,Avdullahu,16529915.0,106.0,2.0,2.0,2.0,11756.0,211.0,0,3,https://kickbase.b-cdn.net/content/file/805fdf4f3bec4018a1ff6bc85cc95546.png,7.0,1,12.0,43.0,"[{""hasPlayed"": true, ""points"": 136}, {""hasPlayed"": true, ""points"": 75}]",1,Leon Avdullahu,13260.0,13260.0,38163.0,17515.0,-378475.0,2141559.0
11591,14,Cajetan,Lenz,855872.0,,,,,,,0,3,https://kickbase.b-cdn.net/content/file/2d15f1ede167438698d92ddc037e6abe.png,32.0,2,,0.0,"[{""hasPlayed"": false, ""points"": null}, {""hasPlayed"": false, ""points"": null}]",5,Cajetan Lenz,-65727.0,-65727.0,-101995.0,-120752.0,-708228.0,-3794240.0
11631,14,Wouter,Burger,19108250.0,61.0,2.0,2.0,2.0,10738.0,121.0,0,3,https://kickbase.b-cdn.net/content/file/50a59d7c22f64565b2f31bba1dfae5bd.png,18.0,2,6.0,3.0,"[{""hasPlayed"": true, ""points"": 58}, {""hasPlayed"": true, ""points"": 63}]",1,Wouter Burger,-503135.0,-503135.0,-554394.0,-551617.0,-3739148.0,-2912765.0
11959,14,Adam,Daghim,11096469.0,154.0,2.0,2.0,2.0,11243.0,308.0,0,4,https://kickbase.b-cdn.net/content/file/1919dcbd4fb6447aad155fb3c72f3e38.png,14.0,1,27.0,12.0,"[{""hasPlayed"": true, ""points"": 145}, {""hasPlayed"": true, ""points"": 163}]",2,Adam Daghim,185129.0,185129.0,203465.0,202970.0,1434510.0,7985466.0
15193,14,Mats,Rots,8370423.0,46.0,2.0,2.0,1.0,6457.0,91.0,0,2,https://kickbase.b-cdn.net/content/file/d96dc40ca1674b38aef03dff83ae8ab0.png,39.0,1,10.0,84.0,"[{""hasPlayed"": true, ""points"": 105}, {""hasPlayed"": true, ""points"": -14}]",2,Mats Rots,234764.0,234764.0,271901.0,270413.0,518230.0,-2128441.0
15262,14,Nathan,De Cat,10844436.0,-6.0,2.0,2.0,0.0,2514.0,-11.0,0,3,https://kickbase.b-cdn.net/content/file/8c55d861342c440b9966f1cd6dc86f29.png,17.0,2,,4.0,"[{""hasPlayed"": true, ""points"": -2}, {""hasPlayed"": true, ""points"": -9}]",3,Nathan De Cat,-622783.0,-622783.0,-650611.0,-639778.0,-4438521.0,-4635071.0
51,40,Rani,Khedira,6495596.0,33.0,2.0,2.0,2.0,11810.0,65.0,0,3,https://kickbase.b-cdn.net/content/file/9ecae4fccb2648b8b2bd92c4cac3f955.png,8.0,2,10.0,26.0,"[{""hasPlayed"": true, ""points"": 14}, {""hasPlayed"": true, ""points"": 51}]",1,Rani Khedira,-190067.0,-190067.0,-223143.0,-242321.0,-1375711.0,1507234.0
1223,40,Marvin,Friedrich,1359182.0,,,,,,,2,2,https://kickbase.b-cdn.net/content/file/0e7e99776b0c460eaaf8702878b90869.png,5.0,2,,0.0,"[{""hasPlayed"": false, ""points"": null}, {""hasPlayed"": false, ""points"": null}]",5,Marvin Friedrich,-131928.0,-131928.0,-139674.0,-140018.0,-945819.0,-162796.0
1553,40,Janik,Haberer,3244196.0,22.0,2.0,2.0,0.0,2995.0,44.0,0,3,https://kickbase.b-cdn.net/content/file/ce496ba0469a4a3b80d18b665d7466c0.png,19.0,1,13.0,9.0,"[{""hasPlayed"": true, ""points"": 15}, {""hasPlayed"": true, ""points"": 29}]",4,Janik Haberer,207955.0,207955.0,245932.0,261798.0,973521.0,-1381933.0
1955,40,Oliver,Burke,1735402.0,,,,,,,2,4,https://kickbase.b-cdn.net/content/file/a76d8d4a531548f58ceb241fe4958952.png,7.0,2,,0.0,"[{""hasPlayed"": false, ""points"": null}, {""hasPlayed"": false, ""points"": null}]",5,Oliver Burke,-110387.0,-110387.0,-127233.0,-129635.0,-870877.0,-2715978.0
2065,40,Felix,Uduokhai,6418500.0,70.0,1.0,1.0,1.0,5649.0,70.0,0,2,https://kickbase.b-cdn.net/content/file/e407afb596ac48f2bab3f2f63a37f2c2.png,2.0,1,10.0,49.0,"[{""hasPlayed"": true, ""points"": 70}, {""hasPlayed"": false, ""points"": null}]",2,Felix Uduokhai,227999.0,227999.0,276556.0,291972.0,1580341.0,-2280038.0
2279,40,Frederik,Rönnow,8949622.0,90.0,1.0,1.0,1.0,5649.0,90.0,0,1,https://kickbase.b-cdn.net/content/file/a74539007fa347f28af0ce83caafef6f.png,1.0,1,10.0,63.0,"[{""hasPlayed"": true, ""points"": 90}, {""hasPlayed"": false, ""points"": null}]",1,Frederik Rönnow,291564.0,291564.0,324205.0,337801.0,1375899.0,-936128.0
2302,40,Woo-Yeong,Jeong,4413370.0,34.0,2.0,2.0,0.0,3876.0,68.0,0,3,https://kickbase.b-cdn.net/content/file/167f780b883445c1bb79e00354f1e807.png,11.0,2,15.0,38.0,"[{""hasPlayed"": true, ""points"": 7}, {""hasPlayed"": true, ""points"": 61}]",3,Woo-Yeong Jeong,-63119.0,-63119.0,-96936.0,-105954.0,-954220.0,-67940.0
2400,40,Christopher,Trimmel,2162586.0,-6.0,1.0,1.0,0.0,1194.0,-6.0,0,2,https://kickbase.b-cdn.net/content/file/0133043125be433d91c3b93eb502aebe.png,28.0,2,,4.0,"[{""hasPlayed"": true, ""points"": -6}, {""hasPlayed"": false, ""points"": null}]",4,Christopher Trimmel,-110531.0,-110531.0,-122889.0,-130642.0,-861252.0,-3685117.0
2491,40,Tim,Skarke,6720998.0,75.0,2.0,2.0,0.0,3896.0,149.0,0,3,https://kickbase.b-cdn.net/content/file/530ba96741b943798d9be4d5dcc151f5.png,21.0,1,22.0,92.0,"[{""hasPlayed"": true, ""points"": 9}, {""hasPlayed"": true, ""points"": 140}]",3,Tim Skarke,254782.0,254782.0,296939.0,316825.0,2042639.0,2150090.0
2717,40,Robert,Skov,2155839.0,,,,,,,0,3,https://kickbase.b-cdn.net/content/file/ebae4e5c0fec43ebaed2b2aae064a346.png,24.0,1,,0.0,"[{""hasPlayed"": false, ""points"": null}, {""hasPlayed"": false, ""points"": null}]",5,Robert Skov,197467.0,197467.0,254716.0,263107.0,1281808.0,-1773096.0
3102,40,Tom,Rothe,8995276.0,52.0,2.0,2.0,2.0,11810.0,103.0,0,2,https://kickbase.b-cdn.net/content/file/82917858d1a74a7f90a2d9dfca456b71.png,15.0,2,11.0,37.0,"[{""hasPlayed"": true, ""points"": 25}, {""hasPlayed"": true, ""points"": 78}]",1,Tom Rothe,-174447.0,-174447.0,-205582.0,-217727.0,-1356196.0,2944028.0
3187,40,András,Schäfer,3898704.0,15.0,2.0,2.0,1.0,4966.0,29.0,0,3,https://kickbase.b-cdn.net/content/file/433f8b676b6b4b898ad3ede98e20f79d.png,13.0,2,7.0,31.0,"[{""hasPlayed"": true, ""points"": -8}, {""hasPlayed"": true, ""points"": 37}]",3,András Schäfer,-97358.0,-97358.0,-117816.0,-123710.0,-716831.0,495748.0
3364,40,Carl,Klaus,2617922.0,,,,,,,0,1,https://kickbase.b-cdn.net/content/file/03530ee1979440f6865c5fc39260c63a.png,25.0,2,,0.0,"[{""hasPlayed"": false, ""points"": null}, {""hasPlayed"": false, ""points"": null}]",5,Carl Klaus,-145568.0,-145568.0,-150583.0,-146172.0,-1016117.0,2059153.0
3419,40,Matheo,Raab,4460220.0,9.0,1.0,1.0,1.0,6161.0,9.0,0,1,https://kickbase.b-cdn.net/content/file/6f65c492a85a491b94cd3b8a37bae6f8.png,31.0,2,2.0,6.0,"[{""hasPlayed"": false, ""points"": null}, {""hasPlayed"": true, ""points"": 9}]",5,Matheo Raab,-148586.0,-148586.0,-156863.0,-410463.0,-1801939.0,2560591.0
3453,40,Derrick,Köhn,2716592.0,19.0,1.0,1.0,0.0,811.0,19.0,0,2,https://kickbase.b-cdn.net/content/file/336162df73db46fdb0d35c73c0928582.png,17.0,1,6.0,13.0,"[{""hasPlayed"": false, ""points"": null}, {""hasPlayed"": true, ""points"": 19}]",5,Derrick Köhn,230584.0,230584.0,262850.0,294890.0,1350823.0,-413626.0
4352,40,Stanley,Nsoki,1366329.0,,,,,,,4,2,https://kickbase.b-cdn.net/content/file/6c54070a804d4f15acb3d09b63af882a.png,34.0,2,,0.0,"[{""hasPlayed"": false, ""points"": null}, {""hasPlayed"": false, ""points"": null}]",5,Stanley Nsoki,-113823.0,-113823.0,-126639.0,-146962.0,-953807.0,-2508831.0
4446,40,Aljoscha,Kemlein,7015073.0,34.0,2.0,2.0,2.0,8815.0,67.0,0,3,https://kickbase.b-cdn.net/content/file/2dc45e5315ff4262a38925af69a6e745.png,6.0,2,9.0,31.0,"[{""hasPlayed"": true, ""points"": 11}, {""hasPlayed"": true, ""points"": 56}]",2,Aljoscha Kemlein,-200239.0,-200239.0,-231529.0,-278334.0,-1452648.0,-115259.0
4598,40,Josip,Juranović,11092715.0,114.0,2.0,2.0,2.0,10615.0,228.0,0,2,https://kickbase.b-cdn.net/content/file/17ce8593891544bbae052579071e5c45.png,18.0,1,20.0,144.0,"[{""hasPlayed"": true, ""points"": 12}, {""hasPlayed"": true, ""points"": 216}]",2,Josip Juranović,17380.0,17380.0,80459.0,127764.0,854742.0,6515174.0
7684,40,Michel,Aebischer,4272849.0,10.0,2.0,2.0,2.0,7930.0,19.0,0,3,https://kickbase.b-cdn.net/content/file/53d3916429e94e6c8ea54b7c96c1fd91.png,20.0,2,4.0,21.0,"[{""hasPlayed"": true, ""points"": -6}, {""hasPlayed"": true, ""points"": 25}]",3,Michel Aebischer,-79490.0,-79490.0,-82863.0,-101258.0,-585252.0,4272849.0
7723,40,Leopold,Querfeld,13724877.0,257.0,1.0,1.0,1.0,6161.0,257.0,0,2,https://kickbase.b-cdn.net/content/file/b9dfbb26ed9347b9a1585f29718c9d76.png,14.0,2,18.0,181.0,"[{""hasPlayed"": false, ""points"": null}, {""hasPlayed"": true, ""points"": 257}]",3,Leopold Querfeld,-307020.0,-307020.0,-373386.0,-376720.0,-1486738.0,532923.0
8381,40,Livan,Burcu,4894063.0,28.0,2.0,2.0,1.0,6848.0,55.0,0,3,https://kickbase.b-cdn.net/content/file/9ee1048c9191462c82b58e23f1dbf647.png,9.0,2,11.0,0.0,"[{""hasPlayed"": true, ""points"": 28}, {""hasPlayed"": true, ""points"": 27}]",3,Livan Burcu,-84763.0,-84763.0,-281937.0,-306687.0,-1919375.0,-2036351.0
9683,40,Andrej,Ilic,3329228.0,,,,,,,2,4,https://kickbase.b-cdn.net/content/file/1a56a70bd0c1483894bc78d61bf30f46.png,23.0,2,,0.0,"[{""hasPlayed"": false, ""points"": null}, {""hasPlayed"": false, ""points"": null}]",5,Andrej Ilic,-134922.0,-134922.0,-151405.0,-144410.0,-919653.0,-6126759.0
10106,40,Marin,Ljubičić,4643553.0,7.0,2.0,2.0,2.0,10999.0,14.0,0,4,https://kickbase.b-cdn.net/content/file/fcb660bdc74f41ef85fd3f45ac56962e.png,27.0,2,3.0,22.0,"[{""hasPlayed"": true, ""points"": -9}, {""hasPlayed"": true, ""points"": 23}]",2,Marin Ljubičić,8576.0,8576.0,-19100.0,-61934.0,-1063912.0,2035988.0
12763,40,Emmanuel,Latte Lath,8375390.0,40.0,2.0,2.0,2.0,7914.0,80.0,0,4,https://kickbase.b-cdn.net/content/file/d94f619b8cda4f03a559f3b3b10c2ffc.png,29.0,2,9.0,79.0,"[{""hasPlayed"": true, ""points"": -16}, {""hasPlayed"": true, ""points"": 96}]",3,Emmanuel Latte Lath,-233393.0,-233393.0,-315520.0,-393303.0,-2401773.0,1489336.0
13629,40,Linus,Güther,1503621.0,,,,,,,0,3,https://kickbase.b-cdn.net/content/file/d92375c9bb9640858ef3fa4deebadf84.png,49.0,2,,0.0,"[{""hasPlayed"": false, ""points"": null}, {""hasPlayed"": false, ""points"": null}]",5,Linus Güther,-129650.0,-129650.0,-141346.0,-148625.0,-985228.0,1003621.0
14917,40,Zeno,Van den Bosch,8766673.0,51.0,2.0,2.0,2.0,11810.0,101.0,0,2,https://kickbase.b-cdn.net/content/file/f19174a181cb4b18a6fb28116d085029.png,4.0,2,11.0,57.0,"[{""hasPlayed"": true, ""points"": 10}, {""hasPlayed"": true, ""points"": 91}]",3,Zeno Van den Bosch,-258705.0,-258705.0,-293120.0,-298251.0,-2049580.0,-3455456.0
17306,40,Kastriot,Imeri,3010893.0,,,,,,,2,3,https://kickbase.b-cdn.net/content/file/a4b7da39d3b84ed08289b6992fe6d4ee.png,0.0,2,,,"[{""hasPlayed"": false, ""points"": null}, {""hasPlayed"": false, ""points"": null}]",5,Kastriot Imeri,-152945.0,-152945.0,-151016.0,-155586.0,-1088044.0,3010893.0
357,4,Jens,Grahl,500000.0,,,,,,,0,1,https://kickbase.b-cdn.net/content/file/e76a9805862d4c849883f4035d7912a7.png,33.0,0,,0.0,"[{""hasPlayed"": false, ""points"": null}, {""hasPlayed"": false, ""points"": null}]",5,Jens Grahl,0.0,0.0,0.0,0.0,0.0,0.0
461,4,Timothy,Chandler,736757.0,-9.0,1.0,1.0,0.0,1457.0,-9.0,0,2,https://kickbase.b-cdn.net/content/file/e7c03911a4054596904af25c839e49a8.png,22.0,2,,6.0,"[{""hasPlayed"": true, ""points"": -9}, {""hasPlayed"": false, ""points"": null}]",5,Timothy Chandler,-93195.0,-93195.0,-100323.0,-121226.0,-794414.0,236757.0
513,4,Mario,Götze,4524817.0,56.0,1.0,1.0,1.0,4200.0,56.0,0,3,https://kickbase.b-cdn.net/content/file/d3877d0c416e4d30a99efbd5a673b455.png,27.0,1,12.0,39.0,"[{""hasPlayed"": true, ""points"": 56}, {""hasPlayed"": false, ""points"": null}]",3,Mario Götze,258872.0,258872.0,136216.0,83241.0,265301.0,381607.0
2144,4,Robin,Koch,24638688.0,133.0,2.0,2.0,2.0,11823.0,265.0,0,2,https://kickbase.b-cdn.net/content/file/9ec4a1262fb84d21b3b5458cc97f9cf3.png,4.0,1,10.0,0.0,"[{""hasPlayed"": true, ""points"": 133}, {""hasPlayed"": true, ""points"": 132}]",1,Robin Koch,53175.0,53175.0,77374.0,94777.0,353590.0,1802281.0
2255,4,Jonathan,Burkardt,24206379.0,80.0,2.0,2.0,2.0,10087.0,160.0,0,4,https://kickbase.b-cdn.net/content/file/f11b49646cad49699fd37664e712e9c9.png,9.0,2,6.0,48.0,"[{""hasPlayed"": true, ""points"": 114}, {""hasPlayed"": true, ""points"": 46}]",1,Jonathan Burkardt,-288714.0,-288714.0,-289155.0,-479033.0,-2342237.0,-1431960.0
2863,4,Ansgar,Knauff,3539807.0,,,,,,,4,3,https://kickbase.b-cdn.net/content/file/df49f152f9bc4fd99f45742758ff5cfc.png,7.0,2,,0.0,"[{""hasPlayed"": false, ""points"": null}, {""hasPlayed"": false, ""points"": null}]",5,Ansgar Knauff,-126678.0,-126678.0,-123748.0,-125720.0,-870176.0,-1147894.0
2864,4,Nnamdi,Collins,4859066.0,,,,,,,2,2,https://kickbase.b-cdn.net/content/file/47efb7c32b294c238dcddcc3bd26ac21.png,34.0,2,,0.0,"[{""hasPlayed"": false, ""points"": null}, {""hasPlayed"": false, ""points"": null}]",5,Nnamdi Collins,-104892.0,-104892.0,-292570.0,-297598.0,-1856001.0,-8256537.0
2887,4,Ritsu,Dōan,15889996.0,70.0,1.0,1.0,1.0,5259.0,70.0,0,3,https://kickbase.b-cdn.net/content/file/8ad9394d1b4e4df9b692dad3a7539c1d.png,20.0,1,4.0,49.0,"[{""hasPlayed"": true, ""points"": 70}, {""hasPlayed"": false, ""points"": null}]",2,Ritsu Dōan,92290.0,92290.0,81464.0,56412.0,273807.0,-4074184.0
3019,4,Noah,Atubolu,13665820.0,83.0,2.0,2.0,2.0,11823.0,166.0,0,1,https://kickbase.b-cdn.net/content/file/1a428dbd61524b48bb209d1ebee4ac6d.png,1.0,1,12.0,66.0,"[{""hasPlayed"": true, ""points"": 36}, {""hasPlayed"": true, ""points"": 130}]",1,Noah Atubolu,103388.0,103388.0,135050.0,173845.0,1319450.0,4301952.0
6081,4,Can,Uzun,26225451.0,62.0,2.0,2.0,2.0,9419.0,124.0,0,3,https://kickbase.b-cdn.net/content/file/d508a06c367e48b4a6ad92a95ee8612d.png,42.0,2,4.0,4.0,"[{""hasPlayed"": true, ""points"": 59}, {""hasPlayed"": true, ""points"": 65}]",1,Can Uzun,-596395.0,-596395.0,-667145.0,-807389.0,-2708732.0,-822719.0
7275,4,Kauã,Santos,3870504.0,,,,,,,0,1,https://kickbase.b-cdn.net/content/file/aa2d99e5647f41be9c144d86afcdde54.png,40.0,2,,0.0,"[{""hasPlayed"": false, ""points"": null}, {""hasPlayed"": false, ""points"": null}]",5,Kauã Santos,-148087.0,-148087.0,-147660.0,-146640.0,-993887.0,-5514555.0
7277,4,Farès,Chaïbi,9946334.0,54.0,2.0,2.0,1.0,7623.0,107.0,2,3,https://kickbase.b-cdn.net/content/file/774d9ee4bd994b9dae8672fbf45215fe.png,8.0,1,10.0,36.0,"[{""hasPlayed"": true, ""points"": 28}, {""hasPlayed"": true, ""points"": 79}]",3,Farès Chaïbi,-58760.0,-58760.0,180184.0,270517.0,1533087.0,-2566523.0
7325,4,Elias,Baum,13792532.0,116.0,2.0,2.0,2.0,10366.0,231.0,0,2,https://kickbase.b-cdn.net/content/file/0f3d607126284679ac5bc7ee81f890ad.png,2.0,1,16.0,92.0,"[{""hasPlayed"": true, ""points"": 50}, {""hasPlayed"": true, ""points"": 181}]",2,Elias Baum,-28601.0,-28601.0,37910.0,94682.0,745365.0,5320023.0
7417,4,Noël,Aséko,3935871.0,,,,,,,0,3,https://kickbase.b-cdn.net/content/file/4c3b212857824d74bed5f3922ab26e64.png,15.0,2,,0.0,"[{""hasPlayed"": false, ""points"": null}, {""hasPlayed"": false, ""points"": null}]",5,Noël Aséko,-117190.0,-117190.0,-124816.0,-124813.0,-716734.0,-6565470.0
8351,4,Oscar,Højlund,4126146.0,1.0,1.0,1.0,0.0,945.0,1.0,0,3,https://kickbase.b-cdn.net/content/file/9f25f3c48efd47488db3f0fea31226bc.png,6.0,2,0.0,0.0,"[{""hasPlayed"": false, ""points"": null}, {""hasPlayed"": true, ""points"": 1}]",3,Oscar Højlund,-103121.0,-103121.0,-124411.0,-137088.0,-1341504.0,92260.0
10004,4,Younes,Ebnoutalib,15680127.0,221.0,2.0,2.0,2.0,11211.0,442.0,0,4,https://kickbase.b-cdn.net/content/file/0a607bef8a9448cabbf3308c90e0dc6f.png,11.0,1,28.0,117.0,"[{""hasPlayed"": true, ""points"": 138}, {""hasPlayed"": true, ""points"": 304}]",1,Younes Ebnoutalib,255362.0,255362.0,252963.0,270779.0,1850722.0,5966168.0
11186,4,Jeremiaha,Maluze,4679018.0,194.0,1.0,1.0,1.0,6161.0,194.0,0,2,https://kickbase.b-cdn.net/content/file/41180e5bf4d046fbb3c24268c49459cb.png,37.0,1,41.0,137.0,"[{""hasPlayed"": false, ""points"": null}, {""hasPlayed"": true, ""points"": 194}]",4,Jeremiaha Maluze,104784.0,104784.0,179684.0,220778.0,1838267.0,4179018.0
12284,4,Keita,Kosugi,8811663.0,59.0,2.0,2.0,2.0,11823.0,118.0,0,2,https://kickbase.b-cdn.net/content/file/4626c41eb1dd44d5b36bfde09dc9f229.png,26.0,2,13.0,7.0,"[{""hasPlayed"": true, ""points"": 54}, {""hasPlayed"": true, ""points"": 64}]",2,Keita Kosugi,-211014.0,-211014.0,-220037.0,-271575.0,-2192389.0,3464523.0
12285,4,Love,Arrhov,1092058.0,-6.0,1.0,1.0,0.0,944.0,-6.0,0,3,https://kickbase.b-cdn.net/content/file/02ec19133f8a43768226917be968f9f8.png,31.0,2,,4.0,"[{""hasPlayed"": false, ""points"": null}, {""hasPlayed"": true, ""points"": -6}]",5,Love Arrhov,-102682.0,-102682.0,-119743.0,-134501.0,-801958.0,-4138048.0
12294,4,Ayoube,Amaimouni,8632937.0,41.0,2.0,2.0,1.0,6675.0,82.0,0,3,https://kickbase.b-cdn.net/content/file/5f68ec42f258435a8233881431dc3c75.png,29.0,1,9.0,45.0,"[{""hasPlayed"": true, ""points"": 9}, {""hasPlayed"": true, ""points"": 73}]",4,Ayoube Amaimouni,-14922.0,-14922.0,104229.0,178075.0,882455.0,3994783.0
14920,4,Malik,Pimpong,1803308.0,-6.0,2.0,2.0,0.0,2139.0,-12.0,2,4,https://kickbase.b-cdn.net/content/file/0800fc3bf36841cbb6450f1a83cf8ee3.png,35.0,2,,16.0,"[{""hasPlayed"": true, ""points"": -18}, {""hasPlayed"": true, ""points"": 6}]",5,Malik Pimpong,-122739.0,-122739.0,-133818.0,-126842.0,-683353.0,-4375106.0
15589,4,,Otávio,5460386.0,-1.0,1.0,1.0,0.0,611.0,-1.0,0,2,https://kickbase.b-cdn.net/content/file/29d28defc06541cdb2d6e020dc443ca1.png,5.0,2,,0.0,"[{""hasPlayed"": false, ""points"": null}, {""hasPlayed"": true, ""points"": -1}]",4,Otávio,-375909.0,-375909.0,-386724.0,-392653.0,-2673714.0,-68113.0
16369,4,Raphael,Onyedika,11953980.0,61.0,2.0,2.0,2.0,11823.0,122.0,0,3,https://kickbase.b-cdn.net/content/file/4413ed18fac54a58a6e94d858ea72074.png,25.0,2,10.0,46.0,"[{""hasPlayed"": true, ""points"": 94}, {""hasPlayed"": true, ""points"": 28}]",1,Raphael Onyedika,-313190.0,-313190.0,-377868.0,-386328.0,-2492552.0,-137278.0
17285,4,Lilian,Brassier,12907139.0,79.0,1.0,1.0,1.0,5662.0,79.0,0,2,https://kickbase.b-cdn.net/content/file/951b525cdfe04feaba0ac1724d5faf27.png,0.0,1,6.0,,"[{""hasPlayed"": true, ""points"": 79}, {""hasPlayed"": false, ""points"": null}]",1,Lilian Brassier,89472.0,89472.0,115584.0,145325.0,757532.0,12907139.0
60,18,Dominik,Kohr,5151102.0,96.0,1.0,1.0,1.0,4824.0,96.0,1,2,https://kickbase.b-cdn.net/content/file/fc6cb9d67771484baa8cd7547280f6cd.png,31.0,2,18.0,67.0,"[{""hasPlayed"": false, ""points"": null}, {""hasPlayed"": true, ""points"": 96}]",5,Dominik Kohr,-386722.0,-386722.0,-373671.0,-375001.0,-2615902.0,-2640619.0
550,18,Stefan,Bell,857100.0,,,,,,,0,2,https://kickbase.b-cdn.net/content/file/b5f9d86fa6414225acae1ed532dfb2e7.png,16.0,2,,0.0,"[{""hasPlayed"": false, ""points"": null}, {""hasPlayed"": false, ""points"": null}]",5,Stefan Bell,20221.0,20221.0,-11945.0,-39424.0,-397795.0,-2326552.0
620,18,Alexander,Schwolow,3607061.0,151.0,1.0,1.0,1.0,5624.0,151.0,0,1,https://kickbase.b-cdn.net/content/file/8c632c3299954c0f8703f77102907955.png,1.0,1,41.0,106.0,"[{""hasPlayed"": true, ""points"": 151}, {""hasPlayed"": false, ""points"": null}]",3,Alexander Schwolow,412533.0,412533.0,267305.0,116231.0,446191.0,412543.0
1540,18,Danny,Da Costa,10465144.0,89.0,2.0,2.0,1.0,6462.0,178.0,0,2,https://kickbase.b-cdn.net/content/file/d7479cd684eb4636932e2e5651e92411.png,21.0,2,17.0,76.0,"[{""hasPlayed"": true, ""points"": 35}, {""hasPlayed"": true, ""points"": 143}]",3,Danny Da Costa,-602329.0,-602329.0,-172532.0,43668.0,-164377.0,2417382.0
1590,18,Robin,Zentner,12571290.0,104.0,1.0,1.0,1.0,5731.0,104.0,2,1,https://kickbase.b-cdn.net/content/file/dad81a3053174c60b16a47385173f2d5.png,27.0,2,8.0,73.0,"[{""hasPlayed"": false, ""points"": null}, {""hasPlayed"": true, ""points"": 104}]",3,Robin Zentner,-586593.0,-586593.0,-639110.0,-575639.0,-2280592.0,603879.0
1639,18,Nadiem,Amiri,34941284.0,170.0,2.0,2.0,2.0,11355.0,339.0,0,3,https://kickbase.b-cdn.net/content/file/7d4c71e7f54e4886a93df87cf4f3987c.png,10.0,1,9.0,3.0,"[{""hasPlayed"": true, ""points"": 172}, {""hasPlayed"": true, ""points"": 167}]",1,Nadiem Amiri,32993.0,32993.0,50071.0,60782.0,361525.0,2602929.0
2006,18,Stefan,Posch,8768153.0,123.0,1.0,1.0,1.0,5299.0,123.0,0,2,https://kickbase.b-cdn.net/content/file/890290d8b9bd491fb3c624f1c57d47bd.png,4.0,1,14.0,86.0,"[{""hasPlayed"": true, ""points"": 123}, {""hasPlayed"": false, ""points"": null}]",3,Stefan Posch,60387.0,60387.0,83621.0,112594.0,-371901.0,419380.0
2030,18,Phillip,Tietz,15871451.0,203.0,2.0,2.0,2.0,11355.0,406.0,0,4,https://kickbase.b-cdn.net/content/file/2acf94096d5443fcb6d70524c93fb74e.png,9.0,1,25.0,166.0,"[{""hasPlayed"": true, ""points"": 321}, {""hasPlayed"": true, ""points"": 85}]",1,Phillip Tietz,163210.0,163210.0,162557.0,147724.0,588490.0,4590336.0
2232,18,Philipp,Mwene,11729576.0,187.0,2.0,2.0,2.0,11355.0,373.0,0,2,https://kickbase.b-cdn.net/content/file/90c9ea6f2e3c49fd8dc4455a289facd0.png,2.0,1,31.0,163.0,"[{""hasPlayed"": true, ""points"": 302}, {""hasPlayed"": true, ""points"": 71}]",1,Philipp Mwene,183726.0,183726.0,227327.0,226359.0,951315.0,3541304.0
2399,18,Lennard,Maloney,2098302.0,23.0,1.0,1.0,0.0,312.0,23.0,0,3,https://kickbase.b-cdn.net/content/file/8ae05919f4ae4c4a8ea0e0fdc6e08e32.png,15.0,2,10.0,16.0,"[{""hasPlayed"": true, ""points"": 23}, {""hasPlayed"": false, ""points"": null}]",5,Lennard Maloney,-128199.0,-128199.0,-162152.0,-167259.0,-331246.0,-565222.0
2476,18,Jae-Sung,Lee,13602041.0,138.0,2.0,2.0,2.0,9397.0,276.0,0,3,https://kickbase.b-cdn.net/content/file/b0241527f3d94a8c976c749e2004944d.png,7.0,1,20.0,48.0,"[{""hasPlayed"": true, ""points"": 172}, {""hasPlayed"": true, ""points"": 104}]",1,Jae-Sung Lee,120035.0,120035.0,142779.0,154228.0,800991.0,5686094.0
2646,18,Sheraldo,Becker,13926251.0,176.0,2.0,2.0,2.0,8198.0,351.0,0,4,https://kickbase.b-cdn.net/content/file/e279d94dff1f46ea8a7f16ea6656528c.png,23.0,1,25.0,178.0,"[{""hasPlayed"": true, ""points"": 302}, {""hasPlayed"": true, ""points"": 49}]",1,Sheraldo Becker,145992.0,145992.0,140075.0,162755.0,-392589.0,1478281.0
2702,18,Eric,Martel,2243640.0,,,,,,,4,3,https://kickbase.b-cdn.net/content/file/8744ec1d907e4042b8afa0f7d030628c.png,5.0,2,,0.0,"[{""hasPlayed"": false, ""points"": null}, {""hasPlayed"": false, ""points"": null}]",5,Eric Martel,-101904.0,-101904.0,-102210.0,-108697.0,-680213.0,-4970836.0
2822,18,,Silas,609204.0,,,,,,,1,4,https://kickbase.b-cdn.net/content/file/c9d8809a21ab421eae753d788da8f8e3.png,26.0,2,,0.0,"[{""hasPlayed"": false, ""points"": null}, {""hasPlayed"": false, ""points"": null}]",5,Silas,-71624.0,-71624.0,-87764.0,-86995.0,-742916.0,-92456.0
2895,18,Paul,Nebel,3450825.0,,,,,,,1,3,https://kickbase.b-cdn.net/content/file/03b835615e0c4ae3850ce2970f9cec04.png,8.0,2,,0.0,"[{""hasPlayed"": false, ""points"": null}, {""hasPlayed"": false, ""points"": null}]",5,Paul Nebel,-98873.0,-98873.0,-90105.0,-89724.0,-649216.0,-6282995.0
3041,18,Silvan,Widmer,2733735.0,29.0,1.0,1.0,0.0,1324.0,29.0,1,2,https://kickbase.b-cdn.net/content/file/0c5f8e3a3a1145cfadc9fbe799559ed4.png,30.0,1,10.0,20.0,"[{""hasPlayed"": false, ""points"": null}, {""hasPlayed"": true, ""points"": 29}]",5,Silvan Widmer,86716.0,86716.0,217212.0,222807.0,900560.0,-783533.0
3318,18,Ransford,Königsdörffer,5489608.0,75.0,2.0,2.0,0.0,3160.0,149.0,0,4,https://kickbase.b-cdn.net/content/file/4f3abfff728148fda062801c5af46204.png,11.0,1,27.0,81.0,"[{""hasPlayed"": true, ""points"": 132}, {""hasPlayed"": true, ""points"": 17}]",5,Ransford Königsdörffer,220604.0,220604.0,276209.0,272269.0,720720.0,-467405.0
3470,18,Anthony,Caci,12928359.0,108.0,2.0,2.0,2.0,9298.0,216.0,0,2,https://kickbase.b-cdn.net/content/file/5bb349b2622049a7aa73a59edcec1781.png,19.0,1,16.0,22.0,"[{""hasPlayed"": true, ""points"": 92}, {""hasPlayed"": true, ""points"": 124}]",1,Anthony Caci,38854.0,38854.0,93094.0,116871.0,727858.0,5758681.0
6111,18,Benedict,Hollerbach,1967765.0,,,,,,,0,4,https://kickbase.b-cdn.net/content/file/212f0c9603f04c869640c40bdbb0a396.png,17.0,2,,0.0,"[{""hasPlayed"": false, ""points"": null}, {""hasPlayed"": false, ""points"": null}]",5,Benedict Hollerbach,-99934.0,-99934.0,-100507.0,-111707.0,-691976.0,-2197818.0
8307,18,Kaishu,Sano,18487479.0,157.0,2.0,2.0,2.0,11042.0,313.0,0,3,https://kickbase.b-cdn.net/content/file/aa2bb0e7fba5493db89b7b6646147ddc.png,6.0,1,16.0,33.0,"[{""hasPlayed"": true, ""points"": 180}, {""hasPlayed"": true, ""points"": 133}]",1,Kaishu Sano,109105.0,109105.0,148685.0,162465.0,888518.0,4667390.0
10122,18,Fabio,Gruber,12607302.0,159.0,2.0,2.0,2.0,11355.0,317.0,0,2,https://kickbase.b-cdn.net/content/file/278ee138191a434c98f6a644a68e553c.png,3.0,1,25.0,40.0,"[{""hasPlayed"": true, ""points"": 187}, {""hasPlayed"": true, ""points"": 130}]",2,Fabio Gruber,216632.0,216632.0,228023.0,227838.0,1147529.0,286838.0
11261,18,Sota,Kawasaki,2211897.0,,,,,,,0,3,https://kickbase.b-cdn.net/content/file/4678b1fe37904abeb5122cf3927324dc.png,24.0,2,,0.0,"[{""hasPlayed"": false, ""points"": null}, {""hasPlayed"": false, ""points"": null}]",5,Sota Kawasaki,-131072.0,-131072.0,-137346.0,-137804.0,-946896.0,-2096709.0
11665,18,Kacper,Potulski,7481720.0,79.0,2.0,2.0,1.0,6531.0,158.0,0,2,https://kickbase.b-cdn.net/content/file/b1ee33c0ce864060a4d44adf70936760.png,48.0,1,21.0,72.0,"[{""hasPlayed"": true, ""points"": 130}, {""hasPlayed"": true, ""points"": 28}]",2,Kacper Potulski,349836.0,349836.0,369771.0,382502.0,2346692.0,-544741.0
11666,18,Maximilian,Kinzig,500000.0,,,,,,,0,1,https://kickbase.b-cdn.net/content/file/7add439bbfdf4921bf609edc2ed32e8e.png,40.0,0,,,"[{""hasPlayed"": false, ""points"": null}, {""hasPlayed"": false, ""points"": null}]",5,Maximilian Kinzig,0.0,0.0,0.0,0.0,0.0,0.0
13438,18,Otto,Ruoppi,1300342.0,19.0,2.0,2.0,0.0,1953.0,38.0,0,3,https://kickbase.b-cdn.net/content/file/87f2fcbedcfd4094b1aa3112efb54de3.png,20.0,2,29.0,5.0,"[{""hasPlayed"": true, ""points"": 23}, {""hasPlayed"": true, ""points"": 15}]",5,Otto Ruoppi,-67294.0,-67294.0,-85188.0,-118645.0,-430554.0,-3478026.0
17179,18,Rael-Tshimbela,Nakuzola,1353434.0,23.0,1.0,1.0,0.0,324.0,23.0,0,2,https://kickbase.b-cdn.net/content/file/6c0a23ba3672480f9163c215c36670c8.png,47.0,2,16.0,16.0,"[{""hasPlayed"": true, ""points"": 23}, {""hasPlayed"": false, ""points"": null}]",5,Rael-Tshimbela Nakuzola,-105314.0,-105314.0,-132095.0,-147734.0,-1041550.0,1353434.0
168,29,Sven,Michel,2095851.0,,,,,,,4,4,https://kickbase.b-cdn.net/content/file/e03c92ddb64b4dfaa85fddc8832168ef.png,11.0,1,,0.0,"[{""hasPlayed"": false, ""points"": null}, {""hasPlayed"": false, ""points"": null}]",5,Sven Michel,158256.0,158256.0,206383.0,239599.0,1474723.0,-1364623.0
1964,29,Felix,Götze,4043855.0,,,,,,,0,2,https://kickbase.b-cdn.net/content/file/211c165645f84bc08e3bac17e3ba0dcf.png,20.0,2,,0.0,"[{""hasPlayed"": false, ""points"": null}, {""hasPlayed"": false, ""points"": null}]",4,Felix Götze,-111505.0,-111505.0,-105634.0,-120749.0,-1071305.0,-3249453.0
2015,29,Raphael,Obermair,9557881.0,70.0,2.0,2.0,2.0,11454.0,140.0,0,3,https://kickbase.b-cdn.net/content/file/0d9820e6e0904252b629770883bf6ed2.png,23.0,1,14.0,28.0,"[{""hasPlayed"": true, ""points"": 50}, {""hasPlayed"": true, ""points"": 90}]",1,Raphael Obermair,188493.0,188493.0,240017.0,263505.0,1283182.0,543018.0
2301,29,Oliver,Batista Meier,4032349.0,-11.0,1.0,1.0,0.0,1233.0,-11.0,0,3,https://kickbase.b-cdn.net/content/file/80153ba03a7849fdae3b398764d24b18.png,7.0,2,,7.0,"[{""hasPlayed"": true, ""points"": -11}, {""hasPlayed"": false, ""points"": null}]",4,Oliver Batista Meier,-144249.0,-144249.0,-144518.0,-143403.0,-1106235.0,-1577776.0
2471,29,Markus,Schubert,1335494.0,,,,,,,0,1,https://kickbase.b-cdn.net/content/file/1602a8ef777540f4ac5390f258ed237c.png,1.0,2,,0.0,"[{""hasPlayed"": false, ""points"": null}, {""hasPlayed"": false, ""points"": null}]",5,Markus Schubert,-149772.0,-149772.0,-151296.0,-150688.0,-1022692.0,-3134332.0
2498,29,Tom,Baack,1650411.0,12.0,1.0,1.0,0.0,1187.0,12.0,0,3,https://kickbase.b-cdn.net/content/file/e009e7eb6946411f8f86641cb56174fe.png,6.0,2,7.0,8.0,"[{""hasPlayed"": false, ""points"": null}, {""hasPlayed"": true, ""points"": 12}]",5,Tom Baack,-121991.0,-121991.0,-135150.0,-141893.0,-891252.0,-3899379.0
2749,29,Steffen,Tigges,3791659.0,36.0,2.0,2.0,0.0,4618.0,71.0,0,4,https://kickbase.b-cdn.net/content/file/10d7abeb491e42818537662e1ceba8d1.png,27.0,2,18.0,4.0,"[{""hasPlayed"": true, ""points"": 39}, {""hasPlayed"": true, ""points"": 32}]",3,Steffen Tigges,-115801.0,-115801.0,-127182.0,-137283.0,-802789.0,3001570.0
2977,29,Nahuel,Noll,13228937.0,112.0,2.0,2.0,2.0,11454.0,224.0,0,1,https://kickbase.b-cdn.net/content/file/48b2c904ac8c41fdaa5c9503ba6e81ca.png,15.0,1,16.0,1.0,"[{""hasPlayed"": true, ""points"": 113}, {""hasPlayed"": true, ""points"": 111}]",1,Nahuel Noll,8137.0,8137.0,32310.0,49284.0,94452.0,1678909.0
3027,29,Marvin,Pieringer,4530170.0,33.0,2.0,2.0,2.0,10532.0,65.0,0,4,https://kickbase.b-cdn.net/content/file/599aac2ada574e618a4b2ef6956cd9b3.png,18.0,1,14.0,98.0,"[{""hasPlayed"": true, ""points"": 1}, {""hasPlayed"": true, ""points"": 64}]",1,Marvin Pieringer,75125.0,75125.0,101939.0,143787.0,1218907.0,3285653.0
3081,29,Gabriel,Vidović,6706206.0,37.0,2.0,2.0,2.0,11454.0,74.0,0,3,https://kickbase.b-cdn.net/content/file/cbf9ad550a164e0392e43ae723e2d83d.png,40.0,2,11.0,49.0,"[{""hasPlayed"": true, ""points"": 2}, {""hasPlayed"": true, ""points"": 72}]",1,Gabriel Vidović,-306879.0,-306879.0,-352548.0,-404064.0,-1577039.0,6206206.0
3336,29,Stefano,Marino,4534277.0,16.0,2.0,2.0,1.0,4820.0,31.0,0,4,https://kickbase.b-cdn.net/content/file/197aeeb1c0994cb68e398212e6941782.png,30.0,2,6.0,27.0,"[{""hasPlayed"": true, ""points"": -4}, {""hasPlayed"": true, ""points"": 35}]",4,Stefano Marino,-118572.0,-118572.0,-135918.0,-356265.0,-1869050.0,-3719581.0
3491,29,Sebastian,Klaas,1440903.0,,,,,,,0,3,https://kickbase.b-cdn.net/content/file/889217c751e5403eaf39162d4dc54b9a.png,26.0,2,,0.0,"[{""hasPlayed"": false, ""points"": null}, {""hasPlayed"": false, ""points"": null}]",5,Sebastian Klaas,-134052.0,-134052.0,-144502.0,-150660.0,-1118891.0,940903.0
3492,29,Marcel,Hoffmeier,3212780.0,,,,,,,0,2,https://kickbase.b-cdn.net/content/file/b4ad73b6a3334bf8a2efdbe5b1d7e19c.png,33.0,2,,0.0,"[{""hasPlayed"": false, ""points"": null}, {""hasPlayed"": false, ""points"": null}]",5,Marcel Hoffmeier,-140038.0,-140038.0,-139428.0,-143698.0,-960142.0,-3284891.0
3559,29,Laurin,Ulrich,6586111.0,62.0,2.0,2.0,2.0,9033.0,123.0,0,3,https://kickbase.b-cdn.net/content/file/bd6e7a7bc0ff4f5397cce0a6fb3864fa.png,28.0,2,18.0,24.0,"[{""hasPlayed"": true, ""points"": 79}, {""hasPlayed"": true, ""points"": 44}]",2,Laurin Ulrich,-220944.0,-220944.0,-243917.0,-277946.0,-1605487.0,6086111.0
6197,29,Laurin,Curda,10752378.0,101.0,2.0,2.0,2.0,11454.0,202.0,0,2,https://kickbase.b-cdn.net/content/file/ba195e9442954a30a3835950c99832a5.png,17.0,1,18.0,121.0,"[{""hasPlayed"": true, ""points"": 15}, {""hasPlayed"": true, ""points"": 187}]",1,Laurin Curda,-41573.0,-41573.0,11765.0,38552.0,302007.0,-833701.0
6217,29,Rayan,Philippe,4285197.0,13.0,2.0,2.0,1.0,3106.0,26.0,0,4,https://kickbase.b-cdn.net/content/file/585c2df9602d47268fb6aaf32245792c.png,9.0,1,6.0,19.0,"[{""hasPlayed"": true, ""points"": 27}, {""hasPlayed"": true, ""points"": -1}]",3,Rayan Philippe,391519.0,391519.0,381773.0,333997.0,2132580.0,182392.0
6292,29,Mattes,Hansen,6523891.0,58.0,2.0,2.0,2.0,9931.0,116.0,0,2,https://kickbase.b-cdn.net/content/file/c747e1ad35ed44f4afbc5de1075d8bf1.png,22.0,1,17.0,8.0,"[{""hasPlayed"": true, ""points"": 52}, {""hasPlayed"": true, ""points"": 64}]",2,Mattes Hansen,276320.0,276320.0,302768.0,312792.0,1956223.0,3053486.0
6751,29,Florian,Pruhs,1685530.0,,,,,,,0,1,https://kickbase.b-cdn.net/content/file/3878770830244658b3841f0074466ab7.png,31.0,2,,0.0,"[{""hasPlayed"": false, ""points"": null}, {""hasPlayed"": false, ""points"": null}]",5,Florian Pruhs,-143542.0,-143542.0,-146642.0,-151613.0,-1044442.0,-800097.0
7320,29,Tjark,Scheller,9456614.0,105.0,2.0,2.0,2.0,11454.0,209.0,0,2,https://kickbase.b-cdn.net/content/file/06f63d14a0f4493faf04f78ea6aa5f10.png,25.0,1,22.0,40.0,"[{""hasPlayed"": true, ""points"": 76}, {""hasPlayed"": true, ""points"": 133}]",1,Tjark Scheller,198706.0,198706.0,281034.0,330836.0,1964010.0,1916504.0
7616,29,Jano,ter Horst,10062222.0,91.0,2.0,2.0,2.0,10714.0,181.0,0,2,https://kickbase.b-cdn.net/content/file/a931e1f10bb84a9bb35b795a7857b8ee.png,21.0,1,17.0,74.0,"[{""hasPlayed"": true, ""points"": 38}, {""hasPlayed"": true, ""points"": 143}]",1,Jano ter Horst,79483.0,79483.0,177918.0,237036.0,1417742.0,5065003.0
8292,29,Santiago,Castañeda,10359658.0,86.0,2.0,2.0,2.0,11454.0,171.0,0,3,https://kickbase.b-cdn.net/content/file/37ddcd7042414ce59c844f52d87ee300.png,5.0,1,16.0,21.0,"[{""hasPlayed"": true, ""points"": 70}, {""hasPlayed"": true, ""points"": 101}]",1,Santiago Castañeda,139700.0,139700.0,266937.0,283091.0,1485572.0,1396601.0
8872,29,Jonah,Sticker,2877388.0,8.0,2.0,2.0,0.0,1936.0,15.0,0,2,https://kickbase.b-cdn.net/content/file/74f3dad539cd4e30aabca849e8e8bc64.png,3.0,2,5.0,19.0,"[{""hasPlayed"": true, ""points"": -6}, {""hasPlayed"": true, ""points"": 21}]",4,Jonah Sticker,-127148.0,-127148.0,-132826.0,-133140.0,-880972.0,-1023101.0
8984,29,Nyamekye,Awortwie-Grant,776470.0,,,,,,,1,2,https://kickbase.b-cdn.net/content/file/6b0e71018bd542b0b17a0e0a3e9058ac.png,4.0,2,,0.0,"[{""hasPlayed"": false, ""points"": null}, {""hasPlayed"": false, ""points"": null}]",5,Nyamekye Awortwie-Grant,-107342.0,-107342.0,-133452.0,-145144.0,-1116312.0,276470.0
9283,29,Deniz,Zeitler,2266239.0,,,,,,,0,4,https://kickbase.b-cdn.net/content/file/cde6a72f67e043e0b1b56ac70e3f9c19.png,38.0,2,,0.0,"[{""hasPlayed"": false, ""points"": null}, {""hasPlayed"": false, ""points"": null}]",5,Deniz Zeitler,-147100.0,-147100.0,-154715.0,-162199.0,-1040841.0,1766239.0
10048,29,Luka,Duric,1485267.0,,,,,,,0,3,https://kickbase.b-cdn.net/content/file/fdce53ba9bff4a39b30dda997ad991ee.png,8.0,2,,0.0,"[{""hasPlayed"": false, ""points"": null}, {""hasPlayed"": false, ""points"": null}]",5,Luka Duric,-124922.0,-124922.0,-139377.0,-149156.0,-950132.0,-4048156.0
11170,29,Ruben,Müller,2334360.0,,,,,,,0,3,https://kickbase.b-cdn.net/content/file/30dea41b80454a638771929f17e0d368.png,2.0,2,,0.0,"[{""hasPlayed"": false, ""points"": null}, {""hasPlayed"": false, ""points"": null}]",5,Ruben Müller,-142095.0,-142095.0,-146228.0,-157170.0,-1003818.0,79107.0
12262,29,Albert Frank,Millgramm,2433326.0,,,,,,,0,4,https://kickbase.b-cdn.net/content/file/0635ef3343fb4b138fd946cc4a199637.png,19.0,2,,0.0,"[{""hasPlayed"": false, ""points"": null}, {""hasPlayed"": false, ""points"": null}]",5,Albert Frank Millgramm,-151399.0,-151399.0,-156880.0,-148470.0,-991904.0,-3511787.0
14911,29,Clemens,Lippmann,2418725.0,2.0,1.0,1.0,0.0,182.0,2.0,0,2,https://kickbase.b-cdn.net/content/file/7462061e1e7843ffb7efaa2fe7e2b5f5.png,29.0,1,0.0,1.0,"[{""hasPlayed"": false, ""points"": null}, {""hasPlayed"": true, ""points"": 2}]",5,Clemens Lippmann,197189.0,197189.0,257607.0,295071.0,1692013.0,-800401.0
14914,29,Timur,Gayret,500000.0,,,,,,,1,3,https://kickbase.b-cdn.net/content/file/174077d2fba447fbb8a0e46a12d28245.png,44.0,2,,0.0,"[{""hasPlayed"": false, ""points"": null}, {""hasPlayed"": false, ""points"": null}]",5,Timur Gayret,0.0,0.0,-36782.0,-120824.0,-552743.0,0.0
1225,43,Leopold,Zingerle,500000.0,,,,,,,0,1,https://kickbase.b-cdn.net/content/file/d257ae98474e45c4ad7082fbe5adde82.png,25.0,0,,0.0,"[{""hasPlayed"": false, ""points"": null}, {""hasPlayed"": false, ""points"": null}]",5,Leopold Zingerle,0.0,0.0,0.0,0.0,0.0,0.0
1246,43,Willi,Orban,29421173.0,144.0,2.0,2.0,2.0,11814.0,287.0,0,2,https://kickbase.b-cdn.net/content/file/1f7999ae3a674c74ac9b8d4f00ed1028.png,4.0,2,9.0,38.0,"[{""hasPlayed"": true, ""points"": 116}, {""hasPlayed"": true, ""points"": 171}]",3,Willi Orban,-646622.0,-646622.0,-286752.0,-24918.0,-1352633.0,-1289680.0
1333,43,Lukas,Klostermann,840833.0,,,,,,,0,2,https://kickbase.b-cdn.net/content/file/91ea3cbf0389453ca1c0add22d52e089.png,16.0,1,,0.0,"[{""hasPlayed"": false, ""points"": null}, {""hasPlayed"": false, ""points"": null}]",5,Lukas Klostermann,97391.0,97391.0,39764.0,-9830.0,-43243.0,-2724887.0
1689,43,Benjamin,Henrichs,4424506.0,34.0,1.0,1.0,0.0,1393.0,34.0,0,2,https://kickbase.b-cdn.net/content/file/c091f35a668e446caa75ecc93b1084dd.png,39.0,2,7.0,24.0,"[{""hasPlayed"": false, ""points"": null}, {""hasPlayed"": true, ""points"": 34}]",4,Benjamin Henrichs,-49157.0,-49157.0,-77075.0,-97482.0,-1143899.0,-1701742.0
1728,43,Örjan,Nyland,1994087.0,,,,,,,0,1,https://kickbase.b-cdn.net/content/file/361c8899e8db48868bb66d49e2cd4d2d.png,1.0,2,,0.0,"[{""hasPlayed"": false, ""points"": null}, {""hasPlayed"": false, ""points"": null}]",5,Örjan Nyland,-134077.0,-134077.0,-141139.0,-141255.0,-997537.0,-243839.0
2141,43,Ridle ,Baku,21146865.0,236.0,2.0,2.0,2.0,10421.0,471.0,0,2,https://kickbase.b-cdn.net/content/file/938a124759354a928af165b155e6925a.png,17.0,1,22.0,3.0,"[{""hasPlayed"": true, ""points"": 238}, {""hasPlayed"": true, ""points"": 233}]",2,Ridle  Baku,183198.0,183198.0,225427.0,231590.0,1493657.0,1608746.0
2275,43,Christoph,Baumgartner,9973402.0,,,,,,,4,3,https://kickbase.b-cdn.net/content/file/de86594ccecb4a7899a87cdd662e1a9c.png,14.0,2,,0.0,"[{""hasPlayed"": false, ""points"": null}, {""hasPlayed"": false, ""points"": null}]",5,Christoph Baumgartner,-500586.0,-500586.0,-464777.0,-457184.0,-3186808.0,-9896340.0
2522,43,David,Raum,34748807.0,128.0,2.0,2.0,2.0,11814.0,255.0,0,2,https://kickbase.b-cdn.net/content/file/ff40a7c5554548ee8a8a51168c408d77.png,22.0,2,7.0,30.0,"[{""hasPlayed"": true, ""points"": 106}, {""hasPlayed"": true, ""points"": 149}]",1,David Raum,-131494.0,-131494.0,2284.0,8369.0,-25910.0,1809168.0
2687,43,Christopher,Nkunku,26100103.0,94.0,2.0,2.0,1.0,7080.0,187.0,0,4,https://kickbase.b-cdn.net/content/file/bf619920e0d34e138aa57fe52dbcde21.png,28.0,1,7.0,24.0,"[{""hasPlayed"": true, ""points"": 76}, {""hasPlayed"": true, ""points"": 111}]",2,Christopher Nkunku,41320.0,41320.0,70744.0,65002.0,562079.0,-13447518.0
2897,43,Rocco,Reitz,9516962.0,208.0,1.0,1.0,1.0,5072.0,208.0,1,3,https://kickbase.b-cdn.net/content/file/4186115eb899498fbec64508ec48475c.png,20.0,2,21.0,147.0,"[{""hasPlayed"": false, ""points"": null}, {""hasPlayed"": true, ""points"": 208}]",5,Rocco Reitz,-348984.0,-348984.0,-631181.0,-599971.0,-4211479.0,-4294999.0
4596,43,Brajan,Gruda,20862631.0,128.0,1.0,1.0,1.0,4446.0,128.0,0,3,https://kickbase.b-cdn.net/content/file/fc98ceda9d134bd09d5526a600465611.png,10.0,2,6.0,90.0,"[{""hasPlayed"": false, ""points"": null}, {""hasPlayed"": true, ""points"": 128}]",3,Brajan Gruda,-273427.0,-273427.0,-263523.0,-258719.0,-928048.0,4593601.0
6104,43,Marc,Guiu,8746059.0,-13.0,1.0,1.0,0.0,1327.0,-13.0,0,4,https://kickbase.b-cdn.net/content/file/89d3dea2dc2f4834a2c84a269d63745f.png,0.0,2,,,"[{""hasPlayed"": true, ""points"": -13}, {""hasPlayed"": false, ""points"": null}]",3,Marc Guiu,-347906.0,-347906.0,-368878.0,-465229.0,-1787173.0,8746059.0
6176,43,Nicolas,Seiwald,18564512.0,82.0,2.0,2.0,2.0,11814.0,164.0,0,3,https://kickbase.b-cdn.net/content/file/5320dfb79fb348369e61599e552840b0.png,13.0,2,8.0,38.0,"[{""hasPlayed"": true, ""points"": 55}, {""hasPlayed"": true, ""points"": 109}]",1,Nicolas Seiwald,-313302.0,-313302.0,-108226.0,2964.0,-242467.0,2940920.0
6300,43,Assan,Ouédraogo,9769186.0,,,,,,,0,3,https://kickbase.b-cdn.net/content/file/44f5198b463047fc88626d9698f3a2d0.png,8.0,1,,0.0,"[{""hasPlayed"": false, ""points"": null}, {""hasPlayed"": false, ""points"": null}]",5,Assan Ouédraogo,224864.0,224864.0,270829.0,294344.0,1281957.0,-10154414.0
7224,43,Lukeba,Castello Jr.,20840356.0,199.0,1.0,1.0,1.0,5846.0,199.0,0,2,https://kickbase.b-cdn.net/content/file/52117c9891144d3998de1b87b91ca123.png,23.0,2,9.0,140.0,"[{""hasPlayed"": false, ""points"": null}, {""hasPlayed"": true, ""points"": 199}]",3,Lukeba Castello Jr.,-73713.0,-73713.0,-6265.0,23213.0,86848.0,52512.0
7239,43,Max,Finkgräfe,3062104.0,,,,,,,0,2,https://kickbase.b-cdn.net/content/file/14ced344f69a48a5aeed3cbdcd5938da.png,35.0,2,,0.0,"[{""hasPlayed"": false, ""points"": null}, {""hasPlayed"": false, ""points"": null}]",5,Max Finkgräfe,-123472.0,-123472.0,-129565.0,-132644.0,-904853.0,-452332.0
8061,43,Johan,Bakayoko,7395873.0,24.0,2.0,2.0,1.0,5355.0,48.0,0,4,https://kickbase.b-cdn.net/content/file/1b1b3bd47f834642b2d8169d2b018ec2.png,11.0,2,6.0,12.0,"[{""hasPlayed"": true, ""points"": 33}, {""hasPlayed"": true, ""points"": 15}]",3,Johan Bakayoko,-250547.0,-250547.0,-257960.0,-263311.0,-1527214.0,-171115.0
8227,43,Maarten,Vandevoordt,16411587.0,109.0,2.0,2.0,2.0,11814.0,218.0,0,1,https://kickbase.b-cdn.net/content/file/1aa808600ddb4c5b9883e7caedba5966.png,26.0,2,13.0,110.0,"[{""hasPlayed"": true, ""points"": 31}, {""hasPlayed"": true, ""points"": 187}]",1,Maarten Vandevoordt,-351575.0,-351575.0,-321138.0,-206293.0,-974482.0,1828792.0
9507,43,Antonio,Nusa,27181846.0,146.0,2.0,2.0,2.0,11023.0,291.0,0,3,https://kickbase.b-cdn.net/content/file/9a7ea9c911e04f9e9cf0fa6c4b57ca54.png,7.0,1,10.0,113.0,"[{""hasPlayed"": true, ""points"": 65}, {""hasPlayed"": true, ""points"": 226}]",1,Antonio Nusa,45356.0,45356.0,67029.0,60202.0,521164.0,2426550.0
9776,43,Andrija,Maksimovic,4704876.0,84.0,1.0,1.0,0.0,791.0,84.0,0,3,https://kickbase.b-cdn.net/content/file/4b987894fd8842a69a0341460d5ebc51.png,30.0,1,17.0,59.0,"[{""hasPlayed"": true, ""points"": 84}, {""hasPlayed"": false, ""points"": null}]",3,Andrija Maksimovic,378395.0,378395.0,374018.0,351471.0,1294782.0,180991.0
10113,43,Tidiam,Gomis,10209688.0,93.0,2.0,2.0,1.0,5954.0,186.0,0,4,https://kickbase.b-cdn.net/content/file/6fdc632f20f64bac905749a9c2b23a86.png,27.0,1,18.0,117.0,"[{""hasPlayed"": true, ""points"": 10}, {""hasPlayed"": true, ""points"": 176}]",3,Tidiam Gomis,150918.0,150918.0,280369.0,311274.0,2033627.0,4654564.0
11008,43,Ezechiel,Banzuzi,11527874.0,65.0,2.0,2.0,2.0,11042.0,129.0,0,3,https://kickbase.b-cdn.net/content/file/a9c36464a61049d0b9acd73d6c4e9c96.png,6.0,2,11.0,54.0,"[{""hasPlayed"": true, ""points"": 26}, {""hasPlayed"": true, ""points"": 103}]",3,Ezechiel Banzuzi,-276984.0,-276984.0,-66063.0,35444.0,282142.0,7253871.0
11886,43,,Rômulo,9604580.0,,,,,,,0,4,https://kickbase.b-cdn.net/content/file/040691ff56a547f291aae153a0681fac.png,40.0,2,,0.0,"[{""hasPlayed"": false, ""points"": null}, {""hasPlayed"": false, ""points"": null}]",4,Rômulo,-408498.0,-408498.0,-493983.0,-549713.0,-3744803.0,-10246322.0
14249,43,Neil,El Aynaoui,11830775.0,45.0,1.0,1.0,1.0,4640.0,45.0,0,3,https://kickbase.b-cdn.net/content/file/ae7c14cb829b461a81b00042ef20e8c6.png,21.0,2,3.0,,"[{""hasPlayed"": true, ""points"": 45}, {""hasPlayed"": false, ""points"": null}]",3,Neil El Aynaoui,-657119.0,-657119.0,-730494.0,-847118.0,-3309907.0,11830775.0
14896,43,Abdoul,Koné,1439277.0,,,,,,,0,2,https://kickbase.b-cdn.net/content/file/4ca128a18c804aa59eeca0345b142d1c.png,2.0,2,,0.0,"[{""hasPlayed"": false, ""points"": null}, {""hasPlayed"": false, ""points"": null}]",5,Abdoul Koné,-84000.0,-84000.0,-101710.0,-116014.0,-717538.0,-4292176.0
15376,43,Maxime,Estève,10694155.0,157.0,1.0,1.0,1.0,5968.0,157.0,0,2,https://kickbase.b-cdn.net/content/file/a7416c976f85479b8ca67947eda7ef58.png,3.0,1,14.0,111.0,"[{""hasPlayed"": true, ""points"": 157}, {""hasPlayed"": false, ""points"": null}]",3,Maxime Estève,192779.0,192779.0,228166.0,359662.0,1297165.0,-7200504.0
577,15,Daniel,Batz,500000.0,,,,,,,0,1,https://kickbase.b-cdn.net/content/file/61c6f55172674b6eb750e6263b23da0d.png,33.0,0,,0.0,"[{""hasPlayed"": false, ""points"": null}, {""hasPlayed"": false, ""points"": null}]",5,Daniel Batz,0.0,0.0,0.0,-68004.0,-575075.0,-3427055.0
619,15,Kevin,Stöger,7171027.0,-2.0,1.0,1.0,1.0,3907.0,-2.0,0,3,https://kickbase.b-cdn.net/content/file/ec9e6d0723944f8d846da3ac937cd7b3.png,7.0,2,,1.0,"[{""hasPlayed"": false, ""points"": null}, {""hasPlayed"": true, ""points"": -2}]",3,Kevin Stöger,-364513.0,-364513.0,-367807.0,-388642.0,-2959097.0,1917472.0
849,15,Tim,Kleindienst,17120996.0,37.0,2.0,2.0,2.0,10567.0,73.0,0,4,https://kickbase.b-cdn.net/content/file/c5a005a8dbaa4237a4d0cb0304ac67a0.png,11.0,2,4.0,81.0,"[{""hasPlayed"": true, ""points"": 94}, {""hasPlayed"": true, ""points"": -21}]",1,Tim Kleindienst,-508541.0,-508541.0,-480861.0,-513616.0,-2257965.0,1092963.0
1883,15,Moritz,Nicolas,18314594.0,160.0,2.0,2.0,2.0,11691.0,320.0,0,1,https://kickbase.b-cdn.net/content/file/02e615fb0e3043649fe830816e2860ba.png,1.0,1,17.0,41.0,"[{""hasPlayed"": true, ""points"": 131}, {""hasPlayed"": true, ""points"": 189}]",1,Moritz Nicolas,2532.0,2532.0,35480.0,40989.0,-112325.0,-292759.0
2074,15,Robin,Hack,7242956.0,-5.0,2.0,2.0,1.0,5477.0,-10.0,0,3,https://kickbase.b-cdn.net/content/file/05225d0ae1a74293a432710302565e54.png,25.0,2,,24.0,"[{""hasPlayed"": true, ""points"": -22}, {""hasPlayed"": true, ""points"": 12}]",3,Robin Hack,-351558.0,-351558.0,-363519.0,-375763.0,-2412086.0,-653247.0
2126,15,Nicolas,Kühn,4639941.0,21.0,1.0,1.0,0.0,1576.0,21.0,1,3,https://kickbase.b-cdn.net/content/file/4881796043e3415988bd7340d2f89b43.png,0.0,2,4.0,,"[{""hasPlayed"": true, ""points"": 21}, {""hasPlayed"": false, ""points"": null}]",5,Nicolas Kühn,-429872.0,-429872.0,-468972.0,-621015.0,-2304550.0,4139941.0
2261,15,Florian,Neuhaus,3827001.0,,,,,,,0,3,https://kickbase.b-cdn.net/content/file/0244f54c08f14d5e98d1ec66bd2bca77.png,10.0,1,,0.0,"[{""hasPlayed"": false, ""points"": null}, {""hasPlayed"": false, ""points"": null}]",5,Florian Neuhaus,294284.0,294284.0,254866.0,270651.0,1457496.0,1030413.0
2560,15,Philipp,Sander,9136718.0,58.0,2.0,2.0,2.0,11691.0,115.0,0,3,https://kickbase.b-cdn.net/content/file/fb578835ac86440a8189e44877f9bcc8.png,16.0,2,12.0,64.0,"[{""hasPlayed"": true, ""points"": 103}, {""hasPlayed"": true, ""points"": 12}]",1,Philipp Sander,-222004.0,-222004.0,-226503.0,-433852.0,-2375663.0,-1703626.0
2850,15,Jan,Olschowsky,500000.0,,,,,,,0,1,https://kickbase.b-cdn.net/content/file/871dd19a11bc47da8b9d1105bec98909.png,23.0,0,,0.0,"[{""hasPlayed"": false, ""points"": null}, {""hasPlayed"": false, ""points"": null}]",5,Jan Olschowsky,0.0,0.0,0.0,0.0,0.0,0.0
2862,15,Jens,Castrop,1367839.0,,,,,,,1,3,https://kickbase.b-cdn.net/content/file/7c1e6725133e4dc5abd4022a37be73f3.png,17.0,2,,0.0,"[{""hasPlayed"": false, ""points"": null}, {""hasPlayed"": false, ""points"": null}]",5,Jens Castrop,-128569.0,-128569.0,-134720.0,-137731.0,-942367.0,-5482281.0
2941,15,Joseph,Scally,6343714.0,57.0,2.0,2.0,1.0,5969.0,113.0,0,2,https://kickbase.b-cdn.net/content/file/d6ec0ce09dc940e7ae1e339aba844c03.png,29.0,1,17.0,85.0,"[{""hasPlayed"": true, ""points"": 117}, {""hasPlayed"": true, ""points"": -4}]",2,Joseph Scally,278304.0,278304.0,327427.0,349040.0,2317711.0,-21782.0
3063,15,Fabio,Chiarodia,2865629.0,,,,,,,0,2,https://kickbase.b-cdn.net/content/file/b20e95c99c5c414dba98788ce536d7ad.png,2.0,2,,0.0,"[{""hasPlayed"": false, ""points"": null}, {""hasPlayed"": false, ""points"": null}]",5,Fabio Chiarodia,-140845.0,-140845.0,-148650.0,-153408.0,-823220.0,1058371.0
3129,15,Ko,Itakura,9550102.0,35.0,2.0,2.0,2.0,11691.0,69.0,0,2,https://kickbase.b-cdn.net/content/file/4b21780a283045729069fef7f989f200.png,6.0,2,7.0,0.0,"[{""hasPlayed"": true, ""points"": 35}, {""hasPlayed"": true, ""points"": 34}]",2,Ko Itakura,-251341.0,-251341.0,-537336.0,-631198.0,-2515309.0,-4057695.0
3516,15,Enzo,Leopold,4295547.0,,,,,,,1,3,https://kickbase.b-cdn.net/content/file/55c63aaaf1484294892e8cc74ad7b53d.png,8.0,2,,0.0,"[{""hasPlayed"": false, ""points"": null}, {""hasPlayed"": false, ""points"": null}]",5,Enzo Leopold,-157807.0,-157807.0,-159978.0,-155382.0,-2041317.0,-9843473.0
4292,15,David,Herold,3469538.0,7.0,2.0,2.0,0.0,2822.0,14.0,0,2,https://kickbase.b-cdn.net/content/file/78e179f9be5248c887e00608eaee10bc.png,20.0,2,4.0,2.0,"[{""hasPlayed"": true, ""points"": 9}, {""hasPlayed"": true, ""points"": 5}]",3,David Herold,-94537.0,-94537.0,-100927.0,-123025.0,-589247.0,-6685057.0
4333,15,Lukas,Ullrich,5620487.0,40.0,2.0,2.0,2.0,8864.0,80.0,0,2,https://kickbase.b-cdn.net/content/file/27f19d9713034a05b1a7dedcb527f48d.png,26.0,2,14.0,32.0,"[{""hasPlayed"": true, ""points"": 63}, {""hasPlayed"": true, ""points"": 17}]",3,Lukas Ullrich,-251508.0,-251508.0,-293996.0,-296863.0,-1990718.0,667899.0
6199,15,Shuto,Machino,2453602.0,,,,,,,0,4,https://kickbase.b-cdn.net/content/file/cefff6eb5d884a94b7d3b2ffb53b760c.png,18.0,2,,0.0,"[{""hasPlayed"": false, ""points"": null}, {""hasPlayed"": false, ""points"": null}]",5,Shuto Machino,-138076.0,-138076.0,-142946.0,-148168.0,-951498.0,1486642.0
6319,15,Franck,Honorat,10828826.0,109.0,2.0,2.0,1.0,6207.0,217.0,0,3,https://kickbase.b-cdn.net/content/file/ba369ac3889a4ce98a51468fb3f7c14b.png,9.0,1,20.0,47.0,"[{""hasPlayed"": true, ""points"": 142}, {""hasPlayed"": true, ""points"": 75}]",2,Franck Honorat,178154.0,178154.0,203478.0,226316.0,1732978.0,901103.0
7774,15,Yukhym,Konoplia,2218073.0,,,,,,,4,2,https://kickbase.b-cdn.net/content/file/37facc3b42e54ca4aa5a24fb0c96cc4d.png,22.0,1,,0.0,"[{""hasPlayed"": false, ""points"": null}, {""hasPlayed"": false, ""points"": null}]",5,Yukhym Konoplia,197068.0,197068.0,250585.0,273228.0,1209520.0,-1825001.0
9540,15,Isac,Lidberg,3817275.0,-7.0,2.0,2.0,0.0,3077.0,-13.0,0,4,https://kickbase.b-cdn.net/content/file/b759181ffa3546828a627f5efb974b06.png,3.0,2,,2.0,"[{""hasPlayed"": true, ""points"": -5}, {""hasPlayed"": true, ""points"": -8}]",5,Isac Lidberg,-126361.0,-126361.0,-136101.0,-137165.0,-853577.0,-7575586.0
11010,15,Kevin,Diks,13532329.0,41.0,2.0,2.0,2.0,11691.0,82.0,0,2,https://kickbase.b-cdn.net/content/file/2963465030854dafa3b90fbfd15f4a89.png,4.0,2,6.0,16.0,"[{""hasPlayed"": true, ""points"": 53}, {""hasPlayed"": true, ""points"": 29}]",1,Kevin Diks,-551374.0,-551374.0,-585669.0,-605978.0,-3883228.0,-1612723.0
11748,15,Wael,Mohya,7174766.0,30.0,2.0,2.0,2.0,8171.0,59.0,0,3,https://kickbase.b-cdn.net/content/file/4fc954ae0ffd4f5ab6d58a98b51cccd9.png,36.0,2,8.0,26.0,"[{""hasPlayed"": true, ""points"": 48}, {""hasPlayed"": true, ""points"": 11}]",3,Wael Mohya,-236409.0,-236409.0,-256024.0,-280589.0,-1698136.0,-1901631.0
13442,15,Hugo,Bolin,12299943.0,159.0,2.0,2.0,2.0,11691.0,318.0,0,3,https://kickbase.b-cdn.net/content/file/7f789e6ac2c84d5b878ec36c44b31dc2.png,38.0,1,25.0,179.0,"[{""hasPlayed"": true, ""points"": 286}, {""hasPlayed"": true, ""points"": 32}]",1,Hugo Bolin,113331.0,113331.0,150993.0,163380.0,843478.0,5862710.0
15181,15,Jan,Leszczynski,3973085.0,1.0,1.0,1.0,0.0,1116.0,1.0,0,2,https://kickbase.b-cdn.net/content/file/43eddfa24a0f4db3a737bf045f96d849.png,5.0,2,0.0,0.0,"[{""hasPlayed"": true, ""points"": 1}, {""hasPlayed"": false, ""points"": null}]",4,Jan Leszczynski,-129292.0,-129292.0,-128800.0,-134531.0,-855565.0,-754618.0
15202,15,Zento,Uno,2422369.0,,,,,,,0,3,https://kickbase.b-cdn.net/content/file/9c1b0bb28e67413dad79f8a99c4eda88.png,47.0,1,,0.0,"[{""hasPlayed"": false, ""points"": null}, {""hasPlayed"": false, ""points"": null}]",5,Zento Uno,235999.0,235999.0,286611.0,319451.0,1547653.0,-1343515.0
15613,15,Daiki,Hashioka,5150388.0,17.0,1.0,1.0,1.0,4604.0,17.0,2,2,https://kickbase.b-cdn.net/content/file/dc4f94ffdb854af9a954313e8b974d4c.png,14.0,2,3.0,12.0,"[{""hasPlayed"": false, ""points"": null}, {""hasPlayed"": true, ""points"": 17}]",5,Daiki Hashioka,-384541.0,-384541.0,-375583.0,-385128.0,-2654749.0,-1350816.0
16564,15,Mathieu,Nguefack,3351081.0,30.0,2.0,2.0,1.0,7783.0,59.0,0,3,https://kickbase.b-cdn.net/content/file/e571de447a2c48c996992e7b729aeb55.png,34.0,1,17.0,17.0,"[{""hasPlayed"": true, ""points"": 42}, {""hasPlayed"": true, ""points"": 17}]",3,Mathieu Nguefack,30071.0,30071.0,145018.0,191724.0,1225702.0,3351081.0
54,3,Emre,Can,1394827.0,,,,,,,1,2,https://kickbase.b-cdn.net/content/file/fe3cc9ba92274b29890b3d2888584906.png,23.0,2,,0.0,"[{""hasPlayed"": false, ""points"": null}, {""hasPlayed"": false, ""points"": null}]",5,Emre Can,-108674.0,-108674.0,-120832.0,-121631.0,-899015.0,-750816.0
75,3,Patrick,Drewes,500000.0,,,,,,,0,1,https://kickbase.b-cdn.net/content/file/d4b85a111f624b02a8519a1a07c23e7f.png,30.0,0,,0.0,"[{""hasPlayed"": false, ""points"": null}, {""hasPlayed"": false, ""points"": null}]",5,Patrick Drewes,0.0,0.0,0.0,0.0,0.0,0.0
1704,3,Waldemar,Anton,33869483.0,223.0,2.0,2.0,2.0,11756.0,446.0,0,2,https://kickbase.b-cdn.net/content/file/5cbbbb34725b43dba3f7f4f6835b98f0.png,3.0,1,13.0,91.0,"[{""hasPlayed"": true, ""points"": 288}, {""hasPlayed"": true, ""points"": 158}]",1,Waldemar Anton,27374.0,27374.0,34560.0,35623.0,-238123.0,432191.0
1856,3,Marcel,Sabitzer,8030802.0,27.0,2.0,2.0,0.0,2965.0,53.0,0,3,https://kickbase.b-cdn.net/content/file/579e192bcc2b413185587ba2eb3c082c.png,20.0,1,6.0,14.0,"[{""hasPlayed"": true, ""points"": 16}, {""hasPlayed"": true, ""points"": 37}]",3,Marcel Sabitzer,201837.0,201837.0,254792.0,232441.0,1535051.0,-2720533.0
1873,3,Gregor,Kobel,20339560.0,161.0,2.0,2.0,2.0,11756.0,321.0,0,1,https://kickbase.b-cdn.net/content/file/f2d4753d2676442bb38580d0b59a6293.png,1.0,2,15.0,12.0,"[{""hasPlayed"": true, ""points"": 152}, {""hasPlayed"": true, ""points"": 169}]",1,Gregor Kobel,-120365.0,-120365.0,-23457.0,-5880.0,-631544.0,-2819223.0
1920,3,Serhou,Guirassy,31162478.0,206.0,2.0,2.0,2.0,11247.0,412.0,0,4,https://kickbase.b-cdn.net/content/file/f60de765e2e34fce8747b78399dca305.png,9.0,1,13.0,36.0,"[{""hasPlayed"": true, ""points"": 232}, {""hasPlayed"": true, ""points"": 180}]",1,Serhou Guirassy,97113.0,97113.0,106484.0,106233.0,682756.0,2864731.0
2148,3,Alexander,Meyer,1112557.0,,,,,,,0,1,https://kickbase.b-cdn.net/content/file/5502ac110b6c42ddad9d1cdb351cbbcc.png,33.0,2,,0.0,"[{""hasPlayed"": false, ""points"": null}, {""hasPlayed"": false, ""points"": null}]",5,Alexander Meyer,-124132.0,-124132.0,-123354.0,-136375.0,-1080905.0,-933989.0
2383,3,Nico,Schlotterbeck,24449613.0,,,,,,,0,2,https://kickbase.b-cdn.net/content/file/bc913364cbca4d48b0393c36b9f01728.png,4.0,1,,0.0,"[{""hasPlayed"": false, ""points"": null}, {""hasPlayed"": false, ""points"": null}]",3,Nico Schlotterbeck,155214.0,155214.0,73230.0,97858.0,526488.0,-8492366.0
2395,3,Julian,Ryerson,24530929.0,99.0,2.0,2.0,2.0,10516.0,198.0,0,2,https://kickbase.b-cdn.net/content/file/2998191f5e674fecb9ddf7762821ebc5.png,26.0,2,8.0,26.0,"[{""hasPlayed"": true, ""points"": 118}, {""hasPlayed"": true, ""points"": 80}]",1,Julian Ryerson,-197995.0,-197995.0,-265306.0,-370446.0,-1689067.0,-1086300.0
2714,3,Maximilian,Beier,22785184.0,111.0,2.0,2.0,2.0,11123.0,221.0,0,4,https://kickbase.b-cdn.net/content/file/d9ef0f909c4c4610aef2af20def367ba.png,14.0,1,9.0,77.0,"[{""hasPlayed"": true, ""points"": 56}, {""hasPlayed"": true, ""points"": 165}]",3,Maximilian Beier,86749.0,86749.0,165836.0,176982.0,995912.0,-2934935.0
2736,3,Ramy,Bensebaini,13997285.0,,,,,,,0,2,https://kickbase.b-cdn.net/content/file/f2e48e2f879643559eb9d2cdb6db0d7a.png,5.0,2,,0.0,"[{""hasPlayed"": false, ""points"": null}, {""hasPlayed"": false, ""points"": null}]",3,Ramy Bensebaini,-282795.0,-282795.0,-395260.0,-356320.0,-2972420.0,-5622777.0
3069,3,Felix,Nmecha,26483957.0,87.0,2.0,2.0,2.0,7492.0,174.0,0,3,https://kickbase.b-cdn.net/content/file/f83b3a24df594aaf81be1d58da773656.png,8.0,2,6.0,50.0,"[{""hasPlayed"": true, ""points"": 51}, {""hasPlayed"": true, ""points"": 123}]",3,Felix Nmecha,-691138.0,-691138.0,-647217.0,-353765.0,-1570349.0,895057.0
7737,3,Joey,Veerman,15816552.0,56.0,2.0,2.0,0.0,4284.0,111.0,0,3,https://kickbase.b-cdn.net/content/file/529a765a8c184857a82fa881408360cf.png,25.0,2,7.0,27.0,"[{""hasPlayed"": true, ""points"": 75}, {""hasPlayed"": true, ""points"": 36}]",3,Joey Veerman,22341.0,22341.0,6257.0,-250809.0,-1918929.0,15816552.0
9440,3,Filippo,Mane,4428974.0,32.0,2.0,2.0,1.0,3152.0,64.0,1,2,https://kickbase.b-cdn.net/content/file/c944b500e3224366ad9e5a494a84ee47.png,39.0,2,14.0,21.0,"[{""hasPlayed"": true, ""points"": 47}, {""hasPlayed"": true, ""points"": 17}]",5,Filippo Mane,-144452.0,-144452.0,-143618.0,-155840.0,-1774705.0,-27068.0
9698,3,,Fábio Silva,9397556.0,124.0,1.0,1.0,0.0,2008.0,124.0,0,4,https://kickbase.b-cdn.net/content/file/2aaeda6f5123438e95f1958a10ce0058.png,21.0,1,13.0,87.0,"[{""hasPlayed"": true, ""points"": 124}, {""hasPlayed"": false, ""points"": null}]",3,Fábio Silva,377153.0,377153.0,362713.0,331599.0,1469191.0,922710.0
10114,3,Carney,Chukwuemeka,4301373.0,,,,,,,0,3,https://kickbase.b-cdn.net/content/file/d823612bd32f4715b90b0c7b626973ac.png,17.0,1,,0.0,"[{""hasPlayed"": false, ""points"": null}, {""hasPlayed"": false, ""points"": null}]",4,Carney Chukwuemeka,393057.0,393057.0,398916.0,306133.0,1579984.0,-385240.0
10115,3,Daniel,Svensson,19535626.0,143.0,2.0,2.0,2.0,11756.0,286.0,0,2,https://kickbase.b-cdn.net/content/file/da063055c5d14c798dd8d7427fb2a48f.png,24.0,1,14.0,28.0,"[{""hasPlayed"": true, ""points"": 123}, {""hasPlayed"": true, ""points"": 163}]",1,Daniel Svensson,182663.0,182663.0,211848.0,229953.0,1475023.0,-470652.0
11099,3,Jobe,Bellingham,18915662.0,123.0,2.0,2.0,2.0,11756.0,246.0,0,3,https://kickbase.b-cdn.net/content/file/5f42cc7cc7c5447aa341c17ba41ebcbe.png,7.0,1,13.0,46.0,"[{""hasPlayed"": true, ""points"": 90}, {""hasPlayed"": true, ""points"": 156}]",1,Jobe Bellingham,211694.0,211694.0,216834.0,219871.0,1439642.0,48108.0
11100,3,Samuele,Inácio,5106007.0,-60.0,1.0,1.0,0.0,155.0,-60.0,8,3,https://kickbase.b-cdn.net/content/file/3990db0656bc411cac06104a42bdb903.png,40.0,2,,42.0,"[{""hasPlayed"": false, ""points"": null}, {""hasPlayed"": true, ""points"": -60}]",5,Samuele Inácio,-269454.0,-269454.0,-250151.0,-255468.0,-1773237.0,-5090895.0
13472,3,Luca,Reggiani,3620031.0,57.0,1.0,1.0,0.0,1999.0,57.0,0,2,https://kickbase.b-cdn.net/content/file/8250a085897d474a87bd2a15e5558528.png,49.0,1,15.0,40.0,"[{""hasPlayed"": true, ""points"": 57}, {""hasPlayed"": false, ""points"": null}]",4,Luca Reggiani,354315.0,354315.0,321431.0,243192.0,926179.0,-1237734.0
14662,3,Justin,Lerma,2231669.0,,,,,,,1,3,https://kickbase.b-cdn.net/content/file/ec7bf8e163864c2fb47fb324c7a06a82.png,28.0,2,,0.0,"[{""hasPlayed"": false, ""points"": null}, {""hasPlayed"": false, ""points"": null}]",5,Justin Lerma,-150664.0,-150664.0,-153359.0,-161699.0,-1056755.0,-7371278.0
14899,3,Kauã,Prates,4907604.0,34.0,1.0,1.0,0.0,632.0,34.0,0,2,https://kickbase.b-cdn.net/content/file/3c7f16c226b44240b9d55d65798e5f29.png,36.0,1,6.0,24.0,"[{""hasPlayed"": false, ""points"": null}, {""hasPlayed"": true, ""points"": 34}]",5,Kauã Prates,320187.0,320187.0,364587.0,404697.0,2332017.0,701476.0
15211,3,Joane,Gadou,24444450.0,98.0,2.0,2.0,2.0,9756.0,196.0,0,2,https://kickbase.b-cdn.net/content/file/48c386df17604a3cbfeaffff6bdffae7.png,22.0,2,8.0,48.0,"[{""hasPlayed"": true, ""points"": 64}, {""hasPlayed"": true, ""points"": 132}]",2,Joane Gadou,-414311.0,-414311.0,-500952.0,-284145.0,-1151577.0,1941427.0
16378,3,Konstantinos,Karetsas,24930687.0,125.0,2.0,2.0,2.0,8514.0,249.0,2,3,https://kickbase.b-cdn.net/content/file/f4e89a3523cb47e09c5be6702baec885.png,19.0,2,9.0,126.0,"[{""hasPlayed"": true, ""points"": 35}, {""hasPlayed"": true, ""points"": 214}]",5,Konstantinos Karetsas,-945046.0,-945046.0,-467261.0,-23165.0,-1010463.0,4547624.0
16948,3,Giannis,Konstantelias,10792719.0,181.0,1.0,1.0,1.0,3348.0,181.0,1,3,https://kickbase.b-cdn.net/content/file/222864c862d743758c5cdcbcbd1bba48.png,45.0,2,16.0,127.0,"[{""hasPlayed"": false, ""points"": null}, {""hasPlayed"": true, ""points"": 181}]",5,Giannis Konstantelias,-663241.0,-663241.0,-660522.0,-687461.0,-4610325.0,10792719.0
17309,3,Ethan,Nwaneri,18953435.0,65.0,1.0,1.0,0.0,4036.0,65.0,0,3,https://kickbase.b-cdn.net/content/file/80320ca8522a4369b908308269d074ad.png,0.0,1,3.0,,"[{""hasPlayed"": true, ""points"": 65}, {""hasPlayed"": false, ""points"": null}]",2,Ethan Nwaneri,108707.0,108707.0,136709.0,67586.0,667213.0,18953435.0
1863,6,Daniel,Heuer Fernandes,12632131.0,72.0,2.0,2.0,2.0,11430.0,143.0,0,1,https://kickbase.b-cdn.net/content/file/25bb5ce570244f8296d6e817316ad707.png,1.0,2,11.0,36.0,"[{""hasPlayed"": true, ""points"": 46}, {""hasPlayed"": true, ""points"": 97}]",1,Daniel Heuer Fernandes,-350928.0,-350928.0,-328484.0,-340898.0,-2053570.0,-582280.0
1865,6,Yussuf,Poulsen,1071494.0,-9.0,1.0,1.0,0.0,744.0,-9.0,0,4,https://kickbase.b-cdn.net/content/file/b3e645c3a34347808d97e722fcbe2ced.png,15.0,2,,6.0,"[{""hasPlayed"": false, ""points"": null}, {""hasPlayed"": true, ""points"": -9}]",3,Yussuf Poulsen,-56822.0,-56822.0,-97382.0,-126772.0,-640574.0,-3552241.0
1889,6,Bakery,Jatta,5492751.0,29.0,1.0,1.0,1.0,5061.0,29.0,0,3,https://kickbase.b-cdn.net/content/file/7b147e15dd4b4df4bddb50f00fa8ce4e.png,18.0,2,5.0,20.0,"[{""hasPlayed"": false, ""points"": null}, {""hasPlayed"": true, ""points"": 29}]",5,Bakery Jatta,-376166.0,-376166.0,-387160.0,-403585.0,-2804170.0,425087.0
1978,6,Jordan,Torunarigha,7764535.0,-1.0,2.0,2.0,2.0,7815.0,-2.0,0,2,https://kickbase.b-cdn.net/content/file/58a51dcb3fef41de90e23a162e7fe44e.png,23.0,2,,4.0,"[{""hasPlayed"": true, ""points"": -4}, {""hasPlayed"": true, ""points"": 2}]",1,Jordan Torunarigha,-267590.0,-267590.0,-309384.0,-339653.0,-1532196.0,-2965643.0
2725,6,Sebastiaan,Bornauw,8304754.0,38.0,2.0,2.0,2.0,11430.0,75.0,2,2,https://kickbase.b-cdn.net/content/file/06472f6d8eb24eccaeae4898fa81b045.png,33.0,2,9.0,16.0,"[{""hasPlayed"": true, ""points"": 49}, {""hasPlayed"": true, ""points"": 26}]",3,Sebastiaan Bornauw,-422538.0,-422538.0,-424115.0,-300452.0,-1862883.0,7768366.0
3277,6,Miro,Muheim,3982728.0,,,,,,,0,2,https://kickbase.b-cdn.net/content/file/6b31cba3484c46c98c5575fe4f79b349.png,28.0,2,,0.0,"[{""hasPlayed"": false, ""points"": null}, {""hasPlayed"": false, ""points"": null}]",4,Miro Muheim,-121837.0,-121837.0,-120938.0,-116467.0,-768269.0,-4782182.0
6201,6,Nicolai,Remberg,8729760.0,21.0,2.0,2.0,2.0,11430.0,42.0,0,3,https://kickbase.b-cdn.net/content/file/8838a772b69f4284a8f34b1d63f406d8.png,21.0,2,4.0,36.0,"[{""hasPlayed"": true, ""points"": -5}, {""hasPlayed"": true, ""points"": 47}]",1,Nicolai Remberg,-247387.0,-247387.0,-275059.0,-294314.0,-1855455.0,-2351554.0
7350,6,Otto,Stange,3625690.0,-11.0,2.0,2.0,0.0,3353.0,-22.0,0,4,https://kickbase.b-cdn.net/content/file/d876e417d53e4983b76765c28cb2825d.png,19.0,2,,7.0,"[{""hasPlayed"": true, ""points"": -16}, {""hasPlayed"": true, ""points"": -6}]",5,Otto Stange,-131569.0,-131569.0,-135735.0,-143724.0,-836105.0,246690.0
7394,6,Kofi,Amoako,901651.0,,,,,,,0,3,https://kickbase.b-cdn.net/content/file/6faaaadc0c43454aa7802b77b1455f2e.png,22.0,2,,0.0,"[{""hasPlayed"": false, ""points"": null}, {""hasPlayed"": false, ""points"": null}]",5,Kofi Amoako,-73533.0,-73533.0,-103190.0,-126006.0,-716885.0,-3704560.0
8367,6,Albert,Sambi Lokonga,8432560.0,44.0,1.0,1.0,1.0,5806.0,44.0,2,3,https://kickbase.b-cdn.net/content/file/c9c716c7e03d47078ca74b707b1577a9.png,6.0,2,5.0,31.0,"[{""hasPlayed"": false, ""points"": null}, {""hasPlayed"": true, ""points"": 44}]",3,Albert Sambi Lokonga,-367449.0,-367449.0,-361393.0,-380526.0,-1275370.0,-1695972.0
9605,6,Albert,Grønbæk,10252029.0,11.0,2.0,2.0,2.0,11430.0,21.0,0,3,https://kickbase.b-cdn.net/content/file/02b24cefd3da410ca1d4639a2fb7ccac.png,11.0,2,2.0,27.0,"[{""hasPlayed"": true, ""points"": -9}, {""hasPlayed"": true, ""points"": 30}]",1,Albert Grønbæk,-588502.0,-588502.0,-631673.0,-738133.0,-2787649.0,-315400.0
10120,6,Alexander,Røssing-Lelesiit,1959965.0,,,,,,,2,4,https://kickbase.b-cdn.net/content/file/1e0140e6053349279a689f6bac4fdc91.png,38.0,1,,0.0,"[{""hasPlayed"": false, ""points"": null}, {""hasPlayed"": false, ""points"": null}]",5,Alexander Røssing-Lelesiit,170217.0,170217.0,219930.0,260031.0,1403561.0,-1075144.0
11512,6,Nicolás,Capaldo,8749758.0,26.0,2.0,2.0,2.0,11430.0,51.0,0,2,https://kickbase.b-cdn.net/content/file/bb8ff3d0932d47bd9d7fa4a4f38068ef.png,24.0,2,5.0,38.0,"[{""hasPlayed"": true, ""points"": -2}, {""hasPlayed"": true, ""points"": 53}]",1,Nicolás Capaldo,-262994.0,-262994.0,-287609.0,-310913.0,-1375907.0,-1540776.0
11752,6,Warmed,Omari,1420458.0,,,,,,,0,2,https://kickbase.b-cdn.net/content/file/6565bd5f9c14426aad721f006cf6f971.png,17.0,2,,0.0,"[{""hasPlayed"": false, ""points"": null}, {""hasPlayed"": false, ""points"": null}]",4,Warmed Omari,-67274.0,-67274.0,-96014.0,-109976.0,-805079.0,-4363402.0
11949,6,Shafiq,Nandja,2129737.0,-1.0,1.0,1.0,0.0,2914.0,-1.0,0,2,https://kickbase.b-cdn.net/content/file/74d769a877844fa1bf2f65f53f4fb91f.png,43.0,2,,0.0,"[{""hasPlayed"": true, ""points"": -1}, {""hasPlayed"": false, ""points"": null}]",3,Shafiq Nandja,-93970.0,-93970.0,-131827.0,-153393.0,-1136020.0,1629737.0
11967,6,Fábio,Vieira,18560687.0,3.0,1.0,1.0,0.0,2914.0,3.0,0,3,https://kickbase.b-cdn.net/content/file/c93ccb5240654ea0832be06471767031.png,0.0,2,0.0,,"[{""hasPlayed"": true, ""points"": 3}, {""hasPlayed"": false, ""points"": null}]",1,Fábio Vieira,-467068.0,-467068.0,-318557.0,-18946.0,-202854.0,-26248.0
12368,6,Sander,Tangvik,811976.0,,,,,,,0,1,https://kickbase.b-cdn.net/content/file/3d7ab89b5e874e77bbb6b1fb6724745f.png,12.0,2,,0.0,"[{""hasPlayed"": false, ""points"": null}, {""hasPlayed"": false, ""points"": null}]",5,Sander Tangvik,-139841.0,-139841.0,-138242.0,-138250.0,-963720.0,-303117.0
13433,6,Louis,Lemke,4785508.0,-7.0,2.0,2.0,1.0,6001.0,-13.0,0,2,https://kickbase.b-cdn.net/content/file/46eac50def834b9983f1475d94d28249.png,37.0,2,,12.0,"[{""hasPlayed"": true, ""points"": -15}, {""hasPlayed"": true, ""points"": 2}]",4,Louis Lemke,-147535.0,-147535.0,-403643.0,-441348.0,-2707822.0,4231355.0
14256,6,Zakaria,El Ouahdi,9073052.0,-24.0,1.0,1.0,1.0,5624.0,-24.0,0,2,https://kickbase.b-cdn.net/content/file/aaa59ffd4dbb4a3ca8cbdc97f7a6f5d3.png,0.0,2,,,"[{""hasPlayed"": true, ""points"": -24}, {""hasPlayed"": false, ""points"": null}]",1,Zakaria El Ouahdi,-376025.0,-376025.0,-780808.0,-439719.0,-1241158.0,9073052.0
14425,6,David,Møller Wolfe,8253690.0,20.0,1.0,1.0,1.0,5086.0,20.0,0,2,https://kickbase.b-cdn.net/content/file/ebc8dfc4fe9a44deb9eb939667d97619.png,0.0,2,2.0,,"[{""hasPlayed"": true, ""points"": 20}, {""hasPlayed"": false, ""points"": null}]",2,David Møller Wolfe,-358174.0,-358174.0,-404118.0,-259429.0,-974769.0,8253690.0
15283,6,Martin,Adeline,4401375.0,-5.0,2.0,2.0,2.0,6947.0,-9.0,0,3,https://kickbase.b-cdn.net/content/file/a88b98f2845e4a508b7e59e2bce5ff27.png,5.0,2,,10.0,"[{""hasPlayed"": true, ""points"": -12}, {""hasPlayed"": true, ""points"": 3}]",4,Martin Adeline,-135261.0,-135261.0,-142086.0,-152353.0,-1634926.0,-4435646.0
15472,6,Patson,Daka,8303790.0,3.0,2.0,2.0,1.0,7088.0,5.0,0,4,https://kickbase.b-cdn.net/content/file/218db4a2d0cb4f89be008597b2e2d9a7.png,27.0,2,0.0,13.0,"[{""hasPlayed"": true, ""points"": -7}, {""hasPlayed"": true, ""points"": 12}]",3,Patson Daka,-328261.0,-328261.0,-344220.0,-360262.0,-3001235.0,-2031298.0
15478,6,Bilal,Nadir,1447978.0,-4.0,2.0,2.0,1.0,3526.0,-7.0,0,3,https://kickbase.b-cdn.net/content/file/d153e6d5703a4637bf8ee1c23c857608.png,4.0,2,,10.0,"[{""hasPlayed"": true, ""points"": 4}, {""hasPlayed"": true, ""points"": -11}]",3,Bilal Nadir,-55797.0,-55797.0,-69148.0,-90430.0,-606579.0,-4013835.0
17203,6,Terem,Moffi,3937393.0,-9.0,2.0,2.0,1.0,5527.0,-17.0,0,4,https://kickbase.b-cdn.net/content/file/84e882059fcb4accba56e1b212d31e8f.png,9.0,2,,14.0,"[{""hasPlayed"": true, ""points"": -19}, {""hasPlayed"": true, ""points"": 2}]",3,Terem Moffi,-93939.0,-93939.0,-112792.0,-130405.0,-579370.0,3937393.0
49,5,Matthias,Ginter,26900565.0,171.0,2.0,2.0,2.0,11429.0,342.0,0,2,https://kickbase.b-cdn.net/content/file/a8c1cfae192947a6b91e1c32238cf2d6.png,28.0,1,12.0,32.0,"[{""hasPlayed"": true, ""points"": 148}, {""hasPlayed"": true, ""points"": 194}]",1,Matthias Ginter,20143.0,20143.0,37805.0,58503.0,247962.0,640234.0
89,5,Christian,Günter,3646808.0,,,,,,,0,2,https://kickbase.b-cdn.net/content/file/6cf382255517427e83824869e5a182d9.png,30.0,2,,0.0,"[{""hasPlayed"": false, ""points"": null}, {""hasPlayed"": false, ""points"": null}]",4,Christian Günter,-135443.0,-135443.0,-136478.0,-139262.0,-828723.0,725283.0
118,5,Vincenzo,Grifo,7858143.0,38.0,1.0,1.0,0.0,1248.0,38.0,0,3,https://kickbase.b-cdn.net/content/file/eabed4e9dee0416bbcc8ff5864f44ea5.png,32.0,2,4.0,26.0,"[{""hasPlayed"": true, ""points"": 38}, {""hasPlayed"": false, ""points"": null}]",3,Vincenzo Grifo,-261098.0,-261098.0,-296748.0,-308325.0,-1976204.0,-3442882.0
1257,5,Lukas,Kübler,7305713.0,68.0,2.0,2.0,1.0,5469.0,136.0,0,2,https://kickbase.b-cdn.net/content/file/a2d24146b6354e6f9b967bb58061f2ac.png,17.0,1,18.0,48.0,"[{""hasPlayed"": true, ""points"": 34}, {""hasPlayed"": true, ""points"": 102}]",4,Lukas Kübler,142016.0,142016.0,213397.0,250846.0,1304699.0,2553211.0
1645,5,Maximilian,Eggestein,17848517.0,175.0,2.0,2.0,2.0,11429.0,349.0,0,3,https://kickbase.b-cdn.net/content/file/7b762754c912496287f84b3c38b24a82.png,8.0,1,19.0,78.0,"[{""hasPlayed"": true, ""points"": 230}, {""hasPlayed"": true, ""points"": 119}]",1,Maximilian Eggestein,119856.0,119856.0,140604.0,172250.0,958235.0,3821201.0
1767,5,Jannik,Huth,500000.0,,,,,,,0,1,https://kickbase.b-cdn.net/content/file/32936879ffa043938bf688dd5dbca746.png,24.0,0,,0.0,"[{""hasPlayed"": false, ""points"": null}, {""hasPlayed"": false, ""points"": null}]",5,Jannik Huth,0.0,0.0,0.0,0.0,0.0,0.0
1858,5,Anthony,Jung,1917156.0,,,,,,,0,2,https://kickbase.b-cdn.net/content/file/5de873b60e7a46eb83255e4a5297a974.png,5.0,2,,0.0,"[{""hasPlayed"": false, ""points"": null}, {""hasPlayed"": false, ""points"": null}]",5,Anthony Jung,-138071.0,-138071.0,-149707.0,-177019.0,-618739.0,-917548.0
1910,5,Florian,Müller,500000.0,,,,,,,0,1,https://kickbase.b-cdn.net/content/file/812a2cedbff7444099345ed29acae1a0.png,21.0,0,,0.0,"[{""hasPlayed"": false, ""points"": null}, {""hasPlayed"": false, ""points"": null}]",5,Florian Müller,0.0,0.0,0.0,0.0,0.0,0.0
2084,5,Philipp,Lienhart,14290665.0,111.0,2.0,2.0,2.0,9937.0,221.0,0,2,https://kickbase.b-cdn.net/content/file/748f11f6c0294a41850137ab1c162436.png,3.0,1,15.0,23.0,"[{""hasPlayed"": true, ""points"": 94}, {""hasPlayed"": true, ""points"": 127}]",2,Philipp Lienhart,82158.0,82158.0,116872.0,138296.0,586511.0,2906305.0
2125,5,Jan-Niklas,Beste,14222562.0,107.0,2.0,2.0,2.0,7286.0,214.0,0,3,https://kickbase.b-cdn.net/content/file/50008e312d584e419fc78f1d54151bc3.png,19.0,1,15.0,29.0,"[{""hasPlayed"": true, ""points"": 86}, {""hasPlayed"": true, ""points"": 128}]",1,Jan-Niklas Beste,96271.0,96271.0,132843.0,149412.0,994521.0,4204235.0
2176,5,Lucas,Höler,4342652.0,37.0,1.0,1.0,0.0,1224.0,37.0,0,4,https://kickbase.b-cdn.net/content/file/fd6c0b5e138c4a7382c1f0eade49e3f9.png,9.0,2,8.0,26.0,"[{""hasPlayed"": false, ""points"": null}, {""hasPlayed"": true, ""points"": 37}]",5,Lucas Höler,-120557.0,-120557.0,-124156.0,-135785.0,-1483639.0,1459679.0
2722,5,Patrick,Osterhage,1886900.0,,,,,,,0,3,https://kickbase.b-cdn.net/content/file/60fae74949d64f7dbfc181f788ffc48c.png,6.0,2,,0.0,"[{""hasPlayed"": false, ""points"": null}, {""hasPlayed"": false, ""points"": null}]",5,Patrick Osterhage,-124490.0,-124490.0,-135015.0,-138580.0,-910966.0,-2877490.0
3209,5,Yannik,Engelhardt,11204539.0,63.0,2.0,2.0,2.0,10648.0,125.0,0,3,https://kickbase.b-cdn.net/content/file/026c80a428ef428ba28a09167853739e.png,16.0,2,11.0,12.0,"[{""hasPlayed"": true, ""points"": 54}, {""hasPlayed"": true, ""points"": 71}]",1,Yannik Engelhardt,-383776.0,-383776.0,-171312.0,-21548.0,-435915.0,3050153.0
3218,5,Mio,Backhaus,15162661.0,105.0,2.0,2.0,2.0,11429.0,210.0,0,1,https://kickbase.b-cdn.net/content/file/5b9a29bca41244bb8c7e691643d00e7d.png,1.0,1,13.0,48.0,"[{""hasPlayed"": true, ""points"": 139}, {""hasPlayed"": true, ""points"": 71}]",1,Mio Backhaus,11432.0,11432.0,21397.0,24093.0,-583755.0,-1085931.0
3304,5,Igor,Matanović,22245370.0,244.0,2.0,2.0,2.0,10204.0,487.0,0,4,https://kickbase.b-cdn.net/content/file/6bb42fe3c2da4e1e9f8ad8dc25f1cc85.png,31.0,1,21.0,67.0,"[{""hasPlayed"": true, ""points"": 196}, {""hasPlayed"": true, ""points"": 291}]",1,Igor Matanović,179718.0,179718.0,207827.0,223161.0,1415647.0,5076443.0
4335,5,Derry,Scherhant,11194489.0,133.0,2.0,2.0,2.0,10181.0,266.0,0,3,https://kickbase.b-cdn.net/content/file/bef26d4942154c3483dbb80207a36d4d.png,7.0,1,23.0,15.0,"[{""hasPlayed"": true, ""points"": 122}, {""hasPlayed"": true, ""points"": 144}]",3,Derry Scherhant,182612.0,182612.0,208619.0,229344.0,1806927.0,6206553.0
6209,5,Philipp,Treu,10344958.0,86.0,2.0,2.0,1.0,7208.0,172.0,0,2,https://kickbase.b-cdn.net/content/file/76b764f7f4a448e39454f846207e2071.png,29.0,1,16.0,77.0,"[{""hasPlayed"": true, ""points"": 141}, {""hasPlayed"": true, ""points"": 31}]",2,Philipp Treu,65185.0,65185.0,75160.0,74803.0,-53709.0,-296093.0
7215,5,Jordy,Makengo,10018922.0,105.0,2.0,2.0,2.0,11429.0,210.0,0,2,https://kickbase.b-cdn.net/content/file/fd0567aa1f2a49ac97f7b4bdc6aa87a7.png,33.0,1,20.0,21.0,"[{""hasPlayed"": true, ""points"": 120}, {""hasPlayed"": true, ""points"": 90}]",2,Jordy Makengo,279658.0,279658.0,334354.0,345413.0,2056568.0,7776126.0
7216,5,Max,Rosenfelder,5915792.0,37.0,1.0,1.0,0.0,1491.0,37.0,0,2,https://kickbase.b-cdn.net/content/file/e433049f58c743a5959513619885f55b.png,37.0,1,6.0,26.0,"[{""hasPlayed"": false, ""points"": null}, {""hasPlayed"": true, ""points"": 37}]",4,Max Rosenfelder,127460.0,127460.0,204224.0,249992.0,1362482.0,1541056.0
8363,5,Berkay,Yilmaz,3256622.0,24.0,1.0,1.0,0.0,780.0,24.0,0,2,https://kickbase.b-cdn.net/content/file/1fc23d1e07db4a7da80071b9456c1dfc.png,27.0,2,7.0,16.0,"[{""hasPlayed"": true, ""points"": 24}, {""hasPlayed"": false, ""points"": null}]",5,Berkay Yilmaz,-116459.0,-116459.0,-123471.0,-126135.0,-834468.0,-6988385.0
8364,5,Bruno,Ogbus,4418373.0,,,,,,,0,2,https://kickbase.b-cdn.net/content/file/e64737da07c343e9a8027194fa943078.png,43.0,1,,0.0,"[{""hasPlayed"": false, ""points"": null}, {""hasPlayed"": false, ""points"": null}]",5,Bruno Ogbus,273312.0,273312.0,330811.0,352840.0,1692030.0,1696724.0
11006,5,Yuito,Suzuki,16833416.0,235.0,2.0,2.0,2.0,9808.0,470.0,0,3,https://kickbase.b-cdn.net/content/file/b6f12e7f20704297b8205da224ce56f1.png,14.0,1,27.0,226.0,"[{""hasPlayed"": true, ""points"": 75}, {""hasPlayed"": true, ""points"": 395}]",1,Yuito Suzuki,149919.0,149919.0,181894.0,209537.0,1398034.0,5213013.0
11007,5,Cyriaque,Irié,6014411.0,60.0,1.0,1.0,0.0,2965.0,60.0,0,3,https://kickbase.b-cdn.net/content/file/495fd2fe440e4673a4c36e223f53eb4e.png,22.0,1,9.0,42.0,"[{""hasPlayed"": false, ""points"": null}, {""hasPlayed"": true, ""points"": 60}]",5,Cyriaque Irié,183199.0,183199.0,264300.0,321142.0,2268020.0,632356.0
14048,5,Keisuke,Goto,2996290.0,15.0,2.0,2.0,0.0,1620.0,30.0,0,4,https://kickbase.b-cdn.net/content/file/51c1a52f7444432aab2f7b125fe5ac33.png,42.0,2,10.0,5.0,"[{""hasPlayed"": true, ""points"": 19}, {""hasPlayed"": true, ""points"": 11}]",5,Keisuke Goto,-100132.0,-100132.0,-101284.0,-114999.0,-635284.0,-5620905.0
15196,5,Rihito,Yamamoto,2594619.0,,,,,,,0,3,https://kickbase.b-cdn.net/content/file/500d566763b246d9b74d65bf2cf33241.png,20.0,2,,0.0,"[{""hasPlayed"": false, ""points"": null}, {""hasPlayed"": false, ""points"": null}]",5,Rihito Yamamoto,-135456.0,-135456.0,-138653.0,-139704.0,-918234.0,-6374859.0
43,10,Mitchell,Weiser,4428791.0,,,,,,,0,2,https://kickbase.b-cdn.net/content/file/d4075d101f5c49f88113a719ed8f34e5.png,8.0,2,,0.0,"[{""hasPlayed"": false, ""points"": null}, {""hasPlayed"": false, ""points"": null}]",5,Mitchell Weiser,-64957.0,-64957.0,-64103.0,-85976.0,-773570.0,-1821235.0
157,10,Niklas,Stark,4339819.0,,,,,,,0,2,https://kickbase.b-cdn.net/content/file/47d350de3ba7487dad6fff58c11b5910.png,4.0,1,,0.0,"[{""hasPlayed"": false, ""points"": null}, {""hasPlayed"": false, ""points"": null}]",5,Niklas Stark,275396.0,275396.0,367668.0,355522.0,1486770.0,912995.0
608,10,Niclas,Füllkrug,13188285.0,46.0,2.0,2.0,2.0,8371.0,91.0,0,4,https://kickbase.b-cdn.net/content/file/b83a0c4ef29b40d99020bb11e9e1bc7f.png,10.0,1,6.0,129.0,"[{""hasPlayed"": true, ""points"": 137}, {""hasPlayed"": true, ""points"": -46}]",1,Niclas Füllkrug,106521.0,106521.0,118318.0,138493.0,422902.0,-10942083.0
1996,10,Marco,Friedl,10931418.0,79.0,2.0,2.0,2.0,11674.0,158.0,0,2,https://kickbase.b-cdn.net/content/file/7ab07056637e493d80590700542ee887.png,32.0,2,14.0,12.0,"[{""hasPlayed"": true, ""points"": 88}, {""hasPlayed"": true, ""points"": 70}]",1,Marco Friedl,-289444.0,-289444.0,-254485.0,-206368.0,-1528492.0,-793568.0
2294,10,Amos,Pieper,12317211.0,99.0,2.0,2.0,2.0,11674.0,197.0,0,2,https://kickbase.b-cdn.net/content/file/32262c6e17164fd1a62ee34e358e2540.png,5.0,1,15.0,4.0,"[{""hasPlayed"": true, ""points"": 102}, {""hasPlayed"": true, ""points"": 95}]",1,Amos Pieper,37491.0,37491.0,85351.0,109710.0,442256.0,3990894.0
2842,10,Felix,Agu,1437379.0,,,,,,,2,2,https://kickbase.b-cdn.net/content/file/d3aec548a0d84afcb6a8f6c90cc09e72.png,27.0,2,,0.0,"[{""hasPlayed"": false, ""points"": null}, {""hasPlayed"": false, ""points"": null}]",5,Felix Agu,-101279.0,-101279.0,-104298.0,-124530.0,-799945.0,-4059087.0
2939,10,Eren Sami,Dinkçi,6508560.0,56.0,2.0,2.0,1.0,4747.0,111.0,0,3,https://kickbase.b-cdn.net/content/file/174ad85385c44b14afdb5c2c71ce799f.png,18.0,1,17.0,94.0,"[{""hasPlayed"": true, ""points"": 122}, {""hasPlayed"": true, ""points"": -11}]",1,Eren Sami Dinkçi,244375.0,244375.0,288545.0,325979.0,1675666.0,2705230.0
3139,10,Cédric,Itten,3668255.0,18.0,2.0,2.0,0.0,3301.0,35.0,0,4,https://kickbase.b-cdn.net/content/file/c4cfdfdc99a949ea8f5f97c7c316efd8.png,26.0,2,9.0,4.0,"[{""hasPlayed"": true, ""points"": 21}, {""hasPlayed"": true, ""points"": 14}]",5,Cédric Itten,-102096.0,-102096.0,-118487.0,-124765.0,-756747.0,-7129797.0
3166,10,Keke,Topp,573498.0,,,,,,,1,4,https://kickbase.b-cdn.net/content/file/3b2c4046987d46a6a2afe1a90455d7ea.png,9.0,1,,0.0,"[{""hasPlayed"": false, ""points"": null}, {""hasPlayed"": false, ""points"": null}]",5,Keke Topp,66446.0,66446.0,7052.0,0.0,15677.0,73498.0
3228,10,Justin,Njinmah,4268283.0,2.0,1.0,1.0,1.0,3750.0,2.0,1,4,https://kickbase.b-cdn.net/content/file/aecaedfbbfac4fc189856b5b5d560b2d.png,11.0,2,0.0,1.0,"[{""hasPlayed"": false, ""points"": null}, {""hasPlayed"": true, ""points"": 2}]",5,Justin Njinmah,-145235.0,-145235.0,-145625.0,-145191.0,-1701020.0,-2268338.0
3281,10,Ludovit,Reis,9890605.0,63.0,2.0,2.0,2.0,11125.0,126.0,0,3,https://kickbase.b-cdn.net/content/file/4b8927aad68d467b96d281d272a77f35.png,15.0,1,12.0,48.0,"[{""hasPlayed"": true, ""points"": 97}, {""hasPlayed"": true, ""points"": 29}]",1,Ludovit Reis,202431.0,202431.0,239810.0,262025.0,1235965.0,1343322.0
3450,10,Markus,Kolke,500000.0,,,,,,,0,1,https://kickbase.b-cdn.net/content/file/8e62a66ca620435fa877b6e0ed662c0b.png,25.0,0,,0.0,"[{""hasPlayed"": false, ""points"": null}, {""hasPlayed"": false, ""points"": null}]",5,Markus Kolke,0.0,0.0,0.0,0.0,0.0,0.0
3481,10,Jens,Stage,11585519.0,,,,,,,1,3,https://kickbase.b-cdn.net/content/file/1660e6fa98fe418d8a4abdb17bda1d62.png,6.0,2,,0.0,"[{""hasPlayed"": false, ""points"": null}, {""hasPlayed"": false, ""points"": null}]",5,Jens Stage,-669549.0,-669549.0,-674968.0,-662237.0,-4624163.0,-6679323.0
6174,10,,Arthur,7070380.0,49.0,1.0,1.0,1.0,4193.0,49.0,0,2,https://kickbase.b-cdn.net/content/file/1a97160785984f9ba1247c828bca87a5.png,0.0,1,6.0,34.0,"[{""hasPlayed"": true, ""points"": 49}, {""hasPlayed"": false, ""points"": null}]",1,Arthur,287954.0,287954.0,319160.0,355436.0,2225388.0,1647766.0
7167,10,Senne,Lynen,5761475.0,0.0,1.0,1.0,1.0,2812.0,0.0,2,3,https://kickbase.b-cdn.net/content/file/155288638ca9459bbebfab0684e818ef.png,14.0,2,,0.0,"[{""hasPlayed"": false, ""points"": null}, {""hasPlayed"": true, ""points"": 0}]",5,Senne Lynen,-378934.0,-378934.0,-379259.0,-377806.0,-2570522.0,-2228817.0
7282,10,Olivier,Deman,10032762.0,93.0,2.0,2.0,2.0,11674.0,185.0,0,2,https://kickbase.b-cdn.net/content/file/581d084f390f47a38c3d2d35085fb1e4.png,2.0,1,18.0,98.0,"[{""hasPlayed"": true, ""points"": 162}, {""hasPlayed"": true, ""points"": 23}]",1,Olivier Deman,245427.0,245427.0,295367.0,301660.0,920965.0,353727.0
7721,10,Marco,Grüll,8421609.0,209.0,2.0,2.0,2.0,11124.0,417.0,0,3,https://kickbase.b-cdn.net/content/file/73071b81354346399a14dd6431d4e823.png,17.0,1,49.0,115.0,"[{""hasPlayed"": true, ""points"": 290}, {""hasPlayed"": true, ""points"": 127}]",1,Marco Grüll,330366.0,330366.0,343279.0,340822.0,2104931.0,4645747.0
8166,10,,Chuki,8223395.0,85.0,2.0,2.0,2.0,10866.0,170.0,0,3,https://kickbase.b-cdn.net/content/file/480d2ef5bfd94f57a5db7545d63b0828.png,20.0,1,20.0,93.0,"[{""hasPlayed"": true, ""points"": 151}, {""hasPlayed"": true, ""points"": 19}]",1,Chuki,319063.0,319063.0,304467.0,290593.0,1123111.0,-2220256.0
9513,10,Karl,Hein,12151085.0,75.0,2.0,2.0,2.0,11674.0,150.0,0,1,https://kickbase.b-cdn.net/content/file/0342913c28ed45b18f310732f9b90b16.png,1.0,1,12.0,94.0,"[{""hasPlayed"": true, ""points"": 142}, {""hasPlayed"": true, ""points"": 8}]",1,Karl Hein,1808.0,1808.0,18773.0,23997.0,-567175.0,244334.0
9600,10,Alexander,Schlager,1245713.0,,,,,,,0,1,https://kickbase.b-cdn.net/content/file/c677b3706079488a8ee0283db8fdd970.png,30.0,2,,0.0,"[{""hasPlayed"": false, ""points"": null}, {""hasPlayed"": false, ""points"": null}]",5,Alexander Schlager,-140631.0,-140631.0,-139086.0,-137288.0,-964582.0,-4351777.0
10131,10,Dariusz,Stalmach,5131441.0,86.0,2.0,2.0,0.0,3775.0,172.0,0,3,https://kickbase.b-cdn.net/content/file/24197523c05b4e17ac6e922264265d37.png,23.0,1,33.0,86.0,"[{""hasPlayed"": true, ""points"": 25}, {""hasPlayed"": true, ""points"": 147}]",5,Dariusz Stalmach,331219.0,331219.0,372266.0,399030.0,2380454.0,887509.0
10134,10,Mick,Schmetgens,4541099.0,21.0,2.0,2.0,1.0,7480.0,42.0,0,2,https://kickbase.b-cdn.net/content/file/cbb89b4949af4997a53ca8ecc1ce7c78.png,33.0,2,9.0,29.0,"[{""hasPlayed"": true, ""points"": 42}, {""hasPlayed"": true, ""points"": 0}]",5,Mick Schmetgens,-125115.0,-125115.0,-137737.0,-361919.0,-2075662.0,186204.0
11262,10,Salim Amani,Musah,3455935.0,1.0,2.0,2.0,0.0,2762.0,1.0,0,4,https://kickbase.b-cdn.net/content/file/06171b2c46b740f29fc107281e5b489c.png,29.0,2,0.0,7.0,"[{""hasPlayed"": true, ""points"": 6}, {""hasPlayed"": true, ""points"": -5}]",5,Salim Amani Musah,-112668.0,-112668.0,-122555.0,-124785.0,-850293.0,-1647481.0
13449,10,Moussa,Ndiaye,3544452.0,,,,,,,0,2,https://kickbase.b-cdn.net/content/file/2af2bd87e1ec448bb98741662c2c9fe4.png,0.0,1,,,"[{""hasPlayed"": false, ""points"": null}, {""hasPlayed"": false, ""points"": null}]",5,Moussa Ndiaye,-108067.0,-108067.0,61145.0,175203.0,1333717.0,3544452.0
14923,10,Kenny,Quetant,681567.0,,,,,,,0,4,https://kickbase.b-cdn.net/content/file/ce71a0ceab994338b9911cf79b91e00c.png,19.0,2,,0.0,"[{""hasPlayed"": false, ""points"": null}, {""hasPlayed"": false, ""points"": null}]",5,Kenny Quetant,-57277.0,-57277.0,-78021.0,-94489.0,-639033.0,-3748011.0
14926,10,Darwin,Soylu,695833.0,,,,,,,0,3,https://kickbase.b-cdn.net/content/file/5cb0e397fead443c8b6edad320c05fb5.png,34.0,2,,0.0,"[{""hasPlayed"": false, ""points"": null}, {""hasPlayed"": false, ""points"": null}]",5,Darwin Soylu,-19555.0,-19555.0,-33635.0,-53762.0,-502498.0,-3744076.0
15256,10,Oskar,Wójcik,1828098.0,,,,,,,0,2,https://kickbase.b-cdn.net/content/file/97c455965a994f56b1d9c44f02427633.png,3.0,2,,0.0,"[{""hasPlayed"": false, ""points"": null}, {""hasPlayed"": false, ""points"": null}]",5,Oskar Wójcik,-124012.0,-124012.0,-134577.0,-140064.0,-946539.0,-6126420.0
15313,10,Paul,Erevbenagie,3438369.0,37.0,1.0,1.0,0.0,1768.0,37.0,0,4,https://kickbase.b-cdn.net/content/file/6e29480ac28c4af59908453b181e813c.png,38.0,2,10.0,26.0,"[{""hasPlayed"": true, ""points"": 37}, {""hasPlayed"": false, ""points"": null}]",5,Paul Erevbenagie,-111679.0,-111679.0,-126275.0,-133754.0,-795635.0,2252892.0
17288,10,Youri,Regeer,7485722.0,130.0,1.0,1.0,1.0,5157.0,130.0,0,3,https://kickbase.b-cdn.net/content/file/f4b7ace177bb4699aad8c93d93c91829.png,0.0,1,17.0,,"[{""hasPlayed"": true, ""points"": 130}, {""hasPlayed"": false, ""points"": null}]",1,Youri Regeer,278745.0,278745.0,316324.0,325171.0,1578008.0,7485722.0
493,13,Michael,Gregoritsch,13166928.0,138.0,2.0,2.0,2.0,9346.0,276.0,0,4,https://kickbase.b-cdn.net/content/file/90d8bfeb702e4fc9a12b70e61d1cada3.png,11.0,1,20.0,80.0,"[{""hasPlayed"": true, ""points"": 81}, {""hasPlayed"": true, ""points"": 195}]",1,Michael Gregoritsch,191846.0,191846.0,205309.0,210845.0,1328585.0,4086772.0
1809,13,Marius,Wolf,9433357.0,200.0,2.0,2.0,2.0,9820.0,400.0,0,3,https://kickbase.b-cdn.net/content/file/a1f80afaec424464a483185498e81a2e.png,27.0,1,42.0,53.0,"[{""hasPlayed"": true, ""points"": 162}, {""hasPlayed"": true, ""points"": 238}]",3,Marius Wolf,248805.0,248805.0,299555.0,331330.0,2146919.0,8580577.0
1811,13,Jeffrey,Gouweleeuw,6160312.0,26.0,2.0,2.0,0.0,777.0,52.0,0,2,https://kickbase.b-cdn.net/content/file/12102af2b43f4161bfaeb1a6d0172ad2.png,6.0,2,8.0,5.0,"[{""hasPlayed"": true, ""points"": 30}, {""hasPlayed"": true, ""points"": 22}]",3,Jeffrey Gouweleeuw,-271628.0,-271628.0,-300531.0,-314598.0,-1905170.0,-4239116.0
2195,13,Finn,Dahmen,16755976.0,195.0,2.0,2.0,2.0,11311.0,389.0,0,1,https://kickbase.b-cdn.net/content/file/78075846ec2d4f2eaeef6be38fdb6681.png,1.0,1,23.0,26.0,"[{""hasPlayed"": true, ""points"": 176}, {""hasPlayed"": true, ""points"": 213}]",1,Finn Dahmen,68042.0,68042.0,103119.0,125161.0,490545.0,1291789.0
2764,13,Yannik,Keitel,1392156.0,23.0,1.0,1.0,0.0,642.0,23.0,0,3,https://kickbase.b-cdn.net/content/file/4f4bc9f6569e49588aa7dd39288b614f.png,14.0,2,16.0,16.0,"[{""hasPlayed"": false, ""points"": null}, {""hasPlayed"": true, ""points"": 23}]",5,Yannik Keitel,-83126.0,-83126.0,-103907.0,-121105.0,-570549.0,-3655359.0
3176,13,Arijon,Ibrahimović,7382794.0,181.0,1.0,1.0,1.0,3743.0,181.0,0,3,https://kickbase.b-cdn.net/content/file/f88dab5aaf7b458a971b11fb9ae2eb82.png,21.0,1,24.0,127.0,"[{""hasPlayed"": true, ""points"": 181}, {""hasPlayed"": false, ""points"": null}]",1,Arijon Ibrahimović,367977.0,367977.0,375522.0,385077.0,2304753.0,2376721.0
3183,13,Anton,Kade,13877543.0,273.0,1.0,1.0,1.0,5649.0,273.0,2,4,https://kickbase.b-cdn.net/content/file/023539a6ce2b4b2d971d98593d7ce584.png,30.0,2,19.0,193.0,"[{""hasPlayed"": false, ""points"": null}, {""hasPlayed"": true, ""points"": 273}]",5,Anton Kade,-423151.0,-423151.0,-33154.0,43093.0,-213271.0,3374179.0
4654,13,Mert,Kömür,4075293.0,50.0,2.0,2.0,0.0,2980.0,100.0,0,3,https://kickbase.b-cdn.net/content/file/f2c46eb7f8d3482c8bb69240abd7762d.png,10.0,2,24.0,9.0,"[{""hasPlayed"": true, ""points"": 57}, {""hasPlayed"": true, ""points"": 43}]",4,Mert Kömür,-124078.0,-124078.0,-107940.0,-98319.0,-540176.0,1295699.0
6168,13,Robin,Fellhauer,10452793.0,104.0,2.0,2.0,2.0,8323.0,207.0,0,3,https://kickbase.b-cdn.net/content/file/c458283e0fd243beb4cd2bd270cbfb54.png,19.0,1,19.0,64.0,"[{""hasPlayed"": true, ""points"": 149}, {""hasPlayed"": true, ""points"": 58}]",3,Robin Fellhauer,168104.0,168104.0,286470.0,232684.0,144035.0,1088058.0
7283,13,Calvin,Brackelmann,8194650.0,113.0,2.0,2.0,2.0,10533.0,225.0,0,2,https://kickbase.b-cdn.net/content/file/e13f320cbaad4bad96143f969d2cf434.png,2.0,1,27.0,47.0,"[{""hasPlayed"": true, ""points"": 79}, {""hasPlayed"": true, ""points"": 146}]",3,Calvin Brackelmann,270674.0,270674.0,255794.0,301258.0,2048349.0,521213.0
7336,13,Sima,Suso,770271.0,,,,,,,1,3,https://kickbase.b-cdn.net/content/file/183351daddfd4c36b0c80c411b0e061c.png,8.0,2,,0.0,"[{""hasPlayed"": false, ""points"": null}, {""hasPlayed"": false, ""points"": null}]",5,Sima Suso,-9005.0,-9005.0,-7320.0,-43604.0,-465799.0,-3736428.0
7676,13,Fabian,Rieder,16862219.0,208.0,2.0,2.0,2.0,10669.0,416.0,0,3,https://kickbase.b-cdn.net/content/file/bdc22db52af641168bf48d012401bd6b.png,32.0,1,24.0,18.0,"[{""hasPlayed"": true, ""points"": 221}, {""hasPlayed"": true, ""points"": 195}]",1,Fabian Rieder,128070.0,128070.0,163728.0,170234.0,981992.0,4915453.0
7696,13,Nediljko,Labrović,500000.0,,,,,,,0,1,https://kickbase.b-cdn.net/content/file/ab74d9253f714c34b29783c84700fd13.png,22.0,0,,0.0,"[{""hasPlayed"": false, ""points"": null}, {""hasPlayed"": false, ""points"": null}]",5,Nediljko Labrović,0.0,0.0,0.0,0.0,0.0,-2366074.0
8355,13,Noahkai,Banks,10706873.0,138.0,2.0,2.0,2.0,11311.0,275.0,0,2,https://kickbase.b-cdn.net/content/file/eee3a63f6cd84553ac20c6854134da5c.png,40.0,1,25.0,10.0,"[{""hasPlayed"": true, ""points"": 130}, {""hasPlayed"": true, ""points"": 145}]",1,Noahkai Banks,232261.0,232261.0,258257.0,410790.0,2236520.0,3941203.0
9642,13,Chrislain,Matsima,15206483.0,157.0,2.0,2.0,2.0,11311.0,314.0,0,2,https://kickbase.b-cdn.net/content/file/0337794cdbe74c759f6ea4c6ac9c796b.png,5.0,1,20.0,26.0,"[{""hasPlayed"": true, ""points"": 176}, {""hasPlayed"": true, ""points"": 138}]",1,Chrislain Matsima,106892.0,106892.0,167410.0,194057.0,1037282.0,4855597.0
9684,13,Alexis,Claude-Maurice,7808317.0,167.0,1.0,1.0,0.0,1925.0,167.0,0,3,https://kickbase.b-cdn.net/content/file/6fcd0e7bf78f4355ac28aecef9efb589.png,20.0,1,21.0,118.0,"[{""hasPlayed"": true, ""points"": 167}, {""hasPlayed"": false, ""points"": null}]",3,Alexis Claude-Maurice,335887.0,335887.0,362541.0,359645.0,883494.0,-4184419.0
9754,13,Juma,Bah,5555342.0,,,,,,,0,2,https://kickbase.b-cdn.net/content/file/5627c3fa11834a97ae7c6963d68a09a6.png,0.0,2,,,"[{""hasPlayed"": false, ""points"": null}, {""hasPlayed"": false, ""points"": null}]",4,Juma Bah,-408648.0,-408648.0,-426061.0,-444618.0,-2989410.0,5555342.0
9965,13,Faik,Sakar,2340013.0,,,,,,,2,3,https://kickbase.b-cdn.net/content/file/8acfc6a0b1524998999efe1e686302d4.png,23.0,2,,0.0,"[{""hasPlayed"": false, ""points"": null}, {""hasPlayed"": false, ""points"": null}]",5,Faik Sakar,-151461.0,-151461.0,-147690.0,-150034.0,-980059.0,-2087427.0
10049,13,Hennes,Behrens,12721456.0,121.0,2.0,2.0,2.0,11311.0,242.0,0,2,https://kickbase.b-cdn.net/content/file/18dac711dedc44698522f7c499401190.png,16.0,1,19.0,31.0,"[{""hasPlayed"": true, ""points"": 99}, {""hasPlayed"": true, ""points"": 143}]",1,Hennes Behrens,79913.0,79913.0,101019.0,114551.0,631985.0,4817429.0
11556,13,Han-Noah,Massengo,12117712.0,146.0,2.0,2.0,2.0,11311.0,292.0,0,3,https://kickbase.b-cdn.net/content/file/d5c086e505984d7ba4c7e0af23d1a901.png,4.0,1,24.0,12.0,"[{""hasPlayed"": true, ""points"": 137}, {""hasPlayed"": true, ""points"": 155}]",1,Han-Noah Massengo,188905.0,188905.0,204064.0,235044.0,1261801.0,3466130.0
12341,13,Rodrigo,Ribeiro,5916564.0,66.0,2.0,2.0,0.0,1964.0,131.0,0,4,https://kickbase.b-cdn.net/content/file/7d60acf2c66d45288438f5f879775e01.png,9.0,1,22.0,53.0,"[{""hasPlayed"": true, ""points"": 28}, {""hasPlayed"": true, ""points"": 103}]",5,Rodrigo Ribeiro,174975.0,174975.0,235191.0,284109.0,1770571.0,1180506.0
13479,13,Uchenna,Ogundu,2474729.0,,,,,,,0,4,https://kickbase.b-cdn.net/content/file/c9277b2f662b4b60a7ad1b27ddb68201.png,39.0,2,,0.0,"[{""hasPlayed"": false, ""points"": null}, {""hasPlayed"": false, ""points"": null}]",5,Uchenna Ogundu,-136355.0,-136355.0,-146983.0,-140859.0,-935268.0,-1820707.0
13671,13,Tom,Wisbereit,500000.0,,,,,,,0,1,https://kickbase.b-cdn.net/content/file/487a6f69783d4bf69fa8c1b023e108e1.png,48.0,0,,,"[{""hasPlayed"": false, ""points"": null}, {""hasPlayed"": false, ""points"": null}]",5,Tom Wisbereit,0.0,0.0,0.0,0.0,0.0,0.0
13806,13,Young-Woo,Seol,2722597.0,53.0,2.0,2.0,0.0,1490.0,105.0,0,2,https://kickbase.b-cdn.net/content/file/e7ba68f831b843ba9e8251edb80f7989.png,7.0,2,38.0,28.0,"[{""hasPlayed"": true, ""points"": 32}, {""hasPlayed"": true, ""points"": 73}]",3,Young-Woo Seol,-73942.0,-73942.0,-113837.0,-136875.0,-394139.0,2722597.0
32,8,Loris,Karius,16863681.0,133.0,2.0,2.0,2.0,11390.0,265.0,0,1,https://kickbase.b-cdn.net/content/file/9b53a17786bd45d8b843b3e188f2ceae.png,1.0,1,15.0,13.0,"[{""hasPlayed"": true, ""points"": 123}, {""hasPlayed"": true, ""points"": 142}]",1,Loris Karius,45898.0,45898.0,70114.0,92566.0,240376.0,1255409.0
670,8,Kenan,Karaman,8905170.0,15.0,1.0,1.0,0.0,596.0,15.0,0,4,https://kickbase.b-cdn.net/content/file/3eb5c46b23e042a4b366137871517bbe.png,19.0,1,1.0,10.0,"[{""hasPlayed"": true, ""points"": 15}, {""hasPlayed"": false, ""points"": null}]",3,Kenan Karaman,175281.0,175281.0,173415.0,104658.0,-33642.0,-6381369.0
755,8,Kevin,Müller,1020202.0,,,,,,,0,1,https://kickbase.b-cdn.net/content/file/9267ef7e0ff04d8d8f68116e2baab8fa.png,22.0,2,,0.0,"[{""hasPlayed"": false, ""points"": null}, {""hasPlayed"": false, ""points"": null}]",5,Kevin Müller,-143840.0,-143840.0,-143417.0,-145542.0,-1102166.0,-388058.0
1012,8,Edin,Džeko,6066457.0,-30.0,1.0,1.0,0.0,1052.0,-30.0,0,4,https://kickbase.b-cdn.net/content/file/31e382a514fb4fd0a7b6bf028b56f839.png,10.0,2,,21.0,"[{""hasPlayed"": false, ""points"": null}, {""hasPlayed"": true, ""points"": -30}]",5,Edin Džeko,-260502.0,-260502.0,-305368.0,-334141.0,-2208037.0,-1294775.0
1691,8,Finn,Porath,1290050.0,,,,,,,0,3,https://kickbase.b-cdn.net/content/file/250d4c6c00a74d8b9604ba54ec4385fd.png,27.0,2,,0.0,"[{""hasPlayed"": false, ""points"": null}, {""hasPlayed"": false, ""points"": null}]",5,Finn Porath,-122748.0,-122748.0,-132690.0,-141891.0,-925004.0,-3845222.0
2449,8,Hee-Chan,Hwang,4472825.0,,,,,,,0,4,https://kickbase.b-cdn.net/content/file/f03e94d1a5cf48cb99e80d9be87e060c.png,0.0,2,,,"[{""hasPlayed"": false, ""points"": null}, {""hasPlayed"": false, ""points"": null}]",5,Hee-Chan Hwang,-69119.0,-69119.0,-79654.0,-84395.0,-393398.0,2106598.0
2762,8,Timo,Becker,8577960.0,59.0,2.0,2.0,2.0,11390.0,118.0,0,2,https://kickbase.b-cdn.net/content/file/f1cc618a8f9e4121bc762da081feea87.png,5.0,2,13.0,50.0,"[{""hasPlayed"": true, ""points"": 95}, {""hasPlayed"": true, ""points"": 23}]",1,Timo Becker,14408.0,14408.0,1198.0,-51192.0,-849068.0,2933801.0
2876,8,Ron,Schallenberg,3338196.0,-54.0,1.0,1.0,1.0,3776.0,-54.0,8,3,https://kickbase.b-cdn.net/content/file/9f2d8e42f6bc438a9b4808262a3b2349.png,6.0,2,,38.0,"[{""hasPlayed"": false, ""points"": null}, {""hasPlayed"": true, ""points"": -54}]",5,Ron Schallenberg,-129119.0,-129119.0,-130058.0,-126460.0,-865669.0,-4211325.0
2967,8,Soufiane,El-Faouzi,12667348.0,76.0,2.0,2.0,2.0,11390.0,151.0,0,3,https://kickbase.b-cdn.net/content/file/08eca83815c745e1b44ccab6f89b6778.png,23.0,1,11.0,21.0,"[{""hasPlayed"": true, ""points"": 91}, {""hasPlayed"": true, ""points"": 60}]",1,Soufiane El-Faouzi,32523.0,32523.0,21926.0,29319.0,-558862.0,-892363.0
3029,8,Dejan,Ljubičić,8235050.0,35.0,2.0,2.0,2.0,10211.0,70.0,0,3,https://kickbase.b-cdn.net/content/file/98ab54f781d048c8b864ceba5bc2f7d4.png,21.0,1,8.0,11.0,"[{""hasPlayed"": true, ""points"": 27}, {""hasPlayed"": true, ""points"": 43}]",2,Dejan Ljubičić,193952.0,193952.0,238707.0,263287.0,1171107.0,-292159.0
3307,8,Janik,Bachmann,2199359.0,,,,,,,0,3,https://kickbase.b-cdn.net/content/file/428a68b3510c4b3ba91bef10ecd9fff2.png,14.0,1,,0.0,"[{""hasPlayed"": false, ""points"": null}, {""hasPlayed"": false, ""points"": null}]",5,Janik Bachmann,203790.0,203790.0,251139.0,294676.0,1636629.0,-979399.0
4406,8,Éric,Dina Ebimbe,4803289.0,5.0,2.0,2.0,1.0,5926.0,10.0,0,3,https://kickbase.b-cdn.net/content/file/afbea634b0e842279a632beb83f7cfbd.png,29.0,2,2.0,33.0,"[{""hasPlayed"": true, ""points"": 29}, {""hasPlayed"": true, ""points"": -19}]",3,Éric Dina Ebimbe,-40476.0,-40476.0,-48755.0,-60674.0,-1256154.0,-1835194.0
4606,8,Hasan,Kuruçay,9363568.0,66.0,2.0,2.0,2.0,8290.0,131.0,0,2,https://kickbase.b-cdn.net/content/file/6448b21aef9940588bd94029c6f79831.png,4.0,1,13.0,60.0,"[{""hasPlayed"": true, ""points"": 108}, {""hasPlayed"": true, ""points"": 23}]",1,Hasan Kuruçay,227719.0,227719.0,222372.0,185431.0,292857.0,-2875097.0
6172,8,Junior,Adamu,4747597.0,24.0,1.0,1.0,1.0,3727.0,24.0,0,4,https://kickbase.b-cdn.net/content/file/61eaae6121e34a598bac55925001ce96.png,20.0,2,5.0,16.0,"[{""hasPlayed"": false, ""points"": null}, {""hasPlayed"": true, ""points"": 24}]",4,Junior Adamu,-328721.0,-328721.0,-336285.0,-341963.0,-2104966.0,-3994735.0
7156,8,Maximilian,Wöber,1699139.0,-20.0,2.0,2.0,0.0,3099.0,-39.0,0,2,https://kickbase.b-cdn.net/content/file/aa8759270ae54b79851feea4f7769c01.png,39.0,2,,81.0,"[{""hasPlayed"": true, ""points"": 38}, {""hasPlayed"": true, ""points"": -77}]",5,Maximilian Wöber,-87095.0,-87095.0,-104245.0,-111425.0,-728417.0,-4444047.0
7242,8,Robin,Gosens,7847105.0,37.0,2.0,2.0,1.0,5918.0,73.0,0,2,https://kickbase.b-cdn.net/content/file/aad327c722fd45e2a843dfbba1484126.png,8.0,1,9.0,64.0,"[{""hasPlayed"": true, ""points"": 82}, {""hasPlayed"": true, ""points"": -9}]",2,Robin Gosens,66436.0,66436.0,41056.0,15988.0,-579634.0,-1154512.0
8222,8,Moussa,Sylla,8324685.0,23.0,2.0,2.0,2.0,11390.0,45.0,0,4,https://kickbase.b-cdn.net/content/file/9e29701cd06e47cb89a5e43674193068.png,9.0,2,5.0,2.0,"[{""hasPlayed"": true, ""points"": 24}, {""hasPlayed"": true, ""points"": 21}]",1,Moussa Sylla,66678.0,66678.0,3268.0,-74204.0,-830871.0,-75507.0
8235,8,Adrian,Gantenbein,539289.0,,,,,,,0,2,https://kickbase.b-cdn.net/content/file/20ff107cb10149319ad76cc948de9e70.png,17.0,2,,0.0,"[{""hasPlayed"": false, ""points"": null}, {""hasPlayed"": false, ""points"": null}]",5,Adrian Gantenbein,-33849.0,-33849.0,-39453.0,-68282.0,-634281.0,-311859.0
8277,8,Vitalie,Becker,4155938.0,10.0,2.0,2.0,1.0,5471.0,20.0,0,2,https://kickbase.b-cdn.net/content/file/e467725d314c414688deb0c9754900e0.png,33.0,2,4.0,8.0,"[{""hasPlayed"": true, ""points"": 4}, {""hasPlayed"": true, ""points"": 16}]",4,Vitalie Becker,-101508.0,-101508.0,-109050.0,-110510.0,-665897.0,-2709673.0
10916,8,Mert Can,Ayhan,3868348.0,-7.0,2.0,2.0,0.0,2203.0,-13.0,0,2,https://kickbase.b-cdn.net/content/file/130406d171884bb486982e8fe381150c.png,43.0,2,,24.0,"[{""hasPlayed"": true, ""points"": 11}, {""hasPlayed"": true, ""points"": -24}]",4,Mert Can Ayhan,-125029.0,-125029.0,-129821.0,-131687.0,-776062.0,-5516095.0
11255,8,Nikola,Katic,10662824.0,87.0,2.0,2.0,2.0,10337.0,174.0,0,2,https://kickbase.b-cdn.net/content/file/74d1dd6590234bdb8e0d4bd266d6c531.png,25.0,1,16.0,28.0,"[{""hasPlayed"": true, ""points"": 107}, {""hasPlayed"": true, ""points"": 67}]",1,Nikola Katic,64274.0,64274.0,43143.0,36965.0,-1100788.0,-2908347.0
12158,8,Luca,Vozar,1572610.0,5.0,1.0,1.0,0.0,1178.0,5.0,0,3,https://kickbase.b-cdn.net/content/file/48805a793bcc4f09abdd1e903981c421.png,38.0,2,3.0,3.0,"[{""hasPlayed"": true, ""points"": 5}, {""hasPlayed"": false, ""points"": null}]",5,Luca Vozar,-120938.0,-120938.0,-127937.0,-136618.0,-904295.0,1072610.0
12297,8,Satoshi,Tanaka,7025555.0,94.0,1.0,1.0,1.0,5741.0,94.0,0,3,https://kickbase.b-cdn.net/content/file/450d1dc6d03543289c75d4e5e117d7e1.png,13.0,1,13.0,66.0,"[{""hasPlayed"": true, ""points"": 94}, {""hasPlayed"": false, ""points"": null}]",2,Satoshi Tanaka,310453.0,310453.0,333858.0,350895.0,1991138.0,-848071.0
13431,8,Johannes Simon,Siebeking,500000.0,,,,,,,0,1,https://kickbase.b-cdn.net/content/file/c6ff39d185b14c30a66421c5c78c245e.png,36.0,0,,0.0,"[{""hasPlayed"": false, ""points"": null}, {""hasPlayed"": false, ""points"": null}]",5,Johannes Simon Siebeking,0.0,0.0,0.0,0.0,0.0,-2903563.0
13448,8,Adil,Aouchiche,10689447.0,64.0,2.0,2.0,2.0,10325.0,127.0,0,3,https://kickbase.b-cdn.net/content/file/8ac09c4f6e974d80a4bc1aff9ad6768d.png,24.0,2,11.0,28.0,"[{""hasPlayed"": true, ""points"": 84}, {""hasPlayed"": true, ""points"": 43}]",1,Adil Aouchiche,-113792.0,-113792.0,-156427.0,-236076.0,-1843271.0,-3190383.0
