id,teamId,firstName,lastName,marketValue,averagePoints,games,gamesPlayed,start11,totalPlaytimeS,totalPoints,status,position,playerImage,number,trend,pointsPerValue,pointsStdDev,history,startProbability,name,marketChangeToday,marketChange.today,marketChange.yesterday,marketChange.twoDays,marketChange.sevenDaysAvg,marketChange.thirtyDaysAvg
173,2,Jonathan,Tah,29452620.0,150.0,3.0,3.0,2.0,12199.0,449.0,0,2,https://kickbase.b-cdn.net/content/file/cd9c5cb89a074d1ea56f7d952e5074e4.png,4.0,2,15.0,112.0,"[{""hasPlayed"": true, ""points"": 182}, {""hasPlayed"": false, ""points"": null}, {""hasPlayed"": true, ""points"": 232}, {""hasPlayed"": true, ""points"": 35}]",2,Jonathan Tah,-95627.0,-95627.0,-60600.0,-1850.0,55048.0,-7443693.0
237,2,Manuel,Neuer,12492721.0,143.0,3.0,3.0,3.0,17273.0,428.0,0,1,https://kickbase.b-cdn.net/content/file/bf993bb6d6914136b11177795c5f77a9.png,1.0,1,34.0,80.0,"[{""hasPlayed"": true, ""points"": 186}, {""hasPlayed"": false, ""points"": null}, {""hasPlayed"": true, ""points"": 97}, {""hasPlayed"": true, ""points"": 145}]",2,Manuel Neuer,13350.0,13350.0,24629.0,34168.0,146795.0,-1341560.0
383,2,Sven,Ulreich,500000.0,,,,,,,0,1,https://kickbase.b-cdn.net/content/file/0535504fe45c48b6a905e9a14da5851d.png,26.0,0,,0.0,"[{""hasPlayed"": false, ""points"": null}, {""hasPlayed"": false, ""points"": null}, {""hasPlayed"": false, ""points"": null}, {""hasPlayed"": false, ""points"": null}]",5,Sven Ulreich,0.0,0.0,0.0,0.0,0.0,0.0
1685,2,Joshua,Kimmich,59577683.0,216.0,4.0,4.0,3.0,19013.0,865.0,0,3,https://kickbase.b-cdn.net/content/file/b41a70e2188a4c72aa165cfc7606c3e9.png,6.0,1,14.0,90.0,"[{""hasPlayed"": true, ""points"": 216}, {""hasPlayed"": true, ""points"": 92}, {""hasPlayed"": true, ""points"": 254}, {""hasPlayed"": true, ""points"": 303}]",1,Joshua Kimmich,5016.0,5016.0,7256.0,8377.0,67334.0,-298644.0
1961,2,Serge,Gnabry,14600345.0,34.0,1.0,1.0,0.0,988.0,34.0,0,3,https://kickbase.b-cdn.net/content/file/0a28d7fc999e415eb4aba7e837b0384c.png,7.0,1,2.0,17.0,"[{""hasPlayed"": true, ""points"": 34}, {""hasPlayed"": false, ""points"": null}, {""hasPlayed"": false, ""points"": null}, {""hasPlayed"": false, ""points"": null}]",3,Serge Gnabry,71182.0,71182.0,88995.0,110838.0,944890.0,1070002.0
1991,2,Dayot,Upamecano,32681003.0,178.0,4.0,4.0,4.0,20285.0,712.0,0,2,https://kickbase.b-cdn.net/content/file/13835e113e4f40d986f924b517690435.png,2.0,2,21.0,80.0,"[{""hasPlayed"": true, ""points"": 97}, {""hasPlayed"": true, ""points"": 126}, {""hasPlayed"": true, ""points"": 217}, {""hasPlayed"": true, ""points"": 272}]",3,Dayot Upamecano,-502104.0,-502104.0,-366264.0,-139995.0,-1006089.0,-608838.0
2038,2,Konrad,Laimer,22157150.0,118.0,2.0,2.0,2.0,11508.0,236.0,4,2,https://kickbase.b-cdn.net/content/file/cb9d5de1bbd14bf0915f1ec819569c17.png,27.0,2,10.0,68.0,"[{""hasPlayed"": false, ""points"": null}, {""hasPlayed"": false, ""points"": null}, {""hasPlayed"": true, ""points"": 129}, {""hasPlayed"": true, ""points"": 107}]",3,Konrad Laimer,-480319.0,-480319.0,-485009.0,-515542.0,-4080842.0,-9986045.0
2300,2,Josip,Stanišić,17019345.0,106.0,3.0,3.0,2.0,12964.0,319.0,0,2,https://kickbase.b-cdn.net/content/file/e5f36d7812254f3cb4534802eb6cd7e9.png,44.0,1,18.0,71.0,"[{""hasPlayed"": true, ""points"": 158}, {""hasPlayed"": true, ""points"": 118}, {""hasPlayed"": false, ""points"": null}, {""hasPlayed"": true, ""points"": 43}]",3,Josip Stanišić,56517.0,56517.0,96900.0,126892.0,823559.0,-5236310.0
2366,2,Alphonso,Davies,18210411.0,191.0,4.0,4.0,3.0,17085.0,763.0,0,2,https://kickbase.b-cdn.net/content/file/1321be6fb58f47b592a91f17f6b2bf68.png,19.0,1,41.0,97.0,"[{""hasPlayed"": true, ""points"": 320}, {""hasPlayed"": true, ""points"": 89}, {""hasPlayed"": true, ""points"": 201}, {""hasPlayed"": true, ""points"": 153}]",2,Alphonso Davies,135539.0,135539.0,144465.0,167394.0,1210630.0,6387809.0
2804,2,Jamal,Musiala,24722405.0,149.0,3.0,3.0,1.0,9727.0,446.0,1,3,https://kickbase.b-cdn.net/content/file/02ac203768a94e169fa6c6b87130a94e.png,10.0,2,18.0,150.0,"[{""hasPlayed"": true, ""points"": 333}, {""hasPlayed"": true, ""points"": 75}, {""hasPlayed"": true, ""points"": 38}, {""hasPlayed"": false, ""points"": null}]",5,Jamal Musiala,-1099246.0,-1099246.0,-464640.0,111247.0,-1081242.0,-3635347.0
3072,2,Jonas,Urbig,4170928.0,83.0,1.0,1.0,1.0,5901.0,83.0,0,1,https://kickbase.b-cdn.net/content/file/7305496deb014e31a4001d36894c457d.png,40.0,2,19.0,41.0,"[{""hasPlayed"": false, ""points"": null}, {""hasPlayed"": true, ""points"": 83}, {""hasPlayed"": false, ""points"": null}, {""hasPlayed"": false, ""points"": null}]",4,Jonas Urbig,-117856.0,-117856.0,-115348.0,-114210.0,-751040.0,-2978334.0
3089,2,Hiroki,Ito,2101086.0,,,,,,,0,2,https://kickbase.b-cdn.net/content/file/7d48858483334caca6c4315882270919.png,21.0,2,,0.0,"[{""hasPlayed"": false, ""points"": null}, {""hasPlayed"": false, ""points"": null}, {""hasPlayed"": false, ""points"": null}, {""hasPlayed"": false, ""points"": null}]",5,Hiroki Ito,-140244.0,-140244.0,-138137.0,-134389.0,-945666.0,-3860107.0
3120,2,Tom,Bischof,17621429.0,99.0,4.0,4.0,1.0,7863.0,397.0,0,3,https://kickbase.b-cdn.net/content/file/9d622fb218a14c90ad0a75266080e027.png,8.0,1,22.0,74.0,"[{""hasPlayed"": true, ""points"": 201}, {""hasPlayed"": true, ""points"": 108}, {""hasPlayed"": true, ""points"": 48}, {""hasPlayed"": true, ""points"": 40}]",4,Tom Bischof,4531.0,4531.0,55112.0,99907.0,674462.0,-4960070.0
3543,2,Nathaniel,Brown,18490396.0,61.0,4.0,4.0,3.0,11315.0,242.0,0,2,https://kickbase.b-cdn.net/content/file/4dd49322843644839bb43182b3a8b68b.png,11.0,2,13.0,20.0,"[{""hasPlayed"": true, ""points"": 32}, {""hasPlayed"": true, ""points"": 74}, {""hasPlayed"": true, ""points"": 76}, {""hasPlayed"": true, ""points"": 60}]",4,Nathaniel Brown,-499826.0,-499826.0,-496741.0,-511213.0,-3463464.0,-11252922.0
6080,2,Aleksandar,Pavlović,34645217.0,210.0,4.0,4.0,4.0,19470.0,838.0,0,3,https://kickbase.b-cdn.net/content/file/958c27ad7cf943a8b9e380f72fdc5b4f.png,45.0,1,24.0,49.0,"[{""hasPlayed"": true, ""points"": 163}, {""hasPlayed"": true, ""points"": 249}, {""hasPlayed"": true, ""points"": 170}, {""hasPlayed"": true, ""points"": 256}]",2,Aleksandar Pavlović,40179.0,40179.0,45276.0,52812.0,450068.0,2022667.0
6668,2,Kim,Minjae,10288546.0,109.0,3.0,3.0,2.0,13885.0,327.0,0,2,https://kickbase.b-cdn.net/content/file/4df81f5e57ca4e278fb6bc229ed6e05d.png,3.0,2,31.0,57.0,"[{""hasPlayed"": true, ""points"": 88}, {""hasPlayed"": true, ""points"": 129}, {""hasPlayed"": false, ""points"": null}, {""hasPlayed"": true, ""points"": 110}]",3,Kim Minjae,-388949.0,-388949.0,-375070.0,-392491.0,-2624318.0,-460837.0
7226,2,Harry,Kane,64880714.0,174.0,4.0,4.0,3.0,18657.0,697.0,0,4,https://kickbase.b-cdn.net/content/file/8558eff47626439593b2acd71e400ab3.png,9.0,1,10.0,98.0,"[{""hasPlayed"": true, ""points"": 294}, {""hasPlayed"": true, ""points"": 209}, {""hasPlayed"": true, ""points"": 70}, {""hasPlayed"": true, ""points"": 124}]",1,Harry Kane,5560.0,5560.0,5928.0,6535.0,49970.0,-3958022.0
8329,2,Michael,Olise,64405343.0,317.0,4.0,4.0,3.0,19663.0,1269.0,0,3,https://kickbase.b-cdn.net/content/file/2d1bffc491014bb582c5d1c622b0ee37.png,17.0,1,19.0,236.0,"[{""hasPlayed"": true, ""points"": 663}, {""hasPlayed"": true, ""points"": 232}, {""hasPlayed"": true, ""points"": 125}, {""hasPlayed"": true, ""points"": 249}]",1,Michael Olise,10656.0,10656.0,8280.0,8794.0,-515522.0,-465983.0
10789,2,Lennart,Karl,17128034.0,93.0,3.0,3.0,2.0,8373.0,280.0,0,3,https://kickbase.b-cdn.net/content/file/64b2f60104dd4a96af2c8b9d4af6f07d.png,42.0,2,16.0,83.0,"[{""hasPlayed"": false, ""points"": null}, {""hasPlayed"": true, ""points"": 186}, {""hasPlayed"": true, ""points"": 73}, {""hasPlayed"": true, ""points"": 21}]",3,Lennart Karl,-415048.0,-415048.0,-456615.0,-496076.0,-3384890.0,-3439760.0
11675,2,Luis,Díaz,47035994.0,134.0,4.0,4.0,3.0,17165.0,534.0,0,4,https://kickbase.b-cdn.net/content/file/43b93afe59614450a4de3fd8e08c486b.png,14.0,2,11.0,59.0,"[{""hasPlayed"": true, ""points"": 116}, {""hasPlayed"": true, ""points"": 74}, {""hasPlayed"": true, ""points"": 129}, {""hasPlayed"": true, ""points"": 215}]",2,Luis Díaz,-220638.0,-220638.0,-288433.0,-303775.0,-2423023.0,-6561912.0
12314,2,Bara Sapoko,Ndiaye,2907173.0,,,,,,,0,3,https://kickbase.b-cdn.net/content/file/68a7688ebea44fc49865d84afbf17a38.png,39.0,1,,0.0,"[{""hasPlayed"": false, ""points"": null}, {""hasPlayed"": false, ""points"": null}, {""hasPlayed"": false, ""points"": null}, {""hasPlayed"": false, ""points"": null}]",5,Bara Sapoko Ndiaye,282600.0,282600.0,305777.0,319357.0,2153056.0,752677.0
14251,2,Ismael,Saibari,27573511.0,145.0,4.0,4.0,2.0,11599.0,581.0,0,4,https://kickbase.b-cdn.net/content/file/a8113275ef93446185b8dd4966df1834.png,34.0,2,21.0,70.0,"[{""hasPlayed"": true, ""points"": 182}, {""hasPlayed"": true, ""points"": 180}, {""hasPlayed"": true, ""points"": 39}, {""hasPlayed"": true, ""points"": 180}]",3,Ismael Saibari,6336.0,6336.0,-32702.0,-30635.0,-6975.0,-2479895.0
15502,2,Tim,Binder,500000.0,,,,,,,0,3,https://kickbase.b-cdn.net/content/file/bd4ad2cb101841eab3aa5641a51ee891.png,0.0,0,,0.0,"[{""hasPlayed"": false, ""points"": null}, {""hasPlayed"": false, ""points"": null}, {""hasPlayed"": false, ""points"": null}, {""hasPlayed"": false, ""points"": null}]",5,Tim Binder,0.0,0.0,0.0,0.0,-7069.0,-2970421.0
1664,9,Maximilian,Mittelstädt,27746498.0,168.0,4.0,4.0,4.0,22206.0,673.0,0,2,https://kickbase.b-cdn.net/content/file/eb576d01f97f40aa86c36b009d8502ec.png,7.0,1,24.0,67.0,"[{""hasPlayed"": true, ""points"": 155}, {""hasPlayed"": true, ""points"": 226}, {""hasPlayed"": true, ""points"": 213}, {""hasPlayed"": true, ""points"": 79}]",2,Maximilian Mittelstädt,49816.0,49816.0,49027.0,50238.0,409112.0,1444995.0
1671,9,Grischa,Prömel,13883644.0,86.0,4.0,4.0,4.0,22567.0,342.0,0,3,https://kickbase.b-cdn.net/content/file/08b903ec758e4ca3be71c96efaf7d324.png,21.0,2,24.0,91.0,"[{""hasPlayed"": true, ""points"": 35}, {""hasPlayed"": true, ""points"": 49}, {""hasPlayed"": true, ""points"": 223}, {""hasPlayed"": true, ""points"": 35}]",1,Grischa Prömel,-376253.0,-376253.0,-414205.0,-451621.0,-2800967.0,-217157.0
2068,9,Dan-Axel,Zagadou,3788103.0,,,,,,,2,2,https://kickbase.b-cdn.net/content/file/b356ec2b4bb34ae28c670dafbe1077c8.png,23.0,1,,0.0,"[{""hasPlayed"": false, ""points"": null}, {""hasPlayed"": false, ""points"": null}, {""hasPlayed"": false, ""points"": null}, {""hasPlayed"": false, ""points"": null}]",5,Dan-Axel Zagadou,352287.0,352287.0,327646.0,317440.0,2394849.0,1503502.0
2120,9,Nikolas,Nartey,6332646.0,-9.0,1.0,1.0,0.0,617.0,-9.0,0,3,https://kickbase.b-cdn.net/content/file/2133891e0645414dbdd7c340023656af.png,28.0,1,,4.0,"[{""hasPlayed"": true, ""points"": -9}, {""hasPlayed"": false, ""points"": null}, {""hasPlayed"": false, ""points"": null}, {""hasPlayed"": false, ""points"": null}]",4,Nikolas Nartey,65788.0,65788.0,142404.0,194423.0,1245398.0,-513813.0
2172,9,Chris,Führich,15865343.0,60.0,3.0,3.0,3.0,12361.0,181.0,0,3,https://kickbase.b-cdn.net/content/file/9a804bbfd5e14d84a33ca8e11ba3feb7.png,10.0,2,11.0,41.0,"[{""hasPlayed"": true, ""points"": 26}, {""hasPlayed"": true, ""points"": 59}, {""hasPlayed"": true, ""points"": 96}, {""hasPlayed"": false, ""points"": null}]",1,Chris Führich,-203471.0,-203471.0,-276196.0,-333398.0,-2272879.0,-7136045.0
2199,9,Josha,Vagnoman,13006888.0,131.0,4.0,4.0,4.0,22295.0,524.0,0,2,https://kickbase.b-cdn.net/content/file/c0ddab007ad34b48b3efcfa3cb66ef4d.png,4.0,1,40.0,119.0,"[{""hasPlayed"": true, ""points"": 66}, {""hasPlayed"": true, ""points"": 75}, {""hasPlayed"": true, ""points"": 310}, {""hasPlayed"": true, ""points"": 73}]",2,Josha Vagnoman,116265.0,116265.0,116952.0,117637.0,886178.0,7171386.0
2214,9,Atakan,Karazor,5191872.0,,,,,,,0,3,https://kickbase.b-cdn.net/content/file/219e2119996649e0846de7d6cd41906d.png,16.0,1,,0.0,"[{""hasPlayed"": false, ""points"": null}, {""hasPlayed"": false, ""points"": null}, {""hasPlayed"": false, ""points"": null}, {""hasPlayed"": false, ""points"": null}]",5,Atakan Karazor,284908.0,284908.0,308915.0,329208.0,2283662.0,412075.0
2237,9,Fabian,Bredlow,8486450.0,99.0,4.0,4.0,4.0,23185.0,396.0,0,1,https://kickbase.b-cdn.net/content/file/9c66b1c555ae45aea1e62e700f53f3e9.png,1.0,2,46.0,64.0,"[{""hasPlayed"": true, ""points"": 6}, {""hasPlayed"": true, ""points"": 128}, {""hasPlayed"": true, ""points"": 151}, {""hasPlayed"": true, ""points"": 111}]",4,Fabian Bredlow,-359678.0,-359678.0,-388954.0,-445093.0,-4218972.0,-2732878.0
2445,9,Marius,Funk,500000.0,,,,,,,0,1,https://kickbase.b-cdn.net/content/file/0e9c65b96cb040e5bd1a1d2127c167c9.png,33.0,0,,0.0,"[{""hasPlayed"": false, ""points"": null}, {""hasPlayed"": false, ""points"": null}, {""hasPlayed"": false, ""points"": null}, {""hasPlayed"": false, ""points"": null}]",5,Marius Funk,0.0,0.0,0.0,0.0,0.0,-3123778.0
2694,9,Angelo,Stiller,26410008.0,59.0,4.0,4.0,4.0,18574.0,234.0,0,3,https://kickbase.b-cdn.net/content/file/11b094668fbf453fa70c2bcce7ffa8e8.png,6.0,1,8.0,56.0,"[{""hasPlayed"": true, ""points"": 81}, {""hasPlayed"": true, ""points"": 1}, {""hasPlayed"": true, ""points"": 127}, {""hasPlayed"": true, ""points"": 25}]",1,Angelo Stiller,49414.0,49414.0,51443.0,51204.0,327193.0,-9977230.0
2854,9,Ermedin,Demirović,13164064.0,38.0,4.0,4.0,2.0,13313.0,152.0,0,4,https://kickbase.b-cdn.net/content/file/80dff151ca80494294c4872fe9d6d725.png,9.0,2,11.0,85.0,"[{""hasPlayed"": true, ""points"": -16}, {""hasPlayed"": true, ""points"": 7}, {""hasPlayed"": true, ""points"": 165}, {""hasPlayed"": true, ""points"": -4}]",3,Ermedin Demirović,-512174.0,-512174.0,-513675.0,-516822.0,-3560706.0,-5045122.0
2988,9,Jamie,Leweling,10817305.0,3.0,4.0,4.0,0.0,6096.0,12.0,0,3,https://kickbase.b-cdn.net/content/file/c9e7ad1b174e48d8aaf075b0bc0bb13d.png,18.0,2,1.0,13.0,"[{""hasPlayed"": true, ""points"": 4}, {""hasPlayed"": true, ""points"": -10}, {""hasPlayed"": true, ""points"": 21}, {""hasPlayed"": true, ""points"": -3}]",3,Jamie Leweling,-438542.0,-438542.0,-474273.0,-501217.0,-3430205.0,-12403486.0
3190,9,Jeff,Chabot,18321887.0,89.0,4.0,4.0,4.0,21906.0,354.0,0,2,https://kickbase.b-cdn.net/content/file/ee6e1ec0b942485d99b3293e1c9d42f9.png,24.0,2,19.0,62.0,"[{""hasPlayed"": true, ""points"": 86}, {""hasPlayed"": true, ""points"": 81}, {""hasPlayed"": true, ""points"": 170}, {""hasPlayed"": true, ""points"": 17}]",1,Jeff Chabot,-271428.0,-271428.0,-284768.0,-288407.0,-1714259.0,-5543022.0
3193,9,,Tiago Tomás,6727906.0,35.0,1.0,1.0,1.0,3780.0,35.0,4,4,https://kickbase.b-cdn.net/content/file/bc4ccccad9f44c0fa4e3f4e7a406cb75.png,8.0,1,5.0,17.0,"[{""hasPlayed"": false, ""points"": null}, {""hasPlayed"": false, ""points"": null}, {""hasPlayed"": false, ""points"": null}, {""hasPlayed"": true, ""points"": 35}]",4,Tiago Tomás,305148.0,305148.0,337563.0,363810.0,2201227.0,-748510.0
4296,9,Dzenan,Pejčinović,6908145.0,26.0,4.0,4.0,3.0,17305.0,103.0,0,4,https://kickbase.b-cdn.net/content/file/dce6b383ea96472faf6e2059c30593a9.png,17.0,2,14.0,41.0,"[{""hasPlayed"": true, ""points"": 1}, {""hasPlayed"": true, ""points"": 15}, {""hasPlayed"": true, ""points"": 93}, {""hasPlayed"": true, ""points"": -6}]",3,Dzenan Pejčinović,-240957.0,-240957.0,-266203.0,-283922.0,-2026558.0,-1793394.0
4589,9,Justin,Diehl,500000.0,,,,,,,1,4,https://kickbase.b-cdn.net/content/file/30199653f3bb49e4893c86fb81d21361.png,31.0,0,,0.0,"[{""hasPlayed"": false, ""points"": null}, {""hasPlayed"": false, ""points"": null}, {""hasPlayed"": false, ""points"": null}, {""hasPlayed"": false, ""points"": null}]",5,Justin Diehl,0.0,0.0,0.0,0.0,0.0,-282971.0
6085,9,Dennis,Seimen,7899754.0,,,,,,,0,1,https://kickbase.b-cdn.net/content/file/6d05c64ea8014ede879dd27ed387ef4e.png,41.0,1,,0.0,"[{""hasPlayed"": false, ""points"": null}, {""hasPlayed"": false, ""points"": null}, {""hasPlayed"": false, ""points"": null}, {""hasPlayed"": false, ""points"": null}]",2,Dennis Seimen,353810.0,353810.0,350605.0,331463.0,2237253.0,2964700.0
7158,9,Deniz,Undav,28325587.0,5.0,4.0,4.0,3.0,14462.0,21.0,0,4,https://kickbase.b-cdn.net/content/file/09b0fa82db54498db93794d443c5dd46.png,26.0,2,0.0,39.0,"[{""hasPlayed"": true, ""points"": -15}, {""hasPlayed"": true, ""points"": -17}, {""hasPlayed"": true, ""points"": 64}, {""hasPlayed"": true, ""points"": -11}]",2,Deniz Undav,-223805.0,-223805.0,-386023.0,-465824.0,-3042281.0,-15894033.0
7257,9,Leonidas,Stergiou,500000.0,-8.0,1.0,1.0,0.0,1286.0,-8.0,0,2,https://kickbase.b-cdn.net/content/file/5969fcecc82d4c039732fa615901d1b2.png,20.0,0,,4.0,"[{""hasPlayed"": false, ""points"": null}, {""hasPlayed"": false, ""points"": null}, {""hasPlayed"": false, ""points"": null}, {""hasPlayed"": true, ""points"": -8}]",5,Leonidas Stergiou,0.0,0.0,0.0,0.0,-82618.0,-2515582.0
7349,9,Finn,Jeltsch,14861204.0,74.0,4.0,4.0,4.0,23185.0,295.0,0,2,https://kickbase.b-cdn.net/content/file/256dbc8d5e474b4caea5b04904175a7d.png,29.0,2,19.0,77.0,"[{""hasPlayed"": true, ""points"": 24}, {""hasPlayed"": true, ""points"": 71}, {""hasPlayed"": true, ""points"": 184}, {""hasPlayed"": true, ""points"": 16}]",1,Finn Jeltsch,-371686.0,-371686.0,-232305.0,-71299.0,-646458.0,-136280.0
7781,9,Leo,Sauer,3887016.0,8.0,3.0,3.0,0.0,2502.0,24.0,0,3,https://kickbase.b-cdn.net/content/file/79854e5f8e024f4cac5b935b26f557ef.png,44.0,2,6.0,21.0,"[{""hasPlayed"": true, ""points"": -8}, {""hasPlayed"": true, ""points"": -6}, {""hasPlayed"": true, ""points"": 38}, {""hasPlayed"": false, ""points"": null}]",5,Leo Sauer,-149163.0,-149163.0,-152012.0,-155792.0,-1392053.0,-9298.0
8247,9,Ramon,Hendriks,4479661.0,18.0,3.0,3.0,2.0,11892.0,54.0,0,2,https://kickbase.b-cdn.net/content/file/105193e4d2f8459290802db43899091e.png,3.0,2,12.0,41.0,"[{""hasPlayed"": false, ""points"": null}, {""hasPlayed"": true, ""points"": 59}, {""hasPlayed"": true, ""points"": -37}, {""hasPlayed"": true, ""points"": 32}]",3,Ramon Hendriks,-107358.0,-107358.0,-123413.0,-339603.0,-1967034.0,-4769155.0
9615,9,Ameen,Al Dakhil,5207854.0,,,,,,,0,2,https://kickbase.b-cdn.net/content/file/4aee2e4168564f5e94d30aa4876c1170.png,2.0,1,,0.0,"[{""hasPlayed"": false, ""points"": null}, {""hasPlayed"": false, ""points"": null}, {""hasPlayed"": false, ""points"": null}, {""hasPlayed"": false, ""points"": null}]",5,Ameen Al Dakhil,324409.0,324409.0,374689.0,408773.0,2665867.0,3101753.0
10112,9,Luca,Jaquez,2551154.0,,,,,,,2,2,https://kickbase.b-cdn.net/content/file/723a3008f59f42d2bc35e506cca0cae0.png,14.0,1,,0.0,"[{""hasPlayed"": false, ""points"": null}, {""hasPlayed"": false, ""points"": null}, {""hasPlayed"": false, ""points"": null}, {""hasPlayed"": false, ""points"": null}]",5,Luca Jaquez,215369.0,215369.0,249806.0,278672.0,1606505.0,-465659.0
11043,9,Lorenz,Assignon,4385499.0,,,,,,,0,2,https://kickbase.b-cdn.net/content/file/9a09f4c605aa4708839026cfa823e807.png,22.0,1,,0.0,"[{""hasPlayed"": false, ""points"": null}, {""hasPlayed"": false, ""points"": null}, {""hasPlayed"": false, ""points"": null}, {""hasPlayed"": false, ""points"": null}]",5,Lorenz Assignon,299775.0,299775.0,334362.0,377522.0,2481907.0,11245.0
11955,9,Bilal,El Khannouss,15189735.0,56.0,4.0,4.0,2.0,12882.0,224.0,0,3,https://kickbase.b-cdn.net/content/file/5647309665b04428a87e221756ac45de.png,11.0,2,14.0,122.0,"[{""hasPlayed"": true, ""points"": 35}, {""hasPlayed"": true, ""points"": 20}, {""hasPlayed"": true, ""points"": 229}, {""hasPlayed"": true, ""points"": -60}]",3,Bilal El Khannouss,-533882.0,-533882.0,-532683.0,-514074.0,-3004767.0,-5814657.0
12367,9,Yanik,Spalt,831480.0,20.0,2.0,2.0,0.0,4173.0,39.0,0,3,https://kickbase.b-cdn.net/content/file/4369628365234b989d2c7b1750ba118a.png,47.0,2,46.0,11.0,"[{""hasPlayed"": false, ""points"": null}, {""hasPlayed"": true, ""points"": 20}, {""hasPlayed"": true, ""points"": 19}, {""hasPlayed"": false, ""points"": null}]",5,Yanik Spalt,-145587.0,-145587.0,-157452.0,-187048.0,-1431671.0,331480.0
859,77,Jan,Gyamerah,5485127.0,55.0,4.0,4.0,4.0,18967.0,220.0,2,2,https://kickbase.b-cdn.net/content/file/605c8e04a1e448d28636a175391a6394.png,30.0,2,40.0,22.0,"[{""hasPlayed"": true, ""points"": 48}, {""hasPlayed"": true, ""points"": 28}, {""hasPlayed"": true, ""points"": 81}, {""hasPlayed"": true, ""points"": 63}]",3,Jan Gyamerah,-389244.0,-389244.0,-400357.0,-420782.0,-3097984.0,-777397.0
1745,77,Amara,Condé,551127.0,-1.0,2.0,2.0,0.0,1706.0,-2.0,0,3,https://kickbase.b-cdn.net/content/file/f4a59adaeaa34d489c40d0fc80a957a6.png,6.0,2,,12.0,"[{""hasPlayed"": false, ""points"": null}, {""hasPlayed"": true, ""points"": -16}, {""hasPlayed"": true, ""points"": 14}, {""hasPlayed"": false, ""points"": null}]",5,Amara Condé,-144010.0,-144010.0,-149734.0,-154293.0,-1053595.0,-1052503.0
2495,77,Tim,Boss,500000.0,,,,,,,0,1,https://kickbase.b-cdn.net/content/file/56d626009997411d96ea41f2355a4a62.png,28.0,0,,0.0,"[{""hasPlayed"": false, ""points"": null}, {""hasPlayed"": false, ""points"": null}, {""hasPlayed"": false, ""points"": null}, {""hasPlayed"": false, ""points"": null}]",5,Tim Boss,0.0,0.0,0.0,0.0,0.0,-2826032.0
2928,77,Lukas Emanuel,Petkov,10935168.0,113.0,4.0,4.0,4.0,22599.0,453.0,0,3,https://kickbase.b-cdn.net/content/file/128565baaabc492cb4552221f5309f70.png,25.0,2,41.0,84.0,"[{""hasPlayed"": true, ""points"": 96}, {""hasPlayed"": true, ""points"": 33}, {""hasPlayed"": true, ""points"": 91}, {""hasPlayed"": true, ""points"": 233}]",1,Lukas Emanuel Petkov,-525031.0,-525031.0,-584625.0,-578698.0,-2154973.0,1122044.0
3026,77,Lasse,Günther,5028892.0,49.0,4.0,4.0,4.0,20980.0,197.0,0,2,https://kickbase.b-cdn.net/content/file/efd54edaa770405ba5107ab4d8e895ec.png,21.0,2,39.0,24.0,"[{""hasPlayed"": true, ""points"": 54}, {""hasPlayed"": true, ""points"": 15}, {""hasPlayed"": true, ""points"": 54}, {""hasPlayed"": true, ""points"": 74}]",1,Lasse Günther,-305252.0,-305252.0,-303570.0,-310917.0,-2175808.0,-3546538.0
3232,77,Luca,Pfeiffer,500000.0,,,,,,,0,4,https://kickbase.b-cdn.net/content/file/31027969e84a49f6955ebbed0c02920c.png,16.0,0,,0.0,"[{""hasPlayed"": false, ""points"": null}, {""hasPlayed"": false, ""points"": null}, {""hasPlayed"": false, ""points"": null}, {""hasPlayed"": false, ""points"": null}]",5,Luca Pfeiffer,0.0,0.0,0.0,0.0,0.0,-2604083.0
3284,77,Maximilian,Rohr,11547803.0,116.0,4.0,4.0,4.0,22372.0,462.0,0,2,https://kickbase.b-cdn.net/content/file/42996bfe19eb43e8ab7a10cabb206982.png,31.0,1,40.0,26.0,"[{""hasPlayed"": true, ""points"": 151}, {""hasPlayed"": true, ""points"": 109}, {""hasPlayed"": true, ""points"": 115}, {""hasPlayed"": true, ""points"": 87}]",1,Maximilian Rohr,21422.0,21422.0,39033.0,58416.0,429441.0,2798314.0
3350,77,Felix,Keidel,10841540.0,93.0,4.0,4.0,4.0,22004.0,373.0,0,2,https://kickbase.b-cdn.net/content/file/d6f20538ad104c5cb3d4ba7d427f874d.png,43.0,2,34.0,65.0,"[{""hasPlayed"": true, ""points"": 93}, {""hasPlayed"": true, ""points"": 30}, {""hasPlayed"": true, ""points"": 184}, {""hasPlayed"": true, ""points"": 66}]",1,Felix Keidel,-137400.0,-137400.0,894.0,77289.0,614043.0,3159818.0
6148,77,Lukas,Pinckert,12046601.0,129.0,4.0,4.0,4.0,23227.0,516.0,0,2,https://kickbase.b-cdn.net/content/file/4f8f4bead9d74021b33b2641418a1631.png,19.0,1,42.0,46.0,"[{""hasPlayed"": true, ""points"": 173}, {""hasPlayed"": true, ""points"": 71}, {""hasPlayed"": true, ""points"": 160}, {""hasPlayed"": true, ""points"": 112}]",1,Lukas Pinckert,15133.0,15133.0,40754.0,65929.0,448725.0,3567100.0
6149,77,Frank,Lehmann,500000.0,,,,,,,0,1,https://kickbase.b-cdn.net/content/file/d396d4eb04c8406a99e09a3ad8cbd7d5.png,1.0,0,,0.0,"[{""hasPlayed"": false, ""points"": null}, {""hasPlayed"": false, ""points"": null}, {""hasPlayed"": false, ""points"": null}, {""hasPlayed"": false, ""points"": null}]",5,Frank Lehmann,0.0,0.0,0.0,0.0,0.0,0.0
6158,77,Luca,Schnellbacher,1389113.0,6.0,2.0,2.0,0.0,1901.0,12.0,0,4,https://kickbase.b-cdn.net/content/file/082f309a17cb4c1b99372df2de90cc87.png,24.0,2,8.0,8.0,"[{""hasPlayed"": false, ""points"": null}, {""hasPlayed"": true, ""points"": -3}, {""hasPlayed"": false, ""points"": null}, {""hasPlayed"": true, ""points"": 15}]",5,Luca Schnellbacher,-144500.0,-144500.0,-148517.0,-156292.0,-1091646.0,-5103095.0
6160,77,Nicolas,Kristof,12149008.0,98.0,4.0,4.0,4.0,23227.0,393.0,0,1,https://kickbase.b-cdn.net/content/file/e88c0be37ac84419974461264ed59e68.png,20.0,2,32.0,10.0,"[{""hasPlayed"": true, ""points"": 105}, {""hasPlayed"": true, ""points"": 100}, {""hasPlayed"": true, ""points"": 105}, {""hasPlayed"": true, ""points"": 83}]",1,Nicolas Kristof,-166427.0,-166427.0,-12285.0,26915.0,145800.0,-1088535.0
6183,77,Noel,Futkeu,4299171.0,38.0,3.0,3.0,0.0,3487.0,115.0,0,4,https://kickbase.b-cdn.net/content/file/dfbdf3f14b144658845ce17d14108e74.png,9.0,2,26.0,62.0,"[{""hasPlayed"": true, ""points"": 2}, {""hasPlayed"": true, ""points"": -9}, {""hasPlayed"": true, ""points"": 122}, {""hasPlayed"": false, ""points"": null}]",4,Noel Futkeu,-132459.0,-132459.0,-131723.0,-131505.0,-1305704.0,-4907535.0
7278,77,Lukasz,Poreba,7739241.0,81.0,4.0,4.0,4.0,23227.0,325.0,0,3,https://kickbase.b-cdn.net/content/file/e041a72fb7e245b5935420398b495e80.png,8.0,2,41.0,27.0,"[{""hasPlayed"": true, ""points"": 97}, {""hasPlayed"": true, ""points"": 46}, {""hasPlayed"": true, ""points"": 107}, {""hasPlayed"": true, ""points"": 75}]",1,Lukasz Poreba,-290079.0,-290079.0,-280710.0,-284829.0,-2309409.0,-1035391.0
7441,77,Cole,Campbell,6761422.0,69.0,4.0,4.0,4.0,16220.0,275.0,0,3,https://kickbase.b-cdn.net/content/file/669458754d454557bed29bb138f25294.png,39.0,2,40.0,70.0,"[{""hasPlayed"": true, ""points"": 112}, {""hasPlayed"": true, ""points"": -5}, {""hasPlayed"": true, ""points"": 24}, {""hasPlayed"": true, ""points"": 144}]",2,Cole Campbell,-151477.0,-151477.0,-179560.0,-184562.0,-1362283.0,-273776.0
7463,77,Francis,Onyeka,6102780.0,48.0,4.0,4.0,3.0,9566.0,191.0,0,3,https://kickbase.b-cdn.net/content/file/1a2f3b7f876a41d09094a01b0c8e60e6.png,40.0,2,31.0,74.0,"[{""hasPlayed"": true, ""points"": 1}, {""hasPlayed"": true, ""points"": -25}, {""hasPlayed"": true, ""points"": 76}, {""hasPlayed"": true, ""points"": 139}]",2,Francis Onyeka,-283038.0,-283038.0,-281681.0,-308676.0,-2140717.0,-1164413.0
7514,77,Florian,Le Joncour,506683.0,20.0,1.0,1.0,0.0,855.0,20.0,0,2,https://kickbase.b-cdn.net/content/file/bd59eb88ca624feda29aaaea681b7e05.png,3.0,2,39.0,10.0,"[{""hasPlayed"": false, ""points"": null}, {""hasPlayed"": false, ""points"": null}, {""hasPlayed"": false, ""points"": null}, {""hasPlayed"": true, ""points"": 20}]",5,Florian Le Joncour,-140389.0,-140389.0,-144649.0,-150951.0,-1022133.0,-1071842.0
8252,77,Maurice,Krattenmacher,9734450.0,100.0,4.0,4.0,0.0,9559.0,401.0,0,3,https://kickbase.b-cdn.net/content/file/9ba6541c944d41ee80df738763e91701.png,7.0,1,41.0,123.0,"[{""hasPlayed"": true, ""points"": 12}, {""hasPlayed"": true, ""points"": 101}, {""hasPlayed"": true, ""points"": 275}, {""hasPlayed"": true, ""points"": 13}]",4,Maurice Krattenmacher,151673.0,151673.0,217807.0,269682.0,2014961.0,7678447.0
8296,77,Frederik,Schmahl,500000.0,,,,,,,0,3,https://kickbase.b-cdn.net/content/file/4fee028433d344a29b6c94e9ee65fa19.png,17.0,0,,0.0,"[{""hasPlayed"": false, ""points"": null}, {""hasPlayed"": false, ""points"": null}, {""hasPlayed"": false, ""points"": null}, {""hasPlayed"": false, ""points"": null}]",5,Frederik Schmahl,0.0,0.0,0.0,0.0,-397560.0,-3618909.0
8301,77,Luca,Sirch,829564.0,30.0,3.0,3.0,0.0,4259.0,91.0,0,2,https://kickbase.b-cdn.net/content/file/90e50e09e0d6425aa1c094d337ea2d95.png,26.0,2,109.0,24.0,"[{""hasPlayed"": true, ""points"": 56}, {""hasPlayed"": false, ""points"": null}, {""hasPlayed"": true, ""points"": 25}, {""hasPlayed"": true, ""points"": 10}]",3,Luca Sirch,-71438.0,-71438.0,-85703.0,-101103.0,-650206.0,-3268357.0
9224,77,Tom,Zimmerschied,3246144.0,,,,,,,0,3,https://kickbase.b-cdn.net/content/file/9f0800bc0d18427ebfd3b4a9089dd165.png,29.0,1,,0.0,"[{""hasPlayed"": false, ""points"": null}, {""hasPlayed"": false, ""points"": null}, {""hasPlayed"": false, ""points"": null}, {""hasPlayed"": false, ""points"": null}]",4,Tom Zimmerschied,286721.0,286721.0,269170.0,282733.0,2098334.0,176309.0
9384,77,Noah,Darvich,7102093.0,24.0,3.0,3.0,1.0,9930.0,71.0,0,3,https://kickbase.b-cdn.net/content/file/a152e089e0e747c58731e76c4f5b58e2.png,10.0,1,9.0,14.0,"[{""hasPlayed"": true, ""points"": 30}, {""hasPlayed"": true, ""points"": 29}, {""hasPlayed"": false, ""points"": null}, {""hasPlayed"": true, ""points"": 12}]",4,Noah Darvich,161085.0,161085.0,230582.0,283577.0,2085601.0,-119000.0
9995,77,David,Mokwa,8739425.0,84.0,4.0,4.0,4.0,19234.0,337.0,0,4,https://kickbase.b-cdn.net/content/file/f876a96f8bbc45c9801216e1a536b532.png,42.0,2,38.0,75.0,"[{""hasPlayed"": true, ""points"": 34}, {""hasPlayed"": true, ""points"": 5}, {""hasPlayed"": true, ""points"": 150}, {""hasPlayed"": true, ""points"": 148}]",2,David Mokwa,-449516.0,-449516.0,-826745.0,-543124.0,-1599306.0,5863513.0
11253,77,Nicholas,Mickelson,979620.0,39.0,2.0,2.0,0.0,2245.0,78.0,0,2,https://kickbase.b-cdn.net/content/file/f16357c0983747ef91bacb8d05cc8499.png,2.0,2,79.0,27.0,"[{""hasPlayed"": true, ""points"": 20}, {""hasPlayed"": false, ""points"": null}, {""hasPlayed"": true, ""points"": 58}, {""hasPlayed"": false, ""points"": null}]",5,Nicholas Mickelson,-137502.0,-137502.0,-137778.0,-142825.0,-989070.0,-4267814.0
12317,77,Raif,Adam,500000.0,,,,,,,0,4,https://kickbase.b-cdn.net/content/file/47b81129a6b9411b92255354f3e36834.png,15.0,2,,0.0,"[{""hasPlayed"": false, ""points"": null}, {""hasPlayed"": false, ""points"": null}, {""hasPlayed"": false, ""points"": null}, {""hasPlayed"": false, ""points"": null}]",5,Raif Adam,0.0,0.0,0.0,-105701.0,-685432.0,-3919851.0
4,7,Janis,Blaswich,500000.0,,,,,,,0,1,https://kickbase.b-cdn.net/content/file/d17035064d4a480484cb35d2dab54e46.png,28.0,0,,0.0,"[{""hasPlayed"": false, ""points"": null}, {""hasPlayed"": false, ""points"": null}, {""hasPlayed"": false, ""points"": null}, {""hasPlayed"": false, ""points"": null}]",5,Janis Blaswich,0.0,0.0,0.0,0.0,0.0,-904958.0
72,7,Mark,Flekken,12113248.0,95.0,4.0,4.0,4.0,23217.0,379.0,0,1,https://kickbase.b-cdn.net/content/file/98ea8901b970421b88f6a41a3137142f.png,1.0,1,31.0,44.0,"[{""hasPlayed"": true, ""points"": 144}, {""hasPlayed"": true, ""points"": 70}, {""hasPlayed"": true, ""points"": 118}, {""hasPlayed"": true, ""points"": 47}]",1,Mark Flekken,7174.0,7174.0,25971.0,32322.0,-84166.0,-3529295.0
78,7,Jonas,Hofmann,2838994.0,43.0,1.0,1.0,0.0,1881.0,43.0,0,3,https://kickbase.b-cdn.net/content/file/328114051c1e42df84e2a6ac3e93cf42.png,7.0,2,15.0,21.0,"[{""hasPlayed"": false, ""points"": null}, {""hasPlayed"": false, ""points"": null}, {""hasPlayed"": false, ""points"": null}, {""hasPlayed"": true, ""points"": 43}]",5,Jonas Hofmann,-139208.0,-139208.0,-140670.0,-142980.0,-1003831.0,1721833.0
663,7,Robert,Andrich,3344771.0,30.0,2.0,2.0,0.0,2682.0,59.0,0,2,https://kickbase.b-cdn.net/content/file/0cdcdb27004443c09d112462f32ace2c.png,8.0,1,17.0,18.0,"[{""hasPlayed"": true, ""points"": 21}, {""hasPlayed"": false, ""points"": null}, {""hasPlayed"": true, ""points"": 38}, {""hasPlayed"": false, ""points"": null}]",5,Robert Andrich,89183.0,89183.0,88987.0,59160.0,246889.0,-2040170.0
2661,7,Moussa,Diaby,22086885.0,84.0,3.0,3.0,2.0,12964.0,252.0,0,4,https://kickbase.b-cdn.net/content/file/62cedf2a843f49b496969fb2c21fc150.png,19.0,1,11.0,39.0,"[{""hasPlayed"": true, ""points"": 79}, {""hasPlayed"": true, ""points"": 126}, {""hasPlayed"": true, ""points"": 47}, {""hasPlayed"": false, ""points"": null}]",1,Moussa Diaby,170821.0,170821.0,186241.0,180686.0,906022.0,-16053671.0
2746,7,Patrik,Schick,29216852.0,166.0,4.0,4.0,3.0,16785.0,665.0,0,4,https://kickbase.b-cdn.net/content/file/9f0daa3f23514ac7a72c46ba81396a95.png,14.0,1,22.0,51.0,"[{""hasPlayed"": true, ""points"": 157}, {""hasPlayed"": true, ""points"": 131}, {""hasPlayed"": true, ""points"": 242}, {""hasPlayed"": true, ""points"": 135}]",2,Patrik Schick,39991.0,39991.0,40878.0,32783.0,-95330.0,-224036.0
2783,7,Edmond,Tapsoba,25711888.0,102.0,4.0,4.0,4.0,23217.0,408.0,0,2,https://kickbase.b-cdn.net/content/file/21031db97a054165806a98d2f0c0d73b.png,12.0,1,15.0,90.0,"[{""hasPlayed"": true, ""points"": 119}, {""hasPlayed"": true, ""points"": 188}, {""hasPlayed"": true, ""points"": 127}, {""hasPlayed"": true, ""points"": -26}]",1,Edmond Tapsoba,33370.0,33370.0,44021.0,51245.0,423775.0,-6989786.0
2846,7,Malik,Tillman,7631189.0,77.0,3.0,3.0,2.0,9316.0,230.0,0,3,https://kickbase.b-cdn.net/content/file/04966a0af0e2477db734c91fdd98d4e1.png,10.0,2,30.0,41.0,"[{""hasPlayed"": false, ""points"": null}, {""hasPlayed"": true, ""points"": 58}, {""hasPlayed"": true, ""points"": 98}, {""hasPlayed"": true, ""points"": 74}]",4,Malik Tillman,-299509.0,-299509.0,-278814.0,-278844.0,-2030972.0,-6409138.0
3754,7,Lucas,Vázquez,3278215.0,14.0,4.0,4.0,1.0,4960.0,57.0,0,2,https://kickbase.b-cdn.net/content/file/1636c5905fe44210aa3526352673cb13.png,17.0,2,17.0,14.0,"[{""hasPlayed"": true, ""points"": 18}, {""hasPlayed"": true, ""points"": 17}, {""hasPlayed"": true, ""points"": 28}, {""hasPlayed"": true, ""points"": -6}]",5,Lucas Vázquez,-140637.0,-140637.0,-136589.0,-134416.0,-839084.0,-2688853.0
3759,7,Miguel,Gutiérrez,24895562.0,200.0,4.0,4.0,4.0,22584.0,801.0,0,2,https://kickbase.b-cdn.net/content/file/e1b364b32dcc44539649cf1c88d0eba9.png,3.0,1,32.0,109.0,"[{""hasPlayed"": true, ""points"": 309}, {""hasPlayed"": true, ""points"": 95}, {""hasPlayed"": true, ""points"": 280}, {""hasPlayed"": true, ""points"": 117}]",1,Miguel Gutiérrez,168427.0,168427.0,170299.0,171389.0,1083847.0,3739976.0
4199,7,Aleix,García,37748168.0,154.0,4.0,4.0,4.0,23217.0,617.0,0,3,https://kickbase.b-cdn.net/content/file/3de0ab19c54f4523a5bf21f686259db0.png,24.0,1,16.0,55.0,"[{""hasPlayed"": true, ""points"": 137}, {""hasPlayed"": true, ""points"": 151}, {""hasPlayed"": true, ""points"": 231}, {""hasPlayed"": true, ""points"": 98}]",1,Aleix García,11949.0,11949.0,4974.0,2057.0,-203621.0,-1309145.0
4318,7,Tim,Oermann,500000.0,,,,,,,0,2,https://kickbase.b-cdn.net/content/file/b9857e88faaf4de1a3450f6301c5448e.png,15.0,2,,0.0,"[{""hasPlayed"": false, ""points"": null}, {""hasPlayed"": false, ""points"": null}, {""hasPlayed"": false, ""points"": null}, {""hasPlayed"": false, ""points"": null}]",5,Tim Oermann,0.0,0.0,0.0,-99492.0,-657034.0,-3815108.0
4563,7,Loïc,Badé,4245990.0,35.0,2.0,2.0,1.0,4765.0,70.0,0,2,https://kickbase.b-cdn.net/content/file/80f11505e8d445ae827aefe485b1c4c7.png,5.0,2,16.0,20.0,"[{""hasPlayed"": false, ""points"": null}, {""hasPlayed"": false, ""points"": null}, {""hasPlayed"": true, ""points"": 40}, {""hasPlayed"": true, ""points"": 30}]",5,Loïc Badé,-136847.0,-136847.0,-137551.0,-140959.0,-1777903.0,-8741553.0
6061,7,Ibrahim,Maza,30280481.0,173.0,4.0,4.0,4.0,23217.0,691.0,0,3,https://kickbase.b-cdn.net/content/file/7ff9728d20544b96a1fe698af86f9f2f.png,30.0,1,22.0,110.0,"[{""hasPlayed"": true, ""points"": 194}, {""hasPlayed"": true, ""points"": 71}, {""hasPlayed"": true, ""points"": 319}, {""hasPlayed"": true, ""points"": 107}]",1,Ibrahim Maza,62102.0,62102.0,60938.0,61155.0,365822.0,228688.0
6745,7,Victor,Boniface,2315238.0,43.0,1.0,1.0,0.0,667.0,43.0,0,4,https://kickbase.b-cdn.net/content/file/f5f3d11be23443cb9e4c8c472288e093.png,22.0,2,18.0,21.0,"[{""hasPlayed"": false, ""points"": null}, {""hasPlayed"": false, ""points"": null}, {""hasPlayed"": false, ""points"": null}, {""hasPlayed"": true, ""points"": 43}]",5,Victor Boniface,-141026.0,-141026.0,-140774.0,-144303.0,-982495.0,-4365085.0
7269,7,Nathan,Tella,3084359.0,,,,,,,0,3,https://kickbase.b-cdn.net/content/file/e0df07546d38465080767efd17a0898e.png,23.0,1,,0.0,"[{""hasPlayed"": false, ""points"": null}, {""hasPlayed"": false, ""points"": null}, {""hasPlayed"": false, ""points"": null}, {""hasPlayed"": false, ""points"": null}]",5,Nathan Tella,113801.0,113801.0,49412.0,9060.0,-65414.0,-2011400.0
7963,7,Jarell,Quansah,15472096.0,100.0,4.0,4.0,3.0,17839.0,400.0,0,2,https://kickbase.b-cdn.net/content/file/c1361cbb456a4b23a8e3d178290141cd.png,4.0,2,25.0,72.0,"[{""hasPlayed"": true, ""points"": 114}, {""hasPlayed"": true, ""points"": 39}, {""hasPlayed"": true, ""points"": 197}, {""hasPlayed"": true, ""points"": 50}]",1,Jarell Quansah,-394247.0,-394247.0,-356699.0,-290322.0,-1866239.0,-4700346.0
8374,7,Martin,Terrier,6265496.0,21.0,1.0,1.0,0.0,1212.0,21.0,0,4,https://kickbase.b-cdn.net/content/file/039e1528fe214c32ad0653b911ea944e.png,11.0,1,3.0,10.0,"[{""hasPlayed"": false, ""points"": null}, {""hasPlayed"": true, ""points"": 21}, {""hasPlayed"": false, ""points"": null}, {""hasPlayed"": false, ""points"": null}]",4,Martin Terrier,147124.0,147124.0,217126.0,278148.0,2152203.0,4611292.0
11513,7,Christian,Kofane,8793287.0,78.0,4.0,4.0,1.0,8923.0,311.0,2,4,https://kickbase.b-cdn.net/content/file/ce8356c51b154a87a40a56f723f2e3e3.png,35.0,2,35.0,58.0,"[{""hasPlayed"": true, ""points"": 19}, {""hasPlayed"": true, ""points"": 144}, {""hasPlayed"": true, ""points"": 39}, {""hasPlayed"": true, ""points"": 109}]",4,Christian Kofane,-370992.0,-370992.0,-397013.0,-435663.0,-1866500.0,-61648.0
11680,7,Kennet,Eichhorn,843070.0,,,,,,,1,3,https://kickbase.b-cdn.net/content/file/ceafc42e35aa446595952bcbdf873954.png,18.0,2,,0.0,"[{""hasPlayed"": false, ""points"": null}, {""hasPlayed"": false, ""points"": null}, {""hasPlayed"": false, ""points"": null}, {""hasPlayed"": false, ""points"": null}]",5,Kennet Eichhorn,-123707.0,-123707.0,-131618.0,-114681.0,-574265.0,-3150862.0
11756,7,Montrell,Culbreath,3298422.0,,,,,,,4,3,https://kickbase.b-cdn.net/content/file/43c4c26e99f3442ab58db3d049e5f1ae.png,42.0,1,,0.0,"[{""hasPlayed"": false, ""points"": null}, {""hasPlayed"": false, ""points"": null}, {""hasPlayed"": false, ""points"": null}, {""hasPlayed"": false, ""points"": null}]",5,Montrell Culbreath,289367.0,289367.0,282805.0,297186.0,2163620.0,368803.0
11956,7,Ezequiél,Fernández,13907661.0,123.0,4.0,4.0,4.0,16821.0,490.0,0,3,https://kickbase.b-cdn.net/content/file/2c37f7daf46f4c9693ffa9ef33ff980b.png,6.0,1,35.0,78.0,"[{""hasPlayed"": true, ""points"": 125}, {""hasPlayed"": true, ""points"": 98}, {""hasPlayed"": true, ""points"": 228}, {""hasPlayed"": true, ""points"": 39}]",1,Ezequiél Fernández,194521.0,194521.0,196137.0,192130.0,1252685.0,4962560.0
11957,7,Eliesse,Ben Seghir,3693828.0,,,,,,,2,3,https://kickbase.b-cdn.net/content/file/83c0ccd07e1e42d0ac339779564cd1f4.png,29.0,2,,0.0,"[{""hasPlayed"": false, ""points"": null}, {""hasPlayed"": false, ""points"": null}, {""hasPlayed"": false, ""points"": null}, {""hasPlayed"": false, ""points"": null}]",5,Eliesse Ben Seghir,-143394.0,-143394.0,-146659.0,-147153.0,-1106238.0,2607436.0
13888,7,Guéla,Doué,6778694.0,40.0,1.0,1.0,0.0,1989.0,40.0,1,2,https://kickbase.b-cdn.net/content/file/812bc3c9b83245c09d36a46dd5b0b56b.png,20.0,2,5.0,23.0,"[{""hasPlayed"": false, ""points"": null}, {""hasPlayed"": true, ""points"": 40}, {""hasPlayed"": false, ""points"": null}, {""hasPlayed"": false, ""points"": null}]",5,Guéla Doué,-451786.0,-451786.0,-438761.0,-427352.0,-2754574.0,6778694.0
14241,7,Facundo,Medina,13634539.0,110.0,4.0,4.0,3.0,17796.0,441.0,0,2,https://kickbase.b-cdn.net/content/file/a59d86f8dc644a43babfe89f615d199f.png,2.0,1,32.0,93.0,"[{""hasPlayed"": true, ""points"": 123}, {""hasPlayed"": true, ""points"": 62}, {""hasPlayed"": true, ""points"": 235}, {""hasPlayed"": true, ""points"": 21}]",1,Facundo Medina,132593.0,132593.0,168485.0,192595.0,1374073.0,3210267.0
15199,7,Afonso,Moreira,16009722.0,74.0,4.0,4.0,4.0,21325.0,296.0,0,4,https://kickbase.b-cdn.net/content/file/91b4b5c394a1464f98589ffa59af5aec.png,9.0,2,18.0,51.0,"[{""hasPlayed"": true, ""points"": 84}, {""hasPlayed"": true, ""points"": 77}, {""hasPlayed"": true, ""points"": 130}, {""hasPlayed"": true, ""points"": 5}]",2,Afonso Moreira,-413357.0,-413357.0,-418440.0,-409638.0,-2469887.0,-8662378.0
417,28,Ron-Robert,Zieler,500000.0,,,,,,,0,1,https://kickbase.b-cdn.net/content/file/87bb56a22db74cfd99e639824b703f30.png,20.0,0,,0.0,"[{""hasPlayed"": false, ""points"": null}, {""hasPlayed"": false, ""points"": null}, {""hasPlayed"": false, ""points"": null}, {""hasPlayed"": false, ""points"": null}]",5,Ron-Robert Zieler,0.0,0.0,0.0,0.0,0.0,-839288.0
737,28,Luca,Waldschmidt,506705.0,-4.0,1.0,1.0,0.0,716.0,-4.0,0,3,https://kickbase.b-cdn.net/content/file/c6c99717a5834cacbb3161877ca3f29f.png,7.0,2,,2.0,"[{""hasPlayed"": true, ""points"": -4}, {""hasPlayed"": false, ""points"": null}, {""hasPlayed"": false, ""points"": null}, {""hasPlayed"": false, ""points"": null}]",4,Luca Waldschmidt,-112364.0,-112364.0,-120401.0,-128947.0,-894048.0,-3799905.0
1580,28,Marvin,Schwäbe,11909912.0,112.0,4.0,4.0,4.0,22997.0,448.0,0,1,https://kickbase.b-cdn.net/content/file/2708fddc28474a2299885f3eb69be6bc.png,1.0,2,37.0,44.0,"[{""hasPlayed"": true, ""points"": 75}, {""hasPlayed"": true, ""points"": 88}, {""hasPlayed"": true, ""points"": 109}, {""hasPlayed"": true, ""points"": 176}]",1,Marvin Schwäbe,-424984.0,-424984.0,-440650.0,-445772.0,-3128070.0,-3387161.0
2069,28,Timo,Hübers,1715430.0,,,,,,,1,2,https://kickbase.b-cdn.net/content/file/6dbad3a67b1c4ffa892f8bef224e9f85.png,4.0,2,,0.0,"[{""hasPlayed"": false, ""points"": null}, {""hasPlayed"": false, ""points"": null}, {""hasPlayed"": false, ""points"": null}, {""hasPlayed"": false, ""points"": null}]",5,Timo Hübers,-154950.0,-154950.0,-161368.0,-167003.0,-1157054.0,275751.0
2201,28,Linton,Maina,10374443.0,88.0,4.0,4.0,3.0,15296.0,352.0,0,4,https://kickbase.b-cdn.net/content/file/54aad91024e84cf59b75e3c363775d71.png,37.0,1,33.0,47.0,"[{""hasPlayed"": true, ""points"": 76}, {""hasPlayed"": true, ""points"": 145}, {""hasPlayed"": true, ""points"": 32}, {""hasPlayed"": true, ""points"": 99}]",2,Linton Maina,-40632.0,-40632.0,86566.0,155665.0,1428273.0,4049912.0
2247,28,Borna,Sosa,3580253.0,7.0,1.0,1.0,0.0,1775.0,7.0,0,2,https://kickbase.b-cdn.net/content/file/f8cf530ad652442a9688c49f058e3a8a.png,3.0,2,1.0,4.0,"[{""hasPlayed"": true, ""points"": 7}, {""hasPlayed"": false, ""points"": null}, {""hasPlayed"": false, ""points"": null}, {""hasPlayed"": false, ""points"": null}]",3,Borna Sosa,-59511.0,-59511.0,-24363.0,-22971.0,-363296.0,-11930115.0
2358,28,Tom,Krauß,8272062.0,52.0,4.0,4.0,4.0,21354.0,206.0,0,3,https://kickbase.b-cdn.net/content/file/55c214adfaba4a839c1bb19ad5a5f8ed.png,5.0,1,24.0,24.0,"[{""hasPlayed"": true, ""points"": 21}, {""hasPlayed"": true, ""points"": 67}, {""hasPlayed"": true, ""points"": 44}, {""hasPlayed"": true, ""points"": 74}]",2,Tom Krauß,-3604.0,-3604.0,92799.0,145560.0,817175.0,-1723225.0
2536,28,Matthias,Köbbing,500000.0,,,,,,,0,1,https://kickbase.b-cdn.net/content/file/d7d4847201364186986efefd11b55766.png,44.0,0,,0.0,"[{""hasPlayed"": false, ""points"": null}, {""hasPlayed"": false, ""points"": null}, {""hasPlayed"": false, ""points"": null}, {""hasPlayed"": false, ""points"": null}]",5,Matthias Köbbing,0.0,0.0,0.0,0.0,0.0,0.0
2552,28,Marius,Bülter,6943955.0,26.0,4.0,4.0,1.0,8053.0,103.0,0,4,https://kickbase.b-cdn.net/content/file/020abec0763842a7af00f1ec5aafeea4.png,30.0,1,14.0,39.0,"[{""hasPlayed"": true, ""points"": -11}, {""hasPlayed"": true, ""points"": 81}, {""hasPlayed"": true, ""points"": 14}, {""hasPlayed"": true, ""points"": 19}]",4,Marius Bülter,125235.0,125235.0,205815.0,270059.0,2026499.0,-1560766.0
2718,28,Ellyes,Skhiri,10494590.0,82.0,4.0,4.0,2.0,16274.0,326.0,0,3,https://kickbase.b-cdn.net/content/file/1274d4acfc8845a789f74d858afe1168.png,6.0,1,31.0,67.0,"[{""hasPlayed"": true, ""points"": 118}, {""hasPlayed"": true, ""points"": 156}, {""hasPlayed"": true, ""points"": 6}, {""hasPlayed"": true, ""points"": 46}]",1,Ellyes Skhiri,118095.0,118095.0,141053.0,165797.0,1508434.0,4779429.0
2765,28,Jan,Thielmann,3272033.0,50.0,2.0,2.0,2.0,8564.0,99.0,0,3,https://kickbase.b-cdn.net/content/file/bae198375c644308ba2bff1d0f3f0569.png,29.0,2,30.0,38.0,"[{""hasPlayed"": false, ""points"": null}, {""hasPlayed"": false, ""points"": null}, {""hasPlayed"": true, ""points"": 17}, {""hasPlayed"": true, ""points"": 82}]",4,Jan Thielmann,-135846.0,-135846.0,-134821.0,-136076.0,-964632.0,-2572121.0
2855,28,Ragnar,Ache,8095732.0,63.0,4.0,4.0,2.0,12132.0,251.0,0,4,https://kickbase.b-cdn.net/content/file/659aab812d23451ba8e47f520a7d0754.png,9.0,2,31.0,40.0,"[{""hasPlayed"": true, ""points"": 104}, {""hasPlayed"": true, ""points"": 26}, {""hasPlayed"": true, ""points"": 30}, {""hasPlayed"": true, ""points"": 91}]",3,Ragnar Ache,-255411.0,-255411.0,-251307.0,-260420.0,-1588074.0,-6890597.0
7219,28,Ísak,Jóhannesson,5891289.0,54.0,4.0,4.0,2.0,14922.0,215.0,0,3,https://kickbase.b-cdn.net/content/file/2922eb48335343ccb79b49b03af03818.png,8.0,2,36.0,76.0,"[{""hasPlayed"": true, ""points"": 16}, {""hasPlayed"": true, ""points"": 12}, {""hasPlayed"": true, ""points"": 19}, {""hasPlayed"": true, ""points"": 168}]",4,Ísak Jóhannesson,-346959.0,-346959.0,-352770.0,-371075.0,-2543068.0,-4116907.0
8001,28,Luka,Lochoshvili,7185838.0,79.0,4.0,4.0,4.0,22997.0,315.0,0,2,https://kickbase.b-cdn.net/content/file/f6faf6be6d674e898fbfa189b9c2ad5c.png,24.0,2,43.0,47.0,"[{""hasPlayed"": true, ""points"": 119}, {""hasPlayed"": true, ""points"": 44}, {""hasPlayed"": true, ""points"": 31}, {""hasPlayed"": true, ""points"": 121}]",1,Luka Lochoshvili,-247758.0,-247758.0,-256871.0,-268046.0,-1663765.0,-3036250.0
8274,28,Said,El Mala,23578456.0,76.0,3.0,3.0,2.0,10951.0,227.0,0,3,https://kickbase.b-cdn.net/content/file/f56e6d60e40c49189c830fb4ff65d4bf.png,10.0,2,9.0,64.0,"[{""hasPlayed"": true, ""points"": 68}, {""hasPlayed"": true, ""points"": 16}, {""hasPlayed"": false, ""points"": null}, {""hasPlayed"": true, ""points"": 143}]",1,Said El Mala,-76952.0,-76952.0,-6350.0,11242.0,21661.0,-2314432.0
10024,28,Joël,Schmied,5898032.0,20.0,1.0,1.0,0.0,185.0,20.0,0,2,https://kickbase.b-cdn.net/content/file/312960f02c6e4acab4db65b9c63eaf01.png,2.0,1,3.0,10.0,"[{""hasPlayed"": false, ""points"": null}, {""hasPlayed"": false, ""points"": null}, {""hasPlayed"": false, ""points"": null}, {""hasPlayed"": true, ""points"": 20}]",5,Joël Schmied,139972.0,139972.0,209524.0,257344.0,1971211.0,4193930.0
11570,28,Sebastian,Sebulonsen,5799678.0,18.0,1.0,1.0,0.0,1803.0,18.0,0,2,https://kickbase.b-cdn.net/content/file/0f9cbbaaccb148a6ad251ba707b4f099.png,28.0,1,3.0,9.0,"[{""hasPlayed"": false, ""points"": null}, {""hasPlayed"": true, ""points"": 18}, {""hasPlayed"": false, ""points"": null}, {""hasPlayed"": false, ""points"": null}]",1,Sebastian Sebulonsen,306590.0,306590.0,349824.0,432233.0,2907558.0,3030535.0
11875,28,Rav,van den Berg,4962673.0,,,,,,,0,2,https://kickbase.b-cdn.net/content/file/0825c755c7df4f7ba70b3f8922154f99.png,33.0,1,,0.0,"[{""hasPlayed"": false, ""points"": null}, {""hasPlayed"": false, ""points"": null}, {""hasPlayed"": false, ""points"": null}, {""hasPlayed"": false, ""points"": null}]",5,Rav van den Berg,359036.0,359036.0,390818.0,411384.0,2578996.0,2967694.0
11958,28,Alessio,Castro-Montes,3993574.0,44.0,4.0,4.0,4.0,19421.0,177.0,1,3,https://kickbase.b-cdn.net/content/file/4df59c76b9024563892682f996043056.png,17.0,2,44.0,18.0,"[{""hasPlayed"": true, ""points"": 19}, {""hasPlayed"": true, ""points"": 44}, {""hasPlayed"": true, ""points"": 51}, {""hasPlayed"": true, ""points"": 63}]",5,Alessio Castro-Montes,-151749.0,-151749.0,-154231.0,-170594.0,-1863260.0,-4776522.0
12321,28,Jahmai,Simpson-Pusey,10655748.0,76.0,4.0,4.0,4.0,22997.0,302.0,0,2,https://kickbase.b-cdn.net/content/file/f83f61dc46de468bb38cb6a9d9f51205.png,22.0,2,28.0,9.0,"[{""hasPlayed"": true, ""points"": 76}, {""hasPlayed"": true, ""points"": 85}, {""hasPlayed"": true, ""points"": 79}, {""hasPlayed"": true, ""points"": 62}]",1,Jahmai Simpson-Pusey,-383835.0,-383835.0,-11465.0,85328.0,345851.0,-1978972.0
14140,28,Gideon,Mensah,7171888.0,58.0,4.0,4.0,4.0,21221.0,230.0,0,2,https://kickbase.b-cdn.net/content/file/6cf365776d1d461fac56322c9e84e7ab.png,14.0,2,32.0,20.0,"[{""hasPlayed"": true, ""points"": 51}, {""hasPlayed"": true, ""points"": 53}, {""hasPlayed"": true, ""points"": 39}, {""hasPlayed"": true, ""points"": 87}]",3,Gideon Mensah,-351494.0,-351494.0,-372400.0,-390532.0,-2757452.0,-1764946.0
14300,28,Paul,Okon-Engstler,2101180.0,23.0,3.0,3.0,2.0,7047.0,69.0,0,3,https://kickbase.b-cdn.net/content/file/cfde74fcc93247699da56f08049928c0.png,23.0,2,32.0,27.0,"[{""hasPlayed"": false, ""points"": null}, {""hasPlayed"": true, ""points"": -5}, {""hasPlayed"": true, ""points"": 19}, {""hasPlayed"": true, ""points"": 55}]",5,Paul Okon-Engstler,-149291.0,-149291.0,-146732.0,-149677.0,-1052073.0,-2412005.0
15373,28,Reigan,Heskey,1025401.0,-8.0,1.0,1.0,0.0,1185.0,-8.0,0,3,https://kickbase.b-cdn.net/content/file/4ceda4e80b804183b8af45a55f8bbb24.png,11.0,2,,4.0,"[{""hasPlayed"": false, ""points"": null}, {""hasPlayed"": false, ""points"": null}, {""hasPlayed"": true, ""points"": -8}, {""hasPlayed"": false, ""points"": null}]",5,Reigan Heskey,-149797.0,-149797.0,-149661.0,-149620.0,-1033541.0,-4679699.0
16945,28,Thijs,Dallinga,7354167.0,86.0,3.0,3.0,2.0,9678.0,258.0,0,4,https://kickbase.b-cdn.net/content/file/fab92b426a354aacae1fe7f26e0e6ab0.png,27.0,2,35.0,119.0,"[{""hasPlayed"": true, ""points"": 37}, {""hasPlayed"": true, ""points"": -19}, {""hasPlayed"": false, ""points"": null}, {""hasPlayed"": true, ""points"": 240}]",3,Thijs Dallinga,-337636.0,-337636.0,-359474.0,-385873.0,-2644098.0,896868.0
17282,28,Mikey,Moore,8779360.0,47.0,3.0,3.0,2.0,13179.0,140.0,0,3,https://kickbase.b-cdn.net/content/file/7f5524d22efb4465a313919dd3014114.png,47.0,2,15.0,12.0,"[{""hasPlayed"": true, ""points"": 44}, {""hasPlayed"": true, ""points"": 60}, {""hasPlayed"": true, ""points"": 36}, {""hasPlayed"": false, ""points"": null}]",2,Mikey Moore,-204548.0,-204548.0,-180292.0,-185241.0,-2210965.0,8779360.0
524,14,Oliver,Baumann,13326872.0,106.0,4.0,4.0,4.0,23431.0,424.0,0,1,https://kickbase.b-cdn.net/content/file/6e2c878756924da4a6fa4c11b8e4480c.png,1.0,2,31.0,38.0,"[{""hasPlayed"": true, ""points"": 72}, {""hasPlayed"": true, ""points"": 149}, {""hasPlayed"": true, ""points"": 74}, {""hasPlayed"": true, ""points"": 129}]",1,Oliver Baumann,-359842.0,-359842.0,-378468.0,-400109.0,-2355054.0,-4984480.0
1815,14,Andrej,Kramarić,9190795.0,0.0,4.0,4.0,0.0,3473.0,0.0,0,3,https://kickbase.b-cdn.net/content/file/26cffab4e6be4195a3d2817f15c60ee2.png,27.0,2,,18.0,"[{""hasPlayed"": true, ""points"": 3}, {""hasPlayed"": true, ""points"": 23}, {""hasPlayed"": true, ""points"": -23}, {""hasPlayed"": true, ""points"": -3}]",3,Andrej Kramarić,-848463.0,-848463.0,-432873.0,-55056.0,-721611.0,-7559364.0
1954,14,,Bernardo,3273087.0,62.0,1.0,1.0,1.0,3268.0,62.0,2,2,https://kickbase.b-cdn.net/content/file/2e01b620f1354d0f9383cc0003c49d97.png,13.0,2,18.0,31.0,"[{""hasPlayed"": false, ""points"": null}, {""hasPlayed"": false, ""points"": null}, {""hasPlayed"": false, ""points"": null}, {""hasPlayed"": true, ""points"": 62}]",4,Bernardo,-132958.0,-132958.0,-131350.0,-123236.0,-836317.0,-3311467.0
2373,14,Ozan,Kabak,23562738.0,129.0,4.0,4.0,4.0,22404.0,514.0,0,2,https://kickbase.b-cdn.net/content/file/61c84298d75b4e86b4f46a133f91f33d.png,5.0,2,21.0,63.0,"[{""hasPlayed"": true, ""points"": 85}, {""hasPlayed"": true, ""points"": 162}, {""hasPlayed"": true, ""points"": 66}, {""hasPlayed"": true, ""points"": 201}]",1,Ozan Kabak,-373180.0,-373180.0,-214524.0,-68719.0,-473197.0,887669.0
2803,14,Tim,Lemperle,10420627.0,72.0,3.0,3.0,2.0,12349.0,217.0,0,4,https://kickbase.b-cdn.net/content/file/531648f7c8e7446883243fb819e94d82.png,19.0,2,20.0,57.0,"[{""hasPlayed"": true, ""points"": 17}, {""hasPlayed"": true, ""points"": 72}, {""hasPlayed"": true, ""points"": 128}, {""hasPlayed"": false, ""points"": null}]",3,Tim Lemperle,-658566.0,-658566.0,-833105.0,-973800.0,-3677833.0,588791.0
2852,14,Luca,Philipp,500000.0,,,,,,,0,1,https://kickbase.b-cdn.net/content/file/e45a165d68934e8e8a2bbc33ecbbbc96.png,37.0,0,,0.0,"[{""hasPlayed"": false, ""points"": null}, {""hasPlayed"": false, ""points"": null}, {""hasPlayed"": false, ""points"": null}, {""hasPlayed"": false, ""points"": null}]",5,Luca Philipp,0.0,0.0,0.0,0.0,0.0,0.0
3124,14,Patrick,Wimmer,5180288.0,56.0,4.0,4.0,2.0,13207.0,224.0,0,3,https://kickbase.b-cdn.net/content/file/a1e6985ea5b8487ca2db9c16a66eafe7.png,8.0,2,43.0,37.0,"[{""hasPlayed"": true, ""points"": 40}, {""hasPlayed"": true, ""points"": 96}, {""hasPlayed"": true, ""points"": 12}, {""hasPlayed"": true, ""points"": 76}]",3,Patrick Wimmer,-280478.0,-280478.0,-267379.0,-261092.0,-1843517.0,-3345695.0
3158,14,Fisnik,Asllani,15856882.0,34.0,2.0,2.0,0.0,1583.0,67.0,0,4,https://kickbase.b-cdn.net/content/file/61214fe54f31411ea068f8fb8b3c1e49.png,11.0,2,4.0,22.0,"[{""hasPlayed"": true, ""points"": 19}, {""hasPlayed"": true, ""points"": 48}, {""hasPlayed"": false, ""points"": null}, {""hasPlayed"": false, ""points"": null}]",3,Fisnik Asllani,-83306.0,-83306.0,-13468.0,14687.0,106213.0,-7096604.0
3204,14,Bambasé,Conté,10244354.0,74.0,4.0,4.0,3.0,16404.0,296.0,0,4,https://kickbase.b-cdn.net/content/file/fa595ccc62ce4fdeafca00ccfc95088b.png,20.0,2,28.0,57.0,"[{""hasPlayed"": true, ""points"": 99}, {""hasPlayed"": true, ""points"": 103}, {""hasPlayed"": true, ""points"": -12}, {""hasPlayed"": true, ""points"": 106}]",3,Bambasé Conté,-277450.0,-277450.0,-82978.0,5848.0,44718.0,2126882.0
3471,14,Adam,Hložek,11397549.0,103.0,4.0,4.0,4.0,16869.0,413.0,0,4,https://kickbase.b-cdn.net/content/file/a70373665abe402993add63ac96b77de.png,10.0,1,36.0,113.0,"[{""hasPlayed"": true, ""points"": 77}, {""hasPlayed"": true, ""points"": 270}, {""hasPlayed"": true, ""points"": 19}, {""hasPlayed"": true, ""points"": 47}]",3,Adam Hložek,156532.0,156532.0,192512.0,217674.0,1685270.0,479429.0
7543,14,Max,Moerstedt,2410003.0,-7.0,3.0,3.0,1.0,7018.0,-21.0,0,4,https://kickbase.b-cdn.net/content/file/901ac71d98064e48b7b250786d8ac1d2.png,9.0,2,,55.0,"[{""hasPlayed"": true, ""points"": 61}, {""hasPlayed"": false, ""points"": null}, {""hasPlayed"": true, ""points"": -7}, {""hasPlayed"": true, ""points"": -75}]",4,Max Moerstedt,-147963.0,-147963.0,-147123.0,-123446.0,-734918.0,-2195831.0
7673,14,Albian,Hajdari,10692414.0,58.0,4.0,4.0,3.0,20201.0,230.0,2,2,https://kickbase.b-cdn.net/content/file/0f60a3cd21c94cc4913d13f811e532a9.png,21.0,2,21.0,52.0,"[{""hasPlayed"": true, ""points"": 70}, {""hasPlayed"": true, ""points"": 115}, {""hasPlayed"": true, ""points"": -11}, {""hasPlayed"": true, ""points"": 56}]",3,Albian Hajdari,-806223.0,-806223.0,-868889.0,-515856.0,-2132849.0,-8443845.0
7717,14,Alexander,Prass,3404036.0,,,,,,,0,3,https://kickbase.b-cdn.net/content/file/f9e6ef6646eb4d248d5ce3ee24abda2d.png,22.0,1,,0.0,"[{""hasPlayed"": false, ""points"": null}, {""hasPlayed"": false, ""points"": null}, {""hasPlayed"": false, ""points"": null}, {""hasPlayed"": false, ""points"": null}]",5,Alexander Prass,308967.0,308967.0,290721.0,302215.0,2251842.0,435786.0
7745,14,Vladimír,Coufal,20862134.0,112.0,4.0,4.0,4.0,21839.0,447.0,0,2,https://kickbase.b-cdn.net/content/file/3b2c057d49604e74af1ea35ac7411a4a.png,34.0,2,21.0,37.0,"[{""hasPlayed"": true, ""points"": 103}, {""hasPlayed"": true, ""points"": 62}, {""hasPlayed"": true, ""points"": 146}, {""hasPlayed"": true, ""points"": 136}]",1,Vladimír Coufal,-276482.0,-276482.0,-306123.0,-332723.0,-2117899.0,-5037335.0
7750,14,Robin,Hranác,2867542.0,23.0,2.0,2.0,0.0,3564.0,45.0,0,2,https://kickbase.b-cdn.net/content/file/378ad76b9745472cb56cc5de220ea9f9.png,2.0,2,15.0,21.0,"[{""hasPlayed"": false, ""points"": null}, {""hasPlayed"": false, ""points"": null}, {""hasPlayed"": true, ""points"": 1}, {""hasPlayed"": true, ""points"": 44}]",5,Robin Hranác,-142873.0,-142873.0,-145571.0,-145039.0,-1011223.0,-394449.0
8289,14,Lúkas,Petersson,500000.0,,,,,,,0,1,https://kickbase.b-cdn.net/content/file/e12887e5419f4c63a3e0c0b0213fb3cc.png,36.0,0,,0.0,"[{""hasPlayed"": false, ""points"": null}, {""hasPlayed"": false, ""points"": null}, {""hasPlayed"": false, ""points"": null}, {""hasPlayed"": false, ""points"": null}]",5,Lúkas Petersson,0.0,0.0,0.0,0.0,0.0,0.0
9598,14,Valentin,Gendrey,4634982.0,56.0,1.0,1.0,0.0,1592.0,56.0,0,2,https://kickbase.b-cdn.net/content/file/963aa0e9a1bf4537bba171631d3ef595.png,15.0,1,12.0,28.0,"[{""hasPlayed"": false, ""points"": null}, {""hasPlayed"": true, ""points"": 56}, {""hasPlayed"": false, ""points"": null}, {""hasPlayed"": false, ""points"": null}]",5,Valentin Gendrey,395477.0,395477.0,422621.0,427792.0,2614721.0,1675073.0
11161,14,Koki,Machida,6470474.0,74.0,2.0,2.0,1.0,7211.0,148.0,0,2,https://kickbase.b-cdn.net/content/file/80f0a50727b54ea5a90a99a754cc7a6c.png,28.0,1,22.0,47.0,"[{""hasPlayed"": true, ""points"": 99}, {""hasPlayed"": true, ""points"": 49}, {""hasPlayed"": false, ""points"": null}, {""hasPlayed"": false, ""points"": null}]",3,Koki Machida,162139.0,162139.0,169043.0,171167.0,993733.0,5461581.0
11162,14,Leon,Avdullahu,15689725.0,88.0,4.0,4.0,4.0,22633.0,352.0,0,3,https://kickbase.b-cdn.net/content/file/805fdf4f3bec4018a1ff6bc85cc95546.png,7.0,2,22.0,33.0,"[{""hasPlayed"": true, ""points"": 59}, {""hasPlayed"": true, ""points"": 82}, {""hasPlayed"": true, ""points"": 136}, {""hasPlayed"": true, ""points"": 75}]",1,Leon Avdullahu,-652455.0,-652455.0,-548187.0,-267970.0,-1312495.0,-1163446.0
11591,14,Cajetan,Lenz,2582229.0,,,,,,,0,3,https://kickbase.b-cdn.net/content/file/2d15f1ede167438698d92ddc037e6abe.png,32.0,1,,0.0,"[{""hasPlayed"": false, ""points"": null}, {""hasPlayed"": false, ""points"": null}, {""hasPlayed"": false, ""points"": null}, {""hasPlayed"": false, ""points"": null}]",5,Cajetan Lenz,260779.0,260779.0,280615.0,299763.0,2042679.0,133249.0
11631,14,Wouter,Burger,18885514.0,86.0,4.0,4.0,4.0,22413.0,345.0,0,3,https://kickbase.b-cdn.net/content/file/50a59d7c22f64565b2f31bba1dfae5bd.png,18.0,1,18.0,33.0,"[{""hasPlayed"": true, ""points"": 131}, {""hasPlayed"": true, ""points"": 93}, {""hasPlayed"": true, ""points"": 58}, {""hasPlayed"": true, ""points"": 63}]",1,Wouter Burger,112775.0,112775.0,129667.0,145831.0,995999.0,-5483430.0
11959,14,Adam,Daghim,14766506.0,156.0,4.0,4.0,4.0,22115.0,622.0,0,4,https://kickbase.b-cdn.net/content/file/1919dcbd4fb6447aad155fb3c72f3e38.png,14.0,1,42.0,31.0,"[{""hasPlayed"": true, ""points"": 120}, {""hasPlayed"": true, ""points"": 194}, {""hasPlayed"": true, ""points"": 145}, {""hasPlayed"": true, ""points"": 163}]",1,Adam Daghim,155276.0,155276.0,179742.0,208334.0,1621892.0,6486027.0
15193,14,Mats,Rots,8713202.0,53.0,4.0,4.0,3.0,13672.0,210.0,0,2,https://kickbase.b-cdn.net/content/file/d96dc40ca1674b38aef03dff83ae8ab0.png,39.0,2,24.0,61.0,"[{""hasPlayed"": true, ""points"": 14}, {""hasPlayed"": true, ""points"": 105}, {""hasPlayed"": true, ""points"": 105}, {""hasPlayed"": true, ""points"": -14}]",3,Mats Rots,-654408.0,-654408.0,-966816.0,-260846.0,-1444830.0,-29129.0
15262,14,Nathan,De Cat,5023759.0,-6.0,2.0,2.0,0.0,2514.0,-11.0,0,3,https://kickbase.b-cdn.net/content/file/8c55d861342c440b9966f1cd6dc86f29.png,17.0,2,,4.0,"[{""hasPlayed"": false, ""points"": null}, {""hasPlayed"": false, ""points"": null}, {""hasPlayed"": true, ""points"": -2}, {""hasPlayed"": true, ""points"": -9}]",4,Nathan De Cat,-385112.0,-385112.0,-399514.0,-409012.0,-2668393.0,-13355099.0
51,40,Rani,Khedira,4338547.0,14.0,4.0,4.0,4.0,23900.0,55.0,0,3,https://kickbase.b-cdn.net/content/file/9ecae4fccb2648b8b2bd92c4cac3f955.png,8.0,2,12.0,40.0,"[{""hasPlayed"": true, ""points"": -42}, {""hasPlayed"": true, ""points"": 32}, {""hasPlayed"": true, ""points"": 14}, {""hasPlayed"": true, ""points"": 51}]",1,Rani Khedira,-106393.0,-106393.0,-104013.0,-99647.0,-636579.0,-4542749.0
1223,40,Marvin,Friedrich,2366554.0,,,,,,,2,2,https://kickbase.b-cdn.net/content/file/0e7e99776b0c460eaaf8702878b90869.png,5.0,1,,0.0,"[{""hasPlayed"": false, ""points"": null}, {""hasPlayed"": false, ""points"": null}, {""hasPlayed"": false, ""points"": null}, {""hasPlayed"": false, ""points"": null}]",5,Marvin Friedrich,176891.0,176891.0,228970.0,268634.0,1698450.0,-987274.0
1553,40,Janik,Haberer,3646149.0,11.0,4.0,4.0,1.0,7842.0,42.0,0,3,https://kickbase.b-cdn.net/content/file/ce496ba0469a4a3b80d18b665d7466c0.png,19.0,2,11.0,15.0,"[{""hasPlayed"": true, ""points"": 4}, {""hasPlayed"": true, ""points"": -6}, {""hasPlayed"": true, ""points"": 15}, {""hasPlayed"": true, ""points"": 29}]",3,Janik Haberer,-148633.0,-148633.0,-151363.0,-158179.0,-1137205.0,700466.0
1955,40,Oliver,Burke,500000.0,,,,,,,2,4,https://kickbase.b-cdn.net/content/file/a76d8d4a531548f58ceb241fe4958952.png,7.0,2,,0.0,"[{""hasPlayed"": false, ""points"": null}, {""hasPlayed"": false, ""points"": null}, {""hasPlayed"": false, ""points"": null}, {""hasPlayed"": false, ""points"": null}]",3,Oliver Burke,-1090.0,-1090.0,-77032.0,-75589.0,-353348.0,-3017948.0
2065,40,Felix,Uduokhai,10311961.0,72.0,3.0,3.0,3.0,17739.0,216.0,0,2,https://kickbase.b-cdn.net/content/file/e407afb596ac48f2bab3f2f63a37f2c2.png,2.0,1,20.0,36.0,"[{""hasPlayed"": true, ""points"": 71}, {""hasPlayed"": true, ""points"": 75}, {""hasPlayed"": true, ""points"": 70}, {""hasPlayed"": false, ""points"": null}]",1,Felix Uduokhai,29594.0,29594.0,134890.0,281986.0,1946724.0,4613423.0
2279,40,Frederik,Rönnow,11090682.0,101.0,3.0,3.0,3.0,17739.0,304.0,0,1,https://kickbase.b-cdn.net/content/file/a74539007fa347f28af0ce83caafef6f.png,1.0,1,27.0,51.0,"[{""hasPlayed"": true, ""points"": 117}, {""hasPlayed"": true, ""points"": 97}, {""hasPlayed"": true, ""points"": 90}, {""hasPlayed"": false, ""points"": null}]",1,Frederik Rönnow,37541.0,37541.0,73675.0,90825.0,628185.0,3447231.0
2302,40,Woo-Yeong,Jeong,2787497.0,30.0,4.0,4.0,2.0,13191.0,121.0,0,3,https://kickbase.b-cdn.net/content/file/167f780b883445c1bb79e00354f1e807.png,11.0,2,43.0,41.0,"[{""hasPlayed"": true, ""points"": -16}, {""hasPlayed"": true, ""points"": 69}, {""hasPlayed"": true, ""points"": 7}, {""hasPlayed"": true, ""points"": 61}]",3,Woo-Yeong Jeong,-120404.0,-120404.0,-120738.0,-120239.0,-852364.0,-419003.0
2400,40,Christopher,Trimmel,3122355.0,-17.0,2.0,2.0,1.0,5600.0,-33.0,0,2,https://kickbase.b-cdn.net/content/file/0133043125be433d91c3b93eb502aebe.png,28.0,1,,12.0,"[{""hasPlayed"": true, ""points"": -27}, {""hasPlayed"": false, ""points"": null}, {""hasPlayed"": true, ""points"": -6}, {""hasPlayed"": false, ""points"": null}]",5,Christopher Trimmel,284532.0,284532.0,280780.0,294864.0,1760001.0,-693955.0
2491,40,Tim,Skarke,4646126.0,66.0,4.0,4.0,0.0,8469.0,263.0,0,3,https://kickbase.b-cdn.net/content/file/530ba96741b943798d9be4d5dcc151f5.png,21.0,2,56.0,85.0,"[{""hasPlayed"": true, ""points"": -23}, {""hasPlayed"": true, ""points"": 137}, {""hasPlayed"": true, ""points"": 9}, {""hasPlayed"": true, ""points"": 140}]",3,Tim Skarke,-355599.0,-355599.0,-358485.0,-377778.0,-2675812.0,1182898.0
2717,40,Robert,Skov,500000.0,-12.0,1.0,1.0,0.0,742.0,-12.0,0,3,https://kickbase.b-cdn.net/content/file/ebae4e5c0fec43ebaed2b2aae064a346.png,24.0,2,,6.0,"[{""hasPlayed"": false, ""points"": null}, {""hasPlayed"": true, ""points"": -12}, {""hasPlayed"": false, ""points"": null}, {""hasPlayed"": false, ""points"": null}]",5,Robert Skov,0.0,0.0,0.0,-54791.0,-616766.0,-1074016.0
3102,40,Tom,Rothe,10240875.0,71.0,4.0,4.0,4.0,23900.0,282.0,0,2,https://kickbase.b-cdn.net/content/file/82917858d1a74a7f90a2d9dfca456b71.png,15.0,1,27.0,58.0,"[{""hasPlayed"": true, ""points"": 29}, {""hasPlayed"": true, ""points"": 150}, {""hasPlayed"": true, ""points"": 25}, {""hasPlayed"": true, ""points"": 78}]",1,Tom Rothe,57336.0,57336.0,124601.0,215508.0,1336263.0,88712.0
3187,40,András,Schäfer,2232941.0,17.0,4.0,4.0,2.0,13529.0,68.0,0,3,https://kickbase.b-cdn.net/content/file/433f8b676b6b4b898ad3ede98e20f79d.png,13.0,2,30.0,29.0,"[{""hasPlayed"": true, ""points"": -8}, {""hasPlayed"": true, ""points"": 47}, {""hasPlayed"": true, ""points"": -8}, {""hasPlayed"": true, ""points"": 37}]",3,András Schäfer,-145073.0,-145073.0,-146351.0,-156316.0,-831966.0,-3033312.0
3364,40,Carl,Klaus,500000.0,,,,,,,0,1,https://kickbase.b-cdn.net/content/file/03530ee1979440f6865c5fc39260c63a.png,25.0,2,,0.0,"[{""hasPlayed"": false, ""points"": null}, {""hasPlayed"": false, ""points"": null}, {""hasPlayed"": false, ""points"": null}, {""hasPlayed"": false, ""points"": null}]",5,Carl Klaus,0.0,0.0,-29302.0,-151666.0,-785113.0,-4289458.0
3419,40,Matheo,Raab,2112690.0,9.0,1.0,1.0,1.0,6161.0,9.0,0,1,https://kickbase.b-cdn.net/content/file/6f65c492a85a491b94cd3b8a37bae6f8.png,31.0,2,4.0,4.0,"[{""hasPlayed"": false, ""points"": null}, {""hasPlayed"": false, ""points"": null}, {""hasPlayed"": false, ""points"": null}, {""hasPlayed"": true, ""points"": 9}]",5,Matheo Raab,-175667.0,-175667.0,-158982.0,-150104.0,-1053420.0,-1746160.0
3453,40,Derrick,Köhn,2955970.0,7.0,2.0,2.0,0.0,1536.0,13.0,0,2,https://kickbase.b-cdn.net/content/file/336162df73db46fdb0d35c73c0928582.png,17.0,2,4.0,10.0,"[{""hasPlayed"": true, ""points"": -6}, {""hasPlayed"": false, ""points"": null}, {""hasPlayed"": false, ""points"": null}, {""hasPlayed"": true, ""points"": 19}]",4,Derrick Köhn,-149047.0,-149047.0,-153648.0,-158497.0,-1149878.0,1239906.0
4352,40,Stanley,Nsoki,500000.0,,,,,,,2,2,https://kickbase.b-cdn.net/content/file/6c54070a804d4f15acb3d09b63af882a.png,34.0,0,,0.0,"[{""hasPlayed"": false, ""points"": null}, {""hasPlayed"": false, ""points"": null}, {""hasPlayed"": false, ""points"": null}, {""hasPlayed"": false, ""points"": null}]",5,Stanley Nsoki,0.0,0.0,0.0,0.0,-38165.0,-2872223.0
4446,40,Aljoscha,Kemlein,3870502.0,14.0,4.0,4.0,3.0,13684.0,54.0,0,3,https://kickbase.b-cdn.net/content/file/2dc45e5315ff4262a38925af69a6e745.png,6.0,2,13.0,31.0,"[{""hasPlayed"": true, ""points"": -19}, {""hasPlayed"": true, ""points"": 6}, {""hasPlayed"": true, ""points"": 11}, {""hasPlayed"": true, ""points"": 56}]",3,Aljoscha Kemlein,-137357.0,-137357.0,-140049.0,-144136.0,-936226.0,-6055390.0
4598,40,Josip,Juranović,6020209.0,100.0,3.0,3.0,3.0,16940.0,300.0,2,2,https://kickbase.b-cdn.net/content/file/17ce8593891544bbae052579071e5c45.png,18.0,2,49.0,99.0,"[{""hasPlayed"": false, ""points"": null}, {""hasPlayed"": true, ""points"": 72}, {""hasPlayed"": true, ""points"": 12}, {""hasPlayed"": true, ""points"": 216}]",1,Josip Juranović,-236693.0,-236693.0,-243495.0,-266227.0,-1818586.0,-1932543.0
7684,40,Michel,Aebischer,3103077.0,7.0,4.0,4.0,4.0,18904.0,26.0,0,3,https://kickbase.b-cdn.net/content/file/53d3916429e94e6c8ea54b7c96c1fd91.png,20.0,2,8.0,20.0,"[{""hasPlayed"": true, ""points"": -15}, {""hasPlayed"": true, ""points"": 22}, {""hasPlayed"": true, ""points"": -6}, {""hasPlayed"": true, ""points"": 25}]",1,Michel Aebischer,-116096.0,-116096.0,-124562.0,-119497.0,-566069.0,-3455141.0
7723,40,Leopold,Querfeld,12027029.0,144.0,3.0,3.0,3.0,18251.0,432.0,0,2,https://kickbase.b-cdn.net/content/file/b9dfbb26ed9347b9a1585f29718c9d76.png,14.0,1,35.0,109.0,"[{""hasPlayed"": true, ""points"": 63}, {""hasPlayed"": true, ""points"": 112}, {""hasPlayed"": false, ""points"": null}, {""hasPlayed"": true, ""points"": 257}]",2,Leopold Querfeld,164755.0,164755.0,142750.0,104429.0,401557.0,-2205314.0
8381,40,Livan,Burcu,2919567.0,13.0,4.0,4.0,2.0,11715.0,51.0,0,3,https://kickbase.b-cdn.net/content/file/9ee1048c9191462c82b58e23f1dbf647.png,9.0,2,17.0,19.0,"[{""hasPlayed"": true, ""points"": -13}, {""hasPlayed"": true, ""points"": 9}, {""hasPlayed"": true, ""points"": 28}, {""hasPlayed"": true, ""points"": 27}]",3,Livan Burcu,-144447.0,-144447.0,-146053.0,-147257.0,-1000451.0,-6216176.0
9683,40,Andrej,Ilic,1911458.0,,,,,,,2,4,https://kickbase.b-cdn.net/content/file/1a56a70bd0c1483894bc78d61bf30f46.png,23.0,2,,0.0,"[{""hasPlayed"": false, ""points"": null}, {""hasPlayed"": false, ""points"": null}, {""hasPlayed"": false, ""points"": null}, {""hasPlayed"": false, ""points"": null}]",3,Andrej Ilic,-84798.0,-84798.0,-84607.0,-90075.0,-547984.0,-2938280.0
10106,40,Marin,Ljubičić,2602264.0,1.0,3.0,3.0,2.0,14522.0,4.0,0,4,https://kickbase.b-cdn.net/content/file/fcb660bdc74f41ef85fd3f45ac56962e.png,27.0,2,1.0,15.0,"[{""hasPlayed"": false, ""points"": null}, {""hasPlayed"": true, ""points"": -10}, {""hasPlayed"": true, ""points"": -9}, {""hasPlayed"": true, ""points"": 23}]",4,Marin Ljubičić,-157271.0,-157271.0,-155994.0,-157430.0,-1086216.0,-1179096.0
12763,40,Emmanuel,Latte Lath,4163446.0,19.0,4.0,4.0,4.0,15452.0,74.0,0,4,https://kickbase.b-cdn.net/content/file/d94f619b8cda4f03a559f3b3b10c2ffc.png,29.0,2,17.0,53.0,"[{""hasPlayed"": true, ""points"": -17}, {""hasPlayed"": true, ""points"": 11}, {""hasPlayed"": true, ""points"": -16}, {""hasPlayed"": true, ""points"": 96}]",3,Emmanuel Latte Lath,-122010.0,-122010.0,-114579.0,-123198.0,-1564812.0,-5762118.0
13629,40,Linus,Güther,500000.0,,,,,,,0,3,https://kickbase.b-cdn.net/content/file/d92375c9bb9640858ef3fa4deebadf84.png,49.0,0,,0.0,"[{""hasPlayed"": false, ""points"": null}, {""hasPlayed"": false, ""points"": null}, {""hasPlayed"": false, ""points"": null}, {""hasPlayed"": false, ""points"": null}]",5,Linus Güther,0.0,0.0,0.0,0.0,-133410.0,-3076877.0
14917,40,Zeno,Van den Bosch,4356296.0,30.0,3.0,3.0,2.0,13169.0,90.0,0,2,https://kickbase.b-cdn.net/content/file/f19174a181cb4b18a6fb28116d085029.png,4.0,2,20.0,46.0,"[{""hasPlayed"": true, ""points"": -11}, {""hasPlayed"": false, ""points"": null}, {""hasPlayed"": true, ""points"": 10}, {""hasPlayed"": true, ""points"": 91}]",4,Zeno Van den Bosch,-142492.0,-142492.0,-141130.0,-144338.0,-1637439.0,-8519845.0
17306,40,Kastriot,Imeri,1032022.0,,,,,,,0,3,https://kickbase.b-cdn.net/content/file/a4b7da39d3b84ed08289b6992fe6d4ee.png,30.0,2,,0.0,"[{""hasPlayed"": false, ""points"": null}, {""hasPlayed"": false, ""points"": null}, {""hasPlayed"": false, ""points"": null}, {""hasPlayed"": false, ""points"": null}]",3,Kastriot Imeri,-123921.0,-123921.0,-109774.0,-97300.0,-709700.0,1032022.0
357,4,Jens,Grahl,500000.0,,,,,,,0,1,https://kickbase.b-cdn.net/content/file/e76a9805862d4c849883f4035d7912a7.png,33.0,0,,0.0,"[{""hasPlayed"": false, ""points"": null}, {""hasPlayed"": false, ""points"": null}, {""hasPlayed"": false, ""points"": null}, {""hasPlayed"": false, ""points"": null}]",5,Jens Grahl,0.0,0.0,0.0,0.0,0.0,0.0
461,4,Timothy,Chandler,4323290.0,6.0,2.0,2.0,0.0,1847.0,12.0,0,2,https://kickbase.b-cdn.net/content/file/e7c03911a4054596904af25c839e49a8.png,22.0,1,2.0,12.0,"[{""hasPlayed"": false, ""points"": null}, {""hasPlayed"": true, ""points"": 21}, {""hasPlayed"": true, ""points"": -9}, {""hasPlayed"": false, ""points"": null}]",5,Timothy Chandler,285938.0,285938.0,335067.0,373465.0,2517956.0,1961198.0
513,4,Mario,Götze,4248352.0,51.0,3.0,3.0,1.0,6551.0,152.0,0,3,https://kickbase.b-cdn.net/content/file/d3877d0c416e4d30a99efbd5a673b455.png,27.0,2,35.0,45.0,"[{""hasPlayed"": true, ""points"": 2}, {""hasPlayed"": true, ""points"": 94}, {""hasPlayed"": true, ""points"": 56}, {""hasPlayed"": false, ""points"": null}]",4,Mario Götze,-135294.0,-135294.0,-139503.0,-150109.0,-2174237.0,-806238.0
2144,4,Robin,Koch,24323238.0,143.0,4.0,4.0,4.0,23279.0,573.0,2,2,https://kickbase.b-cdn.net/content/file/9ec4a1262fb84d21b3b5458cc97f9cf3.png,4.0,2,23.0,13.0,"[{""hasPlayed"": true, ""points"": 149}, {""hasPlayed"": true, ""points"": 159}, {""hasPlayed"": true, ""points"": 133}, {""hasPlayed"": true, ""points"": 132}]",1,Robin Koch,-385150.0,-385150.0,-264592.0,-165642.0,-656122.0,491837.0
2255,4,Jonathan,Burkardt,25534408.0,139.0,4.0,4.0,4.0,20108.0,554.0,0,4,https://kickbase.b-cdn.net/content/file/f11b49646cad49699fd37664e712e9c9.png,9.0,1,21.0,83.0,"[{""hasPlayed"": true, ""points"": 148}, {""hasPlayed"": true, ""points"": 246}, {""hasPlayed"": true, ""points"": 114}, {""hasPlayed"": true, ""points"": 46}]",1,Jonathan Burkardt,60375.0,60375.0,64626.0,73275.0,693282.0,-1262527.0
2863,4,Ansgar,Knauff,5637625.0,38.0,1.0,1.0,0.0,1895.0,38.0,0,3,https://kickbase.b-cdn.net/content/file/df49f152f9bc4fd99f45742758ff5cfc.png,7.0,1,6.0,19.0,"[{""hasPlayed"": true, ""points"": 38}, {""hasPlayed"": false, ""points"": null}, {""hasPlayed"": false, ""points"": null}, {""hasPlayed"": false, ""points"": null}]",3,Ansgar Knauff,236309.0,236309.0,278049.0,351713.0,2438812.0,-543179.0
2864,4,Nnamdi,Collins,8575950.0,16.0,1.0,1.0,0.0,1899.0,16.0,0,2,https://kickbase.b-cdn.net/content/file/47efb7c32b294c238dcddcc3bd26ac21.png,34.0,1,1.0,8.0,"[{""hasPlayed"": true, ""points"": 16}, {""hasPlayed"": false, ""points"": null}, {""hasPlayed"": false, ""points"": null}, {""hasPlayed"": false, ""points"": null}]",2,Nnamdi Collins,305767.0,305767.0,314912.0,316808.0,2196860.0,-324869.0
2887,4,Ritsu,Dōan,17276552.0,90.0,3.0,3.0,3.0,14819.0,271.0,0,3,https://kickbase.b-cdn.net/content/file/8ad9394d1b4e4df9b692dad3a7539c1d.png,20.0,2,15.0,47.0,"[{""hasPlayed"": true, ""points"": 95}, {""hasPlayed"": true, ""points"": 106}, {""hasPlayed"": true, ""points"": 70}, {""hasPlayed"": false, ""points"": null}]",1,Ritsu Dōan,-286440.0,-286440.0,-32706.0,31818.0,172816.0,-1949846.0
3019,4,Noah,Atubolu,14403765.0,109.0,4.0,4.0,4.0,23279.0,436.0,0,1,https://kickbase.b-cdn.net/content/file/1a428dbd61524b48bb209d1ebee4ac6d.png,1.0,2,30.0,65.0,"[{""hasPlayed"": true, ""points"": 81}, {""hasPlayed"": true, ""points"": 189}, {""hasPlayed"": true, ""points"": 36}, {""hasPlayed"": true, ""points"": 130}]",1,Noah Atubolu,-208421.0,-208421.0,-114504.0,-15653.0,-125667.0,3832490.0
6081,4,Can,Uzun,26016169.0,119.0,4.0,4.0,4.0,20236.0,476.0,0,3,https://kickbase.b-cdn.net/content/file/d508a06c367e48b4a6ad92a95ee8612d.png,42.0,1,18.0,106.0,"[{""hasPlayed"": true, ""points"": 73}, {""hasPlayed"": true, ""points"": 279}, {""hasPlayed"": true, ""points"": 59}, {""hasPlayed"": true, ""points"": 65}]",1,Can Uzun,57892.0,57892.0,50354.0,45764.0,333358.0,-2550062.0
7275,4,Kauã,Santos,1471465.0,,,,,,,0,1,https://kickbase.b-cdn.net/content/file/aa2d99e5647f41be9c144d86afcdde54.png,40.0,2,,0.0,"[{""hasPlayed"": false, ""points"": null}, {""hasPlayed"": false, ""points"": null}, {""hasPlayed"": false, ""points"": null}, {""hasPlayed"": false, ""points"": null}]",5,Kauã Santos,-151221.0,-151221.0,-158508.0,-168691.0,-1103232.0,-6050389.0
7277,4,Farès,Chaïbi,4775987.0,54.0,2.0,2.0,1.0,7623.0,107.0,0,3,https://kickbase.b-cdn.net/content/file/774d9ee4bd994b9dae8672fbf45215fe.png,8.0,2,22.0,37.0,"[{""hasPlayed"": false, ""points"": null}, {""hasPlayed"": false, ""points"": null}, {""hasPlayed"": true, ""points"": 28}, {""hasPlayed"": true, ""points"": 79}]",4,Farès Chaïbi,-131144.0,-131144.0,-347116.0,-355722.0,-2248297.0,-2491550.0
7325,4,Elias,Baum,9501793.0,89.0,4.0,4.0,4.0,19531.0,354.0,0,2,https://kickbase.b-cdn.net/content/file/0f3d607126284679ac5bc7ee81f890ad.png,2.0,2,37.0,71.0,"[{""hasPlayed"": true, ""points"": 18}, {""hasPlayed"": true, ""points"": 105}, {""hasPlayed"": true, ""points"": 50}, {""hasPlayed"": true, ""points"": 181}]",3,Elias Baum,-350105.0,-350105.0,-639483.0,-712932.0,-4234471.0,-2165740.0
7417,4,Noël,Aséko,7896047.0,40.0,2.0,2.0,2.0,6514.0,79.0,0,3,https://kickbase.b-cdn.net/content/file/4c3b212857824d74bed5f3922ab26e64.png,15.0,1,10.0,27.0,"[{""hasPlayed"": true, ""points"": 21}, {""hasPlayed"": true, ""points"": 58}, {""hasPlayed"": false, ""points"": null}, {""hasPlayed"": false, ""points"": null}]",3,Noël Aséko,247252.0,247252.0,274095.0,303790.0,2135702.0,2218362.0
8351,4,Oscar,Højlund,2216418.0,3.0,2.0,2.0,0.0,3790.0,5.0,0,3,https://kickbase.b-cdn.net/content/file/9f25f3c48efd47488db3f0fea31226bc.png,6.0,2,2.0,1.0,"[{""hasPlayed"": true, ""points"": 4}, {""hasPlayed"": false, ""points"": null}, {""hasPlayed"": false, ""points"": null}, {""hasPlayed"": true, ""points"": 1}]",3,Oscar Højlund,-153736.0,-153736.0,-149804.0,-141736.0,-841562.0,-3276906.0
10004,4,Younes,Ebnoutalib,17246804.0,151.0,4.0,4.0,3.0,18068.0,603.0,0,4,https://kickbase.b-cdn.net/content/file/0a607bef8a9448cabbf3308c90e0dc6f.png,11.0,1,34.0,119.0,"[{""hasPlayed"": true, ""points"": 150}, {""hasPlayed"": true, ""points"": 11}, {""hasPlayed"": true, ""points"": 138}, {""hasPlayed"": true, ""points"": 304}]",3,Younes Ebnoutalib,118468.0,118468.0,149155.0,177639.0,1219429.0,5219855.0
11186,4,Jeremiaha,Maluze,4226335.0,198.0,2.0,2.0,2.0,11959.0,396.0,1,2,https://kickbase.b-cdn.net/content/file/41180e5bf4d046fbb3c24268c49459cb.png,37.0,2,93.0,114.0,"[{""hasPlayed"": false, ""points"": null}, {""hasPlayed"": true, ""points"": 202}, {""hasPlayed"": false, ""points"": null}, {""hasPlayed"": true, ""points"": 194}]",5,Jeremiaha Maluze,-114428.0,-114428.0,-103156.0,-98617.0,-1081347.0,3726335.0
12284,4,Keita,Kosugi,10330510.0,64.0,4.0,4.0,4.0,23279.0,257.0,0,2,https://kickbase.b-cdn.net/content/file/4626c41eb1dd44d5b36bfde09dc9f229.png,26.0,1,24.0,26.0,"[{""hasPlayed"": true, ""points"": 38}, {""hasPlayed"": true, ""points"": 101}, {""hasPlayed"": true, ""points"": 54}, {""hasPlayed"": true, ""points"": 64}]",2,Keita Kosugi,165020.0,165020.0,250071.0,246092.0,1545733.0,169905.0
12285,4,Love,Arrhov,2876802.0,-6.0,1.0,1.0,0.0,944.0,-6.0,0,3,https://kickbase.b-cdn.net/content/file/02ec19133f8a43768226917be968f9f8.png,31.0,1,,3.0,"[{""hasPlayed"": false, ""points"": null}, {""hasPlayed"": false, ""points"": null}, {""hasPlayed"": false, ""points"": null}, {""hasPlayed"": true, ""points"": -6}]",5,Love Arrhov,312368.0,312368.0,325879.0,339119.0,2261534.0,142706.0
12294,4,Ayoube,Amaimouni,4101404.0,24.0,4.0,4.0,1.0,7302.0,97.0,0,3,https://kickbase.b-cdn.net/content/file/5f68ec42f258435a8233881431dc3c75.png,29.0,2,23.0,32.0,"[{""hasPlayed"": true, ""points"": 3}, {""hasPlayed"": true, ""points"": 12}, {""hasPlayed"": true, ""points"": 9}, {""hasPlayed"": true, ""points"": 73}]",5,Ayoube Amaimouni,-129227.0,-129227.0,-125914.0,-128230.0,-1127902.0,-1193612.0
14920,4,Malik,Pimpong,500000.0,-6.0,2.0,2.0,0.0,2139.0,-12.0,0,4,https://kickbase.b-cdn.net/content/file/0800fc3bf36841cbb6450f1a83cf8ee3.png,35.0,0,,10.0,"[{""hasPlayed"": false, ""points"": null}, {""hasPlayed"": false, ""points"": null}, {""hasPlayed"": true, ""points"": -18}, {""hasPlayed"": true, ""points"": 6}]",5,Malik Pimpong,0.0,0.0,0.0,0.0,-336831.0,-2770331.0
15589,4,,Otávio,6696895.0,-1.0,1.0,1.0,0.0,611.0,-1.0,0,2,https://kickbase.b-cdn.net/content/file/29d28defc06541cdb2d6e020dc443ca1.png,5.0,1,,0.0,"[{""hasPlayed"": false, ""points"": null}, {""hasPlayed"": false, ""points"": null}, {""hasPlayed"": false, ""points"": null}, {""hasPlayed"": true, ""points"": -1}]",5,Otávio,169484.0,169484.0,247140.0,308003.0,2305585.0,-3530205.0
16369,4,Raphael,Onyedika,9321714.0,41.0,4.0,4.0,4.0,23279.0,162.0,2,3,https://kickbase.b-cdn.net/content/file/4413ed18fac54a58a6e94d858ea72074.png,25.0,2,17.0,36.0,"[{""hasPlayed"": true, ""points"": 28}, {""hasPlayed"": true, ""points"": 12}, {""hasPlayed"": true, ""points"": 94}, {""hasPlayed"": true, ""points"": 28}]",1,Raphael Onyedika,-468329.0,-468329.0,-556966.0,-83828.0,-610516.0,-6027748.0
17285,4,Lilian,Brassier,14218666.0,103.0,3.0,3.0,3.0,17118.0,310.0,0,2,https://kickbase.b-cdn.net/content/file/951b525cdfe04feaba0ac1724d5faf27.png,3.0,1,21.0,24.0,"[{""hasPlayed"": true, ""points"": 103}, {""hasPlayed"": true, ""points"": 128}, {""hasPlayed"": true, ""points"": 79}, {""hasPlayed"": false, ""points"": null}]",1,Lilian Brassier,169528.0,169528.0,184636.0,185090.0,994344.0,14218666.0
60,18,Dominik,Kohr,2653653.0,96.0,1.0,1.0,1.0,4824.0,96.0,1,2,https://kickbase.b-cdn.net/content/file/fc6cb9d67771484baa8cd7547280f6cd.png,31.0,2,36.0,48.0,"[{""hasPlayed"": false, ""points"": null}, {""hasPlayed"": false, ""points"": null}, {""hasPlayed"": false, ""points"": null}, {""hasPlayed"": true, ""points"": 96}]",5,Dominik Kohr,-152958.0,-152958.0,-155356.0,-161693.0,-1075060.0,-8050882.0
550,18,Stefan,Bell,4455440.0,,,,,,,0,2,https://kickbase.b-cdn.net/content/file/b5f9d86fa6414225acae1ed532dfb2e7.png,16.0,1,,0.0,"[{""hasPlayed"": false, ""points"": null}, {""hasPlayed"": false, ""points"": null}, {""hasPlayed"": false, ""points"": null}, {""hasPlayed"": false, ""points"": null}]",5,Stefan Bell,310066.0,310066.0,343636.0,361857.0,2000863.0,2840321.0
620,18,Alexander,Schwolow,7637583.0,127.0,2.0,2.0,2.0,11879.0,253.0,0,1,https://kickbase.b-cdn.net/content/file/8c632c3299954c0f8703f77102907955.png,1.0,1,33.0,75.0,"[{""hasPlayed"": true, ""points"": 102}, {""hasPlayed"": false, ""points"": null}, {""hasPlayed"": true, ""points"": 151}, {""hasPlayed"": false, ""points"": null}]",3,Alexander Schwolow,-133263.0,-133263.0,41817.0,134305.0,1069648.0,3449431.0
1540,18,Danny,Da Costa,5601455.0,86.0,4.0,4.0,1.0,10387.0,342.0,0,2,https://kickbase.b-cdn.net/content/file/d7479cd684eb4636932e2e5651e92411.png,21.0,2,61.0,83.0,"[{""hasPlayed"": true, ""points"": 168}, {""hasPlayed"": true, ""points"": -4}, {""hasPlayed"": true, ""points"": 35}, {""hasPlayed"": true, ""points"": 143}]",4,Danny Da Costa,-266203.0,-266203.0,-265364.0,-279428.0,-1683206.0,-3583531.0
1590,18,Robin,Zentner,7372041.0,72.0,2.0,2.0,2.0,11529.0,144.0,1,1,https://kickbase.b-cdn.net/content/file/dad81a3053174c60b16a47385173f2d5.png,27.0,2,19.0,49.0,"[{""hasPlayed"": false, ""points"": null}, {""hasPlayed"": true, ""points"": 40}, {""hasPlayed"": false, ""points"": null}, {""hasPlayed"": true, ""points"": 104}]",3,Robin Zentner,-166229.0,-166229.0,-194204.0,-209300.0,-1417767.0,-6933700.0
1639,18,Nadiem,Amiri,29487488.0,106.0,4.0,4.0,4.0,22430.0,423.0,0,3,https://kickbase.b-cdn.net/content/file/7d4c71e7f54e4886a93df87cf4f3987c.png,10.0,2,14.0,90.0,"[{""hasPlayed"": true, ""points"": 107}, {""hasPlayed"": true, ""points"": -23}, {""hasPlayed"": true, ""points"": 172}, {""hasPlayed"": true, ""points"": 167}]",1,Nadiem Amiri,-401525.0,-401525.0,-482729.0,-521372.0,-3573045.0,-4526794.0
2006,18,Stefan,Posch,11834269.0,94.0,3.0,3.0,3.0,17352.0,282.0,0,2,https://kickbase.b-cdn.net/content/file/890290d8b9bd491fb3c624f1c57d47bd.png,4.0,1,23.0,53.0,"[{""hasPlayed"": true, ""points"": 97}, {""hasPlayed"": true, ""points"": 62}, {""hasPlayed"": true, ""points"": 123}, {""hasPlayed"": false, ""points"": null}]",1,Stefan Posch,74093.0,74093.0,133955.0,183804.0,1371250.0,-59400.0
2030,18,Phillip,Tietz,18474750.0,165.0,4.0,4.0,4.0,23408.0,661.0,0,4,https://kickbase.b-cdn.net/content/file/2acf94096d5443fcb6d70524c93fb74e.png,9.0,1,35.0,105.0,"[{""hasPlayed"": true, ""points"": 126}, {""hasPlayed"": true, ""points"": 129}, {""hasPlayed"": true, ""points"": 321}, {""hasPlayed"": true, ""points"": 85}]",1,Phillip Tietz,196141.0,196141.0,186059.0,178421.0,1271355.0,4254018.0
2232,18,Philipp,Mwene,9389742.0,115.0,4.0,4.0,4.0,22214.0,458.0,0,2,https://kickbase.b-cdn.net/content/file/90c9ea6f2e3c49fd8dc4455a289facd0.png,2.0,2,48.0,130.0,"[{""hasPlayed"": true, ""points"": 84}, {""hasPlayed"": true, ""points"": 1}, {""hasPlayed"": true, ""points"": 302}, {""hasPlayed"": true, ""points"": 71}]",1,Philipp Mwene,-150799.0,-150799.0,-155209.0,-183195.0,-1910382.0,29208.0
2399,18,Lennard,Maloney,500000.0,21.0,2.0,2.0,0.0,763.0,42.0,0,3,https://kickbase.b-cdn.net/content/file/8ae05919f4ae4c4a8ea0e0fdc6e08e32.png,15.0,2,84.0,12.0,"[{""hasPlayed"": true, ""points"": 19}, {""hasPlayed"": false, ""points"": null}, {""hasPlayed"": true, ""points"": 23}, {""hasPlayed"": false, ""points"": null}]",5,Lennard Maloney,0.0,0.0,0.0,-35556.0,-486048.0,-368071.0
2476,18,Jae-Sung,Lee,8740095.0,90.0,4.0,4.0,4.0,16550.0,360.0,0,3,https://kickbase.b-cdn.net/content/file/b0241527f3d94a8c976c749e2004944d.png,7.0,2,41.0,67.0,"[{""hasPlayed"": true, ""points"": 75}, {""hasPlayed"": true, ""points"": 9}, {""hasPlayed"": true, ""points"": 172}, {""hasPlayed"": true, ""points"": 104}]",3,Jae-Sung Lee,-304861.0,-304861.0,-317445.0,-325651.0,-3321868.0,-3024182.0
2646,18,Sheraldo,Becker,16742948.0,163.0,4.0,4.0,4.0,17713.0,653.0,0,4,https://kickbase.b-cdn.net/content/file/e279d94dff1f46ea8a7f16ea6656528c.png,23.0,1,39.0,130.0,"[{""hasPlayed"": true, ""points"": 248}, {""hasPlayed"": true, ""points"": 54}, {""hasPlayed"": true, ""points"": 302}, {""hasPlayed"": true, ""points"": 49}]",1,Sheraldo Becker,196796.0,196796.0,215522.0,233106.0,1641143.0,1681695.0
2702,18,Eric,Martel,6697748.0,91.0,1.0,1.0,0.0,2012.0,91.0,0,3,https://kickbase.b-cdn.net/content/file/8744ec1d907e4042b8afa0f7d030628c.png,5.0,1,13.0,45.0,"[{""hasPlayed"": true, ""points"": 91}, {""hasPlayed"": false, ""points"": null}, {""hasPlayed"": false, ""points"": null}, {""hasPlayed"": false, ""points"": null}]",3,Eric Martel,309888.0,309888.0,344332.0,374912.0,2808572.0,3021385.0
2822,18,,Silas,3618734.0,,,,,,,4,4,https://kickbase.b-cdn.net/content/file/c9d8809a21ab421eae753d788da8f8e3.png,26.0,1,,0.0,"[{""hasPlayed"": false, ""points"": null}, {""hasPlayed"": false, ""points"": null}, {""hasPlayed"": false, ""points"": null}, {""hasPlayed"": false, ""points"": null}]",5,Silas,219368.0,219368.0,264457.0,266551.0,1926193.0,1215027.0
2895,18,Paul,Nebel,6722552.0,,,,,,,4,3,https://kickbase.b-cdn.net/content/file/03b835615e0c4ae3850ce2970f9cec04.png,8.0,1,,0.0,"[{""hasPlayed"": false, ""points"": null}, {""hasPlayed"": false, ""points"": null}, {""hasPlayed"": false, ""points"": null}, {""hasPlayed"": false, ""points"": null}]",5,Paul Nebel,239907.0,239907.0,267584.0,293620.0,2190265.0,1911408.0
3041,18,Silvan,Widmer,500000.0,29.0,1.0,1.0,0.0,1324.0,29.0,4,2,https://kickbase.b-cdn.net/content/file/0c5f8e3a3a1145cfadc9fbe799559ed4.png,30.0,2,58.0,14.0,"[{""hasPlayed"": false, ""points"": null}, {""hasPlayed"": false, ""points"": null}, {""hasPlayed"": false, ""points"": null}, {""hasPlayed"": true, ""points"": 29}]",5,Silvan Widmer,-8783.0,-8783.0,-141269.0,-145741.0,-867838.0,-1710061.0
3318,18,Ransford,Königsdörffer,8490976.0,50.0,4.0,4.0,0.0,7458.0,198.0,0,4,https://kickbase.b-cdn.net/content/file/4f3abfff728148fda062801c5af46204.png,11.0,1,23.0,55.0,"[{""hasPlayed"": true, ""points"": 18}, {""hasPlayed"": true, ""points"": 31}, {""hasPlayed"": true, ""points"": 132}, {""hasPlayed"": true, ""points"": 17}]",5,Ransford Königsdörffer,68130.0,68130.0,169382.0,238318.0,1650034.0,2066121.0
3470,18,Anthony,Caci,7925839.0,84.0,4.0,4.0,4.0,17426.0,337.0,0,2,https://kickbase.b-cdn.net/content/file/5bb349b2622049a7aa73a59edcec1781.png,19.0,2,42.0,55.0,"[{""hasPlayed"": true, ""points"": 118}, {""hasPlayed"": true, ""points"": 3}, {""hasPlayed"": true, ""points"": 92}, {""hasPlayed"": true, ""points"": 124}]",2,Anthony Caci,-270662.0,-270662.0,-260560.0,-280266.0,-1697013.0,-3177603.0
6111,18,Benedict,Hollerbach,4264633.0,7.0,1.0,1.0,0.0,1187.0,7.0,0,4,https://kickbase.b-cdn.net/content/file/212f0c9603f04c869640c40bdbb0a396.png,17.0,1,1.0,3.0,"[{""hasPlayed"": false, ""points"": null}, {""hasPlayed"": true, ""points"": 7}, {""hasPlayed"": false, ""points"": null}, {""hasPlayed"": false, ""points"": null}]",5,Benedict Hollerbach,350300.0,350300.0,365812.0,343103.0,2227203.0,744705.0
8307,18,Kaishu,Sano,20000172.0,145.0,4.0,4.0,4.0,23095.0,581.0,0,3,https://kickbase.b-cdn.net/content/file/aa2bb0e7fba5493db89b7b6646147ddc.png,6.0,1,29.0,36.0,"[{""hasPlayed"": true, ""points"": 169}, {""hasPlayed"": true, ""points"": 99}, {""hasPlayed"": true, ""points"": 180}, {""hasPlayed"": true, ""points"": 133}]",1,Kaishu Sano,29199.0,29199.0,41322.0,61727.0,627851.0,3481997.0
10122,18,Fabio,Gruber,11919350.0,117.0,4.0,4.0,4.0,23408.0,469.0,2,2,https://kickbase.b-cdn.net/content/file/278ee138191a434c98f6a644a68e553c.png,3.0,2,39.0,63.0,"[{""hasPlayed"": true, ""points"": 118}, {""hasPlayed"": true, ""points"": 34}, {""hasPlayed"": true, ""points"": 187}, {""hasPlayed"": true, ""points"": 130}]",2,Fabio Gruber,-694388.0,-694388.0,-723903.0,-508527.0,-1922820.0,452255.0
11261,18,Sota,Kawasaki,500000.0,,,,,,,0,3,https://kickbase.b-cdn.net/content/file/4678b1fe37904abeb5122cf3927324dc.png,24.0,0,,0.0,"[{""hasPlayed"": false, ""points"": null}, {""hasPlayed"": false, ""points"": null}, {""hasPlayed"": false, ""points"": null}, {""hasPlayed"": false, ""points"": null}]",5,Sota Kawasaki,0.0,0.0,0.0,0.0,-519647.0,-3620334.0
11665,18,Kacper,Potulski,7965808.0,61.0,4.0,4.0,3.0,18584.0,244.0,0,2,https://kickbase.b-cdn.net/content/file/b1ee33c0ce864060a4d44adf70936760.png,48.0,2,30.0,59.0,"[{""hasPlayed"": true, ""points"": 88}, {""hasPlayed"": true, ""points"": -2}, {""hasPlayed"": true, ""points"": 130}, {""hasPlayed"": true, ""points"": 28}]",1,Kacper Potulski,-449670.0,-449670.0,-553232.0,-421301.0,-1426685.0,3359219.0
11666,18,Maximilian,Kinzig,500000.0,,,,,,,0,1,https://kickbase.b-cdn.net/content/file/7add439bbfdf4921bf609edc2ed32e8e.png,40.0,0,,0.0,"[{""hasPlayed"": false, ""points"": null}, {""hasPlayed"": false, ""points"": null}, {""hasPlayed"": false, ""points"": null}, {""hasPlayed"": false, ""points"": null}]",5,Maximilian Kinzig,0.0,0.0,0.0,0.0,0.0,0.0
13438,18,Otto,Ruoppi,4872199.0,28.0,3.0,3.0,0.0,2479.0,85.0,0,3,https://kickbase.b-cdn.net/content/file/87f2fcbedcfd4094b1aa3112efb54de3.png,20.0,1,17.0,19.0,"[{""hasPlayed"": false, ""points"": null}, {""hasPlayed"": true, ""points"": 47}, {""hasPlayed"": true, ""points"": 23}, {""hasPlayed"": true, ""points"": 15}]",5,Otto Ruoppi,318409.0,318409.0,360700.0,406362.0,2629707.0,2394186.0
17179,18,Rael-Tshimbela,Nakuzola,500000.0,27.0,2.0,2.0,0.0,1517.0,54.0,0,2,https://kickbase.b-cdn.net/content/file/6c0a23ba3672480f9163c215c36670c8.png,47.0,0,108.0,15.0,"[{""hasPlayed"": false, ""points"": null}, {""hasPlayed"": true, ""points"": 31}, {""hasPlayed"": true, ""points"": 23}, {""hasPlayed"": false, ""points"": null}]",5,Rael-Tshimbela Nakuzola,0.0,0.0,0.0,0.0,-74591.0,0.0
168,29,Sven,Michel,500000.0,,,,,,,0,4,https://kickbase.b-cdn.net/content/file/e03c92ddb64b4dfaa85fddc8832168ef.png,11.0,0,,0.0,"[{""hasPlayed"": false, ""points"": null}, {""hasPlayed"": false, ""points"": null}, {""hasPlayed"": false, ""points"": null}, {""hasPlayed"": false, ""points"": null}]",5,Sven Michel,0.0,0.0,0.0,0.0,-376519.0,-556996.0
1964,29,Felix,Götze,2582427.0,40.0,1.0,1.0,0.0,1111.0,40.0,0,2,https://kickbase.b-cdn.net/content/file/211c165645f84bc08e3bac17e3ba0dcf.png,20.0,2,15.0,20.0,"[{""hasPlayed"": true, ""points"": 40}, {""hasPlayed"": false, ""points"": null}, {""hasPlayed"": false, ""points"": null}, {""hasPlayed"": false, ""points"": null}]",3,Felix Götze,-88051.0,-88051.0,-87775.0,-93987.0,-611224.0,-5111925.0
2015,29,Raphael,Obermair,5211295.0,65.0,4.0,4.0,4.0,21054.0,258.0,0,3,https://kickbase.b-cdn.net/content/file/0d9820e6e0904252b629770883bf6ed2.png,23.0,2,49.0,17.0,"[{""hasPlayed"": true, ""points"": 62}, {""hasPlayed"": true, ""points"": 56}, {""hasPlayed"": true, ""points"": 50}, {""hasPlayed"": true, ""points"": 90}]",1,Raphael Obermair,-297006.0,-297006.0,-308457.0,-322287.0,-2195225.0,-3158612.0
2301,29,Oliver,Batista Meier,1721007.0,-9.0,2.0,2.0,0.0,2817.0,-18.0,0,3,https://kickbase.b-cdn.net/content/file/80153ba03a7849fdae3b398764d24b18.png,7.0,2,,5.0,"[{""hasPlayed"": false, ""points"": null}, {""hasPlayed"": true, ""points"": -7}, {""hasPlayed"": true, ""points"": -11}, {""hasPlayed"": false, ""points"": null}]",5,Oliver Batista Meier,-158798.0,-158798.0,-166841.0,-170844.0,-1120866.0,-5922901.0
2471,29,Markus,Schubert,500000.0,,,,,,,0,1,https://kickbase.b-cdn.net/content/file/1602a8ef777540f4ac5390f258ed237c.png,1.0,0,,0.0,"[{""hasPlayed"": false, ""points"": null}, {""hasPlayed"": false, ""points"": null}, {""hasPlayed"": false, ""points"": null}, {""hasPlayed"": false, ""points"": null}]",5,Markus Schubert,0.0,0.0,0.0,0.0,0.0,-2902715.0
2498,29,Tom,Baack,500000.0,22.0,2.0,2.0,0.0,2438.0,44.0,0,3,https://kickbase.b-cdn.net/content/file/e009e7eb6946411f8f86641cb56174fe.png,6.0,0,88.0,15.0,"[{""hasPlayed"": true, ""points"": 32}, {""hasPlayed"": false, ""points"": null}, {""hasPlayed"": false, ""points"": null}, {""hasPlayed"": true, ""points"": 12}]",5,Tom Baack,0.0,0.0,0.0,0.0,-174873.0,-2936527.0
2749,29,Steffen,Tigges,4088009.0,52.0,4.0,4.0,0.0,9115.0,208.0,0,4,https://kickbase.b-cdn.net/content/file/10d7abeb491e42818537662e1ceba8d1.png,27.0,1,50.0,70.0,"[{""hasPlayed"": true, ""points"": 151}, {""hasPlayed"": true, ""points"": -14}, {""hasPlayed"": true, ""points"": 39}, {""hasPlayed"": true, ""points"": 32}]",4,Steffen Tigges,323251.0,323251.0,307759.0,272403.0,1295190.0,618693.0
2977,29,Nahuel,Noll,13716925.0,126.0,4.0,4.0,4.0,22857.0,504.0,0,1,https://kickbase.b-cdn.net/content/file/48b2c904ac8c41fdaa5c9503ba6e81ca.png,15.0,1,36.0,21.0,"[{""hasPlayed"": true, ""points"": 122}, {""hasPlayed"": true, ""points"": 158}, {""hasPlayed"": true, ""points"": 113}, {""hasPlayed"": true, ""points"": 111}]",1,Nahuel Noll,42927.0,42927.0,46902.0,58162.0,464456.0,763586.0
3027,29,Marvin,Pieringer,4675707.0,36.0,4.0,4.0,4.0,19055.0,144.0,2,4,https://kickbase.b-cdn.net/content/file/599aac2ada574e618a4b2ef6956cd9b3.png,18.0,2,30.0,79.0,"[{""hasPlayed"": true, ""points"": 70}, {""hasPlayed"": true, ""points"": 9}, {""hasPlayed"": true, ""points"": 1}, {""hasPlayed"": true, ""points"": 64}]",1,Marvin Pieringer,-210949.0,-210949.0,-231311.0,15975.0,372027.0,3586459.0
3081,29,Gabriel,Vidović,5158804.0,49.0,4.0,4.0,4.0,20022.0,195.0,0,3,https://kickbase.b-cdn.net/content/file/cbf9ad550a164e0392e43ae723e2d83d.png,40.0,1,37.0,41.0,"[{""hasPlayed"": true, ""points"": 94}, {""hasPlayed"": true, ""points"": 27}, {""hasPlayed"": true, ""points"": 2}, {""hasPlayed"": true, ""points"": 72}]",1,Gabriel Vidović,248184.0,248184.0,165200.0,85324.0,446962.0,-1668352.0
3336,29,Stefano,Marino,4843723.0,52.0,4.0,4.0,3.0,13391.0,207.0,0,4,https://kickbase.b-cdn.net/content/file/197aeeb1c0994cb68e398212e6941782.png,30.0,1,42.0,64.0,"[{""hasPlayed"": true, ""points"": 144}, {""hasPlayed"": true, ""points"": 32}, {""hasPlayed"": true, ""points"": -4}, {""hasPlayed"": true, ""points"": 35}]",2,Stefano Marino,287044.0,287044.0,291268.0,270473.0,1228468.0,-3529513.0
3491,29,Sebastian,Klaas,500000.0,,,,,,,0,3,https://kickbase.b-cdn.net/content/file/889217c751e5403eaf39162d4dc54b9a.png,26.0,0,,0.0,"[{""hasPlayed"": false, ""points"": null}, {""hasPlayed"": false, ""points"": null}, {""hasPlayed"": false, ""points"": null}, {""hasPlayed"": false, ""points"": null}]",5,Sebastian Klaas,0.0,0.0,0.0,0.0,0.0,-953746.0
3492,29,Marcel,Hoffmeier,788735.0,,,,,,,1,2,https://kickbase.b-cdn.net/content/file/b4ad73b6a3334bf8a2efdbe5b1d7e19c.png,33.0,2,,0.0,"[{""hasPlayed"": false, ""points"": null}, {""hasPlayed"": false, ""points"": null}, {""hasPlayed"": false, ""points"": null}, {""hasPlayed"": false, ""points"": null}]",5,Marcel Hoffmeier,-155437.0,-155437.0,-160108.0,-169890.0,-1114822.0,-5353359.0
3559,29,Laurin,Ulrich,6741250.0,69.0,4.0,4.0,4.0,19425.0,277.0,0,3,https://kickbase.b-cdn.net/content/file/bd6e7a7bc0ff4f5397cce0a6fb3864fa.png,28.0,1,41.0,31.0,"[{""hasPlayed"": true, ""points"": 109}, {""hasPlayed"": true, ""points"": 45}, {""hasPlayed"": true, ""points"": 79}, {""hasPlayed"": true, ""points"": 44}]",1,Laurin Ulrich,278160.0,278160.0,286801.0,294594.0,1721294.0,-631158.0
6197,29,Laurin,Curda,6755120.0,99.0,4.0,4.0,4.0,21259.0,397.0,0,2,https://kickbase.b-cdn.net/content/file/ba195e9442954a30a3835950c99832a5.png,17.0,2,58.0,86.0,"[{""hasPlayed"": true, ""points"": 159}, {""hasPlayed"": true, ""points"": 36}, {""hasPlayed"": true, ""points"": 15}, {""hasPlayed"": true, ""points"": 187}]",1,Laurin Curda,-103528.0,-103528.0,-105916.0,-93341.0,-794573.0,-2519163.0
6217,29,Rayan,Philippe,3889338.0,18.0,4.0,4.0,1.0,5063.0,71.0,0,4,https://kickbase.b-cdn.net/content/file/585c2df9602d47268fb6aaf32245792c.png,9.0,2,18.0,32.0,"[{""hasPlayed"": true, ""points"": 59}, {""hasPlayed"": true, ""points"": -14}, {""hasPlayed"": true, ""points"": 27}, {""hasPlayed"": true, ""points"": -1}]",4,Rayan Philippe,-153539.0,-153539.0,-156923.0,-163805.0,-1457819.0,1532489.0
6292,29,Mattes,Hansen,4501648.0,63.0,4.0,4.0,4.0,19509.0,253.0,0,2,https://kickbase.b-cdn.net/content/file/c747e1ad35ed44f4afbc5de1075d8bf1.png,22.0,2,56.0,21.0,"[{""hasPlayed"": true, ""points"": 93}, {""hasPlayed"": true, ""points"": 44}, {""hasPlayed"": true, ""points"": 52}, {""hasPlayed"": true, ""points"": 64}]",3,Mattes Hansen,-129412.0,-129412.0,-141434.0,-396792.0,-2279908.0,530644.0
6751,29,Florian,Pruhs,500000.0,,,,,,,0,1,https://kickbase.b-cdn.net/content/file/3878770830244658b3841f0074466ab7.png,31.0,0,,0.0,"[{""hasPlayed"": false, ""points"": null}, {""hasPlayed"": false, ""points"": null}, {""hasPlayed"": false, ""points"": null}, {""hasPlayed"": false, ""points"": null}]",5,Florian Pruhs,0.0,0.0,0.0,0.0,0.0,-3290280.0
7320,29,Tjark,Scheller,5780289.0,92.0,4.0,4.0,4.0,22857.0,369.0,0,2,https://kickbase.b-cdn.net/content/file/06f63d14a0f4493faf04f78ea6aa5f10.png,25.0,2,63.0,40.0,"[{""hasPlayed"": true, ""points"": 116}, {""hasPlayed"": true, ""points"": 44}, {""hasPlayed"": true, ""points"": 76}, {""hasPlayed"": true, ""points"": 133}]",1,Tjark Scheller,-208395.0,-208395.0,-201911.0,-199192.0,-1531423.0,443365.0
7616,29,Jano,ter Horst,7008691.0,102.0,4.0,4.0,4.0,22117.0,406.0,0,2,https://kickbase.b-cdn.net/content/file/a931e1f10bb84a9bb35b795a7857b8ee.png,21.0,1,57.0,59.0,"[{""hasPlayed"": true, ""points"": 161}, {""hasPlayed"": true, ""points"": 64}, {""hasPlayed"": true, ""points"": 38}, {""hasPlayed"": true, ""points"": 143}]",1,Jano ter Horst,98310.0,98310.0,59033.0,25291.0,-214217.0,607927.0
8292,29,Santiago,Castañeda,8837738.0,124.0,4.0,4.0,4.0,22857.0,495.0,0,3,https://kickbase.b-cdn.net/content/file/37ddcd7042414ce59c844f52d87ee300.png,5.0,1,56.0,75.0,"[{""hasPlayed"": true, ""points"": 235}, {""hasPlayed"": true, ""points"": 89}, {""hasPlayed"": true, ""points"": 70}, {""hasPlayed"": true, ""points"": 101}]",1,Santiago Castañeda,68426.0,68426.0,70264.0,64554.0,108757.0,630110.0
8872,29,Jonah,Sticker,1018666.0,44.0,3.0,3.0,0.0,3739.0,131.0,0,2,https://kickbase.b-cdn.net/content/file/74f3dad539cd4e30aabca849e8e8bc64.png,3.0,2,128.0,56.0,"[{""hasPlayed"": true, ""points"": 116}, {""hasPlayed"": false, ""points"": null}, {""hasPlayed"": true, ""points"": -6}, {""hasPlayed"": true, ""points"": 21}]",5,Jonah Sticker,-143300.0,-143300.0,-135590.0,-98976.0,-661223.0,-3617872.0
8984,29,Nyamekye,Awortwie-Grant,500000.0,,,,,,,4,2,https://kickbase.b-cdn.net/content/file/6b0e71018bd542b0b17a0e0a3e9058ac.png,4.0,0,,0.0,"[{""hasPlayed"": false, ""points"": null}, {""hasPlayed"": false, ""points"": null}, {""hasPlayed"": false, ""points"": null}, {""hasPlayed"": false, ""points"": null}]",5,Nyamekye Awortwie-Grant,0.0,0.0,0.0,0.0,0.0,-297749.0
9283,29,Deniz,Zeitler,500000.0,,,,,,,0,4,https://kickbase.b-cdn.net/content/file/cde6a72f67e043e0b1b56ac70e3f9c19.png,38.0,0,,0.0,"[{""hasPlayed"": false, ""points"": null}, {""hasPlayed"": false, ""points"": null}, {""hasPlayed"": false, ""points"": null}, {""hasPlayed"": false, ""points"": null}]",5,Deniz Zeitler,0.0,0.0,0.0,0.0,-529903.0,-3940848.0
10048,29,Luka,Duric,500000.0,-16.0,1.0,1.0,0.0,1010.0,-16.0,0,3,https://kickbase.b-cdn.net/content/file/fdce53ba9bff4a39b30dda997ad991ee.png,8.0,0,,8.0,"[{""hasPlayed"": false, ""points"": null}, {""hasPlayed"": true, ""points"": -16}, {""hasPlayed"": false, ""points"": null}, {""hasPlayed"": false, ""points"": null}]",5,Luka Duric,0.0,0.0,0.0,0.0,-2496.0,-2933798.0
11170,29,Ruben,Müller,500000.0,,,,,,,0,3,https://kickbase.b-cdn.net/content/file/30dea41b80454a638771929f17e0d368.png,2.0,0,,0.0,"[{""hasPlayed"": false, ""points"": null}, {""hasPlayed"": false, ""points"": null}, {""hasPlayed"": false, ""points"": null}, {""hasPlayed"": false, ""points"": null}]",5,Ruben Müller,0.0,0.0,0.0,0.0,-566989.0,-3872834.0
12262,29,Albert Frank,Millgramm,500000.0,,,,,,,0,4,https://kickbase.b-cdn.net/content/file/0635ef3343fb4b138fd946cc4a199637.png,19.0,2,,0.0,"[{""hasPlayed"": false, ""points"": null}, {""hasPlayed"": false, ""points"": null}, {""hasPlayed"": false, ""points"": null}, {""hasPlayed"": false, ""points"": null}]",5,Albert Frank Millgramm,0.0,0.0,0.0,-101022.0,-681353.0,-3828216.0
14911,29,Clemens,Lippmann,500000.0,-11.0,2.0,2.0,0.0,1779.0,-21.0,0,2,https://kickbase.b-cdn.net/content/file/7462061e1e7843ffb7efaa2fe7e2b5f5.png,29.0,2,,11.0,"[{""hasPlayed"": false, ""points"": null}, {""hasPlayed"": true, ""points"": -23}, {""hasPlayed"": false, ""points"": null}, {""hasPlayed"": true, ""points"": 2}]",5,Clemens Lippmann,0.0,0.0,0.0,-109304.0,-713259.0,-589689.0
14914,29,Timur,Gayret,500000.0,,,,,,,1,3,https://kickbase.b-cdn.net/content/file/174077d2fba447fbb8a0e46a12d28245.png,44.0,0,,0.0,"[{""hasPlayed"": false, ""points"": null}, {""hasPlayed"": false, ""points"": null}, {""hasPlayed"": false, ""points"": null}, {""hasPlayed"": false, ""points"": null}]",5,Timur Gayret,0.0,0.0,0.0,0.0,0.0,0.0
1225,43,Leopold,Zingerle,500000.0,,,,,,,0,1,https://kickbase.b-cdn.net/content/file/d257ae98474e45c4ad7082fbe5adde82.png,25.0,0,,0.0,"[{""hasPlayed"": false, ""points"": null}, {""hasPlayed"": false, ""points"": null}, {""hasPlayed"": false, ""points"": null}, {""hasPlayed"": false, ""points"": null}]",5,Leopold Zingerle,0.0,0.0,0.0,0.0,0.0,0.0
1246,43,Willi,Orban,27984910.0,168.0,4.0,4.0,4.0,23354.0,671.0,0,2,https://kickbase.b-cdn.net/content/file/1f7999ae3a674c74ac9b8d4f00ed1028.png,4.0,1,23.0,95.0,"[{""hasPlayed"": true, ""points"": 84}, {""hasPlayed"": true, ""points"": 300}, {""hasPlayed"": true, ""points"": 116}, {""hasPlayed"": true, ""points"": 171}]",2,Willi Orban,30288.0,30288.0,32619.0,42433.0,357197.0,-3454402.0
1333,43,Lukas,Klostermann,5377392.0,,,,,,,0,2,https://kickbase.b-cdn.net/content/file/91ea3cbf0389453ca1c0add22d52e089.png,16.0,1,,0.0,"[{""hasPlayed"": false, ""points"": null}, {""hasPlayed"": false, ""points"": null}, {""hasPlayed"": false, ""points"": null}, {""hasPlayed"": false, ""points"": null}]",5,Lukas Klostermann,235215.0,235215.0,313882.0,344208.0,2500019.0,3850897.0
1689,43,Benjamin,Henrichs,7592733.0,41.0,3.0,3.0,1.0,6495.0,122.0,0,2,https://kickbase.b-cdn.net/content/file/c091f35a668e446caa75ecc93b1084dd.png,39.0,1,16.0,58.0,"[{""hasPlayed"": true, ""points"": -23}, {""hasPlayed"": true, ""points"": 111}, {""hasPlayed"": false, ""points"": null}, {""hasPlayed"": true, ""points"": 34}]",3,Benjamin Henrichs,39269.0,39269.0,120892.0,187420.0,1316425.0,-75532.0
1728,43,Örjan,Nyland,500000.0,,,,,,,0,1,https://kickbase.b-cdn.net/content/file/361c8899e8db48868bb66d49e2cd4d2d.png,1.0,0,,0.0,"[{""hasPlayed"": false, ""points"": null}, {""hasPlayed"": false, ""points"": null}, {""hasPlayed"": false, ""points"": null}, {""hasPlayed"": false, ""points"": null}]",5,Örjan Nyland,0.0,0.0,0.0,0.0,-212369.0,-3495438.0
2141,43,Ridle ,Baku,17941972.0,137.0,4.0,4.0,3.0,16857.0,548.0,0,2,https://kickbase.b-cdn.net/content/file/938a124759354a928af165b155e6925a.png,17.0,2,30.0,115.0,"[{""hasPlayed"": true, ""points"": 13}, {""hasPlayed"": true, ""points"": 64}, {""hasPlayed"": true, ""points"": 238}, {""hasPlayed"": true, ""points"": 233}]",3,Ridle  Baku,-586473.0,-586473.0,-692145.0,-788651.0,-3914421.0,-299393.0
2275,43,Christoph,Baumgartner,10919158.0,,,,,,,4,3,https://kickbase.b-cdn.net/content/file/de86594ccecb4a7899a87cdd662e1a9c.png,14.0,1,,0.0,"[{""hasPlayed"": false, ""points"": null}, {""hasPlayed"": false, ""points"": null}, {""hasPlayed"": false, ""points"": null}, {""hasPlayed"": false, ""points"": null}]",4,Christoph Baumgartner,179674.0,179674.0,201523.0,219629.0,1874535.0,-5374185.0
2522,43,David,Raum,28737095.0,127.0,4.0,4.0,4.0,23354.0,507.0,0,2,https://kickbase.b-cdn.net/content/file/ff40a7c5554548ee8a8a51168c408d77.png,22.0,2,17.0,48.0,"[{""hasPlayed"": true, ""points"": 71}, {""hasPlayed"": true, ""points"": 181}, {""hasPlayed"": true, ""points"": 106}, {""hasPlayed"": true, ""points"": 149}]",1,David Raum,-374933.0,-374933.0,-473992.0,-517641.0,-2794113.0,-5661178.0
2687,43,Christopher,Nkunku,26127457.0,106.0,4.0,4.0,2.0,15977.0,422.0,0,4,https://kickbase.b-cdn.net/content/file/bf619920e0d34e138aa57fe52dbcde21.png,28.0,2,16.0,78.0,"[{""hasPlayed"": true, ""points"": 24}, {""hasPlayed"": true, ""points"": 211}, {""hasPlayed"": true, ""points"": 76}, {""hasPlayed"": true, ""points"": 111}]",1,Christopher Nkunku,-426477.0,-426477.0,-180708.0,-3066.0,-397937.0,1463584.0
2897,43,Rocco,Reitz,9673517.0,208.0,1.0,1.0,1.0,5072.0,208.0,4,3,https://kickbase.b-cdn.net/content/file/4186115eb899498fbec64508ec48475c.png,20.0,1,21.0,104.0,"[{""hasPlayed"": false, ""points"": null}, {""hasPlayed"": false, ""points"": null}, {""hasPlayed"": false, ""points"": null}, {""hasPlayed"": true, ""points"": 208}]",4,Rocco Reitz,348937.0,348937.0,367273.0,373749.0,2437351.0,-3414028.0
4596,43,Brajan,Gruda,17083896.0,83.0,3.0,3.0,3.0,11676.0,249.0,2,3,https://kickbase.b-cdn.net/content/file/fc98ceda9d134bd09d5526a600465611.png,10.0,2,14.0,73.0,"[{""hasPlayed"": true, ""points"": -2}, {""hasPlayed"": true, ""points"": 123}, {""hasPlayed"": false, ""points"": null}, {""hasPlayed"": true, ""points"": 128}]",3,Brajan Gruda,-437718.0,-437718.0,-477933.0,-568120.0,-3303814.0,-3231048.0
6104,43,Marc,Guiu,3657009.0,-13.0,1.0,1.0,0.0,1327.0,-13.0,1,4,https://kickbase.b-cdn.net/content/file/9ccdca6deb4c4831809374836463eb2d.png,9.0,2,,7.0,"[{""hasPlayed"": false, ""points"": null}, {""hasPlayed"": false, ""points"": null}, {""hasPlayed"": true, ""points"": -13}, {""hasPlayed"": false, ""points"": null}]",5,Marc Guiu,-179399.0,-179399.0,-175476.0,-167213.0,-1360579.0,3657009.0
6176,43,Nicolas,Seiwald,9521767.0,58.0,3.0,3.0,2.0,13430.0,175.0,0,3,https://kickbase.b-cdn.net/content/file/5320dfb79fb348369e61599e552840b0.png,13.0,2,18.0,49.0,"[{""hasPlayed"": true, ""points"": 11}, {""hasPlayed"": false, ""points"": null}, {""hasPlayed"": true, ""points"": 55}, {""hasPlayed"": true, ""points"": 109}]",3,Nicolas Seiwald,-348454.0,-348454.0,-646136.0,-670086.0,-4438234.0,-8535051.0
6300,43,Assan,Ouédraogo,5025984.0,61.0,1.0,1.0,1.0,2047.0,61.0,1,3,https://kickbase.b-cdn.net/content/file/44f5198b463047fc88626d9698f3a2d0.png,8.0,2,12.0,30.0,"[{""hasPlayed"": false, ""points"": null}, {""hasPlayed"": true, ""points"": 61}, {""hasPlayed"": false, ""points"": null}, {""hasPlayed"": false, ""points"": null}]",5,Assan Ouédraogo,-388258.0,-388258.0,-395795.0,-394675.0,-2686461.0,-5532778.0
7224,43,Lukeba,Castello Jr.,14184720.0,140.0,2.0,2.0,2.0,10347.0,279.0,2,2,https://kickbase.b-cdn.net/content/file/52117c9891144d3998de1b87b91ca123.png,23.0,2,19.0,94.0,"[{""hasPlayed"": false, ""points"": null}, {""hasPlayed"": true, ""points"": 80}, {""hasPlayed"": false, ""points"": null}, {""hasPlayed"": true, ""points"": 199}]",3,Lukeba Castello Jr.,-431425.0,-431425.0,-459914.0,-511659.0,-3518951.0,-5128676.0
7239,43,Max,Finkgräfe,1016427.0,28.0,1.0,1.0,0.0,948.0,28.0,0,2,https://kickbase.b-cdn.net/content/file/14ced344f69a48a5aeed3cbdcd5938da.png,35.0,2,27.0,14.0,"[{""hasPlayed"": false, ""points"": null}, {""hasPlayed"": true, ""points"": 28}, {""hasPlayed"": false, ""points"": null}, {""hasPlayed"": false, ""points"": null}]",5,Max Finkgräfe,-138973.0,-138973.0,-141008.0,-145883.0,-1004632.0,-4099878.0
8061,43,Johan,Bakayoko,3832112.0,24.0,2.0,2.0,1.0,5355.0,48.0,2,4,https://kickbase.b-cdn.net/content/file/1b1b3bd47f834642b2d8169d2b018ec2.png,11.0,2,12.0,15.0,"[{""hasPlayed"": false, ""points"": null}, {""hasPlayed"": false, ""points"": null}, {""hasPlayed"": true, ""points"": 33}, {""hasPlayed"": true, ""points"": 15}]",5,Johan Bakayoko,-144267.0,-144267.0,-146160.0,-146739.0,-964089.0,-7837339.0
8227,43,Maarten,Vandevoordt,15845508.0,133.0,4.0,4.0,4.0,23354.0,532.0,0,1,https://kickbase.b-cdn.net/content/file/1aa808600ddb4c5b9883e7caedba5966.png,26.0,1,33.0,80.0,"[{""hasPlayed"": true, ""points"": 107}, {""hasPlayed"": true, ""points"": 207}, {""hasPlayed"": true, ""points"": 31}, {""hasPlayed"": true, ""points"": 187}]",1,Maarten Vandevoordt,50381.0,50381.0,56023.0,65514.0,476021.0,-937232.0
9507,43,Antonio,Nusa,27815351.0,169.0,4.0,4.0,4.0,21615.0,674.0,0,3,https://kickbase.b-cdn.net/content/file/9a7ea9c911e04f9e9cf0fa6c4b57ca54.png,7.0,1,24.0,139.0,"[{""hasPlayed"": true, ""points"": 44}, {""hasPlayed"": true, ""points"": 339}, {""hasPlayed"": true, ""points"": 65}, {""hasPlayed"": true, ""points"": 226}]",1,Antonio Nusa,7076.0,7076.0,9662.0,12781.0,241762.0,1825440.0
9776,43,Andrija,Maksimović,4165618.0,44.0,2.0,2.0,0.0,2408.0,87.0,0,3,https://kickbase.b-cdn.net/content/file/4b987894fd8842a69a0341460d5ebc51.png,30.0,2,20.0,41.0,"[{""hasPlayed"": true, ""points"": 3}, {""hasPlayed"": false, ""points"": null}, {""hasPlayed"": true, ""points"": 84}, {""hasPlayed"": false, ""points"": null}]",3,Andrija Maksimović,-140351.0,-140351.0,-140899.0,-152683.0,-2044103.0,-204750.0
10113,43,Tidiam,Gomis,8840484.0,105.0,4.0,4.0,2.0,14772.0,418.0,2,4,https://kickbase.b-cdn.net/content/file/6fdc632f20f64bac905749a9c2b23a86.png,27.0,2,47.0,91.0,"[{""hasPlayed"": true, ""points"": 42}, {""hasPlayed"": true, ""points"": 190}, {""hasPlayed"": true, ""points"": 10}, {""hasPlayed"": true, ""points"": 176}]",3,Tidiam Gomis,-388395.0,-388395.0,-402182.0,-554137.0,-1558053.0,3165720.0
11008,43,Ezechiel,Banzuzi,8594383.0,85.0,4.0,4.0,4.0,20965.0,338.0,0,3,https://kickbase.b-cdn.net/content/file/a9c36464a61049d0b9acd73d6c4e9c96.png,6.0,2,39.0,62.0,"[{""hasPlayed"": true, ""points"": 44}, {""hasPlayed"": true, ""points"": 165}, {""hasPlayed"": true, ""points"": 26}, {""hasPlayed"": true, ""points"": 103}]",3,Ezechiel Banzuzi,-272463.0,-272463.0,-323283.0,-350863.0,-1456979.0,-792214.0
11886,43,,Rômulo,10384288.0,72.0,2.0,2.0,1.0,5412.0,144.0,0,4,https://kickbase.b-cdn.net/content/file/040691ff56a547f291aae153a0681fac.png,40.0,2,13.0,71.0,"[{""hasPlayed"": true, ""points"": 1}, {""hasPlayed"": true, ""points"": 143}, {""hasPlayed"": false, ""points"": null}, {""hasPlayed"": false, ""points"": null}]",3,Rômulo,-129611.0,-129611.0,-17296.0,42408.0,315228.0,-7100012.0
14249,43,Neil,El Aynaoui,12112970.0,85.0,3.0,3.0,3.0,16180.0,254.0,0,3,https://kickbase.b-cdn.net/content/file/380772e2d5eb4e13834c2af58d468869.png,21.0,1,20.0,59.0,"[{""hasPlayed"": true, ""points"": 56}, {""hasPlayed"": true, ""points"": 153}, {""hasPlayed"": true, ""points"": 45}, {""hasPlayed"": false, ""points"": null}]",1,Neil El Aynaoui,236463.0,236463.0,244884.0,243778.0,1536564.0,12112970.0
14896,43,Abdoul,Koné,500000.0,,,,,,,0,2,https://kickbase.b-cdn.net/content/file/4ca128a18c804aa59eeca0345b142d1c.png,2.0,0,,0.0,"[{""hasPlayed"": false, ""points"": null}, {""hasPlayed"": false, ""points"": null}, {""hasPlayed"": false, ""points"": null}, {""hasPlayed"": false, ""points"": null}]",5,Abdoul Koné,0.0,0.0,0.0,0.0,-180030.0,-2490586.0
15376,43,Maxime,Estève,7769988.0,93.0,3.0,3.0,2.0,13006.0,278.0,0,2,https://kickbase.b-cdn.net/content/file/a7416c976f85479b8ca67947eda7ef58.png,3.0,2,35.0,65.0,"[{""hasPlayed"": true, ""points"": 70}, {""hasPlayed"": true, ""points"": 51}, {""hasPlayed"": true, ""points"": 157}, {""hasPlayed"": false, ""points"": null}]",3,Maxime Estève,-332679.0,-332679.0,-313175.0,-275961.0,-1477287.0,-4223909.0
577,15,Daniel,Batz,500000.0,,,,,,,0,1,https://kickbase.b-cdn.net/content/file/61c6f55172674b6eb750e6263b23da0d.png,33.0,0,,0.0,"[{""hasPlayed"": false, ""points"": null}, {""hasPlayed"": false, ""points"": null}, {""hasPlayed"": false, ""points"": null}, {""hasPlayed"": false, ""points"": null}]",5,Daniel Batz,0.0,0.0,0.0,0.0,0.0,-1356402.0
619,15,Kevin,Stöger,3881807.0,-1.0,3.0,3.0,2.0,10285.0,-4.0,0,3,https://kickbase.b-cdn.net/content/file/ec9e6d0723944f8d846da3ac937cd7b3.png,7.0,2,,6.0,"[{""hasPlayed"": true, ""points"": -9}, {""hasPlayed"": true, ""points"": 7}, {""hasPlayed"": false, ""points"": null}, {""hasPlayed"": true, ""points"": -2}]",3,Kevin Stöger,-133092.0,-133092.0,-132017.0,-131262.0,-881634.0,-5328910.0
849,15,Tim,Kleindienst,9630784.0,3.0,3.0,3.0,3.0,13737.0,9.0,2,4,https://kickbase.b-cdn.net/content/file/c5a005a8dbaa4237a4d0cb0304ac67a0.png,11.0,2,0.0,66.0,"[{""hasPlayed"": false, ""points"": null}, {""hasPlayed"": true, ""points"": -64}, {""hasPlayed"": true, ""points"": 94}, {""hasPlayed"": true, ""points"": -21}]",2,Tim Kleindienst,65916.0,65916.0,-2071.0,-103488.0,-1679019.0,-9189125.0
1883,15,Moritz,Nicolas,12464061.0,109.0,4.0,4.0,4.0,23586.0,435.0,0,1,https://kickbase.b-cdn.net/content/file/02e615fb0e3043649fe830816e2860ba.png,1.0,2,34.0,66.0,"[{""hasPlayed"": true, ""points"": 81}, {""hasPlayed"": true, ""points"": 34}, {""hasPlayed"": true, ""points"": 131}, {""hasPlayed"": true, ""points"": 189}]",1,Moritz Nicolas,-301835.0,-301835.0,-339528.0,-362507.0,-2731641.0,-6140250.0
2074,15,Robin,Hack,3981719.0,-4.0,4.0,4.0,2.0,10406.0,-16.0,0,3,https://kickbase.b-cdn.net/content/file/05225d0ae1a74293a432710302565e54.png,25.0,2,,15.0,"[{""hasPlayed"": true, ""points"": -11}, {""hasPlayed"": true, ""points"": 5}, {""hasPlayed"": true, ""points"": -22}, {""hasPlayed"": true, ""points"": 12}]",3,Robin Hack,-130371.0,-130371.0,-130007.0,-130010.0,-892419.0,-6363997.0
2126,15,Nicolas,Kühn,2398636.0,21.0,1.0,1.0,0.0,1576.0,21.0,4,3,https://kickbase.b-cdn.net/content/file/4881796043e3415988bd7340d2f89b43.png,19.0,2,8.0,12.0,"[{""hasPlayed"": false, ""points"": null}, {""hasPlayed"": false, ""points"": null}, {""hasPlayed"": true, ""points"": 21}, {""hasPlayed"": false, ""points"": null}]",4,Nicolas Kühn,-172516.0,-172516.0,-166430.0,-155730.0,-957900.0,1898636.0
2261,15,Florian,Neuhaus,6422423.0,118.0,1.0,1.0,1.0,4204.0,118.0,0,3,https://kickbase.b-cdn.net/content/file/0244f54c08f14d5e98d1ec66bd2bca77.png,10.0,1,18.0,59.0,"[{""hasPlayed"": true, ""points"": 118}, {""hasPlayed"": false, ""points"": null}, {""hasPlayed"": false, ""points"": null}, {""hasPlayed"": false, ""points"": null}]",3,Florian Neuhaus,211255.0,211255.0,220882.0,220294.0,1452954.0,5237732.0
2560,15,Philipp,Sander,9820688.0,40.0,4.0,4.0,4.0,23586.0,161.0,0,3,https://kickbase.b-cdn.net/content/file/fb578835ac86440a8189e44877f9bcc8.png,16.0,1,16.0,49.0,"[{""hasPlayed"": true, ""points"": 54}, {""hasPlayed"": true, ""points"": -8}, {""hasPlayed"": true, ""points"": 103}, {""hasPlayed"": true, ""points"": 12}]",1,Philipp Sander,184165.0,184165.0,235735.0,285237.0,1913713.0,-3277793.0
2850,15,Jan,Olschowsky,500000.0,,,,,,,0,1,https://kickbase.b-cdn.net/content/file/871dd19a11bc47da8b9d1105bec98909.png,23.0,0,,0.0,"[{""hasPlayed"": false, ""points"": null}, {""hasPlayed"": false, ""points"": null}, {""hasPlayed"": false, ""points"": null}, {""hasPlayed"": false, ""points"": null}]",5,Jan Olschowsky,0.0,0.0,0.0,0.0,0.0,0.0
2862,15,Jens,Castrop,3651701.0,,,,,,,4,3,https://kickbase.b-cdn.net/content/file/7c1e6725133e4dc5abd4022a37be73f3.png,17.0,1,,0.0,"[{""hasPlayed"": false, ""points"": null}, {""hasPlayed"": false, ""points"": null}, {""hasPlayed"": false, ""points"": null}, {""hasPlayed"": false, ""points"": null}]",5,Jens Castrop,358510.0,358510.0,317368.0,303879.0,2418095.0,312568.0
2941,15,Joseph,Scally,4578582.0,37.0,4.0,4.0,3.0,16531.0,149.0,0,2,https://kickbase.b-cdn.net/content/file/d6ec0ce09dc940e7ae1e339aba844c03.png,29.0,2,32.0,57.0,"[{""hasPlayed"": true, ""points"": 40}, {""hasPlayed"": true, ""points"": -4}, {""hasPlayed"": true, ""points"": 117}, {""hasPlayed"": true, ""points"": -4}]",3,Joseph Scally,-138524.0,-138524.0,-143999.0,-388723.0,-2347718.0,717891.0
3063,15,Fabio,Chiarodia,657704.0,,,,,,,0,2,https://kickbase.b-cdn.net/content/file/b20e95c99c5c414dba98788ce536d7ad.png,2.0,2,,0.0,"[{""hasPlayed"": false, ""points"": null}, {""hasPlayed"": false, ""points"": null}, {""hasPlayed"": false, ""points"": null}, {""hasPlayed"": false, ""points"": null}]",4,Fabio Chiarodia,-142470.0,-142470.0,-144226.0,-145274.0,-985260.0,-1366697.0
3129,15,Ko,Itakura,6277298.0,36.0,4.0,4.0,4.0,22709.0,143.0,0,2,https://kickbase.b-cdn.net/content/file/4b21780a283045729069fef7f989f200.png,6.0,1,22.0,17.0,"[{""hasPlayed"": true, ""points"": 58}, {""hasPlayed"": true, ""points"": 16}, {""hasPlayed"": true, ""points"": 35}, {""hasPlayed"": true, ""points"": 34}]",2,Ko Itakura,123064.0,123064.0,32995.0,-77745.0,-901979.0,-4753708.0
3516,15,Enzo,Leopold,1761509.0,,,,,,,1,3,https://kickbase.b-cdn.net/content/file/55c63aaaf1484294892e8cc74ad7b53d.png,8.0,2,,0.0,"[{""hasPlayed"": false, ""points"": null}, {""hasPlayed"": false, ""points"": null}, {""hasPlayed"": false, ""points"": null}, {""hasPlayed"": false, ""points"": null}]",5,Enzo Leopold,-182077.0,-182077.0,-182489.0,-172744.0,-1175248.0,-7175086.0
4292,15,David,Herold,1847335.0,7.0,3.0,3.0,1.0,8462.0,21.0,0,2,https://kickbase.b-cdn.net/content/file/78e179f9be5248c887e00608eaee10bc.png,20.0,2,11.0,3.0,"[{""hasPlayed"": false, ""points"": null}, {""hasPlayed"": true, ""points"": 7}, {""hasPlayed"": true, ""points"": 9}, {""hasPlayed"": true, ""points"": 5}]",3,David Herold,-147008.0,-147008.0,-153166.0,-156215.0,-1080240.0,-2865426.0
4333,15,Lukas,Ullrich,6921828.0,74.0,3.0,3.0,3.0,15119.0,223.0,0,2,https://kickbase.b-cdn.net/content/file/27f19d9713034a05b1a7dedcb527f48d.png,26.0,1,32.0,63.0,"[{""hasPlayed"": true, ""points"": 143}, {""hasPlayed"": false, ""points"": null}, {""hasPlayed"": true, ""points"": 63}, {""hasPlayed"": true, ""points"": 17}]",3,Lukas Ullrich,229773.0,229773.0,285566.0,330520.0,2423310.0,-2223954.0
6199,15,Shuto,Machino,5393575.0,40.0,2.0,2.0,0.0,3777.0,80.0,0,4,https://kickbase.b-cdn.net/content/file/cefff6eb5d884a94b7d3b2ffb53b760c.png,18.0,1,14.0,44.0,"[{""hasPlayed"": true, ""points"": 87}, {""hasPlayed"": true, ""points"": -7}, {""hasPlayed"": false, ""points"": null}, {""hasPlayed"": false, ""points"": null}]",4,Shuto Machino,266005.0,266005.0,345158.0,390329.0,2824635.0,1121915.0
6319,15,Franck,Honorat,7701330.0,65.0,4.0,4.0,3.0,15182.0,258.0,0,3,https://kickbase.b-cdn.net/content/file/ba369ac3889a4ce98a51468fb3f7c14b.png,9.0,2,33.0,58.0,"[{""hasPlayed"": true, ""points"": 13}, {""hasPlayed"": true, ""points"": 28}, {""hasPlayed"": true, ""points"": 142}, {""hasPlayed"": true, ""points"": 75}]",3,Franck Honorat,-356518.0,-356518.0,-373941.0,-382457.0,-3444457.0,-979362.0
7774,15,Yukhym,Konoplia,3482344.0,,,,,,,0,2,https://kickbase.b-cdn.net/content/file/37facc3b42e54ca4aa5a24fb0c96cc4d.png,22.0,1,,0.0,"[{""hasPlayed"": false, ""points"": null}, {""hasPlayed"": false, ""points"": null}, {""hasPlayed"": false, ""points"": null}, {""hasPlayed"": false, ""points"": null}]",3,Yukhym Konoplia,304938.0,304938.0,279834.0,269565.0,1772369.0,1750825.0
9540,15,Isac,Lidberg,6779506.0,26.0,4.0,4.0,1.0,10911.0,104.0,0,4,https://kickbase.b-cdn.net/content/file/b759181ffa3546828a627f5efb974b06.png,3.0,1,15.0,72.0,"[{""hasPlayed"": true, ""points"": 134}, {""hasPlayed"": true, ""points"": -17}, {""hasPlayed"": true, ""points"": -5}, {""hasPlayed"": true, ""points"": -8}]",3,Isac Lidberg,227049.0,227049.0,258361.0,292244.0,2194491.0,137142.0
11010,15,Kevin,Diks,9201993.0,24.0,4.0,4.0,4.0,23586.0,96.0,0,2,https://kickbase.b-cdn.net/content/file/2963465030854dafa3b90fbfd15f4a89.png,4.0,1,10.0,22.0,"[{""hasPlayed"": true, ""points"": 4}, {""hasPlayed"": true, ""points"": 10}, {""hasPlayed"": true, ""points"": 53}, {""hasPlayed"": true, ""points"": 29}]",1,Kevin Diks,82736.0,82736.0,19921.0,-50074.0,-664460.0,-8526565.0
11748,15,Wael,Mohya,4162131.0,9.0,4.0,4.0,2.0,11804.0,37.0,2,3,https://kickbase.b-cdn.net/content/file/4fc954ae0ffd4f5ab6d58a98b51cccd9.png,36.0,2,8.0,28.0,"[{""hasPlayed"": true, ""points"": -6}, {""hasPlayed"": true, ""points"": -16}, {""hasPlayed"": true, ""points"": 48}, {""hasPlayed"": true, ""points"": 11}]",3,Wael Mohya,-129157.0,-129157.0,-128536.0,-129555.0,-1110386.0,-6702628.0
13442,15,Hugo,Bolin,7964426.0,89.0,4.0,4.0,4.0,19835.0,356.0,0,3,https://kickbase.b-cdn.net/content/file/7f789e6ac2c84d5b878ec36c44b31dc2.png,38.0,2,44.0,133.0,"[{""hasPlayed"": true, ""points"": 45}, {""hasPlayed"": true, ""points"": -7}, {""hasPlayed"": true, ""points"": 286}, {""hasPlayed"": true, ""points"": 32}]",2,Hugo Bolin,-224308.0,-224308.0,-233940.0,-239517.0,-1736508.0,-2673969.0
15181,15,Jan,Leszczynski,6280778.0,44.0,2.0,2.0,1.0,7371.0,88.0,0,2,https://kickbase.b-cdn.net/content/file/43eddfa24a0f4db3a737bf045f96d849.png,5.0,1,14.0,43.0,"[{""hasPlayed"": true, ""points"": 87}, {""hasPlayed"": false, ""points"": null}, {""hasPlayed"": true, ""points"": 1}, {""hasPlayed"": false, ""points"": null}]",3,Jan Leszczynski,233625.0,233625.0,289387.0,328586.0,2493170.0,-670197.0
15202,15,Zento,Uno,672726.0,,,,,,,0,3,https://kickbase.b-cdn.net/content/file/9c1b0bb28e67413dad79f8a99c4eda88.png,47.0,2,,0.0,"[{""hasPlayed"": false, ""points"": null}, {""hasPlayed"": false, ""points"": null}, {""hasPlayed"": false, ""points"": null}, {""hasPlayed"": false, ""points"": null}]",4,Zento Uno,-136603.0,-136603.0,-145195.0,-152204.0,-1032452.0,-869612.0
15613,15,Daiki,Hashioka,5977026.0,3.0,2.0,2.0,1.0,5936.0,6.0,0,2,https://kickbase.b-cdn.net/content/file/dc4f94ffdb854af9a954313e8b974d4c.png,14.0,1,1.0,11.0,"[{""hasPlayed"": true, ""points"": -11}, {""hasPlayed"": false, ""points"": null}, {""hasPlayed"": false, ""points"": null}, {""hasPlayed"": true, ""points"": 17}]",3,Daiki Hashioka,139437.0,139437.0,220087.0,287058.0,1885914.0,-4696131.0
16564,15,Mathieu,Nguefack,1041330.0,13.0,3.0,3.0,1.0,8384.0,40.0,0,3,https://kickbase.b-cdn.net/content/file/e571de447a2c48c996992e7b729aeb55.png,34.0,2,38.0,25.0,"[{""hasPlayed"": false, ""points"": null}, {""hasPlayed"": true, ""points"": -19}, {""hasPlayed"": true, ""points"": 42}, {""hasPlayed"": true, ""points"": 17}]",4,Mathieu Nguefack,-143877.0,-143877.0,-149063.0,-152488.0,-1087978.0,541330.0
54,3,Emre,Can,1549536.0,,,,,,,1,2,https://kickbase.b-cdn.net/content/file/fe3cc9ba92274b29890b3d2888584906.png,23.0,1,,0.0,"[{""hasPlayed"": false, ""points"": null}, {""hasPlayed"": false, ""points"": null}, {""hasPlayed"": false, ""points"": null}, {""hasPlayed"": false, ""points"": null}]",5,Emre Can,250778.0,250778.0,268291.0,261474.0,1039132.0,537259.0
75,3,Patrick,Drewes,500000.0,,,,,,,0,1,https://kickbase.b-cdn.net/content/file/d4b85a111f624b02a8519a1a07c23e7f.png,30.0,0,,0.0,"[{""hasPlayed"": false, ""points"": null}, {""hasPlayed"": false, ""points"": null}, {""hasPlayed"": false, ""points"": null}, {""hasPlayed"": false, ""points"": null}]",5,Patrick Drewes,0.0,0.0,0.0,0.0,0.0,0.0
1704,3,Waldemar,Anton,34168826.0,177.0,4.0,4.0,4.0,23201.0,709.0,0,2,https://kickbase.b-cdn.net/content/file/5cbbbb34725b43dba3f7f4f6835b98f0.png,3.0,1,20.0,75.0,"[{""hasPlayed"": true, ""points"": 123}, {""hasPlayed"": true, ""points"": 140}, {""hasPlayed"": true, ""points"": 288}, {""hasPlayed"": true, ""points"": 158}]",1,Waldemar Anton,24308.0,24308.0,22845.0,26768.0,194410.0,69618.0
1856,3,Marcel,Sabitzer,5066127.0,42.0,4.0,4.0,0.0,5431.0,168.0,0,3,https://kickbase.b-cdn.net/content/file/579e192bcc2b413185587ba2eb3c082c.png,20.0,2,33.0,38.0,"[{""hasPlayed"": true, ""points"": 17}, {""hasPlayed"": true, ""points"": 98}, {""hasPlayed"": true, ""points"": 16}, {""hasPlayed"": true, ""points"": 37}]",4,Marcel Sabitzer,-353575.0,-353575.0,-355175.0,-357941.0,-2540999.0,-1658435.0
1873,3,Gregor,Kobel,18411262.0,142.0,4.0,4.0,4.0,23201.0,567.0,0,1,https://kickbase.b-cdn.net/content/file/f2d4753d2676442bb38580d0b59a6293.png,1.0,1,30.0,30.0,"[{""hasPlayed"": true, ""points"": 148}, {""hasPlayed"": true, ""points"": 98}, {""hasPlayed"": true, ""points"": 152}, {""hasPlayed"": true, ""points"": 169}]",1,Gregor Kobel,25969.0,25969.0,36457.0,36959.0,83283.0,-3362708.0
1920,3,Serhou,Guirassy,32528495.0,161.0,4.0,4.0,4.0,21482.0,644.0,0,4,https://kickbase.b-cdn.net/content/file/f60de765e2e34fce8747b78399dca305.png,9.0,1,19.0,65.0,"[{""hasPlayed"": true, ""points"": 75}, {""hasPlayed"": true, ""points"": 157}, {""hasPlayed"": true, ""points"": 232}, {""hasPlayed"": true, ""points"": 180}]",1,Serhou Guirassy,56150.0,56150.0,57275.0,55645.0,483811.0,2637035.0
2148,3,Alexander,Meyer,500000.0,,,,,,,0,1,https://kickbase.b-cdn.net/content/file/5502ac110b6c42ddad9d1cdb351cbbcc.png,33.0,0,,0.0,"[{""hasPlayed"": false, ""points"": null}, {""hasPlayed"": false, ""points"": null}, {""hasPlayed"": false, ""points"": null}, {""hasPlayed"": false, ""points"": null}]",5,Alexander Meyer,0.0,0.0,0.0,0.0,0.0,-199592.0
2383,3,Nico,Schlotterbeck,27027711.0,143.0,2.0,2.0,2.0,10440.0,285.0,0,2,https://kickbase.b-cdn.net/content/file/bc913364cbca4d48b0393c36b9f01728.png,4.0,1,10.0,82.0,"[{""hasPlayed"": true, ""points"": 149}, {""hasPlayed"": true, ""points"": 136}, {""hasPlayed"": false, ""points"": null}, {""hasPlayed"": false, ""points"": null}]",1,Nico Schlotterbeck,130112.0,130112.0,132704.0,136603.0,980213.0,3069770.0
2395,3,Julian,Ryerson,17704334.0,82.0,4.0,4.0,4.0,20223.0,329.0,0,2,https://kickbase.b-cdn.net/content/file/2998191f5e674fecb9ddf7762821ebc5.png,26.0,2,18.0,24.0,"[{""hasPlayed"": true, ""points"": 67}, {""hasPlayed"": true, ""points"": 64}, {""hasPlayed"": true, ""points"": 118}, {""hasPlayed"": true, ""points"": 80}]",2,Julian Ryerson,-433048.0,-433048.0,-452547.0,-505126.0,-3497418.0,-8421746.0
2714,3,Maximilian,Beier,19491689.0,118.0,4.0,4.0,3.0,17085.0,473.0,0,4,https://kickbase.b-cdn.net/content/file/d9ef0f909c4c4610aef2af20def367ba.png,14.0,2,24.0,49.0,"[{""hasPlayed"": true, ""points"": 151}, {""hasPlayed"": true, ""points"": 101}, {""hasPlayed"": true, ""points"": 56}, {""hasPlayed"": true, ""points"": 165}]",3,Maximilian Beier,-227557.0,-227557.0,-54837.0,4891.0,-233036.0,-2372286.0
2736,3,Ramy,Bensebaini,8392494.0,43.0,2.0,2.0,0.0,1728.0,85.0,0,2,https://kickbase.b-cdn.net/content/file/f2e48e2f879643559eb9d2cdb6db0d7a.png,5.0,2,10.0,25.0,"[{""hasPlayed"": true, ""points"": 36}, {""hasPlayed"": true, ""points"": 49}, {""hasPlayed"": false, ""points"": null}, {""hasPlayed"": false, ""points"": null}]",4,Ramy Bensebaini,-354593.0,-354593.0,-361599.0,-368543.0,-3304317.0,-11526011.0
3069,3,Felix,Nmecha,26413710.0,154.0,4.0,4.0,3.0,14910.0,616.0,0,3,https://kickbase.b-cdn.net/content/file/f83b3a24df594aaf81be1d58da773656.png,8.0,1,23.0,93.0,"[{""hasPlayed"": true, ""points"": 167}, {""hasPlayed"": true, ""points"": 275}, {""hasPlayed"": true, ""points"": 51}, {""hasPlayed"": true, ""points"": 123}]",2,Felix Nmecha,99428.0,99428.0,86497.0,79485.0,639402.0,-1029290.0
7737,3,Joey,Veerman,16623472.0,80.0,4.0,4.0,2.0,12070.0,319.0,0,3,https://kickbase.b-cdn.net/content/file/529a765a8c184857a82fa881408360cf.png,25.0,1,19.0,32.0,"[{""hasPlayed"": true, ""points"": 107}, {""hasPlayed"": true, ""points"": 101}, {""hasPlayed"": true, ""points"": 75}, {""hasPlayed"": true, ""points"": 36}]",3,Joey Veerman,100796.0,100796.0,130644.0,158369.0,1008432.0,-1920161.0
9440,3,Filippo,Mane,2241169.0,32.0,2.0,2.0,1.0,3152.0,64.0,1,2,https://kickbase.b-cdn.net/content/file/c944b500e3224366ad9e5a494a84ee47.png,39.0,2,28.0,22.0,"[{""hasPlayed"": false, ""points"": null}, {""hasPlayed"": false, ""points"": null}, {""hasPlayed"": true, ""points"": 47}, {""hasPlayed"": true, ""points"": 17}]",5,Filippo Mane,-155111.0,-155111.0,-143358.0,-135965.0,-942615.0,-1690282.0
9698,3,,Fábio Silva,13316037.0,100.0,3.0,3.0,1.0,7244.0,301.0,0,4,https://kickbase.b-cdn.net/content/file/2aaeda6f5123438e95f1958a10ce0058.png,21.0,1,22.0,75.0,"[{""hasPlayed"": true, ""points"": 23}, {""hasPlayed"": true, ""points"": 154}, {""hasPlayed"": true, ""points"": 124}, {""hasPlayed"": false, ""points"": null}]",3,Fábio Silva,169705.0,169705.0,190621.0,200939.0,1438010.0,6669952.0
10114,3,Carney,Chukwuemeka,4005885.0,35.0,1.0,1.0,0.0,1743.0,35.0,0,3,https://kickbase.b-cdn.net/content/file/d823612bd32f4715b90b0c7b626973ac.png,17.0,2,8.0,17.0,"[{""hasPlayed"": false, ""points"": null}, {""hasPlayed"": true, ""points"": 35}, {""hasPlayed"": false, ""points"": null}, {""hasPlayed"": false, ""points"": null}]",5,Carney Chukwuemeka,-143846.0,-143846.0,-143215.0,-146975.0,-1655066.0,825422.0
10115,3,Daniel,Svensson,19999318.0,126.0,4.0,4.0,4.0,23201.0,504.0,0,2,https://kickbase.b-cdn.net/content/file/da063055c5d14c798dd8d7427fb2a48f.png,24.0,2,25.0,37.0,"[{""hasPlayed"": true, ""points"": 76}, {""hasPlayed"": true, ""points"": 142}, {""hasPlayed"": true, ""points"": 123}, {""hasPlayed"": true, ""points"": 163}]",2,Daniel Svensson,-462735.0,-462735.0,-396232.0,-155531.0,-834987.0,3338952.0
11099,3,Jobe,Bellingham,17249251.0,125.0,4.0,4.0,3.0,19440.0,501.0,0,3,https://kickbase.b-cdn.net/content/file/5f42cc7cc7c5447aa341c17ba41ebcbe.png,7.0,2,29.0,36.0,"[{""hasPlayed"": true, ""points"": 97}, {""hasPlayed"": true, ""points"": 158}, {""hasPlayed"": true, ""points"": 90}, {""hasPlayed"": true, ""points"": 156}]",3,Jobe Bellingham,-480254.0,-480254.0,-516981.0,-546812.0,-2791134.0,447957.0
11100,3,Samuele,Inácio,6055997.0,-60.0,1.0,1.0,0.0,155.0,-60.0,0,3,https://kickbase.b-cdn.net/content/file/3990db0656bc411cac06104a42bdb903.png,40.0,1,,30.0,"[{""hasPlayed"": false, ""points"": null}, {""hasPlayed"": false, ""points"": null}, {""hasPlayed"": false, ""points"": null}, {""hasPlayed"": true, ""points"": -60}]",5,Samuele Inácio,-79212.0,-79212.0,61254.0,115980.0,558962.0,-2890390.0
13472,3,Luca,Reggiani,3910314.0,57.0,1.0,1.0,0.0,1999.0,57.0,0,2,https://kickbase.b-cdn.net/content/file/8250a085897d474a87bd2a15e5558528.png,49.0,2,14.0,28.0,"[{""hasPlayed"": false, ""points"": null}, {""hasPlayed"": false, ""points"": null}, {""hasPlayed"": true, ""points"": 57}, {""hasPlayed"": false, ""points"": null}]",5,Luca Reggiani,-144506.0,-144506.0,-145250.0,-151499.0,-1376710.0,513819.0
14662,3,Justin,Lerma,500000.0,,,,,,,1,3,https://kickbase.b-cdn.net/content/file/ec7bf8e163864c2fb47fb324c7a06a82.png,28.0,0,,0.0,"[{""hasPlayed"": false, ""points"": null}, {""hasPlayed"": false, ""points"": null}, {""hasPlayed"": false, ""points"": null}, {""hasPlayed"": false, ""points"": null}]",5,Justin Lerma,0.0,0.0,0.0,0.0,-461801.0,-3826568.0
14899,3,Kauã,Prates,3000109.0,34.0,1.0,1.0,0.0,632.0,34.0,0,2,https://kickbase.b-cdn.net/content/file/3c7f16c226b44240b9d55d65798e5f29.png,36.0,2,11.0,17.0,"[{""hasPlayed"": false, ""points"": null}, {""hasPlayed"": false, ""points"": null}, {""hasPlayed"": false, ""points"": null}, {""hasPlayed"": true, ""points"": 34}]",5,Kauã Prates,-146898.0,-146898.0,-146579.0,-149025.0,-1028348.0,753575.0
15211,3,Joane,Gadou,20279871.0,97.0,4.0,4.0,4.0,21201.0,387.0,0,2,https://kickbase.b-cdn.net/content/file/48c386df17604a3cbfeaffff6bdffae7.png,22.0,2,19.0,30.0,"[{""hasPlayed"": true, ""points"": 80}, {""hasPlayed"": true, ""points"": 111}, {""hasPlayed"": true, ""points"": 64}, {""hasPlayed"": true, ""points"": 132}]",1,Joane Gadou,-323303.0,-323303.0,-358098.0,-324482.0,-1795623.0,-4861842.0
16378,3,Konstantinos,Karetsas,24480689.0,103.0,3.0,3.0,2.0,10422.0,308.0,0,3,https://kickbase.b-cdn.net/content/file/f4e89a3523cb47e09c5be6702baec885.png,19.0,1,12.0,94.0,"[{""hasPlayed"": true, ""points"": 59}, {""hasPlayed"": false, ""points"": null}, {""hasPlayed"": true, ""points"": 35}, {""hasPlayed"": true, ""points"": 214}]",2,Konstantinos Karetsas,152307.0,152307.0,113784.0,76022.0,585643.0,-351408.0
16948,3,Giannis,Konstantelias,4308682.0,181.0,1.0,1.0,1.0,3348.0,181.0,1,3,https://kickbase.b-cdn.net/content/file/222864c862d743758c5cdcbcbd1bba48.png,45.0,2,42.0,90.0,"[{""hasPlayed"": false, ""points"": null}, {""hasPlayed"": false, ""points"": null}, {""hasPlayed"": false, ""points"": null}, {""hasPlayed"": true, ""points"": 181}]",5,Giannis Konstantelias,-149865.0,-149865.0,-164673.0,-448013.0,-2508109.0,-14801975.0
17309,3,Ethan,Nwaneri,14455363.0,91.0,3.0,3.0,2.0,11831.0,272.0,0,3,https://kickbase.b-cdn.net/content/file/80320ca8522a4369b908308269d074ad.png,18.0,2,18.0,46.0,"[{""hasPlayed"": true, ""points"": 63}, {""hasPlayed"": true, ""points"": 144}, {""hasPlayed"": true, ""points"": 65}, {""hasPlayed"": false, ""points"": null}]",3,Ethan Nwaneri,-546879.0,-546879.0,-531921.0,-527147.0,-3559988.0,14455363.0
1863,6,Daniel,Heuer Fernandes,10082255.0,74.0,4.0,4.0,4.0,22837.0,296.0,0,1,https://kickbase.b-cdn.net/content/file/25bb5ce570244f8296d6e817316ad707.png,1.0,1,29.0,50.0,"[{""hasPlayed"": true, ""points"": 133}, {""hasPlayed"": true, ""points"": 20}, {""hasPlayed"": true, ""points"": 46}, {""hasPlayed"": true, ""points"": 97}]",1,Daniel Heuer Fernandes,43032.0,43032.0,59295.0,48455.0,-36369.0,-5127777.0
1865,6,Yussuf,Poulsen,3759454.0,46.0,3.0,3.0,1.0,6450.0,139.0,0,4,https://kickbase.b-cdn.net/content/file/b3e645c3a34347808d97e722fcbe2ced.png,15.0,1,36.0,76.0,"[{""hasPlayed"": true, ""points"": 149}, {""hasPlayed"": true, ""points"": -1}, {""hasPlayed"": false, ""points"": null}, {""hasPlayed"": true, ""points"": -9}]",3,Yussuf Poulsen,442394.0,442394.0,411108.0,383057.0,2811455.0,1326790.0
1889,6,Bakery,Jatta,2855169.0,11.0,3.0,3.0,1.0,6359.0,32.0,0,3,https://kickbase.b-cdn.net/content/file/7b147e15dd4b4df4bddb50f00fa8ce4e.png,18.0,2,11.0,18.0,"[{""hasPlayed"": true, ""points"": 17}, {""hasPlayed"": true, ""points"": -14}, {""hasPlayed"": false, ""points"": null}, {""hasPlayed"": true, ""points"": 29}]",5,Bakery Jatta,-156021.0,-156021.0,-154804.0,-154252.0,-1016968.0,-3975078.0
1978,6,Jordan,Torunarigha,8078504.0,39.0,4.0,4.0,4.0,19222.0,157.0,0,2,https://kickbase.b-cdn.net/content/file/58a51dcb3fef41de90e23a162e7fe44e.png,23.0,1,19.0,53.0,"[{""hasPlayed"": true, ""points"": 112}, {""hasPlayed"": true, ""points"": 47}, {""hasPlayed"": true, ""points"": -4}, {""hasPlayed"": true, ""points"": 2}]",2,Jordan Torunarigha,129279.0,129279.0,181925.0,218277.0,1424386.0,-2730401.0
2725,6,Sebastiaan,Bornauw,5203068.0,38.0,2.0,2.0,2.0,11430.0,75.0,0,2,https://kickbase.b-cdn.net/content/file/06472f6d8eb24eccaeae4898fa81b045.png,33.0,1,14.0,23.0,"[{""hasPlayed"": false, ""points"": null}, {""hasPlayed"": false, ""points"": null}, {""hasPlayed"": true, ""points"": 49}, {""hasPlayed"": true, ""points"": 26}]",2,Sebastiaan Bornauw,210384.0,210384.0,140243.0,78880.0,114657.0,-5840576.0
3277,6,Miro,Muheim,2037544.0,,,,,,,0,2,https://kickbase.b-cdn.net/content/file/6b31cba3484c46c98c5575fe4f79b349.png,28.0,2,,0.0,"[{""hasPlayed"": false, ""points"": null}, {""hasPlayed"": false, ""points"": null}, {""hasPlayed"": false, ""points"": null}, {""hasPlayed"": false, ""points"": null}]",5,Miro Muheim,-150549.0,-150549.0,-151259.0,-144568.0,-934817.0,-4655043.0
6201,6,Nicolai,Remberg,9630897.0,41.0,4.0,4.0,4.0,22837.0,163.0,0,3,https://kickbase.b-cdn.net/content/file/8838a772b69f4284a8f34b1d63f406d8.png,21.0,1,16.0,32.0,"[{""hasPlayed"": true, ""points"": 71}, {""hasPlayed"": true, ""points"": 50}, {""hasPlayed"": true, ""points"": -5}, {""hasPlayed"": true, ""points"": 47}]",1,Nicolai Remberg,156002.0,156002.0,212323.0,263190.0,1784455.0,-2893334.0
7350,6,Otto,Stange,1489419.0,-12.0,3.0,3.0,0.0,4306.0,-37.0,0,4,https://kickbase.b-cdn.net/content/file/d876e417d53e4983b76765c28cb2825d.png,19.0,2,,7.0,"[{""hasPlayed"": false, ""points"": null}, {""hasPlayed"": true, ""points"": -15}, {""hasPlayed"": true, ""points"": -16}, {""hasPlayed"": true, ""points"": -6}]",5,Otto Stange,-144429.0,-144429.0,-149998.0,-157929.0,-1065234.0,-4550628.0
7394,6,Kofi,Amoako,3350968.0,,,,,,,0,3,https://kickbase.b-cdn.net/content/file/6faaaadc0c43454aa7802b77b1455f2e.png,22.0,1,,0.0,"[{""hasPlayed"": false, ""points"": null}, {""hasPlayed"": false, ""points"": null}, {""hasPlayed"": false, ""points"": null}, {""hasPlayed"": false, ""points"": null}]",5,Kofi Amoako,321294.0,321294.0,295374.0,309419.0,2260121.0,875566.0
8367,6,Albert,Sambi Lokonga,8485588.0,35.0,3.0,3.0,3.0,16030.0,106.0,0,3,https://kickbase.b-cdn.net/content/file/c9c716c7e03d47078ca74b707b1577a9.png,6.0,1,12.0,32.0,"[{""hasPlayed"": true, ""points"": 64}, {""hasPlayed"": true, ""points"": -2}, {""hasPlayed"": false, ""points"": null}, {""hasPlayed"": true, ""points"": 44}]",1,Albert Sambi Lokonga,183918.0,183918.0,213184.0,242945.0,1549916.0,-2415137.0
9605,6,Albert,Grønbæk,8438329.0,56.0,4.0,4.0,4.0,21241.0,223.0,1,3,https://kickbase.b-cdn.net/content/file/02b24cefd3da410ca1d4639a2fb7ccac.png,11.0,1,26.0,78.0,"[{""hasPlayed"": true, ""points"": 170}, {""hasPlayed"": true, ""points"": 32}, {""hasPlayed"": true, ""points"": -9}, {""hasPlayed"": true, ""points"": 30}]",5,Albert Grønbæk,-65733.0,-65733.0,180371.0,194515.0,729256.0,-3714078.0
10120,6,Alexander,Røssing-Lelesiit,500000.0,,,,,,,0,4,https://kickbase.b-cdn.net/content/file/1e0140e6053349279a689f6bac4fdc91.png,38.0,0,,0.0,"[{""hasPlayed"": false, ""points"": null}, {""hasPlayed"": false, ""points"": null}, {""hasPlayed"": false, ""points"": null}, {""hasPlayed"": false, ""points"": null}]",5,Alexander Røssing-Lelesiit,0.0,0.0,0.0,0.0,-398457.0,-451250.0
11512,6,Nicolás,Capaldo,7593646.0,65.0,4.0,4.0,4.0,22837.0,258.0,0,2,https://kickbase.b-cdn.net/content/file/bb8ff3d0932d47bd9d7fa4a4f38068ef.png,24.0,1,33.0,97.0,"[{""hasPlayed"": true, ""points"": 206}, {""hasPlayed"": true, ""points"": 1}, {""hasPlayed"": true, ""points"": -2}, {""hasPlayed"": true, ""points"": 53}]",1,Nicolás Capaldo,193559.0,193559.0,188124.0,171624.0,984146.0,-1712413.0
11752,6,Warmed,Omari,4386297.0,14.0,2.0,2.0,1.0,6959.0,27.0,0,2,https://kickbase.b-cdn.net/content/file/6565bd5f9c14426aad721f006cf6f971.png,17.0,1,6.0,59.0,"[{""hasPlayed"": true, ""points"": 86}, {""hasPlayed"": true, ""points"": -59}, {""hasPlayed"": false, ""points"": null}, {""hasPlayed"": false, ""points"": null}]",4,Warmed Omari,366837.0,366837.0,386848.0,365802.0,2567612.0,1186209.0
11949,6,Shafiq,Nandja,500000.0,-17.0,2.0,2.0,1.0,7361.0,-34.0,0,2,https://kickbase.b-cdn.net/content/file/74d769a877844fa1bf2f65f53f4fb91f.png,43.0,2,,16.0,"[{""hasPlayed"": false, ""points"": null}, {""hasPlayed"": true, ""points"": -33}, {""hasPlayed"": true, ""points"": -1}, {""hasPlayed"": false, ""points"": null}]",5,Shafiq Nandja,0.0,0.0,0.0,-86417.0,-687913.0,-1461392.0
11967,6,Fábio,Vieira,13546740.0,33.0,3.0,3.0,1.0,9876.0,100.0,0,3,https://kickbase.b-cdn.net/content/file/c93ccb5240654ea0832be06471767031.png,20.0,1,7.0,63.0,"[{""hasPlayed"": true, ""points"": 106}, {""hasPlayed"": true, ""points"": -9}, {""hasPlayed"": true, ""points"": 3}, {""hasPlayed"": false, ""points"": null}]",1,Fábio Vieira,79174.0,79174.0,54982.0,19246.0,-680068.0,-5040195.0
12368,6,Sander,Tangvik,500000.0,,,,,,,0,1,https://kickbase.b-cdn.net/content/file/3d7ab89b5e874e77bbb6b1fb6724745f.png,12.0,0,,0.0,"[{""hasPlayed"": false, ""points"": null}, {""hasPlayed"": false, ""points"": null}, {""hasPlayed"": false, ""points"": null}, {""hasPlayed"": false, ""points"": null}]",5,Sander Tangvik,0.0,0.0,0.0,0.0,0.0,-2209449.0
13433,6,Louis,Lemke,2579322.0,0.0,3.0,3.0,1.0,6998.0,1.0,0,2,https://kickbase.b-cdn.net/content/file/46eac50def834b9983f1475d94d28249.png,37.0,2,0.0,11.0,"[{""hasPlayed"": true, ""points"": 14}, {""hasPlayed"": false, ""points"": null}, {""hasPlayed"": true, ""points"": -15}, {""hasPlayed"": true, ""points"": 2}]",5,Louis Lemke,-157936.0,-157936.0,-156810.0,-155213.0,-1009601.0,-3369323.0
14256,6,Zakaria,El Ouahdi,4870014.0,20.0,3.0,3.0,3.0,15732.0,60.0,0,2,https://kickbase.b-cdn.net/content/file/aaa59ffd4dbb4a3ca8cbdc97f7a6f5d3.png,0.0,2,12.0,47.0,"[{""hasPlayed"": true, ""points"": 70}, {""hasPlayed"": true, ""points"": 14}, {""hasPlayed"": true, ""points"": -24}, {""hasPlayed"": false, ""points"": null}]",1,Zakaria El Ouahdi,-219719.0,-219719.0,-205887.0,-213337.0,-1630069.0,4870014.0
14425,6,David,Møller Wolfe,4919951.0,32.0,3.0,3.0,3.0,15495.0,96.0,0,2,https://kickbase.b-cdn.net/content/file/ebc8dfc4fe9a44deb9eb939667d97619.png,3.0,1,19.0,28.0,"[{""hasPlayed"": true, ""points"": 65}, {""hasPlayed"": true, ""points"": 11}, {""hasPlayed"": true, ""points"": 20}, {""hasPlayed"": false, ""points"": null}]",1,David Møller Wolfe,52694.0,52694.0,11743.0,-38766.0,-681273.0,4919951.0
15283,6,Martin,Adeline,2188019.0,1.0,3.0,3.0,2.0,7176.0,2.0,0,3,https://kickbase.b-cdn.net/content/file/a88b98f2845e4a508b7e59e2bce5ff27.png,5.0,2,0.0,9.0,"[{""hasPlayed"": true, ""points"": 11}, {""hasPlayed"": false, ""points"": null}, {""hasPlayed"": true, ""points"": -12}, {""hasPlayed"": true, ""points"": 3}]",3,Martin Adeline,-153758.0,-153758.0,-149921.0,-150399.0,-1016587.0,-3153223.0
15472,6,Patson,Daka,4185479.0,21.0,4.0,4.0,2.0,13128.0,84.0,0,4,https://kickbase.b-cdn.net/content/file/218db4a2d0cb4f89be008597b2e2d9a7.png,27.0,2,20.0,23.0,"[{""hasPlayed"": true, ""points"": 45}, {""hasPlayed"": true, ""points"": 34}, {""hasPlayed"": true, ""points"": -7}, {""hasPlayed"": true, ""points"": 12}]",3,Patson Daka,-132269.0,-132269.0,-135440.0,-129850.0,-1336846.0,-7771569.0
15478,6,Bilal,Nadir,3101060.0,-4.0,2.0,2.0,1.0,3526.0,-7.0,0,3,https://kickbase.b-cdn.net/content/file/d153e6d5703a4637bf8ee1c23c857608.png,4.0,1,,6.0,"[{""hasPlayed"": false, ""points"": null}, {""hasPlayed"": false, ""points"": null}, {""hasPlayed"": true, ""points"": 4}, {""hasPlayed"": true, ""points"": -11}]",5,Bilal Nadir,262116.0,262116.0,289257.0,305781.0,2235759.0,184324.0
17203,6,Terem,Moffi,5649189.0,3.0,4.0,4.0,2.0,11301.0,11.0,2,4,https://kickbase.b-cdn.net/content/file/84e882059fcb4accba56e1b212d31e8f.png,9.0,1,1.0,17.0,"[{""hasPlayed"": true, ""points"": 23}, {""hasPlayed"": true, ""points"": 5}, {""hasPlayed"": true, ""points"": -19}, {""hasPlayed"": true, ""points"": 2}]",3,Terem Moffi,-206824.0,-206824.0,81190.0,203860.0,1549193.0,398465.0
49,5,Matthias,Ginter,27458914.0,187.0,4.0,4.0,4.0,22727.0,746.0,0,2,https://kickbase.b-cdn.net/content/file/a8c1cfae192947a6b91e1c32238cf2d6.png,28.0,1,27.0,104.0,"[{""hasPlayed"": true, ""points"": 78}, {""hasPlayed"": true, ""points"": 326}, {""hasPlayed"": true, ""points"": 148}, {""hasPlayed"": true, ""points"": 194}]",1,Matthias Ginter,6618.0,6618.0,15185.0,23217.0,232110.0,686685.0
89,5,Christian,Günter,1535499.0,,,,,,,0,2,https://kickbase.b-cdn.net/content/file/6cf382255517427e83824869e5a182d9.png,30.0,2,,0.0,"[{""hasPlayed"": false, ""points"": null}, {""hasPlayed"": false, ""points"": null}, {""hasPlayed"": false, ""points"": null}, {""hasPlayed"": false, ""points"": null}]",4,Christian Günter,-144492.0,-144492.0,-148731.0,-156052.0,-1047520.0,-4704849.0
118,5,Vincenzo,Grifo,8462851.0,59.0,3.0,3.0,0.0,4115.0,178.0,0,3,https://kickbase.b-cdn.net/content/file/eabed4e9dee0416bbcc8ff5864f44ea5.png,32.0,1,21.0,42.0,"[{""hasPlayed"": true, ""points"": 38}, {""hasPlayed"": true, ""points"": 102}, {""hasPlayed"": true, ""points"": 38}, {""hasPlayed"": false, ""points"": null}]",4,Vincenzo Grifo,89828.0,89828.0,188153.0,253200.0,1742289.0,-4423246.0
1257,5,Lukas,Kübler,3985032.0,45.0,4.0,4.0,1.0,7465.0,180.0,0,2,https://kickbase.b-cdn.net/content/file/a2d24146b6354e6f9b967bb58061f2ac.png,17.0,2,45.0,38.0,"[{""hasPlayed"": true, ""points"": 22}, {""hasPlayed"": true, ""points"": 22}, {""hasPlayed"": true, ""points"": 34}, {""hasPlayed"": true, ""points"": 102}]",4,Lukas Kübler,-128083.0,-128083.0,-125753.0,-125053.0,-858991.0,-63650.0
1645,5,Maximilian,Eggestein,20085635.0,160.0,4.0,4.0,4.0,22727.0,641.0,0,3,https://kickbase.b-cdn.net/content/file/7b762754c912496287f84b3c38b24a82.png,8.0,1,31.0,85.0,"[{""hasPlayed"": true, ""points"": 60}, {""hasPlayed"": true, ""points"": 232}, {""hasPlayed"": true, ""points"": 230}, {""hasPlayed"": true, ""points"": 119}]",1,Maximilian Eggestein,9295.0,9295.0,51691.0,88302.0,734524.0,3833823.0
1767,5,Jannik,Huth,500000.0,,,,,,,0,1,https://kickbase.b-cdn.net/content/file/32936879ffa043938bf688dd5dbca746.png,24.0,0,,0.0,"[{""hasPlayed"": false, ""points"": null}, {""hasPlayed"": false, ""points"": null}, {""hasPlayed"": false, ""points"": null}, {""hasPlayed"": false, ""points"": null}]",5,Jannik Huth,0.0,0.0,0.0,0.0,0.0,0.0
1858,5,Anthony,Jung,500000.0,,,,,,,0,2,https://kickbase.b-cdn.net/content/file/5de873b60e7a46eb83255e4a5297a974.png,5.0,0,,0.0,"[{""hasPlayed"": false, ""points"": null}, {""hasPlayed"": false, ""points"": null}, {""hasPlayed"": false, ""points"": null}, {""hasPlayed"": false, ""points"": null}]",5,Anthony Jung,0.0,0.0,0.0,0.0,-260229.0,-449769.0
1910,5,Florian,Müller,500000.0,,,,,,,0,1,https://kickbase.b-cdn.net/content/file/812a2cedbff7444099345ed29acae1a0.png,21.0,0,,0.0,"[{""hasPlayed"": false, ""points"": null}, {""hasPlayed"": false, ""points"": null}, {""hasPlayed"": false, ""points"": null}, {""hasPlayed"": false, ""points"": null}]",5,Florian Müller,0.0,0.0,0.0,0.0,0.0,0.0
2084,5,Philipp,Lienhart,16615508.0,127.0,4.0,4.0,4.0,21235.0,508.0,0,2,https://kickbase.b-cdn.net/content/file/748f11f6c0294a41850137ab1c162436.png,3.0,1,30.0,39.0,"[{""hasPlayed"": true, ""points"": 104}, {""hasPlayed"": true, ""points"": 183}, {""hasPlayed"": true, ""points"": 94}, {""hasPlayed"": true, ""points"": 127}]",2,Philipp Lienhart,63406.0,63406.0,99477.0,135820.0,1135352.0,2978388.0
2125,5,Jan-Niklas,Beste,15325309.0,108.0,4.0,4.0,4.0,16570.0,432.0,0,3,https://kickbase.b-cdn.net/content/file/50008e312d584e419fc78f1d54151bc3.png,19.0,2,28.0,21.0,"[{""hasPlayed"": true, ""points"": 93}, {""hasPlayed"": true, ""points"": 125}, {""hasPlayed"": true, ""points"": 86}, {""hasPlayed"": true, ""points"": 128}]",1,Jan-Niklas Beste,-234966.0,-234966.0,-59675.0,29476.0,220435.0,2934196.0
2176,5,Lucas,Höler,2427152.0,19.0,3.0,3.0,0.0,2726.0,56.0,0,4,https://kickbase.b-cdn.net/content/file/fd6c0b5e138c4a7382c1f0eade49e3f9.png,9.0,2,23.0,24.0,"[{""hasPlayed"": true, ""points"": -14}, {""hasPlayed"": true, ""points"": 33}, {""hasPlayed"": false, ""points"": null}, {""hasPlayed"": true, ""points"": 37}]",5,Lucas Höler,-139668.0,-139668.0,-136802.0,-137461.0,-949926.0,-2414672.0
2722,5,Patrick,Osterhage,500000.0,,,,,,,0,3,https://kickbase.b-cdn.net/content/file/60fae74949d64f7dbfc181f788ffc48c.png,6.0,2,,0.0,"[{""hasPlayed"": false, ""points"": null}, {""hasPlayed"": false, ""points"": null}, {""hasPlayed"": false, ""points"": null}, {""hasPlayed"": false, ""points"": null}]",5,Patrick Osterhage,0.0,0.0,-30072.0,-111897.0,-492240.0,-3198251.0
3209,5,Yannik,Engelhardt,12953326.0,149.0,4.0,4.0,4.0,21946.0,595.0,0,3,https://kickbase.b-cdn.net/content/file/026c80a428ef428ba28a09167853739e.png,16.0,1,45.0,165.0,"[{""hasPlayed"": true, ""points"": 73}, {""hasPlayed"": true, ""points"": 397}, {""hasPlayed"": true, ""points"": 54}, {""hasPlayed"": true, ""points"": 71}]",1,Yannik Engelhardt,153424.0,153424.0,144052.0,156474.0,1243024.0,1958911.0
3218,5,Mio,Backhaus,13554585.0,95.0,4.0,4.0,4.0,22727.0,380.0,0,1,https://kickbase.b-cdn.net/content/file/5b9a29bca41244bb8c7e691643d00e7d.png,1.0,2,28.0,56.0,"[{""hasPlayed"": true, ""points"": 26}, {""hasPlayed"": true, ""points"": 144}, {""hasPlayed"": true, ""points"": 139}, {""hasPlayed"": true, ""points"": 71}]",1,Mio Backhaus,-566128.0,-566128.0,-559135.0,-484202.0,-2064249.0,-3850094.0
3304,5,Igor,Matanović,25205845.0,201.0,4.0,4.0,4.0,20001.0,805.0,0,4,https://kickbase.b-cdn.net/content/file/6bb42fe3c2da4e1e9f8ad8dc25f1cc85.png,31.0,1,31.0,111.0,"[{""hasPlayed"": true, ""points"": 46}, {""hasPlayed"": true, ""points"": 272}, {""hasPlayed"": true, ""points"": 196}, {""hasPlayed"": true, ""points"": 291}]",1,Igor Matanović,60184.0,60184.0,73084.0,154261.0,1068159.0,5524661.0
4335,5,Derry,Scherhant,14270826.0,158.0,4.0,4.0,4.0,18612.0,632.0,0,3,https://kickbase.b-cdn.net/content/file/bef26d4942154c3483dbb80207a36d4d.png,7.0,1,44.0,54.0,"[{""hasPlayed"": true, ""points"": 238}, {""hasPlayed"": true, ""points"": 128}, {""hasPlayed"": true, ""points"": 122}, {""hasPlayed"": true, ""points"": 144}]",2,Derry Scherhant,144381.0,144381.0,169527.0,191686.0,1471077.0,6964887.0
6209,5,Philipp,Treu,12742595.0,76.0,4.0,4.0,3.0,17815.0,303.0,0,2,https://kickbase.b-cdn.net/content/file/76b764f7f4a448e39454f846207e2071.png,29.0,1,23.0,55.0,"[{""hasPlayed"": true, ""points"": 28}, {""hasPlayed"": true, ""points"": 103}, {""hasPlayed"": true, ""points"": 141}, {""hasPlayed"": true, ""points"": 31}]",2,Philipp Treu,92104.0,92104.0,118043.0,153051.0,1232229.0,527260.0
7215,5,Jordy,Makengo,12582081.0,151.0,4.0,4.0,4.0,22727.0,603.0,0,2,https://kickbase.b-cdn.net/content/file/fd0567aa1f2a49ac97f7b4bdc6aa87a7.png,33.0,1,47.0,84.0,"[{""hasPlayed"": true, ""points"": 117}, {""hasPlayed"": true, ""points"": 276}, {""hasPlayed"": true, ""points"": 120}, {""hasPlayed"": true, ""points"": 90}]",2,Jordy Makengo,140204.0,140204.0,152547.0,160206.0,1183235.0,6814562.0
7216,5,Max,Rosenfelder,3207300.0,37.0,1.0,1.0,0.0,1491.0,37.0,0,2,https://kickbase.b-cdn.net/content/file/e433049f58c743a5959513619885f55b.png,37.0,2,11.0,18.0,"[{""hasPlayed"": false, ""points"": null}, {""hasPlayed"": false, ""points"": null}, {""hasPlayed"": false, ""points"": null}, {""hasPlayed"": true, ""points"": 37}]",4,Max Rosenfelder,-131027.0,-131027.0,-125665.0,-127732.0,-925967.0,492749.0
8363,5,Berkay,Yilmaz,1162171.0,24.0,1.0,1.0,0.0,780.0,24.0,0,2,https://kickbase.b-cdn.net/content/file/1fc23d1e07db4a7da80071b9456c1dfc.png,27.0,2,20.0,12.0,"[{""hasPlayed"": false, ""points"": null}, {""hasPlayed"": false, ""points"": null}, {""hasPlayed"": true, ""points"": 24}, {""hasPlayed"": false, ""points"": null}]",5,Berkay Yilmaz,-145276.0,-145276.0,-143962.0,-142618.0,-1006282.0,-4167744.0
8364,5,Bruno,Ogbus,2175078.0,,,,,,,0,2,https://kickbase.b-cdn.net/content/file/e64737da07c343e9a8027194fa943078.png,43.0,2,,0.0,"[{""hasPlayed"": false, ""points"": null}, {""hasPlayed"": false, ""points"": null}, {""hasPlayed"": false, ""points"": null}, {""hasPlayed"": false, ""points"": null}]",5,Bruno Ogbus,-153811.0,-153811.0,-151354.0,-151681.0,-1058053.0,751183.0
11006,5,Yuito,Suzuki,19781563.0,186.0,4.0,4.0,4.0,19604.0,745.0,0,3,https://kickbase.b-cdn.net/content/file/b6f12e7f20704297b8205da224ce56f1.png,14.0,1,37.0,146.0,"[{""hasPlayed"": true, ""points"": 179}, {""hasPlayed"": true, ""points"": 96}, {""hasPlayed"": true, ""points"": 75}, {""hasPlayed"": true, ""points"": 395}]",1,Yuito Suzuki,133471.0,133471.0,175866.0,207762.0,1546878.0,5435062.0
11007,5,Cyriaque,Irié,2989086.0,45.0,2.0,2.0,0.0,3674.0,90.0,0,3,https://kickbase.b-cdn.net/content/file/495fd2fe440e4673a4c36e223f53eb4e.png,22.0,2,30.0,28.0,"[{""hasPlayed"": false, ""points"": null}, {""hasPlayed"": true, ""points"": 30}, {""hasPlayed"": false, ""points"": null}, {""hasPlayed"": true, ""points"": 60}]",5,Cyriaque Irié,-140650.0,-140650.0,-143761.0,-143838.0,-1009832.0,-88752.0
14048,5,Keisuke,Goto,1327060.0,20.0,4.0,4.0,0.0,3119.0,81.0,0,4,https://kickbase.b-cdn.net/content/file/51c1a52f7444432aab2f7b125fe5ac33.png,42.0,2,61.0,19.0,"[{""hasPlayed"": true, ""points"": 3}, {""hasPlayed"": true, ""points"": 48}, {""hasPlayed"": true, ""points"": 19}, {""hasPlayed"": true, ""points"": 11}]",5,Keisuke Goto,-121220.0,-121220.0,-125832.0,-135336.0,-936845.0,-2961043.0
15196,5,Rihito,Yamamoto,500000.0,,,,,,,0,3,https://kickbase.b-cdn.net/content/file/500d566763b246d9b74d65bf2cf33241.png,20.0,2,,0.0,"[{""hasPlayed"": false, ""points"": null}, {""hasPlayed"": false, ""points"": null}, {""hasPlayed"": false, ""points"": null}, {""hasPlayed"": false, ""points"": null}]",5,Rihito Yamamoto,-93349.0,-93349.0,-135273.0,-144437.0,-943008.0,-3890904.0
43,10,Mitchell,Weiser,7949770.0,71.0,2.0,2.0,0.0,2512.0,141.0,0,2,https://kickbase.b-cdn.net/content/file/d4075d101f5c49f88113a719ed8f34e5.png,8.0,1,17.0,62.0,"[{""hasPlayed"": true, ""points"": 128}, {""hasPlayed"": true, ""points"": 13}, {""hasPlayed"": false, ""points"": null}, {""hasPlayed"": false, ""points"": null}]",5,Mitchell Weiser,275361.0,275361.0,286569.0,297790.0,2117005.0,3968912.0
157,10,Niklas,Stark,2214859.0,,,,,,,0,2,https://kickbase.b-cdn.net/content/file/47d350de3ba7487dad6fff58c11b5910.png,4.0,2,,0.0,"[{""hasPlayed"": false, ""points"": null}, {""hasPlayed"": false, ""points"": null}, {""hasPlayed"": false, ""points"": null}, {""hasPlayed"": false, ""points"": null}]",5,Niklas Stark,-153612.0,-153612.0,-150510.0,-150489.0,-1038880.0,671491.0
608,10,Niclas,Füllkrug,15605092.0,108.0,4.0,4.0,4.0,19258.0,430.0,0,4,https://kickbase.b-cdn.net/content/file/b83a0c4ef29b40d99020bb11e9e1bc7f.png,10.0,1,27.0,104.0,"[{""hasPlayed"": true, ""points"": 187}, {""hasPlayed"": true, ""points"": 152}, {""hasPlayed"": true, ""points"": 137}, {""hasPlayed"": true, ""points"": -46}]",1,Niclas Füllkrug,194479.0,194479.0,215016.0,236462.0,1546056.0,3486184.0
1996,10,Marco,Friedl,12107164.0,111.0,4.0,4.0,4.0,23353.0,445.0,0,2,https://kickbase.b-cdn.net/content/file/7ab07056637e493d80590700542ee887.png,32.0,1,36.0,47.0,"[{""hasPlayed"": true, ""points"": 178}, {""hasPlayed"": true, ""points"": 109}, {""hasPlayed"": true, ""points"": 88}, {""hasPlayed"": true, ""points"": 70}]",1,Marco Friedl,112408.0,112408.0,154928.0,190023.0,1351719.0,-1712773.0
2294,10,Amos,Pieper,13853953.0,118.0,4.0,4.0,4.0,22281.0,470.0,0,2,https://kickbase.b-cdn.net/content/file/32262c6e17164fd1a62ee34e358e2540.png,5.0,1,33.0,33.0,"[{""hasPlayed"": true, ""points"": 105}, {""hasPlayed"": true, ""points"": 168}, {""hasPlayed"": true, ""points"": 102}, {""hasPlayed"": true, ""points"": 95}]",1,Amos Pieper,56341.0,56341.0,91192.0,112999.0,948904.0,2327108.0
2842,10,Felix,Agu,2553303.0,,,,,,,0,2,https://kickbase.b-cdn.net/content/file/d3aec548a0d84afcb6a8f6c90cc09e72.png,27.0,1,,0.0,"[{""hasPlayed"": false, ""points"": null}, {""hasPlayed"": false, ""points"": null}, {""hasPlayed"": false, ""points"": null}, {""hasPlayed"": false, ""points"": null}]",5,Felix Agu,302359.0,302359.0,303164.0,297784.0,1803446.0,-569889.0
2939,10,Eren Sami,Dinkçi,10005993.0,51.0,4.0,4.0,3.0,13972.0,202.0,2,3,https://kickbase.b-cdn.net/content/file/174ad85385c44b14afdb5c2c71ce799f.png,18.0,2,20.0,56.0,"[{""hasPlayed"": true, ""points"": 63}, {""hasPlayed"": true, ""points"": 28}, {""hasPlayed"": true, ""points"": 122}, {""hasPlayed"": true, ""points"": -11}]",1,Eren Sami Dinkçi,-371068.0,-371068.0,20317.0,152743.0,1106126.0,3917437.0
3139,10,Cédric,Itten,1651293.0,15.0,3.0,3.0,0.0,4131.0,46.0,0,4,https://kickbase.b-cdn.net/content/file/c4cfdfdc99a949ea8f5f97c7c316efd8.png,26.0,2,27.0,8.0,"[{""hasPlayed"": false, ""points"": null}, {""hasPlayed"": true, ""points"": 11}, {""hasPlayed"": true, ""points"": 21}, {""hasPlayed"": true, ""points"": 14}]",5,Cédric Itten,-142360.0,-142360.0,-150283.0,-158751.0,-1039378.0,-4138563.0
3166,10,Keke,Topp,500000.0,,,,,,,4,4,https://kickbase.b-cdn.net/content/file/3b2c4046987d46a6a2afe1a90455d7ea.png,9.0,0,,0.0,"[{""hasPlayed"": false, ""points"": null}, {""hasPlayed"": false, ""points"": null}, {""hasPlayed"": false, ""points"": null}, {""hasPlayed"": false, ""points"": null}]",5,Keke Topp,0.0,0.0,0.0,0.0,0.0,-575131.0
3228,10,Justin,Njinmah,1893172.0,2.0,1.0,1.0,1.0,3750.0,2.0,1,4,https://kickbase.b-cdn.net/content/file/aecaedfbbfac4fc189856b5b5d560b2d.png,11.0,2,1.0,1.0,"[{""hasPlayed"": false, ""points"": null}, {""hasPlayed"": false, ""points"": null}, {""hasPlayed"": false, ""points"": null}, {""hasPlayed"": true, ""points"": 2}]",5,Justin Njinmah,-171150.0,-171150.0,-171840.0,-168266.0,-1125524.0,-4154205.0
3281,10,Ludovit,Reis,6268052.0,66.0,4.0,4.0,4.0,20245.0,264.0,0,3,https://kickbase.b-cdn.net/content/file/4b8927aad68d467b96d281d272a77f35.png,15.0,2,42.0,28.0,"[{""hasPlayed"": true, ""points"": 78}, {""hasPlayed"": true, ""points"": 60}, {""hasPlayed"": true, ""points"": 97}, {""hasPlayed"": true, ""points"": 29}]",3,Ludovit Reis,-324773.0,-324773.0,-334944.0,-342684.0,-2035399.0,-668471.0
3450,10,Markus,Kolke,500000.0,,,,,,,0,1,https://kickbase.b-cdn.net/content/file/8e62a66ca620435fa877b6e0ed662c0b.png,25.0,0,,0.0,"[{""hasPlayed"": false, ""points"": null}, {""hasPlayed"": false, ""points"": null}, {""hasPlayed"": false, ""points"": null}, {""hasPlayed"": false, ""points"": null}]",5,Markus Kolke,0.0,0.0,0.0,0.0,0.0,0.0
3481,10,Jens,Stage,4733798.0,,,,,,,1,3,https://kickbase.b-cdn.net/content/file/1660e6fa98fe418d8a4abdb17bda1d62.png,6.0,2,,0.0,"[{""hasPlayed"": false, ""points"": null}, {""hasPlayed"": false, ""points"": null}, {""hasPlayed"": false, ""points"": null}, {""hasPlayed"": false, ""points"": null}]",5,Jens Stage,-160455.0,-160455.0,-428278.0,-438442.0,-2682267.0,-15453150.0
6174,10,,Arthur,6774465.0,73.0,3.0,3.0,3.0,14891.0,220.0,0,2,https://kickbase.b-cdn.net/content/file/1a97160785984f9ba1247c828bca87a5.png,13.0,2,32.0,47.0,"[{""hasPlayed"": true, ""points"": 117}, {""hasPlayed"": true, ""points"": 54}, {""hasPlayed"": true, ""points"": 49}, {""hasPlayed"": false, ""points"": null}]",1,Arthur,-339229.0,-339229.0,-396694.0,-458608.0,-2000922.0,3710899.0
7167,10,Senne,Lynen,4879248.0,0.0,1.0,1.0,1.0,2812.0,0.0,2,3,https://kickbase.b-cdn.net/content/file/155288638ca9459bbebfab0684e818ef.png,14.0,1,,0.0,"[{""hasPlayed"": false, ""points"": null}, {""hasPlayed"": false, ""points"": null}, {""hasPlayed"": false, ""points"": null}, {""hasPlayed"": true, ""points"": 0}]",3,Senne Lynen,147190.0,147190.0,169719.0,162518.0,608438.0,-5331723.0
7282,10,Olivier,Deman,11854603.0,101.0,4.0,4.0,4.0,23391.0,403.0,0,2,https://kickbase.b-cdn.net/content/file/581d084f390f47a38c3d2d35085fb1e4.png,2.0,1,33.0,57.0,"[{""hasPlayed"": true, ""points"": 101}, {""hasPlayed"": true, ""points"": 117}, {""hasPlayed"": true, ""points"": 162}, {""hasPlayed"": true, ""points"": 23}]",1,Olivier Deman,15506.0,15506.0,88215.0,138251.0,971096.0,1655335.0
7721,10,Marco,Grüll,12568344.0,185.0,4.0,4.0,4.0,22841.0,739.0,0,3,https://kickbase.b-cdn.net/content/file/73071b81354346399a14dd6431d4e823.png,17.0,1,58.0,111.0,"[{""hasPlayed"": true, ""points"": 266}, {""hasPlayed"": true, ""points"": 56}, {""hasPlayed"": true, ""points"": 290}, {""hasPlayed"": true, ""points"": 127}]",1,Marco Grüll,113345.0,113345.0,150595.0,185784.0,1418580.0,5964629.0
8166,10,,Chuki,11939339.0,116.0,4.0,4.0,4.0,22583.0,465.0,0,3,https://kickbase.b-cdn.net/content/file/480d2ef5bfd94f57a5db7545d63b0828.png,20.0,1,38.0,71.0,"[{""hasPlayed"": true, ""points"": 185}, {""hasPlayed"": true, ""points"": 110}, {""hasPlayed"": true, ""points"": 151}, {""hasPlayed"": true, ""points"": 19}]",1,Chuki,93695.0,93695.0,127773.0,169771.0,1268124.0,2805615.0
9513,10,Karl,Hein,13004165.0,115.0,4.0,4.0,4.0,23391.0,459.0,0,1,https://kickbase.b-cdn.net/content/file/0342913c28ed45b18f310732f9b90b16.png,1.0,1,35.0,96.0,"[{""hasPlayed"": true, ""points"": 75}, {""hasPlayed"": true, ""points"": 234}, {""hasPlayed"": true, ""points"": 142}, {""hasPlayed"": true, ""points"": 8}]",1,Karl Hein,-23889.0,-23889.0,20528.0,52228.0,324687.0,-183717.0
9600,10,Alexander,Schlager,500000.0,,,,,,,0,1,https://kickbase.b-cdn.net/content/file/c677b3706079488a8ee0283db8fdd970.png,30.0,0,,0.0,"[{""hasPlayed"": false, ""points"": null}, {""hasPlayed"": false, ""points"": null}, {""hasPlayed"": false, ""points"": null}, {""hasPlayed"": false, ""points"": null}]",5,Alexander Schlager,0.0,0.0,0.0,0.0,0.0,-2709280.0
10131,10,Dariusz,Stalmach,3143930.0,63.0,3.0,3.0,0.0,5260.0,188.0,0,3,https://kickbase.b-cdn.net/content/file/24197523c05b4e17ac6e922264265d37.png,23.0,2,59.0,67.0,"[{""hasPlayed"": false, ""points"": null}, {""hasPlayed"": true, ""points"": 16}, {""hasPlayed"": true, ""points"": 25}, {""hasPlayed"": true, ""points"": 147}]",5,Dariusz Stalmach,-137480.0,-137480.0,-138384.0,-140762.0,-1001016.0,1280956.0
10134,10,Mick,Schmetgens,2451883.0,16.0,4.0,4.0,1.0,8498.0,65.0,0,2,https://kickbase.b-cdn.net/content/file/cbb89b4949af4997a53ca8ecc1ce7c78.png,33.0,2,26.0,18.0,"[{""hasPlayed"": true, ""points"": 17}, {""hasPlayed"": true, ""points"": 6}, {""hasPlayed"": true, ""points"": 42}, {""hasPlayed"": true, ""points"": 0}]",5,Mick Schmetgens,-147994.0,-147994.0,-151623.0,-158449.0,-1048239.0,-5930895.0
11262,10,Salim Amani,Musah,1279479.0,9.0,3.0,3.0,0.0,3874.0,26.0,0,4,https://kickbase.b-cdn.net/content/file/06171b2c46b740f29fc107281e5b489c.png,29.0,2,20.0,13.0,"[{""hasPlayed"": true, ""points"": 25}, {""hasPlayed"": false, ""points"": null}, {""hasPlayed"": true, ""points"": 6}, {""hasPlayed"": true, ""points"": -5}]",5,Salim Amani Musah,-138252.0,-138252.0,-142200.0,-145925.0,-1016400.0,-4814597.0
13449,10,Moussa,Ndiaye,1051042.0,,,,,,,2,2,https://kickbase.b-cdn.net/content/file/2af2bd87e1ec448bb98741662c2c9fe4.png,16.0,2,,0.0,"[{""hasPlayed"": false, ""points"": null}, {""hasPlayed"": false, ""points"": null}, {""hasPlayed"": false, ""points"": null}, {""hasPlayed"": false, ""points"": null}]",5,Moussa Ndiaye,-147587.0,-147587.0,-147644.0,-149780.0,-1010897.0,1051042.0
14923,10,Kenny,Quetant,2709005.0,,,,,,,0,4,https://kickbase.b-cdn.net/content/file/ce71a0ceab994338b9911cf79b91e00c.png,19.0,1,,0.0,"[{""hasPlayed"": false, ""points"": null}, {""hasPlayed"": false, ""points"": null}, {""hasPlayed"": false, ""points"": null}, {""hasPlayed"": false, ""points"": null}]",5,Kenny Quetant,255097.0,255097.0,274826.0,289374.0,2073531.0,540504.0
14926,10,Darwin,Soylu,4315356.0,,,,,,,0,3,https://kickbase.b-cdn.net/content/file/5cb0e397fead443c8b6edad320c05fb5.png,34.0,1,,0.0,"[{""hasPlayed"": false, ""points"": null}, {""hasPlayed"": false, ""points"": null}, {""hasPlayed"": false, ""points"": null}, {""hasPlayed"": false, ""points"": null}]",5,Darwin Soylu,330753.0,330753.0,364492.0,365185.0,2262021.0,2223709.0
15256,10,Oskar,Wójcik,2946364.0,51.0,1.0,1.0,0.0,1110.0,51.0,0,2,https://kickbase.b-cdn.net/content/file/97c455965a994f56b1d9c44f02427633.png,3.0,1,17.0,25.0,"[{""hasPlayed"": true, ""points"": 51}, {""hasPlayed"": false, ""points"": null}, {""hasPlayed"": false, ""points"": null}, {""hasPlayed"": false, ""points"": null}]",5,Oskar Wójcik,288888.0,288888.0,314361.0,345732.0,2081680.0,-777005.0
15313,10,Paul,Erevbenagie,1421871.0,25.0,2.0,2.0,0.0,2494.0,49.0,0,4,https://kickbase.b-cdn.net/content/file/6e29480ac28c4af59908453b181e813c.png,38.0,2,34.0,17.0,"[{""hasPlayed"": false, ""points"": null}, {""hasPlayed"": true, ""points"": 12}, {""hasPlayed"": true, ""points"": 37}, {""hasPlayed"": false, ""points"": null}]",5,Paul Erevbenagie,-142918.0,-142918.0,-144658.0,-152088.0,-1090254.0,-4504066.0
17288,10,Youri,Regeer,9900365.0,114.0,3.0,3.0,3.0,16128.0,341.0,0,3,https://kickbase.b-cdn.net/content/file/f4b7ace177bb4699aad8c93d93c91829.png,44.0,1,34.0,81.0,"[{""hasPlayed"": true, ""points"": 186}, {""hasPlayed"": true, ""points"": 25}, {""hasPlayed"": true, ""points"": 130}, {""hasPlayed"": false, ""points"": null}]",1,Youri Regeer,342954.0,342954.0,367341.0,362749.0,1786337.0,9900365.0
493,13,Michael,Gregoritsch,14490671.0,137.0,4.0,4.0,4.0,17787.0,549.0,2,4,https://kickbase.b-cdn.net/content/file/90d8bfeb702e4fc9a12b70e61d1cada3.png,11.0,2,37.0,108.0,"[{""hasPlayed"": true, ""points"": 16}, {""hasPlayed"": true, ""points"": 257}, {""hasPlayed"": true, ""points"": 81}, {""hasPlayed"": true, ""points"": 195}]",3,Michael Gregoritsch,-636270.0,-636270.0,-269134.0,-6448.0,-503208.0,3845051.0
1809,13,Marius,Wolf,7684478.0,111.0,4.0,4.0,4.0,19071.0,444.0,0,3,https://kickbase.b-cdn.net/content/file/a1f80afaec424464a483185498e81a2e.png,27.0,2,57.0,107.0,"[{""hasPlayed"": true, ""points"": 8}, {""hasPlayed"": true, ""points"": 36}, {""hasPlayed"": true, ""points"": 162}, {""hasPlayed"": true, ""points"": 238}]",3,Marius Wolf,-282417.0,-282417.0,-264679.0,-273092.0,-2073159.0,2860592.0
1811,13,Jeffrey,Gouweleeuw,3274430.0,15.0,3.0,3.0,0.0,1591.0,44.0,0,2,https://kickbase.b-cdn.net/content/file/12102af2b43f4161bfaeb1a6d0172ad2.png,6.0,2,13.0,17.0,"[{""hasPlayed"": true, ""points"": -8}, {""hasPlayed"": false, ""points"": null}, {""hasPlayed"": true, ""points"": 30}, {""hasPlayed"": true, ""points"": 22}]",4,Jeffrey Gouweleeuw,-139881.0,-139881.0,-139340.0,-139141.0,-966988.0,-5599503.0
2195,13,Finn,Dahmen,15748030.0,148.0,4.0,4.0,4.0,23079.0,593.0,0,1,https://kickbase.b-cdn.net/content/file/78075846ec2d4f2eaeef6be38fdb6681.png,1.0,2,37.0,57.0,"[{""hasPlayed"": true, ""points"": 118}, {""hasPlayed"": true, ""points"": 86}, {""hasPlayed"": true, ""points"": 176}, {""hasPlayed"": true, ""points"": 213}]",1,Finn Dahmen,-325072.0,-325072.0,-230691.0,-124648.0,-1052757.0,-729962.0
2764,13,Yannik,Keitel,3280691.0,1.0,3.0,3.0,0.0,3969.0,3.0,0,3,https://kickbase.b-cdn.net/content/file/4f4bc9f6569e49588aa7dd39288b614f.png,14.0,1,0.0,16.0,"[{""hasPlayed"": true, ""points"": -18}, {""hasPlayed"": true, ""points"": -2}, {""hasPlayed"": false, ""points"": null}, {""hasPlayed"": true, ""points"": 23}]",5,Yannik Keitel,340188.0,340188.0,318587.0,336363.0,2366364.0,614760.0
3176,13,Arijon,Ibrahimović,7923196.0,115.0,2.0,2.0,2.0,7295.0,229.0,0,3,https://kickbase.b-cdn.net/content/file/f88dab5aaf7b458a971b11fb9ae2eb82.png,21.0,2,28.0,85.0,"[{""hasPlayed"": false, ""points"": null}, {""hasPlayed"": true, ""points"": 48}, {""hasPlayed"": true, ""points"": 181}, {""hasPlayed"": false, ""points"": null}]",3,Arijon Ibrahimović,-355863.0,-355863.0,-391836.0,-501538.0,-2300452.0,4404550.0
3183,13,Anton,Kade,10561992.0,273.0,1.0,1.0,1.0,5649.0,273.0,4,4,https://kickbase.b-cdn.net/content/file/023539a6ce2b4b2d971d98593d7ce584.png,30.0,1,25.0,136.0,"[{""hasPlayed"": false, ""points"": null}, {""hasPlayed"": false, ""points"": null}, {""hasPlayed"": false, ""points"": null}, {""hasPlayed"": true, ""points"": 273}]",3,Anton Kade,123572.0,123572.0,124809.0,132475.0,912869.0,-2436467.0
4654,13,Mert,Kömür,6392206.0,36.0,4.0,4.0,1.0,7359.0,143.0,0,3,https://kickbase.b-cdn.net/content/file/f2c46eb7f8d3482c8bb69240abd7762d.png,10.0,1,22.0,17.0,"[{""hasPlayed"": true, ""points"": 23}, {""hasPlayed"": true, ""points"": 20}, {""hasPlayed"": true, ""points"": 57}, {""hasPlayed"": true, ""points"": 43}]",3,Mert Kömür,201354.0,201354.0,254534.0,308148.0,2357175.0,135184.0
6168,13,Robin,Fellhauer,10050855.0,93.0,4.0,4.0,4.0,18971.0,372.0,0,3,https://kickbase.b-cdn.net/content/file/c458283e0fd243beb4cd2bd270cbfb54.png,19.0,1,37.0,50.0,"[{""hasPlayed"": true, ""points"": 121}, {""hasPlayed"": true, ""points"": 44}, {""hasPlayed"": true, ""points"": 149}, {""hasPlayed"": true, ""points"": 58}]",1,Robin Fellhauer,152683.0,152683.0,147636.0,134182.0,726938.0,380831.0
7283,13,Calvin,Brackelmann,9967827.0,126.0,4.0,4.0,4.0,21487.0,503.0,0,2,https://kickbase.b-cdn.net/content/file/e13f320cbaad4bad96143f969d2cf434.png,2.0,2,50.0,31.0,"[{""hasPlayed"": true, ""points"": 142}, {""hasPlayed"": true, ""points"": 136}, {""hasPlayed"": true, ""points"": 79}, {""hasPlayed"": true, ""points"": 146}]",2,Calvin Brackelmann,-313033.0,-313033.0,-274698.0,-189403.0,-490566.0,5794589.0
7336,13,Sima,Suso,500000.0,,,,,,,1,3,https://kickbase.b-cdn.net/content/file/183351daddfd4c36b0c80c411b0e061c.png,8.0,0,,0.0,"[{""hasPlayed"": false, ""points"": null}, {""hasPlayed"": false, ""points"": null}, {""hasPlayed"": false, ""points"": null}, {""hasPlayed"": false, ""points"": null}]",5,Sima Suso,0.0,0.0,0.0,0.0,0.0,-1651465.0
7676,13,Fabian,Rieder,19010717.0,162.0,4.0,4.0,4.0,22437.0,646.0,0,3,https://kickbase.b-cdn.net/content/file/bdc22db52af641168bf48d012401bd6b.png,32.0,1,33.0,55.0,"[{""hasPlayed"": true, ""points"": 103}, {""hasPlayed"": true, ""points"": 127}, {""hasPlayed"": true, ""points"": 221}, {""hasPlayed"": true, ""points"": 195}]",1,Fabian Rieder,60589.0,60589.0,79862.0,102284.0,864144.0,4139974.0
7696,13,Nediljko,Labrović,500000.0,,,,,,,0,1,https://kickbase.b-cdn.net/content/file/ab74d9253f714c34b29783c84700fd13.png,22.0,0,,0.0,"[{""hasPlayed"": false, ""points"": null}, {""hasPlayed"": false, ""points"": null}, {""hasPlayed"": false, ""points"": null}, {""hasPlayed"": false, ""points"": null}]",5,Nediljko Labrović,0.0,0.0,0.0,0.0,0.0,-419265.0
8355,13,Noahkai,Banks,9531381.0,100.0,4.0,4.0,4.0,23079.0,398.0,0,2,https://kickbase.b-cdn.net/content/file/eee3a63f6cd84553ac20c6854134da5c.png,40.0,2,41.0,48.0,"[{""hasPlayed"": true, ""points"": 37}, {""hasPlayed"": true, ""points"": 86}, {""hasPlayed"": true, ""points"": 130}, {""hasPlayed"": true, ""points"": 145}]",1,Noahkai Banks,-513114.0,-513114.0,-586473.0,-667455.0,-2582692.0,3342423.0
9642,13,Chrislain,Matsima,16044204.0,125.0,4.0,4.0,4.0,23079.0,498.0,0,2,https://kickbase.b-cdn.net/content/file/0337794cdbe74c759f6ea4c6ac9c796b.png,5.0,2,31.0,42.0,"[{""hasPlayed"": true, ""points"": 77}, {""hasPlayed"": true, ""points"": 107}, {""hasPlayed"": true, ""points"": 176}, {""hasPlayed"": true, ""points"": 138}]",1,Chrislain Matsima,-251741.0,-251741.0,-64965.0,3323.0,-47343.0,3033723.0
9684,13,Alexis,Claude-Maurice,9358724.0,75.0,3.0,3.0,0.0,6881.0,225.0,0,3,https://kickbase.b-cdn.net/content/file/6fcd0e7bf78f4355ac28aecef9efb589.png,20.0,2,24.0,76.0,"[{""hasPlayed"": true, ""points"": 48}, {""hasPlayed"": true, ""points"": 10}, {""hasPlayed"": true, ""points"": 167}, {""hasPlayed"": false, ""points"": null}]",3,Alexis Claude-Maurice,-531929.0,-531929.0,-567121.0,-87833.0,-693041.0,975734.0
9754,13,Juma,Bah,2494653.0,,,,,,,2,2,https://kickbase.b-cdn.net/content/file/5627c3fa11834a97ae7c6963d68a09a6.png,35.0,2,,0.0,"[{""hasPlayed"": false, ""points"": null}, {""hasPlayed"": false, ""points"": null}, {""hasPlayed"": false, ""points"": null}, {""hasPlayed"": false, ""points"": null}]",4,Juma Bah,-212970.0,-212970.0,-212436.0,-202966.0,-1284189.0,2494653.0
9965,13,Faik,Sakar,500000.0,,,,,,,2,3,https://kickbase.b-cdn.net/content/file/8acfc6a0b1524998999efe1e686302d4.png,23.0,0,,0.0,"[{""hasPlayed"": false, ""points"": null}, {""hasPlayed"": false, ""points"": null}, {""hasPlayed"": false, ""points"": null}, {""hasPlayed"": false, ""points"": null}]",5,Faik Sakar,0.0,0.0,0.0,0.0,-542158.0,-3802624.0
10049,13,Hennes,Behrens,13258634.0,100.0,4.0,4.0,4.0,23079.0,401.0,0,2,https://kickbase.b-cdn.net/content/file/18dac711dedc44698522f7c499401190.png,16.0,2,30.0,71.0,"[{""hasPlayed"": true, ""points"": 0}, {""hasPlayed"": true, ""points"": 159}, {""hasPlayed"": true, ""points"": 99}, {""hasPlayed"": true, ""points"": 143}]",1,Hennes Behrens,-648054.0,-648054.0,-363077.0,-26760.0,-565096.0,1808484.0
11556,13,Han-Noah,Massengo,9115500.0,83.0,4.0,4.0,4.0,19751.0,330.0,0,3,https://kickbase.b-cdn.net/content/file/d5c086e505984d7ba4c7e0af23d1a901.png,4.0,2,36.0,74.0,"[{""hasPlayed"": true, ""points"": 2}, {""hasPlayed"": true, ""points"": 36}, {""hasPlayed"": true, ""points"": 137}, {""hasPlayed"": true, ""points"": 155}]",1,Han-Noah Massengo,-335962.0,-335962.0,-359128.0,-667015.0,-4003277.0,-1083663.0
12341,13,Rodrigo,Ribeiro,3319000.0,33.0,4.0,4.0,0.0,5290.0,132.0,0,4,https://kickbase.b-cdn.net/content/file/7d60acf2c66d45288438f5f879775e01.png,9.0,2,39.0,48.0,"[{""hasPlayed"": true, ""points"": 5}, {""hasPlayed"": true, ""points"": -4}, {""hasPlayed"": true, ""points"": 28}, {""hasPlayed"": true, ""points"": 103}]",3,Rodrigo Ribeiro,-128885.0,-128885.0,-132938.0,-140219.0,-968501.0,-28668.0
13479,13,Uchenna,Ogundu,500000.0,,,,,,,0,4,https://kickbase.b-cdn.net/content/file/c9277b2f662b4b60a7ad1b27ddb68201.png,39.0,2,,0.0,"[{""hasPlayed"": false, ""points"": null}, {""hasPlayed"": false, ""points"": null}, {""hasPlayed"": false, ""points"": null}, {""hasPlayed"": false, ""points"": null}]",5,Uchenna Ogundu,0.0,0.0,0.0,-128813.0,-710156.0,-3883831.0
13671,13,Tom,Wisbereit,500000.0,,,,,,,0,1,https://kickbase.b-cdn.net/content/file/487a6f69783d4bf69fa8c1b023e108e1.png,48.0,0,,0.0,"[{""hasPlayed"": false, ""points"": null}, {""hasPlayed"": false, ""points"": null}, {""hasPlayed"": false, ""points"": null}, {""hasPlayed"": false, ""points"": null}]",5,Tom Wisbereit,0.0,0.0,0.0,0.0,0.0,0.0
13806,13,Young-Woo,Seol,880530.0,22.0,4.0,4.0,0.0,4006.0,88.0,0,2,https://kickbase.b-cdn.net/content/file/e7ba68f831b843ba9e8251edb80f7989.png,7.0,2,99.0,39.0,"[{""hasPlayed"": true, ""points"": -16}, {""hasPlayed"": true, ""points"": -1}, {""hasPlayed"": true, ""points"": 32}, {""hasPlayed"": true, ""points"": 73}]",4,Young-Woo Seol,-141066.0,-141066.0,-146977.0,-152371.0,-1107443.0,-2521737.0
32,8,Loris,Karius,15303131.0,125.0,4.0,4.0,4.0,23302.0,500.0,0,1,https://kickbase.b-cdn.net/content/file/9b53a17786bd45d8b843b3e188f2ceae.png,1.0,2,32.0,26.0,"[{""hasPlayed"": true, ""points"": 88}, {""hasPlayed"": true, ""points"": 147}, {""hasPlayed"": true, ""points"": 123}, {""hasPlayed"": true, ""points"": 142}]",1,Loris Karius,-421893.0,-421893.0,-371877.0,-315738.0,-1891129.0,-1609270.0
670,8,Kenan,Karaman,8627685.0,61.0,3.0,3.0,2.0,11081.0,184.0,0,4,https://kickbase.b-cdn.net/content/file/3eb5c46b23e042a4b366137871517bbe.png,19.0,2,21.0,44.0,"[{""hasPlayed"": true, ""points"": 84}, {""hasPlayed"": true, ""points"": 85}, {""hasPlayed"": true, ""points"": 15}, {""hasPlayed"": false, ""points"": null}]",1,Kenan Karaman,-346443.0,-346443.0,-402161.0,-653135.0,-1668712.0,-3018993.0
755,8,Kevin,Müller,500000.0,,,,,,,2,1,https://kickbase.b-cdn.net/content/file/9267ef7e0ff04d8d8f68116e2baab8fa.png,22.0,0,,0.0,"[{""hasPlayed"": false, ""points"": null}, {""hasPlayed"": false, ""points"": null}, {""hasPlayed"": false, ""points"": null}, {""hasPlayed"": false, ""points"": null}]",5,Kevin Müller,0.0,0.0,0.0,0.0,0.0,-124097.0
1012,8,Edin,Džeko,3813828.0,20.0,3.0,3.0,1.0,6243.0,59.0,0,4,https://kickbase.b-cdn.net/content/file/31e382a514fb4fd0a7b6bf028b56f839.png,10.0,2,15.0,43.0,"[{""hasPlayed"": true, ""points"": 73}, {""hasPlayed"": true, ""points"": 16}, {""hasPlayed"": false, ""points"": null}, {""hasPlayed"": true, ""points"": -30}]",4,Edin Džeko,-138298.0,-138298.0,-148130.0,-136626.0,-681147.0,-6016351.0
1691,8,Finn,Porath,500000.0,,,,,,,0,3,https://kickbase.b-cdn.net/content/file/250d4c6c00a74d8b9604ba54ec4385fd.png,27.0,0,,0.0,"[{""hasPlayed"": false, ""points"": null}, {""hasPlayed"": false, ""points"": null}, {""hasPlayed"": false, ""points"": null}, {""hasPlayed"": false, ""points"": null}]",5,Finn Porath,0.0,0.0,0.0,0.0,0.0,-2708277.0
2449,8,Hee-Chan,Hwang,6751240.0,54.0,2.0,2.0,0.0,2773.0,108.0,0,4,https://kickbase.b-cdn.net/content/file/f03e94d1a5cf48cb99e80d9be87e060c.png,7.0,1,15.0,41.0,"[{""hasPlayed"": true, ""points"": 26}, {""hasPlayed"": true, ""points"": 82}, {""hasPlayed"": false, ""points"": null}, {""hasPlayed"": false, ""points"": null}]",3,Hee-Chan Hwang,335844.0,335844.0,357360.0,371954.0,2230128.0,4385013.0
2762,8,Timo,Becker,9714986.0,88.0,4.0,4.0,4.0,21465.0,353.0,2,2,https://kickbase.b-cdn.net/content/file/f1cc618a8f9e4121bc762da081feea87.png,5.0,2,36.0,55.0,"[{""hasPlayed"": true, ""points"": 77}, {""hasPlayed"": true, ""points"": 158}, {""hasPlayed"": true, ""points"": 95}, {""hasPlayed"": true, ""points"": 23}]",1,Timo Becker,-503826.0,-503826.0,-35055.0,84364.0,196073.0,1924209.0
2876,8,Ron,Schallenberg,1540512.0,-23.0,2.0,2.0,1.0,4660.0,-45.0,0,3,https://kickbase.b-cdn.net/content/file/9f2d8e42f6bc438a9b4808262a3b2349.png,6.0,2,,28.0,"[{""hasPlayed"": true, ""points"": 9}, {""hasPlayed"": false, ""points"": null}, {""hasPlayed"": false, ""points"": null}, {""hasPlayed"": true, ""points"": -54}]",3,Ron Schallenberg,-136855.0,-136855.0,-146297.0,-161472.0,-989192.0,-3660894.0
2967,8,Soufiane,El-Faouzi,13069470.0,82.0,4.0,4.0,4.0,23302.0,329.0,0,3,https://kickbase.b-cdn.net/content/file/08eca83815c745e1b44ccab6f89b6778.png,23.0,2,25.0,22.0,"[{""hasPlayed"": true, ""points"": 68}, {""hasPlayed"": true, ""points"": 110}, {""hasPlayed"": true, ""points"": 91}, {""hasPlayed"": true, ""points"": 60}]",1,Soufiane El-Faouzi,-665692.0,-665692.0,-367462.0,-8301.0,-608306.0,-1910335.0
3029,8,Dejan,Ljubičić,3930999.0,40.0,3.0,3.0,3.0,11465.0,119.0,1,3,https://kickbase.b-cdn.net/content/file/98ab54f781d048c8b864ceba5bc2f7d4.png,21.0,2,30.0,21.0,"[{""hasPlayed"": false, ""points"": null}, {""hasPlayed"": true, ""points"": 49}, {""hasPlayed"": true, ""points"": 27}, {""hasPlayed"": true, ""points"": 43}]",5,Dejan Ljubičić,-146430.0,-146430.0,-144828.0,-145054.0,-998684.0,-1190582.0
3307,8,Janik,Bachmann,500000.0,17.0,1.0,1.0,0.0,601.0,17.0,0,3,https://kickbase.b-cdn.net/content/file/428a68b3510c4b3ba91bef10ecd9fff2.png,14.0,2,34.0,8.0,"[{""hasPlayed"": false, ""points"": null}, {""hasPlayed"": true, ""points"": 17}, {""hasPlayed"": false, ""points"": null}, {""hasPlayed"": false, ""points"": null}]",5,Janik Bachmann,0.0,0.0,0.0,-107260.0,-707976.0,-463228.0
4406,8,Éric,Dina Ebimbe,8468712.0,53.0,4.0,4.0,2.0,16583.0,213.0,0,3,https://kickbase.b-cdn.net/content/file/afbea634b0e842279a632beb83f7cfbd.png,29.0,1,25.0,60.0,"[{""hasPlayed"": true, ""points"": 119}, {""hasPlayed"": true, ""points"": 84}, {""hasPlayed"": true, ""points"": 29}, {""hasPlayed"": true, ""points"": -19}]",1,Éric Dina Ebimbe,276954.0,276954.0,304199.0,328326.0,2267611.0,2322899.0
4606,8,Hasan,Kuruçay,11368129.0,96.0,4.0,4.0,4.0,20202.0,384.0,0,2,https://kickbase.b-cdn.net/content/file/6448b21aef9940588bd94029c6f79831.png,4.0,1,33.0,53.0,"[{""hasPlayed"": true, ""points"": 153}, {""hasPlayed"": true, ""points"": 100}, {""hasPlayed"": true, ""points"": 108}, {""hasPlayed"": true, ""points"": 23}]",1,Hasan Kuruçay,23157.0,23157.0,80776.0,118777.0,669509.0,-15210.0
6172,8,Junior,Adamu,4265906.0,73.0,2.0,2.0,2.0,8629.0,145.0,0,4,https://kickbase.b-cdn.net/content/file/61eaae6121e34a598bac55925001ce96.png,20.0,2,33.0,57.0,"[{""hasPlayed"": false, ""points"": null}, {""hasPlayed"": true, ""points"": 121}, {""hasPlayed"": false, ""points"": null}, {""hasPlayed"": true, ""points"": 24}]",3,Junior Adamu,-118724.0,-118724.0,-121536.0,-138456.0,-1752677.0,-1451319.0
7156,8,Maximilian,Wöber,6489624.0,38.0,4.0,4.0,0.0,6370.0,150.0,0,2,https://kickbase.b-cdn.net/content/file/aa8759270ae54b79851feea4f7769c01.png,39.0,1,23.0,98.0,"[{""hasPlayed"": true, ""points"": 26}, {""hasPlayed"": true, ""points"": 163}, {""hasPlayed"": true, ""points"": 38}, {""hasPlayed"": true, ""points"": -77}]",5,Maximilian Wöber,219618.0,219618.0,268804.0,307045.0,2417818.0,3265590.0
7242,8,Robin,Gosens,10542545.0,80.0,4.0,4.0,3.0,15031.0,321.0,0,2,https://kickbase.b-cdn.net/content/file/aad327c722fd45e2a843dfbba1484126.png,8.0,2,30.0,80.0,"[{""hasPlayed"": true, ""points"": 62}, {""hasPlayed"": true, ""points"": 186}, {""hasPlayed"": true, ""points"": 82}, {""hasPlayed"": true, ""points"": -9}]",1,Robin Gosens,-570358.0,-570358.0,-89003.0,74849.0,229280.0,-451797.0
8222,8,Moussa,Sylla,5019542.0,16.0,3.0,3.0,2.0,13213.0,49.0,0,4,https://kickbase.b-cdn.net/content/file/9e29701cd06e47cb89a5e43674193068.png,9.0,2,9.0,12.0,"[{""hasPlayed"": true, ""points"": 4}, {""hasPlayed"": false, ""points"": null}, {""hasPlayed"": true, ""points"": 24}, {""hasPlayed"": true, ""points"": 21}]",3,Moussa Sylla,-347139.0,-347139.0,-363896.0,-380224.0,-2713768.0,-3824752.0
8235,8,Adrian,Gantenbein,3359776.0,,,,,,,0,2,https://kickbase.b-cdn.net/content/file/20ff107cb10149319ad76cc948de9e70.png,17.0,1,,0.0,"[{""hasPlayed"": false, ""points"": null}, {""hasPlayed"": false, ""points"": null}, {""hasPlayed"": false, ""points"": null}, {""hasPlayed"": false, ""points"": null}]",5,Adrian Gantenbein,325283.0,325283.0,341273.0,380319.0,2624152.0,2306759.0
8277,8,Vitalie,Becker,2113581.0,12.0,3.0,3.0,1.0,6835.0,36.0,0,2,https://kickbase.b-cdn.net/content/file/e467725d314c414688deb0c9754900e0.png,33.0,2,17.0,8.0,"[{""hasPlayed"": true, ""points"": 16}, {""hasPlayed"": false, ""points"": null}, {""hasPlayed"": true, ""points"": 4}, {""hasPlayed"": true, ""points"": 16}]",5,Vitalie Becker,-145610.0,-145610.0,-143670.0,-142235.0,-959439.0,-4490778.0
10916,8,Mert Can,Ayhan,1700997.0,-7.0,2.0,2.0,0.0,2203.0,-13.0,0,2,https://kickbase.b-cdn.net/content/file/130406d171884bb486982e8fe381150c.png,43.0,2,,14.0,"[{""hasPlayed"": false, ""points"": null}, {""hasPlayed"": false, ""points"": null}, {""hasPlayed"": true, ""points"": 11}, {""hasPlayed"": true, ""points"": -24}]",5,Mert Can Ayhan,-144422.0,-144422.0,-151763.0,-159886.0,-1032154.0,-4978293.0
11255,8,Nikola,Katic,13866044.0,131.0,4.0,4.0,4.0,22249.0,525.0,0,2,https://kickbase.b-cdn.net/content/file/74d1dd6590234bdb8e0d4bd266d6c531.png,25.0,1,37.0,56.0,"[{""hasPlayed"": true, ""points"": 154}, {""hasPlayed"": true, ""points"": 197}, {""hasPlayed"": true, ""points"": 107}, {""hasPlayed"": true, ""points"": 67}]",1,Nikola Katic,148381.0,148381.0,184287.0,208764.0,1503320.0,-787004.0
12158,8,Luca,Vozar,3369927.0,5.0,1.0,1.0,0.0,1178.0,5.0,0,3,https://kickbase.b-cdn.net/content/file/48805a793bcc4f09abdd1e903981c421.png,38.0,1,1.0,2.0,"[{""hasPlayed"": false, ""points"": null}, {""hasPlayed"": false, ""points"": null}, {""hasPlayed"": true, ""points"": 5}, {""hasPlayed"": false, ""points"": null}]",5,Luca Vozar,205435.0,205435.0,230460.0,281582.0,2285459.0,-92102.0
12297,8,Satoshi,Tanaka,6695186.0,87.0,3.0,3.0,3.0,16769.0,260.0,0,3,https://kickbase.b-cdn.net/content/file/450d1dc6d03543289c75d4e5e117d7e1.png,13.0,2,38.0,45.0,"[{""hasPlayed"": true, ""points"": 68}, {""hasPlayed"": true, ""points"": 98}, {""hasPlayed"": true, ""points"": 94}, {""hasPlayed"": false, ""points"": null}]",3,Satoshi Tanaka,-345394.0,-345394.0,-383089.0,-434786.0,-2387269.0,2037531.0
13431,8,Johannes Simon,Siebeking,500000.0,,,,,,,1,1,https://kickbase.b-cdn.net/content/file/c6ff39d185b14c30a66421c5c78c245e.png,36.0,0,,0.0,"[{""hasPlayed"": false, ""points"": null}, {""hasPlayed"": false, ""points"": null}, {""hasPlayed"": false, ""points"": null}, {""hasPlayed"": false, ""points"": null}]",5,Johannes Simon Siebeking,0.0,0.0,0.0,0.0,0.0,-343603.0
13448,8,Adil,Aouchiche,13333658.0,107.0,4.0,4.0,4.0,20285.0,428.0,0,3,https://kickbase.b-cdn.net/content/file/8ac09c4f6e974d80a4bc1aff9ad6768d.png,24.0,1,32.0,58.0,"[{""hasPlayed"": true, ""points"": 119}, {""hasPlayed"": true, ""points"": 182}, {""hasPlayed"": true, ""points"": 84}, {""hasPlayed"": true, ""points"": 43}]",1,Adil Aouchiche,58221.0,58221.0,117478.0,173038.0,1194928.0,-1905902.0
