id,teamId,firstName,lastName,marketValue,averagePoints,games,gamesPlayed,start11,totalPlaytimeS,totalPoints,status,position,playerImage,number,trend,pointsPerValue,pointsStdDev,history,startProbability,name,marketChangeToday,marketChange.today,marketChange.yesterday,marketChange.twoDays,marketChange.sevenDaysAvg,marketChange.thirtyDaysAvg
173,2,Jonathan,Tah,31585109.0,134.0,2.0,2.0,1.0,6434.0,267.0,0,2,https://kickbase.b-cdn.net/content/file/cd9c5cb89a074d1ea56f7d952e5074e4.png,4.0,2,8.0,139.0,"[{""hasPlayed"": true, ""points"": 232}, {""hasPlayed"": true, ""points"": 35}]",2,Jonathan Tah,-197912.0,-197912.0,-291229.0,-375887.0,-3244422.0,-4834540.0
237,2,Manuel,Neuer,14828889.0,121.0,2.0,2.0,2.0,11508.0,242.0,0,1,https://kickbase.b-cdn.net/content/file/bf993bb6d6914136b11177795c5f77a9.png,1.0,1,16.0,33.0,"[{""hasPlayed"": true, ""points"": 97}, {""hasPlayed"": true, ""points"": 145}]",2,Manuel Neuer,67081.0,67081.0,83245.0,64920.0,500333.0,2403902.0
383,2,Sven,Ulreich,500000.0,,,,,,,0,1,https://kickbase.b-cdn.net/content/file/0535504fe45c48b6a905e9a14da5851d.png,26.0,0,,0.0,"[{""hasPlayed"": false, ""points"": null}, {""hasPlayed"": false, ""points"": null}]",5,Sven Ulreich,0.0,0.0,0.0,0.0,0.0,-772627.0
1685,2,Joshua,Kimmich,59911513.0,279.0,2.0,2.0,2.0,11508.0,557.0,0,3,https://kickbase.b-cdn.net/content/file/b41a70e2188a4c72aa165cfc7606c3e9.png,6.0,1,9.0,34.0,"[{""hasPlayed"": true, ""points"": 254}, {""hasPlayed"": true, ""points"": 303}]",1,Joshua Kimmich,8053.0,8053.0,12681.0,10764.0,53569.0,440256.0
1961,2,Serge,Gnabry,12493106.0,,,,,,,2,3,https://kickbase.b-cdn.net/content/file/0a28d7fc999e415eb4aba7e837b0384c.png,7.0,1,,0.0,"[{""hasPlayed"": false, ""points"": null}, {""hasPlayed"": false, ""points"": null}]",5,Serge Gnabry,94456.0,94456.0,68512.0,43399.0,86290.0,-6380049.0
1991,2,Dayot,Upamecano,33638344.0,245.0,2.0,2.0,2.0,11508.0,489.0,0,2,https://kickbase.b-cdn.net/content/file/13835e113e4f40d986f924b517690435.png,2.0,1,14.0,38.0,"[{""hasPlayed"": true, ""points"": 217}, {""hasPlayed"": true, ""points"": 272}]",3,Dayot Upamecano,49872.0,49872.0,72571.0,70784.0,310384.0,453409.0
2038,2,Konrad,Laimer,32078187.0,118.0,2.0,2.0,2.0,11508.0,236.0,0,2,https://kickbase.b-cdn.net/content/file/cb9d5de1bbd14bf0915f1ec819569c17.png,27.0,1,7.0,15.0,"[{""hasPlayed"": true, ""points"": 129}, {""hasPlayed"": true, ""points"": 107}]",3,Konrad Laimer,-16531.0,-16531.0,25979.0,25313.0,-90360.0,-1924962.0
2300,2,Josip,Stanišić,17405050.0,43.0,1.0,1.0,0.0,1298.0,43.0,0,2,https://kickbase.b-cdn.net/content/file/e5f36d7812254f3cb4534802eb6cd7e9.png,44.0,2,2.0,30.0,"[{""hasPlayed"": false, ""points"": null}, {""hasPlayed"": true, ""points"": 43}]",3,Josip Stanišić,-417427.0,-417427.0,-483909.0,-522896.0,-3185269.0,-10678894.0
2366,2,Alphonso,Davies,14644107.0,177.0,2.0,2.0,2.0,10209.0,354.0,0,2,https://kickbase.b-cdn.net/content/file/1321be6fb58f47b592a91f17f6b2bf68.png,19.0,1,24.0,33.0,"[{""hasPlayed"": true, ""points"": 201}, {""hasPlayed"": true, ""points"": 153}]",3,Alphonso Davies,274323.0,274323.0,279914.0,269093.0,1782187.0,-1008110.0
2804,2,Jamal,Musiala,24701678.0,38.0,1.0,1.0,0.0,2235.0,38.0,0,3,https://kickbase.b-cdn.net/content/file/02ac203768a94e169fa6c6b87130a94e.png,10.0,1,1.0,26.0,"[{""hasPlayed"": true, ""points"": 38}, {""hasPlayed"": false, ""points"": null}]",3,Jamal Musiala,137086.0,137086.0,131929.0,114096.0,-848681.0,-10068881.0
3072,2,Jonas,Urbig,4724931.0,,,,,,,0,1,https://kickbase.b-cdn.net/content/file/7305496deb014e31a4001d36894c457d.png,40.0,2,,0.0,"[{""hasPlayed"": false, ""points"": null}, {""hasPlayed"": false, ""points"": null}]",4,Jonas Urbig,-35609.0,-35609.0,-57440.0,-92168.0,-1115408.0,-7515182.0
3089,2,Hiroki,Ito,3980953.0,,,,,,,0,2,https://kickbase.b-cdn.net/content/file/7d48858483334caca6c4315882270919.png,21.0,2,,0.0,"[{""hasPlayed"": false, ""points"": null}, {""hasPlayed"": false, ""points"": null}]",5,Hiroki Ito,-118973.0,-118973.0,-118847.0,-125789.0,-743294.0,-1767021.0
3120,2,Tom,Bischof,17857678.0,44.0,2.0,2.0,0.0,1866.0,88.0,0,3,https://kickbase.b-cdn.net/content/file/9d622fb218a14c90ad0a75266080e027.png,8.0,2,4.0,5.0,"[{""hasPlayed"": true, ""points"": 48}, {""hasPlayed"": true, ""points"": 40}]",4,Tom Bischof,-418317.0,-418317.0,-403333.0,-387618.0,-2816585.0,-3273808.0
3543,2,Nathaniel,Brown,27567190.0,68.0,2.0,2.0,2.0,6526.0,136.0,0,2,https://kickbase.b-cdn.net/content/file/4dd49322843644839bb43182b3a8b68b.png,11.0,2,4.0,11.0,"[{""hasPlayed"": true, ""points"": 76}, {""hasPlayed"": true, ""points"": 60}]",3,Nathaniel Brown,-654467.0,-654467.0,-658998.0,-458109.0,-2561605.0,-675035.0
6080,2,Aleksandar,Pavlović,33620550.0,213.0,2.0,2.0,2.0,9640.0,426.0,0,3,https://kickbase.b-cdn.net/content/file/958c27ad7cf943a8b9e380f72fdc5b4f.png,45.0,1,12.0,60.0,"[{""hasPlayed"": true, ""points"": 170}, {""hasPlayed"": true, ""points"": 256}]",2,Aleksandar Pavlović,75631.0,75631.0,89612.0,90653.0,556689.0,2474547.0
6668,2,Kim,Minjae,12666010.0,110.0,1.0,1.0,1.0,5073.0,110.0,0,2,https://kickbase.b-cdn.net/content/file/4df81f5e57ca4e278fb6bc229ed6e05d.png,3.0,1,8.0,77.0,"[{""hasPlayed"": false, ""points"": null}, {""hasPlayed"": true, ""points"": 110}]",3,Kim Minjae,148100.0,148100.0,148777.0,131856.0,931507.0,1126681.0
7226,2,Harry,Kane,68283769.0,97.0,2.0,2.0,1.0,7979.0,194.0,0,4,https://kickbase.b-cdn.net/content/file/8558eff47626439593b2acd71e400ab3.png,9.0,2,2.0,38.0,"[{""hasPlayed"": true, ""points"": 70}, {""hasPlayed"": true, ""points"": 124}]",1,Harry Kane,-261365.0,-261365.0,-179440.0,-151862.0,-602757.0,-163947.0
8329,2,Michael,Olise,65057803.0,187.0,2.0,2.0,1.0,7997.0,374.0,0,3,https://kickbase.b-cdn.net/content/file/2d1bffc491014bb582c5d1c622b0ee37.png,17.0,1,5.0,87.0,"[{""hasPlayed"": true, ""points"": 125}, {""hasPlayed"": true, ""points"": 249}]",1,Michael Olise,10707.0,10707.0,9371.0,11391.0,81672.0,714248.0
10789,2,Lennart,Karl,20770040.0,47.0,2.0,2.0,1.0,4200.0,94.0,0,3,https://kickbase.b-cdn.net/content/file/64b2f60104dd4a96af2c8b9d4af6f07d.png,42.0,1,4.0,36.0,"[{""hasPlayed"": true, ""points"": 73}, {""hasPlayed"": true, ""points"": 21}]",3,Lennart Karl,56177.0,56177.0,65447.0,71167.0,347046.0,-5398106.0
11675,2,Luis,Díaz,53789226.0,172.0,2.0,2.0,2.0,11508.0,344.0,0,4,https://kickbase.b-cdn.net/content/file/43b93afe59614450a4de3fd8e08c486b.png,14.0,1,6.0,60.0,"[{""hasPlayed"": true, ""points"": 129}, {""hasPlayed"": true, ""points"": 215}]",2,Luis Díaz,4312.0,4312.0,8380.0,11158.0,79076.0,741094.0
12314,2,Bara Sapoko,Ndiaye,1254661.0,,,,,,,0,3,https://kickbase.b-cdn.net/content/file/68a7688ebea44fc49865d84afbf17a38.png,39.0,2,,0.0,"[{""hasPlayed"": false, ""points"": null}, {""hasPlayed"": false, ""points"": null}]",5,Bara Sapoko Ndiaye,-103651.0,-103651.0,-120781.0,-114037.0,-528834.0,-2402827.0
14251,2,Ismael,Saibari,30086475.0,110.0,2.0,2.0,1.0,5590.0,219.0,0,4,https://kickbase.b-cdn.net/content/file/a8113275ef93446185b8dd4966df1834.png,34.0,2,7.0,99.0,"[{""hasPlayed"": true, ""points"": 39}, {""hasPlayed"": true, ""points"": 180}]",3,Ismael Saibari,-336634.0,-336634.0,-71818.0,908.0,-209633.0,817409.0
15502,2,Tim,Binder,1720590.0,,,,,,,4,3,https://kickbase.b-cdn.net/content/file/bd4ad2cb101841eab3aa5641a51ee891.png,0.0,2,,0.0,"[{""hasPlayed"": false, ""points"": null}, {""hasPlayed"": false, ""points"": null}]",5,Tim Binder,-148579.0,-148579.0,-147479.0,-150920.0,-975926.0,1220590.0
1664,9,Maximilian,Mittelstädt,26934010.0,146.0,2.0,2.0,2.0,10489.0,292.0,0,2,https://kickbase.b-cdn.net/content/file/eb576d01f97f40aa86c36b009d8502ec.png,7.0,1,10.0,94.0,"[{""hasPlayed"": true, ""points"": 213}, {""hasPlayed"": true, ""points"": 79}]",1,Maximilian Mittelstädt,91412.0,91412.0,98660.0,98373.0,461355.0,-1890331.0
1671,9,Grischa,Prömel,16152834.0,129.0,2.0,2.0,2.0,11468.0,258.0,0,3,https://kickbase.b-cdn.net/content/file/08b903ec758e4ca3be71c96efaf7d324.png,21.0,1,15.0,132.0,"[{""hasPlayed"": true, ""points"": 223}, {""hasPlayed"": true, ""points"": 35}]",1,Grischa Prömel,218826.0,218826.0,230160.0,215828.0,1276354.0,4423506.0
2068,9,Dan-Axel,Zagadou,846679.0,,,,,,,1,2,https://kickbase.b-cdn.net/content/file/b356ec2b4bb34ae28c670dafbe1077c8.png,23.0,2,,0.0,"[{""hasPlayed"": false, ""points"": null}, {""hasPlayed"": false, ""points"": null}]",5,Dan-Axel Zagadou,-95840.0,-95840.0,-125726.0,-132695.0,-788576.0,-3990089.0
2120,9,Nikolas,Nartey,4220635.0,,,,,,,2,3,https://kickbase.b-cdn.net/content/file/2133891e0645414dbdd7c340023656af.png,28.0,2,,0.0,"[{""hasPlayed"": false, ""points"": null}, {""hasPlayed"": false, ""points"": null}]",5,Nikolas Nartey,-79615.0,-79615.0,-95881.0,-95564.0,-745092.0,-1886733.0
2172,9,Chris,Führich,20830718.0,96.0,1.0,1.0,1.0,4251.0,96.0,0,3,https://kickbase.b-cdn.net/content/file/9a804bbfd5e14d84a33ca8e11ba3feb7.png,10.0,1,4.0,67.0,"[{""hasPlayed"": true, ""points"": 96}, {""hasPlayed"": false, ""points"": null}]",3,Chris Führich,30782.0,30782.0,58797.0,59500.0,-207802.0,-3641756.0
2199,9,Josha,Vagnoman,10072336.0,192.0,2.0,2.0,2.0,11468.0,383.0,0,2,https://kickbase.b-cdn.net/content/file/c0ddab007ad34b48b3efcfa3cb66ef4d.png,4.0,1,38.0,167.0,"[{""hasPlayed"": true, ""points"": 310}, {""hasPlayed"": true, ""points"": 73}]",3,Josha Vagnoman,403123.0,403123.0,393258.0,405808.0,2407914.0,4836436.0
2214,9,Atakan,Karazor,3511542.0,,,,,,,0,3,https://kickbase.b-cdn.net/content/file/219e2119996649e0846de7d6cd41906d.png,16.0,2,,0.0,"[{""hasPlayed"": false, ""points"": null}, {""hasPlayed"": false, ""points"": null}]",5,Atakan Karazor,-109123.0,-109123.0,-116616.0,-126227.0,-705384.0,-5897200.0
2237,9,Fabian,Bredlow,12773226.0,131.0,2.0,2.0,2.0,11468.0,262.0,0,1,https://kickbase.b-cdn.net/content/file/9c66b1c555ae45aea1e62e700f53f3e9.png,1.0,1,20.0,28.0,"[{""hasPlayed"": true, ""points"": 151}, {""hasPlayed"": true, ""points"": 111}]",1,Fabian Bredlow,136331.0,136331.0,136388.0,120381.0,808833.0,6206603.0
2445,9,Marius,Funk,1826780.0,,,,,,,0,1,https://kickbase.b-cdn.net/content/file/0e9c65b96cb040e5bd1a1d2127c167c9.png,33.0,2,,0.0,"[{""hasPlayed"": false, ""points"": null}, {""hasPlayed"": false, ""points"": null}]",5,Marius Funk,-148757.0,-148757.0,-148447.0,-150017.0,-1050210.0,-1120148.0
2694,9,Angelo,Stiller,32252166.0,76.0,2.0,2.0,2.0,10853.0,152.0,0,3,https://kickbase.b-cdn.net/content/file/11b094668fbf453fa70c2bcce7ffa8e8.png,6.0,2,4.0,72.0,"[{""hasPlayed"": true, ""points"": 127}, {""hasPlayed"": true, ""points"": 25}]",1,Angelo Stiller,-536370.0,-536370.0,-480599.0,-422650.0,-2655484.0,-4292334.0
2854,9,Ermedin,Demirović,16338138.0,81.0,2.0,2.0,0.0,3421.0,161.0,0,4,https://kickbase.b-cdn.net/content/file/80dff151ca80494294c4872fe9d6d725.png,9.0,1,9.0,119.0,"[{""hasPlayed"": true, ""points"": 165}, {""hasPlayed"": true, ""points"": -4}]",3,Ermedin Demirović,157063.0,157063.0,160322.0,122162.0,194714.0,-8945389.0
2988,9,Jamie,Leweling,19491861.0,9.0,2.0,2.0,0.0,3435.0,18.0,0,3,https://kickbase.b-cdn.net/content/file/c9e7ad1b174e48d8aaf075b0bc0bb13d.png,18.0,2,0.0,16.0,"[{""hasPlayed"": true, ""points"": 21}, {""hasPlayed"": true, ""points"": -3}]",3,Jamie Leweling,-554294.0,-554294.0,-579597.0,-564251.0,-1941779.0,-7363939.0
3190,9,Jeff,Chabot,23009564.0,94.0,2.0,2.0,2.0,10189.0,187.0,0,2,https://kickbase.b-cdn.net/content/file/ee6e1ec0b942485d99b3293e1c9d42f9.png,24.0,1,8.0,108.0,"[{""hasPlayed"": true, ""points"": 170}, {""hasPlayed"": true, ""points"": 17}]",2,Jeff Chabot,103284.0,103284.0,114414.0,85045.0,169536.0,-2583659.0
3193,9,,Tiago Tomás,7377095.0,35.0,1.0,1.0,1.0,3780.0,35.0,1,4,https://kickbase.b-cdn.net/content/file/bc4ccccad9f44c0fa4e3f4e7a406cb75.png,8.0,2,4.0,24.0,"[{""hasPlayed"": false, ""points"": null}, {""hasPlayed"": true, ""points"": 35}]",5,Tiago Tomás,-371400.0,-371400.0,-376763.0,-366197.0,-1836565.0,1787691.0
4296,9,Dzenan,Pejčinović,11688074.0,44.0,2.0,2.0,2.0,9491.0,87.0,0,4,https://kickbase.b-cdn.net/content/file/dce6b383ea96472faf6e2059c30593a9.png,17.0,1,7.0,55.0,"[{""hasPlayed"": true, ""points"": 93}, {""hasPlayed"": true, ""points"": -6}]",3,Dzenan Pejčinović,118364.0,118364.0,155478.0,154188.0,1152966.0,8809012.0
4589,9,Justin,Diehl,562192.0,,,,,,,1,4,https://kickbase.b-cdn.net/content/file/30199653f3bb49e4893c86fb81d21361.png,31.0,2,,0.0,"[{""hasPlayed"": false, ""points"": null}, {""hasPlayed"": false, ""points"": null}]",5,Justin Diehl,-73097.0,-73097.0,-114292.0,-138383.0,-841049.0,62192.0
6085,9,Dennis,Seimen,5727789.0,,,,,,,4,1,https://kickbase.b-cdn.net/content/file/6d05c64ea8014ede879dd27ed387ef4e.png,41.0,2,,0.0,"[{""hasPlayed"": false, ""points"": null}, {""hasPlayed"": false, ""points"": null}]",5,Dennis Seimen,-174984.0,-174984.0,-115160.0,-63423.0,-170977.0,-2026187.0
7158,9,Deniz,Undav,38608729.0,27.0,2.0,2.0,2.0,8735.0,53.0,0,4,https://kickbase.b-cdn.net/content/file/09b0fa82db54498db93794d443c5dd46.png,26.0,2,1.0,53.0,"[{""hasPlayed"": true, ""points"": 64}, {""hasPlayed"": true, ""points"": -11}]",2,Deniz Undav,-791583.0,-791583.0,-751849.0,-785736.0,-4246508.0,-4862702.0
7257,9,Leonidas,Stergiou,1762696.0,-8.0,1.0,1.0,0.0,1286.0,-8.0,0,2,https://kickbase.b-cdn.net/content/file/5969fcecc82d4c039732fa615901d1b2.png,20.0,2,,5.0,"[{""hasPlayed"": false, ""points"": null}, {""hasPlayed"": true, ""points"": -8}]",4,Leonidas Stergiou,-132851.0,-132851.0,-159274.0,-141934.0,-634179.0,-2890737.0
7349,9,Finn,Jeltsch,16519179.0,100.0,2.0,2.0,2.0,11468.0,200.0,0,2,https://kickbase.b-cdn.net/content/file/256dbc8d5e474b4caea5b04904175a7d.png,29.0,1,12.0,118.0,"[{""hasPlayed"": true, ""points"": 184}, {""hasPlayed"": true, ""points"": 16}]",2,Finn Jeltsch,124502.0,124502.0,163368.0,154438.0,847862.0,4687313.0
7781,9,Leo,Sauer,3897684.0,38.0,1.0,1.0,0.0,985.0,38.0,0,3,https://kickbase.b-cdn.net/content/file/79854e5f8e024f4cac5b935b26f557ef.png,44.0,1,9.0,26.0,"[{""hasPlayed"": true, ""points"": 38}, {""hasPlayed"": false, ""points"": null}]",4,Leo Sauer,316948.0,316948.0,279783.0,120539.0,534148.0,-3909550.0
8247,9,Ramon,Hendriks,8816255.0,-3.0,2.0,2.0,1.0,6745.0,-5.0,0,2,https://kickbase.b-cdn.net/content/file/105193e4d2f8459290802db43899091e.png,3.0,2,,48.0,"[{""hasPlayed"": true, ""points"": -37}, {""hasPlayed"": true, ""points"": 32}]",3,Ramon Hendriks,-298742.0,-298742.0,-282757.0,-196726.0,-493548.0,-2725989.0
9615,9,Ameen,Al Dakhil,853993.0,,,,,,,0,2,https://kickbase.b-cdn.net/content/file/4aee2e4168564f5e94d30aa4876c1170.png,2.0,2,,0.0,"[{""hasPlayed"": false, ""points"": null}, {""hasPlayed"": false, ""points"": null}]",4,Ameen Al Dakhil,-71071.0,-71071.0,-116058.0,-140867.0,-649150.0,-3755484.0
10112,9,Luca,Jaquez,1719702.0,,,,,,,2,2,https://kickbase.b-cdn.net/content/file/723a3008f59f42d2bc35e506cca0cae0.png,14.0,2,,0.0,"[{""hasPlayed"": false, ""points"": null}, {""hasPlayed"": false, ""points"": null}]",5,Luca Jaquez,-91003.0,-91003.0,-105571.0,-108822.0,-717645.0,-3972984.0
11043,9,Lorenz,Assignon,2788058.0,,,,,,,0,2,https://kickbase.b-cdn.net/content/file/9a09f4c605aa4708839026cfa823e807.png,22.0,2,,0.0,"[{""hasPlayed"": false, ""points"": null}, {""hasPlayed"": false, ""points"": null}]",4,Lorenz Assignon,-136227.0,-136227.0,-135428.0,-134275.0,-877697.0,2145279.0
11955,9,Bilal,El Khannouss,18956277.0,85.0,2.0,2.0,1.0,5995.0,169.0,0,3,https://kickbase.b-cdn.net/content/file/5647309665b04428a87e221756ac45de.png,11.0,1,8.0,204.0,"[{""hasPlayed"": true, ""points"": 229}, {""hasPlayed"": true, ""points"": -60}]",3,Bilal El Khannouss,200022.0,200022.0,208531.0,190145.0,-299234.0,-6519945.0
859,77,Jan,Gyamerah,6348105.0,72.0,2.0,2.0,2.0,9986.0,144.0,0,2,https://kickbase.b-cdn.net/content/file/605c8e04a1e448d28636a175391a6394.png,30.0,1,22.0,12.0,"[{""hasPlayed"": true, ""points"": 81}, {""hasPlayed"": true, ""points"": 63}]",1,Jan Gyamerah,237549.0,237549.0,218719.0,177813.0,1047771.0,2152442.0
1745,77,Amara,Condé,1741987.0,14.0,1.0,1.0,0.0,483.0,14.0,0,3,https://kickbase.b-cdn.net/content/file/f4a59adaeaa34d489c40d0fc80a957a6.png,6.0,1,8.0,9.0,"[{""hasPlayed"": true, ""points"": 14}, {""hasPlayed"": false, ""points"": null}]",5,Amara Condé,293726.0,293726.0,282001.0,198821.0,687502.0,-2012501.0
2495,77,Tim,Boss,1529799.0,,,,,,,0,1,https://kickbase.b-cdn.net/content/file/56d626009997411d96ea41f2355a4a62.png,28.0,2,,0.0,"[{""hasPlayed"": false, ""points"": null}, {""hasPlayed"": false, ""points"": null}]",5,Tim Boss,-152816.0,-152816.0,-154478.0,-149165.0,-1032842.0,-2603732.0
2928,77,Lukas Emanuel,Petkov,11837629.0,162.0,2.0,2.0,2.0,11739.0,324.0,0,3,https://kickbase.b-cdn.net/content/file/128565baaabc492cb4552221f5309f70.png,25.0,1,27.0,100.0,"[{""hasPlayed"": true, ""points"": 91}, {""hasPlayed"": true, ""points"": 233}]",1,Lukas Emanuel Petkov,200992.0,200992.0,206637.0,194874.0,1303950.0,506104.0
3026,77,Lasse,Günther,8591468.0,64.0,2.0,2.0,2.0,10489.0,128.0,0,2,https://kickbase.b-cdn.net/content/file/efd54edaa770405ba5107ab4d8e895ec.png,21.0,1,14.0,14.0,"[{""hasPlayed"": true, ""points"": 54}, {""hasPlayed"": true, ""points"": 74}]",2,Lasse Günther,207726.0,207726.0,178651.0,105903.0,687748.0,439422.0
3232,77,Luca,Pfeiffer,1494479.0,,,,,,,0,4,https://kickbase.b-cdn.net/content/file/31027969e84a49f6955ebbed0c02920c.png,16.0,2,,0.0,"[{""hasPlayed"": false, ""points"": null}, {""hasPlayed"": false, ""points"": null}]",5,Luca Pfeiffer,-136298.0,-136298.0,-146935.0,-156156.0,-908528.0,-3840056.0
3284,77,Maximilian,Rohr,10508770.0,101.0,2.0,2.0,2.0,10884.0,202.0,0,2,https://kickbase.b-cdn.net/content/file/42996bfe19eb43e8ab7a10cabb206982.png,31.0,1,19.0,19.0,"[{""hasPlayed"": true, ""points"": 115}, {""hasPlayed"": true, ""points"": 87}]",1,Maximilian Rohr,193125.0,193125.0,208727.0,243674.0,1281292.0,37172.0
3350,77,Felix,Keidel,9033612.0,125.0,2.0,2.0,2.0,11739.0,250.0,0,2,https://kickbase.b-cdn.net/content/file/d6f20538ad104c5cb3d4ba7d427f874d.png,43.0,1,27.0,83.0,"[{""hasPlayed"": true, ""points"": 184}, {""hasPlayed"": true, ""points"": 66}]",1,Felix Keidel,223774.0,223774.0,242887.0,173585.0,988252.0,6507109.0
6148,77,Lukas,Pinckert,10433723.0,136.0,2.0,2.0,2.0,11739.0,272.0,0,2,https://kickbase.b-cdn.net/content/file/4f8f4bead9d74021b33b2641418a1631.png,19.0,1,26.0,33.0,"[{""hasPlayed"": true, ""points"": 160}, {""hasPlayed"": true, ""points"": 112}]",1,Lukas Pinckert,222539.0,222539.0,358074.0,300277.0,1678017.0,1922586.0
6149,77,Frank,Lehmann,500000.0,,,,,,,0,1,https://kickbase.b-cdn.net/content/file/d396d4eb04c8406a99e09a3ad8cbd7d5.png,1.0,0,,0.0,"[{""hasPlayed"": false, ""points"": null}, {""hasPlayed"": false, ""points"": null}]",5,Frank Lehmann,0.0,0.0,0.0,0.0,0.0,-1375569.0
6158,77,Luca,Schnellbacher,3869053.0,15.0,1.0,1.0,0.0,1273.0,15.0,0,4,https://kickbase.b-cdn.net/content/file/082f309a17cb4c1b99372df2de90cc87.png,24.0,2,3.0,10.0,"[{""hasPlayed"": false, ""points"": null}, {""hasPlayed"": true, ""points"": 15}]",5,Luca Schnellbacher,-145298.0,-145298.0,-148051.0,-142001.0,-914697.0,2251377.0
6160,77,Nicolas,Kristof,12021077.0,94.0,2.0,2.0,2.0,11739.0,188.0,0,1,https://kickbase.b-cdn.net/content/file/e88c0be37ac84419974461264ed59e68.png,20.0,2,15.0,15.0,"[{""hasPlayed"": true, ""points"": 105}, {""hasPlayed"": true, ""points"": 83}]",1,Nicolas Kristof,19840.0,19840.0,12261.0,-95241.0,-682265.0,535378.0
6183,77,Noel,Futkeu,6982427.0,122.0,1.0,1.0,0.0,1252.0,122.0,0,4,https://kickbase.b-cdn.net/content/file/dfbdf3f14b144658845ce17d14108e74.png,9.0,1,17.0,86.0,"[{""hasPlayed"": true, ""points"": 122}, {""hasPlayed"": false, ""points"": null}]",5,Noel Futkeu,156803.0,156803.0,132466.0,6095.0,-769132.0,-3077704.0
7278,77,Lukasz,Poreba,8739453.0,91.0,2.0,2.0,2.0,11739.0,182.0,0,3,https://kickbase.b-cdn.net/content/file/e041a72fb7e245b5935420398b495e80.png,8.0,1,20.0,22.0,"[{""hasPlayed"": true, ""points"": 107}, {""hasPlayed"": true, ""points"": 75}]",1,Lukasz Poreba,266964.0,266964.0,238578.0,150152.0,626638.0,376210.0
7441,77,Cole,Campbell,10413162.0,84.0,2.0,2.0,2.0,7974.0,168.0,0,3,https://kickbase.b-cdn.net/content/file/669458754d454557bed29bb138f25294.png,39.0,1,16.0,84.0,"[{""hasPlayed"": true, ""points"": 24}, {""hasPlayed"": true, ""points"": 144}]",2,Cole Campbell,182315.0,182315.0,303928.0,299683.0,1979031.0,5726106.0
7463,77,Francis,Onyeka,10543722.0,108.0,2.0,2.0,2.0,8591.0,215.0,0,3,https://kickbase.b-cdn.net/content/file/1a2f3b7f876a41d09094a01b0c8e60e6.png,40.0,1,20.0,44.0,"[{""hasPlayed"": true, ""points"": 76}, {""hasPlayed"": true, ""points"": 139}]",2,Francis Onyeka,226668.0,226668.0,366088.0,345792.0,2187054.0,-76602.0
7514,77,Florian,Le Joncour,1919125.0,20.0,1.0,1.0,0.0,855.0,20.0,0,2,https://kickbase.b-cdn.net/content/file/bd59eb88ca624feda29aaaea681b7e05.png,3.0,1,10.0,14.0,"[{""hasPlayed"": false, ""points"": null}, {""hasPlayed"": true, ""points"": 20}]",5,Florian Le Joncour,295236.0,295236.0,252982.0,162362.0,779959.0,-1977843.0
8252,77,Maurice,Krattenmacher,3286334.0,144.0,2.0,2.0,0.0,3763.0,288.0,0,3,https://kickbase.b-cdn.net/content/file/9ba6541c944d41ee80df738763e91701.png,7.0,1,87.0,185.0,"[{""hasPlayed"": true, ""points"": 275}, {""hasPlayed"": true, ""points"": 13}]",4,Maurice Krattenmacher,439299.0,439299.0,451369.0,430886.0,1631874.0,-905268.0
8296,77,Frederik,Schmahl,2420629.0,,,,,,,0,3,https://kickbase.b-cdn.net/content/file/4fee028433d344a29b6c94e9ee65fa19.png,17.0,2,,0.0,"[{""hasPlayed"": false, ""points"": null}, {""hasPlayed"": false, ""points"": null}]",5,Frederik Schmahl,-147073.0,-147073.0,-147442.0,-155121.0,-978523.0,-397876.0
8301,77,Luca,Sirch,2763948.0,18.0,2.0,2.0,0.0,1752.0,35.0,0,2,https://kickbase.b-cdn.net/content/file/90e50e09e0d6425aa1c094d337ea2d95.png,26.0,2,12.0,10.0,"[{""hasPlayed"": true, ""points"": 25}, {""hasPlayed"": true, ""points"": 10}]",4,Luca Sirch,-131193.0,-131193.0,-131556.0,-132321.0,-781086.0,-2876025.0
9224,77,Tom,Zimmerschied,1581400.0,,,,,,,2,3,https://kickbase.b-cdn.net/content/file/9f0800bc0d18427ebfd3b4a9089dd165.png,29.0,2,,0.0,"[{""hasPlayed"": false, ""points"": null}, {""hasPlayed"": false, ""points"": null}]",5,Tom Zimmerschied,-111684.0,-111684.0,-118016.0,-124115.0,-828639.0,-5561221.0
9384,77,Noah,Darvich,4341833.0,12.0,1.0,1.0,0.0,1895.0,12.0,0,3,https://kickbase.b-cdn.net/content/file/a152e089e0e747c58731e76c4f5b58e2.png,10.0,2,2.0,8.0,"[{""hasPlayed"": false, ""points"": null}, {""hasPlayed"": true, ""points"": 12}]",5,Noah Darvich,-132380.0,-132380.0,-133975.0,-134022.0,-1562673.0,-1715672.0
9995,77,David,Mokwa,6847645.0,149.0,2.0,2.0,2.0,9981.0,298.0,0,4,https://kickbase.b-cdn.net/content/file/f876a96f8bbc45c9801216e1a536b532.png,42.0,1,43.0,1.0,"[{""hasPlayed"": true, ""points"": 150}, {""hasPlayed"": true, ""points"": 148}]",1,David Mokwa,424976.0,424976.0,439006.0,425814.0,2972156.0,2631507.0
11253,77,Nicholas,Mickelson,3248970.0,58.0,1.0,1.0,0.0,1249.0,58.0,0,2,https://kickbase.b-cdn.net/content/file/f16357c0983747ef91bacb8d05cc8499.png,2.0,2,17.0,41.0,"[{""hasPlayed"": true, ""points"": 58}, {""hasPlayed"": false, ""points"": null}]",4,Nicholas Mickelson,-124148.0,-124148.0,-123248.0,-124533.0,-917214.0,2720021.0
12317,77,Raif,Adam,2749065.0,,,,,,,0,4,https://kickbase.b-cdn.net/content/file/47b81129a6b9411b92255354f3e36834.png,15.0,2,,0.0,"[{""hasPlayed"": false, ""points"": null}, {""hasPlayed"": false, ""points"": null}]",5,Raif Adam,-143288.0,-143288.0,-141627.0,-145927.0,-937591.0,-576444.0
4,7,Janis,Blaswich,1839951.0,,,,,,,0,1,https://kickbase.b-cdn.net/content/file/d17035064d4a480484cb35d2dab54e46.png,28.0,2,,0.0,"[{""hasPlayed"": false, ""points"": null}, {""hasPlayed"": false, ""points"": null}]",5,Janis Blaswich,-146250.0,-146250.0,-149390.0,-165322.0,-557520.0,-281428.0
72,7,Mark,Flekken,13889155.0,83.0,2.0,2.0,2.0,11543.0,165.0,0,1,https://kickbase.b-cdn.net/content/file/98ea8901b970421b88f6a41a3137142f.png,1.0,2,11.0,50.0,"[{""hasPlayed"": true, ""points"": 118}, {""hasPlayed"": true, ""points"": 47}]",1,Mark Flekken,9265.0,9265.0,8977.0,-91658.0,-1096969.0,276842.0
78,7,Jonas,Hofmann,4409315.0,43.0,1.0,1.0,0.0,1881.0,43.0,0,3,https://kickbase.b-cdn.net/content/file/328114051c1e42df84e2a6ac3e93cf42.png,7.0,1,9.0,30.0,"[{""hasPlayed"": false, ""points"": null}, {""hasPlayed"": true, ""points"": 43}]",5,Jonas Hofmann,366752.0,366752.0,340967.0,290153.0,2108064.0,2037716.0
663,7,Robert,Andrich,4021051.0,38.0,1.0,1.0,0.0,1366.0,38.0,0,2,https://kickbase.b-cdn.net/content/file/0cdcdb27004443c09d112462f32ace2c.png,8.0,2,9.0,26.0,"[{""hasPlayed"": true, ""points"": 38}, {""hasPlayed"": false, ""points"": null}]",5,Robert Andrich,-60826.0,-60826.0,-73262.0,-74148.0,-526388.0,-7016332.0
2661,7,Moussa,Diaby,25148404.0,47.0,1.0,1.0,0.0,1570.0,47.0,0,4,https://kickbase.b-cdn.net/content/file/488ec35e9ff84260ac5ff526d6a9cd67.png,19.0,2,1.0,,"[{""hasPlayed"": true, ""points"": 47}, {""hasPlayed"": false, ""points"": null}]",3,Moussa Diaby,-351225.0,-351225.0,-9135.0,23052.0,-1464093.0,-12992152.0
2746,7,Patrik,Schick,30062845.0,189.0,2.0,2.0,2.0,9970.0,377.0,0,4,https://kickbase.b-cdn.net/content/file/9f0daa3f23514ac7a72c46ba81396a95.png,14.0,1,12.0,75.0,"[{""hasPlayed"": true, ""points"": 242}, {""hasPlayed"": true, ""points"": 135}]",1,Patrik Schick,93373.0,93373.0,98029.0,87908.0,392849.0,1092924.0
2783,7,Edmond,Tapsoba,27028130.0,51.0,2.0,2.0,2.0,11543.0,101.0,0,2,https://kickbase.b-cdn.net/content/file/21031db97a054165806a98d2f0c0d73b.png,12.0,2,3.0,108.0,"[{""hasPlayed"": true, ""points"": 127}, {""hasPlayed"": true, ""points"": -26}]",1,Edmond Tapsoba,-551068.0,-551068.0,-468994.0,-411465.0,-3588968.0,-4724336.0
2846,7,Malik,Tillman,14812567.0,86.0,2.0,2.0,2.0,8092.0,172.0,0,3,https://kickbase.b-cdn.net/content/file/04966a0af0e2477db734c91fdd98d4e1.png,10.0,2,11.0,16.0,"[{""hasPlayed"": true, ""points"": 98}, {""hasPlayed"": true, ""points"": 74}]",3,Malik Tillman,-314751.0,-314751.0,-133316.0,-50106.0,-335063.0,-871939.0
3754,7,Lucas,Vázquez,6356166.0,11.0,2.0,2.0,1.0,4031.0,22.0,0,2,https://kickbase.b-cdn.net/content/file/1636c5905fe44210aa3526352673cb13.png,17.0,2,3.0,24.0,"[{""hasPlayed"": true, ""points"": 28}, {""hasPlayed"": true, ""points"": -6}]",4,Lucas Vázquez,-386249.0,-386249.0,-412823.0,-429235.0,-1254988.0,2883508.0
3759,7,Miguel,Gutiérrez,22632876.0,199.0,2.0,2.0,2.0,10910.0,397.0,0,2,https://kickbase.b-cdn.net/content/file/e1b364b32dcc44539649cf1c88d0eba9.png,3.0,1,17.0,115.0,"[{""hasPlayed"": true, ""points"": 280}, {""hasPlayed"": true, ""points"": 117}]",1,Miguel Gutiérrez,176348.0,176348.0,148123.0,158404.0,810611.0,4742859.0
4199,7,Aleix,García,38763173.0,165.0,2.0,2.0,2.0,11543.0,329.0,0,3,https://kickbase.b-cdn.net/content/file/3de0ab19c54f4523a5bf21f686259db0.png,24.0,1,8.0,94.0,"[{""hasPlayed"": true, ""points"": 231}, {""hasPlayed"": true, ""points"": 98}]",1,Aleix García,2965.0,2965.0,7275.0,4873.0,-466643.0,1448650.0
4318,7,Tim,Oermann,2667024.0,,,,,,,0,2,https://kickbase.b-cdn.net/content/file/b9857e88faaf4de1a3450f6301c5448e.png,15.0,2,,0.0,"[{""hasPlayed"": false, ""points"": null}, {""hasPlayed"": false, ""points"": null}]",5,Tim Oermann,-147576.0,-147576.0,-138764.0,-141898.0,-934922.0,-968992.0
4563,7,Loïc,Badé,9732221.0,35.0,2.0,2.0,1.0,4765.0,70.0,0,2,https://kickbase.b-cdn.net/content/file/80f11505e8d445ae827aefe485b1c4c7.png,5.0,2,7.0,7.0,"[{""hasPlayed"": true, ""points"": 40}, {""hasPlayed"": true, ""points"": 30}]",4,Loïc Badé,-621383.0,-621383.0,-653857.0,-611242.0,-3712947.0,-4359165.0
6061,7,Ibrahim,Maza,30467734.0,213.0,2.0,2.0,2.0,11543.0,426.0,0,3,https://kickbase.b-cdn.net/content/file/7ff9728d20544b96a1fe698af86f9f2f.png,30.0,1,13.0,149.0,"[{""hasPlayed"": true, ""points"": 319}, {""hasPlayed"": true, ""points"": 107}]",1,Ibrahim Maza,71076.0,71076.0,2364.0,84732.0,222591.0,1741961.0
6745,7,Victor,Boniface,4473358.0,43.0,1.0,1.0,0.0,667.0,43.0,0,4,https://kickbase.b-cdn.net/content/file/f5f3d11be23443cb9e4c8c472288e093.png,22.0,2,9.0,30.0,"[{""hasPlayed"": false, ""points"": null}, {""hasPlayed"": true, ""points"": 43}]",5,Victor Boniface,-116671.0,-116671.0,-120828.0,-97503.0,-753617.0,-721699.0
7269,7,Nathan,Tella,4504030.0,,,,,,,2,3,https://kickbase.b-cdn.net/content/file/e0df07546d38465080767efd17a0898e.png,23.0,2,,0.0,"[{""hasPlayed"": false, ""points"": null}, {""hasPlayed"": false, ""points"": null}]",5,Nathan Tella,-128043.0,-128043.0,-129948.0,-142011.0,-956042.0,-4602109.0
7963,7,Jarell,Quansah,17122811.0,124.0,2.0,2.0,1.0,8154.0,247.0,0,2,https://kickbase.b-cdn.net/content/file/c1361cbb456a4b23a8e3d178290141cd.png,4.0,1,14.0,103.0,"[{""hasPlayed"": true, ""points"": 197}, {""hasPlayed"": true, ""points"": 50}]",2,Jarell Quansah,191785.0,191785.0,141588.0,83058.0,-835800.0,-4001853.0
8374,7,Martin,Terrier,948622.0,,,,,,,2,4,https://kickbase.b-cdn.net/content/file/039e1528fe214c32ad0653b911ea944e.png,11.0,2,,0.0,"[{""hasPlayed"": false, ""points"": null}, {""hasPlayed"": false, ""points"": null}]",5,Martin Terrier,47852.0,47852.0,-48818.0,-62869.0,-281119.0,-2534920.0
11513,7,Christian,Kofane,10437894.0,74.0,2.0,2.0,0.0,4066.0,148.0,0,4,https://kickbase.b-cdn.net/content/file/ce8356c51b154a87a40a56f723f2e3e3.png,35.0,1,14.0,49.0,"[{""hasPlayed"": true, ""points"": 39}, {""hasPlayed"": true, ""points"": 109}]",5,Christian Kofane,128321.0,128321.0,173422.0,242528.0,1342317.0,-750297.0
11680,7,Kennet,Eichhorn,2537530.0,,,,,,,1,3,https://kickbase.b-cdn.net/content/file/ceafc42e35aa446595952bcbdf873954.png,18.0,2,,0.0,"[{""hasPlayed"": false, ""points"": null}, {""hasPlayed"": false, ""points"": null}]",5,Kennet Eichhorn,-124787.0,-124787.0,-123749.0,-133180.0,-855199.0,-5717865.0
11756,7,Montrell,Culbreath,1575607.0,,,,,,,4,3,https://kickbase.b-cdn.net/content/file/43c4c26e99f3442ab58db3d049e5f1ae.png,42.0,2,,0.0,"[{""hasPlayed"": false, ""points"": null}, {""hasPlayed"": false, ""points"": null}]",5,Montrell Culbreath,-105876.0,-105876.0,-112251.0,-124723.0,-763877.0,-4656845.0
11956,7,Ezequiél,Fernández,11218186.0,134.0,2.0,2.0,2.0,7676.0,267.0,0,3,https://kickbase.b-cdn.net/content/file/2c37f7daf46f4c9693ffa9ef33ff980b.png,6.0,1,23.0,133.0,"[{""hasPlayed"": true, ""points"": 228}, {""hasPlayed"": true, ""points"": 39}]",2,Ezequiél Fernández,193373.0,193373.0,192649.0,162447.0,764492.0,7542945.0
11957,7,Eliesse,Ben Seghir,3465400.0,,,,,,,2,3,https://kickbase.b-cdn.net/content/file/83c0ccd07e1e42d0ac339779564cd1f4.png,17.0,1,,0.0,"[{""hasPlayed"": false, ""points"": null}, {""hasPlayed"": false, ""points"": null}]",5,Eliesse Ben Seghir,241935.0,241935.0,201616.0,167518.0,1212355.0,799300.0
13888,7,Guéla,Doué,16245171.0,,,,,,,2,2,https://kickbase.b-cdn.net/content/file/a775bc428eb743ada780edee411bfb8c.png,0.0,2,,,"[{""hasPlayed"": false, ""points"": null}, {""hasPlayed"": false, ""points"": null}]",4,Guéla Doué,-682573.0,-682573.0,-615188.0,-442156.0,16245171.0,16245171.0
14241,7,Facundo,Medina,9870477.0,128.0,2.0,2.0,1.0,6771.0,256.0,2,2,https://kickbase.b-cdn.net/content/file/a59d86f8dc644a43babfe89f615d199f.png,2.0,1,25.0,151.0,"[{""hasPlayed"": true, ""points"": 235}, {""hasPlayed"": true, ""points"": 21}]",2,Facundo Medina,379620.0,379620.0,397094.0,373332.0,1004270.0,9870477.0
15199,7,Afonso,Moreira,23461414.0,68.0,2.0,2.0,2.0,10875.0,135.0,0,4,https://kickbase.b-cdn.net/content/file/91b4b5c394a1464f98589ffa59af5aec.png,9.0,2,5.0,88.0,"[{""hasPlayed"": true, ""points"": 130}, {""hasPlayed"": true, ""points"": 5}]",2,Afonso Moreira,-417255.0,-417255.0,-327645.0,-212082.0,-1505330.0,2766769.0
417,28,Ron-Robert,Zieler,500000.0,,,,,,,0,1,https://kickbase.b-cdn.net/content/file/87bb56a22db74cfd99e639824b703f30.png,20.0,0,,0.0,"[{""hasPlayed"": false, ""points"": null}, {""hasPlayed"": false, ""points"": null}]",5,Ron-Robert Zieler,0.0,0.0,0.0,0.0,-294167.0,-1571491.0
737,28,Luca,Waldschmidt,2745365.0,,,,,,,0,3,https://kickbase.b-cdn.net/content/file/c6c99717a5834cacbb3161877ca3f29f.png,7.0,2,,0.0,"[{""hasPlayed"": false, ""points"": null}, {""hasPlayed"": false, ""points"": null}]",5,Luca Waldschmidt,-132810.0,-132810.0,-126887.0,-124342.0,-879701.0,-701565.0
1580,28,Marvin,Schwäbe,15787591.0,143.0,2.0,2.0,2.0,11507.0,285.0,0,1,https://kickbase.b-cdn.net/content/file/2708fddc28474a2299885f3eb69be6bc.png,1.0,1,18.0,47.0,"[{""hasPlayed"": true, ""points"": 109}, {""hasPlayed"": true, ""points"": 176}]",1,Marvin Schwäbe,66423.0,66423.0,74462.0,61391.0,279586.0,2693489.0
2069,28,Timo,Hübers,1350229.0,,,,,,,4,2,https://kickbase.b-cdn.net/content/file/6dbad3a67b1c4ffa892f8bef224e9f85.png,4.0,1,,0.0,"[{""hasPlayed"": false, ""points"": null}, {""hasPlayed"": false, ""points"": null}]",5,Timo Hübers,251452.0,251452.0,192555.0,52413.0,409557.0,-2092589.0
2201,28,Linton,Maina,8002637.0,66.0,2.0,2.0,1.0,6346.0,131.0,0,4,https://kickbase.b-cdn.net/content/file/54aad91024e84cf59b75e3c363775d71.png,37.0,1,16.0,47.0,"[{""hasPlayed"": true, ""points"": 32}, {""hasPlayed"": true, ""points"": 99}]",3,Linton Maina,204893.0,204893.0,185141.0,119559.0,1136200.0,3540946.0
2247,28,Borna,Sosa,5426137.0,,,,,,,0,2,https://kickbase.b-cdn.net/content/file/f8cf530ad652442a9688c49f058e3a8a.png,0.0,1,,,"[{""hasPlayed"": false, ""points"": null}, {""hasPlayed"": false, ""points"": null}]",5,Borna Sosa,239273.0,239273.0,285986.0,240405.0,751033.0,-10084231.0
2358,28,Tom,Krauß,8314591.0,59.0,2.0,2.0,2.0,10881.0,118.0,0,3,https://kickbase.b-cdn.net/content/file/55c214adfaba4a839c1bb19ad5a5f8ed.png,5.0,2,14.0,21.0,"[{""hasPlayed"": true, ""points"": 44}, {""hasPlayed"": true, ""points"": 74}]",2,Tom Krauß,-205674.0,-205674.0,-264574.0,-269728.0,-1175499.0,1032676.0
2536,28,Matthias,Köbbing,500000.0,,,,,,,0,1,https://kickbase.b-cdn.net/content/file/d7d4847201364186986efefd11b55766.png,44.0,0,,0.0,"[{""hasPlayed"": false, ""points"": null}, {""hasPlayed"": false, ""points"": null}]",5,Matthias Köbbing,0.0,0.0,0.0,0.0,0.0,0.0
2552,28,Marius,Bülter,5328162.0,17.0,2.0,2.0,0.0,1548.0,33.0,0,4,https://kickbase.b-cdn.net/content/file/020abec0763842a7af00f1ec5aafeea4.png,30.0,2,6.0,3.0,"[{""hasPlayed"": true, ""points"": 14}, {""hasPlayed"": true, ""points"": 19}]",4,Marius Bülter,-335291.0,-335291.0,-283768.0,-258651.0,-2074288.0,316963.0
2718,28,Ellyes,Skhiri,7656349.0,26.0,2.0,2.0,0.0,4784.0,52.0,0,3,https://kickbase.b-cdn.net/content/file/1274d4acfc8845a789f74d858afe1168.png,6.0,1,6.0,28.0,"[{""hasPlayed"": true, ""points"": 6}, {""hasPlayed"": true, ""points"": 46}]",3,Ellyes Skhiri,112817.0,112817.0,96336.0,68218.0,928558.0,3830975.0
2765,28,Jan,Thielmann,6419733.0,50.0,2.0,2.0,2.0,8564.0,99.0,0,3,https://kickbase.b-cdn.net/content/file/bae198375c644308ba2bff1d0f3f0569.png,29.0,1,15.0,45.0,"[{""hasPlayed"": true, ""points"": 17}, {""hasPlayed"": true, ""points"": 82}]",4,Jan Thielmann,-64713.0,-64713.0,41303.0,81175.0,692446.0,2007192.0
2855,28,Ragnar,Ache,14230518.0,61.0,2.0,2.0,2.0,8510.0,121.0,0,4,https://kickbase.b-cdn.net/content/file/659aab812d23451ba8e47f520a7d0754.png,9.0,2,8.0,43.0,"[{""hasPlayed"": true, ""points"": 30}, {""hasPlayed"": true, ""points"": 91}]",1,Ragnar Ache,-441324.0,-441324.0,-425005.0,-377547.0,-1185542.0,1959446.0
7219,28,Ísak,Jóhannesson,11620392.0,94.0,2.0,2.0,2.0,11507.0,187.0,2,3,https://kickbase.b-cdn.net/content/file/2922eb48335343ccb79b49b03af03818.png,8.0,1,16.0,105.0,"[{""hasPlayed"": true, ""points"": 19}, {""hasPlayed"": true, ""points"": 168}]",1,Ísak Jóhannesson,98730.0,98730.0,146035.0,130683.0,998800.0,4573827.0
8001,28,Luka,Lochoshvili,10903590.0,76.0,2.0,2.0,2.0,11507.0,152.0,0,2,https://kickbase.b-cdn.net/content/file/f6faf6be6d674e898fbfa189b9c2ad5c.png,24.0,1,13.0,63.0,"[{""hasPlayed"": true, ""points"": 31}, {""hasPlayed"": true, ""points"": 121}]",2,Luka Lochoshvili,13250.0,13250.0,38976.0,40213.0,524056.0,2866255.0
8274,28,Said,El Mala,25280809.0,143.0,1.0,1.0,1.0,3976.0,143.0,2,3,https://kickbase.b-cdn.net/content/file/f56e6d60e40c49189c830fb4ff65d4bf.png,10.0,2,5.0,101.0,"[{""hasPlayed"": false, ""points"": null}, {""hasPlayed"": true, ""points"": 143}]",3,Said El Mala,8612.0,8612.0,-2313.0,-121747.0,-876422.0,86749.0
10024,28,Joël,Schmied,1593203.0,20.0,1.0,1.0,0.0,185.0,20.0,0,2,https://kickbase.b-cdn.net/content/file/312960f02c6e4acab4db65b9c63eaf01.png,2.0,1,12.0,14.0,"[{""hasPlayed"": false, ""points"": null}, {""hasPlayed"": true, ""points"": 20}]",4,Joël Schmied,234008.0,234008.0,132873.0,17532.0,314896.0,-2329966.0
11570,28,Sebastian,Sebulonsen,1443486.0,,,,,,,0,2,https://kickbase.b-cdn.net/content/file/0f9cbbaaccb148a6ad251ba707b4f099.png,28.0,2,,0.0,"[{""hasPlayed"": false, ""points"": null}, {""hasPlayed"": false, ""points"": null}]",4,Sebastian Sebulonsen,-60233.0,-60233.0,-94470.0,-113673.0,-677063.0,-5114040.0
11875,28,Rav,van den Berg,976767.0,,,,,,,0,2,https://kickbase.b-cdn.net/content/file/0825c755c7df4f7ba70b3f8922154f99.png,33.0,2,,0.0,"[{""hasPlayed"": false, ""points"": null}, {""hasPlayed"": false, ""points"": null}]",4,Rav van den Berg,-88805.0,-88805.0,-123180.0,-111722.0,-540677.0,-2716101.0
11958,28,Alessio,Castro-Montes,8885434.0,57.0,2.0,2.0,2.0,11322.0,114.0,2,3,https://kickbase.b-cdn.net/content/file/4df59c76b9024563892682f996043056.png,17.0,2,12.0,8.0,"[{""hasPlayed"": true, ""points"": 51}, {""hasPlayed"": true, ""points"": 63}]",2,Alessio Castro-Montes,-376436.0,-376436.0,-298832.0,-245657.0,-853429.0,5883956.0
12321,28,Jahmai,Simpson-Pusey,10140506.0,71.0,2.0,2.0,2.0,11507.0,141.0,0,2,https://kickbase.b-cdn.net/content/file/f83f61dc46de468bb38cb6a9d9f51205.png,22.0,2,13.0,12.0,"[{""hasPlayed"": true, ""points"": 79}, {""hasPlayed"": true, ""points"": 62}]",1,Jahmai Simpson-Pusey,-232763.0,-232763.0,-270210.0,-245334.0,-1695007.0,-41686.0
14140,28,Gideon,Mensah,9782927.0,63.0,2.0,2.0,2.0,11507.0,126.0,0,2,https://kickbase.b-cdn.net/content/file/6cf365776d1d461fac56322c9e84e7ab.png,14.0,2,12.0,33.0,"[{""hasPlayed"": true, ""points"": 39}, {""hasPlayed"": true, ""points"": 87}]",1,Gideon Mensah,-28697.0,-28697.0,-112761.0,-140866.0,95541.0,1227405.0
14300,28,Paul,Okon-Engstler,4384531.0,37.0,2.0,2.0,2.0,6747.0,74.0,0,3,https://kickbase.b-cdn.net/content/file/cfde74fcc93247699da56f08049928c0.png,23.0,2,16.0,25.0,"[{""hasPlayed"": true, ""points"": 19}, {""hasPlayed"": true, ""points"": 55}]",3,Paul Okon-Engstler,-69479.0,-69479.0,-14740.0,18185.0,169838.0,3884531.0
15373,28,Reigan,Heskey,3571652.0,-8.0,1.0,1.0,0.0,1185.0,-8.0,0,3,https://kickbase.b-cdn.net/content/file/4ceda4e80b804183b8af45a55f8bbb24.png,11.0,2,,5.0,"[{""hasPlayed"": true, ""points"": -8}, {""hasPlayed"": false, ""points"": null}]",5,Reigan Heskey,-133590.0,-133590.0,-132869.0,-127721.0,-843058.0,-5112536.0
16945,28,Thijs,Dallinga,8254280.0,240.0,1.0,1.0,0.0,1810.0,240.0,0,4,https://kickbase.b-cdn.net/content/file/fab92b426a354aacae1fe7f26e0e6ab0.png,27.0,1,29.0,169.0,"[{""hasPlayed"": false, ""points"": null}, {""hasPlayed"": true, ""points"": 240}]",5,Thijs Dallinga,271520.0,271520.0,234685.0,141873.0,1213980.0,8254280.0
17282,28,Mikey,Moore,11470824.0,36.0,1.0,1.0,0.0,2967.0,36.0,0,3,https://kickbase.b-cdn.net/content/file/7f5524d22efb4465a313919dd3014114.png,0.0,1,3.0,,"[{""hasPlayed"": true, ""points"": 36}, {""hasPlayed"": false, ""points"": null}]",2,Mikey Moore,166039.0,166039.0,187222.0,172251.0,10970824.0,11470824.0
524,14,Oliver,Baumann,16591683.0,102.0,2.0,2.0,2.0,11756.0,203.0,0,1,https://kickbase.b-cdn.net/content/file/6e2c878756924da4a6fa4c11b8e4480c.png,1.0,2,12.0,38.0,"[{""hasPlayed"": true, ""points"": 74}, {""hasPlayed"": true, ""points"": 129}]",1,Oliver Baumann,-76952.0,-76952.0,-172110.0,-237103.0,-1102004.0,-3526624.0
1815,14,Andrej,Kramarić,12171111.0,-13.0,2.0,2.0,0.0,1881.0,-26.0,0,3,https://kickbase.b-cdn.net/content/file/26cffab4e6be4195a3d2817f15c60ee2.png,27.0,2,,14.0,"[{""hasPlayed"": true, ""points"": -23}, {""hasPlayed"": true, ""points"": -3}]",3,Andrej Kramarić,-383720.0,-383720.0,-452703.0,-456754.0,-3038039.0,-11610056.0
1954,14,,Bernardo,5891894.0,62.0,1.0,1.0,1.0,3268.0,62.0,0,2,https://kickbase.b-cdn.net/content/file/2e01b620f1354d0f9383cc0003c49d97.png,13.0,2,10.0,43.0,"[{""hasPlayed"": false, ""points"": null}, {""hasPlayed"": true, ""points"": 62}]",4,Bernardo,-322623.0,-322623.0,-324163.0,-292812.0,-996177.0,-4590401.0
2373,14,Ozan,Kabak,23722337.0,134.0,2.0,2.0,2.0,10729.0,267.0,0,2,https://kickbase.b-cdn.net/content/file/61c84298d75b4e86b4f46a133f91f33d.png,5.0,1,11.0,95.0,"[{""hasPlayed"": true, ""points"": 66}, {""hasPlayed"": true, ""points"": 201}]",1,Ozan Kabak,35262.0,35262.0,60567.0,58537.0,457678.0,3728170.0
2803,14,Tim,Lemperle,12012937.0,128.0,1.0,1.0,1.0,5210.0,128.0,0,4,https://kickbase.b-cdn.net/content/file/531648f7c8e7446883243fb819e94d82.png,19.0,1,10.0,90.0,"[{""hasPlayed"": true, ""points"": 128}, {""hasPlayed"": false, ""points"": null}]",1,Tim Lemperle,213955.0,213955.0,215823.0,204075.0,1391302.0,-358739.0
2852,14,Luca,Philipp,500000.0,,,,,,,0,1,https://kickbase.b-cdn.net/content/file/e45a165d68934e8e8a2bbc33ecbbbc96.png,37.0,0,,0.0,"[{""hasPlayed"": false, ""points"": null}, {""hasPlayed"": false, ""points"": null}]",5,Luca Philipp,0.0,0.0,0.0,0.0,0.0,0.0
3124,14,Patrick,Wimmer,9212473.0,44.0,2.0,2.0,2.0,8894.0,88.0,0,3,https://kickbase.b-cdn.net/content/file/a1e6985ea5b8487ca2db9c16a66eafe7.png,8.0,2,9.0,45.0,"[{""hasPlayed"": true, ""points"": 12}, {""hasPlayed"": true, ""points"": 76}]",3,Patrick Wimmer,-303837.0,-303837.0,-538123.0,-304326.0,-1066384.0,32424.0
3158,14,Fisnik,Asllani,17001494.0,,,,,,,2,4,https://kickbase.b-cdn.net/content/file/61214fe54f31411ea068f8fb8b3c1e49.png,11.0,2,,0.0,"[{""hasPlayed"": false, ""points"": null}, {""hasPlayed"": false, ""points"": null}]",5,Fisnik Asllani,-419071.0,-419071.0,-395295.0,-406135.0,-3338958.0,-9577049.0
3204,14,Bambasé,Conté,10096062.0,47.0,2.0,2.0,1.0,7169.0,94.0,0,4,https://kickbase.b-cdn.net/content/file/fa595ccc62ce4fdeafca00ccfc95088b.png,20.0,1,9.0,83.0,"[{""hasPlayed"": true, ""points"": -12}, {""hasPlayed"": true, ""points"": 106}]",3,Bambasé Conté,239900.0,239900.0,225112.0,174569.0,1454448.0,-506690.0
3471,14,Adam,Hložek,8639590.0,33.0,2.0,2.0,2.0,7858.0,66.0,0,4,https://kickbase.b-cdn.net/content/file/a70373665abe402993add63ac96b77de.png,10.0,2,7.0,19.0,"[{""hasPlayed"": true, ""points"": 19}, {""hasPlayed"": true, ""points"": 47}]",3,Adam Hložek,-291080.0,-291080.0,-313878.0,-359374.0,-2670462.0,2264721.0
7543,14,Max,Moerstedt,4473712.0,-41.0,2.0,2.0,0.0,3269.0,-82.0,0,4,https://kickbase.b-cdn.net/content/file/901ac71d98064e48b7b250786d8ac1d2.png,9.0,2,,48.0,"[{""hasPlayed"": true, ""points"": -7}, {""hasPlayed"": true, ""points"": -75}]",4,Max Moerstedt,-136763.0,-136763.0,-158039.0,-304877.0,-396781.0,-1105818.0
7673,14,Albian,Hajdari,14315746.0,23.0,2.0,2.0,2.0,11249.0,45.0,0,2,https://kickbase.b-cdn.net/content/file/0f60a3cd21c94cc4913d13f811e532a9.png,21.0,2,3.0,47.0,"[{""hasPlayed"": true, ""points"": -11}, {""hasPlayed"": true, ""points"": 56}]",2,Albian Hajdari,-535568.0,-535568.0,-590862.0,-591012.0,-3757344.0,-2051322.0
7717,14,Alexander,Prass,1650220.0,,,,,,,2,3,https://kickbase.b-cdn.net/content/file/f9e6ef6646eb4d248d5ce3ee24abda2d.png,22.0,2,,0.0,"[{""hasPlayed"": false, ""points"": null}, {""hasPlayed"": false, ""points"": null}]",5,Alexander Prass,-88988.0,-88988.0,-98724.0,-112139.0,-724633.0,-3553800.0
7745,14,Vladimír,Coufal,25625746.0,141.0,2.0,2.0,2.0,11756.0,282.0,0,2,https://kickbase.b-cdn.net/content/file/3b2c057d49604e74af1ea35ac7411a4a.png,34.0,1,11.0,7.0,"[{""hasPlayed"": true, ""points"": 146}, {""hasPlayed"": true, ""points"": 136}]",1,Vladimír Coufal,6481.0,6481.0,18299.0,-6024.0,-305096.0,950034.0
7750,14,Robin,Hranác,5032874.0,23.0,2.0,2.0,0.0,3564.0,45.0,0,2,https://kickbase.b-cdn.net/content/file/378ad76b9745472cb56cc5de220ea9f9.png,2.0,1,8.0,30.0,"[{""hasPlayed"": true, ""points"": 1}, {""hasPlayed"": true, ""points"": 44}]",4,Robin Hranác,320394.0,320394.0,343193.0,300252.0,1869474.0,-6540.0
8289,14,Lúkas,Petersson,500000.0,,,,,,,0,1,https://kickbase.b-cdn.net/content/file/e12887e5419f4c63a3e0c0b0213fb3cc.png,36.0,0,,0.0,"[{""hasPlayed"": false, ""points"": null}, {""hasPlayed"": false, ""points"": null}]",5,Lúkas Petersson,0.0,0.0,0.0,0.0,0.0,0.0
9598,14,Valentin,Gendrey,1438279.0,,,,,,,0,2,https://kickbase.b-cdn.net/content/file/963aa0e9a1bf4537bba171631d3ef595.png,15.0,2,,0.0,"[{""hasPlayed"": false, ""points"": null}, {""hasPlayed"": false, ""points"": null}]",5,Valentin Gendrey,-132414.0,-132414.0,-137942.0,-146572.0,-839609.0,-2926975.0
11161,14,Koki,Machida,3473577.0,,,,,,,0,2,https://kickbase.b-cdn.net/content/file/80f0a50727b54ea5a90a99a754cc7a6c.png,28.0,1,,0.0,"[{""hasPlayed"": false, ""points"": null}, {""hasPlayed"": false, ""points"": null}]",5,Koki Machida,260163.0,260163.0,233295.0,138238.0,1300840.0,432339.0
11162,14,Leon,Avdullahu,16478492.0,106.0,2.0,2.0,2.0,11756.0,211.0,0,3,https://kickbase.b-cdn.net/content/file/805fdf4f3bec4018a1ff6bc85cc95546.png,7.0,1,12.0,43.0,"[{""hasPlayed"": true, ""points"": 136}, {""hasPlayed"": true, ""points"": 75}]",1,Leon Avdullahu,17515.0,17515.0,28770.0,-11233.0,-521416.0,2445654.0
11591,14,Cajetan,Lenz,1023594.0,,,,,,,0,3,https://kickbase.b-cdn.net/content/file/2d15f1ede167438698d92ddc037e6abe.png,32.0,2,,0.0,"[{""hasPlayed"": false, ""points"": null}, {""hasPlayed"": false, ""points"": null}]",5,Cajetan Lenz,-120752.0,-120752.0,-138274.0,-138192.0,-751384.0,-4378907.0
11631,14,Wouter,Burger,20165779.0,61.0,2.0,2.0,2.0,10738.0,121.0,0,3,https://kickbase.b-cdn.net/content/file/50a59d7c22f64565b2f31bba1dfae5bd.png,18.0,2,6.0,3.0,"[{""hasPlayed"": true, ""points"": 58}, {""hasPlayed"": true, ""points"": 63}]",1,Wouter Burger,-551617.0,-551617.0,-598437.0,-573543.0,-3732213.0,-1506033.0
11959,14,Adam,Daghim,10707875.0,154.0,2.0,2.0,2.0,11243.0,308.0,0,4,https://kickbase.b-cdn.net/content/file/1919dcbd4fb6447aad155fb3c72f3e38.png,14.0,1,28.0,12.0,"[{""hasPlayed"": true, ""points"": 145}, {""hasPlayed"": true, ""points"": 163}]",2,Adam Daghim,202970.0,202970.0,203001.0,178929.0,1601152.0,8469870.0
15193,14,Mats,Rots,7863758.0,46.0,2.0,2.0,1.0,6457.0,91.0,0,2,https://kickbase.b-cdn.net/content/file/d96dc40ca1674b38aef03dff83ae8ab0.png,39.0,1,11.0,84.0,"[{""hasPlayed"": true, ""points"": 105}, {""hasPlayed"": true, ""points"": -14}]",2,Mats Rots,270413.0,270413.0,158000.0,51508.0,-767764.0,-2601577.0
15262,14,Nathan,De Cat,12117830.0,-6.0,2.0,2.0,0.0,2514.0,-11.0,0,3,https://kickbase.b-cdn.net/content/file/8c55d861342c440b9966f1cd6dc86f29.png,17.0,2,,4.0,"[{""hasPlayed"": true, ""points"": -2}, {""hasPlayed"": true, ""points"": -9}]",3,Nathan De Cat,-639778.0,-639778.0,-689212.0,-692896.0,-4401335.0,-2935455.0
51,40,Rani,Khedira,6908806.0,33.0,2.0,2.0,2.0,11810.0,65.0,0,3,https://kickbase.b-cdn.net/content/file/9ecae4fccb2648b8b2bd92c4cac3f955.png,8.0,2,9.0,26.0,"[{""hasPlayed"": true, ""points"": 14}, {""hasPlayed"": true, ""points"": 51}]",1,Rani Khedira,-242321.0,-242321.0,-288730.0,-301245.0,-1324672.0,2175947.0
1223,40,Marvin,Friedrich,1630784.0,,,,,,,2,2,https://kickbase.b-cdn.net/content/file/0e7e99776b0c460eaaf8702878b90869.png,5.0,2,,0.0,"[{""hasPlayed"": false, ""points"": null}, {""hasPlayed"": false, ""points"": null}]",5,Marvin Friedrich,-140018.0,-140018.0,-140550.0,-141644.0,-943319.0,-121592.0
1553,40,Janik,Haberer,2790309.0,22.0,2.0,2.0,0.0,2995.0,44.0,0,3,https://kickbase.b-cdn.net/content/file/ce496ba0469a4a3b80d18b665d7466c0.png,19.0,1,15.0,9.0,"[{""hasPlayed"": true, ""points"": 15}, {""hasPlayed"": true, ""points"": 29}]",4,Janik Haberer,261798.0,261798.0,195465.0,61342.0,392168.0,-1560002.0
1955,40,Oliver,Burke,1973022.0,,,,,,,2,4,https://kickbase.b-cdn.net/content/file/a76d8d4a531548f58ceb241fe4958952.png,7.0,2,,0.0,"[{""hasPlayed"": false, ""points"": null}, {""hasPlayed"": false, ""points"": null}]",5,Oliver Burke,-129635.0,-129635.0,-131607.0,-133403.0,-884986.0,-2053034.0
2065,40,Felix,Uduokhai,5913945.0,70.0,1.0,1.0,1.0,5649.0,70.0,0,2,https://kickbase.b-cdn.net/content/file/e407afb596ac48f2bab3f2f63a37f2c2.png,2.0,1,11.0,49.0,"[{""hasPlayed"": true, ""points"": 70}, {""hasPlayed"": false, ""points"": null}]",2,Felix Uduokhai,291972.0,291972.0,298592.0,233906.0,1217570.0,-2784593.0
2279,40,Frederik,Rönnow,8333853.0,90.0,1.0,1.0,1.0,5649.0,90.0,0,1,https://kickbase.b-cdn.net/content/file/a74539007fa347f28af0ce83caafef6f.png,1.0,1,10.0,63.0,"[{""hasPlayed"": true, ""points"": 90}, {""hasPlayed"": false, ""points"": null}]",1,Frederik Rönnow,337801.0,337801.0,300245.0,209884.0,812221.0,-1242097.0
2302,40,Woo-Yeong,Jeong,4573425.0,34.0,2.0,2.0,0.0,3876.0,68.0,0,3,https://kickbase.b-cdn.net/content/file/167f780b883445c1bb79e00354f1e807.png,11.0,2,14.0,38.0,"[{""hasPlayed"": true, ""points"": 7}, {""hasPlayed"": true, ""points"": 61}]",3,Woo-Yeong Jeong,-105954.0,-105954.0,-149369.0,-372205.0,-211596.0,-543157.0
2400,40,Christopher,Trimmel,2396006.0,-6.0,1.0,1.0,0.0,1194.0,-6.0,0,2,https://kickbase.b-cdn.net/content/file/0133043125be433d91c3b93eb502aebe.png,28.0,2,,4.0,"[{""hasPlayed"": true, ""points"": -6}, {""hasPlayed"": false, ""points"": null}]",4,Christopher Trimmel,-130642.0,-130642.0,-138971.0,-140719.0,-866776.0,-3022074.0
2491,40,Tim,Skarke,6169277.0,75.0,2.0,2.0,0.0,3896.0,149.0,0,3,https://kickbase.b-cdn.net/content/file/530ba96741b943798d9be4d5dcc151f5.png,21.0,1,24.0,92.0,"[{""hasPlayed"": true, ""points"": 9}, {""hasPlayed"": true, ""points"": 140}]",3,Tim Skarke,316825.0,316825.0,336379.0,297327.0,2186557.0,2045123.0
2717,40,Robert,Skov,1703656.0,,,,,,,0,3,https://kickbase.b-cdn.net/content/file/ebae4e5c0fec43ebaed2b2aae064a346.png,24.0,1,,0.0,"[{""hasPlayed"": false, ""points"": null}, {""hasPlayed"": false, ""points"": null}]",5,Robert Skov,263107.0,263107.0,264192.0,196830.0,715443.0,-2173559.0
3102,40,Tom,Rothe,9375305.0,52.0,2.0,2.0,2.0,11810.0,103.0,0,2,https://kickbase.b-cdn.net/content/file/82917858d1a74a7f90a2d9dfca456b71.png,15.0,2,10.0,37.0,"[{""hasPlayed"": true, ""points"": 25}, {""hasPlayed"": true, ""points"": 78}]",1,Tom Rothe,-217727.0,-217727.0,-281656.0,-403824.0,-810461.0,3776753.0
3187,40,András,Schäfer,4113878.0,15.0,2.0,2.0,1.0,4966.0,29.0,0,3,https://kickbase.b-cdn.net/content/file/433f8b676b6b4b898ad3ede98e20f79d.png,13.0,2,7.0,31.0,"[{""hasPlayed"": true, ""points"": -8}, {""hasPlayed"": true, ""points"": 37}]",3,András Schäfer,-123710.0,-123710.0,-132586.0,-132325.0,-669080.0,540912.0
3364,40,Carl,Klaus,2914073.0,,,,,,,0,1,https://kickbase.b-cdn.net/content/file/03530ee1979440f6865c5fc39260c63a.png,25.0,2,,0.0,"[{""hasPlayed"": false, ""points"": null}, {""hasPlayed"": false, ""points"": null}]",5,Carl Klaus,-146172.0,-146172.0,-144110.0,-144978.0,-1015212.0,2414073.0
3419,40,Matheo,Raab,4765669.0,9.0,1.0,1.0,1.0,6161.0,9.0,0,1,https://kickbase.b-cdn.net/content/file/6f65c492a85a491b94cd3b8a37bae6f8.png,31.0,2,1.0,6.0,"[{""hasPlayed"": false, ""points"": null}, {""hasPlayed"": true, ""points"": 9}]",5,Matheo Raab,-410463.0,-410463.0,-487981.0,-493635.0,-910078.0,2614409.0
3453,40,Derrick,Köhn,2223158.0,19.0,1.0,1.0,0.0,811.0,19.0,0,2,https://kickbase.b-cdn.net/content/file/336162df73db46fdb0d35c73c0928582.png,17.0,1,8.0,13.0,"[{""hasPlayed"": false, ""points"": null}, {""hasPlayed"": true, ""points"": 19}]",5,Derrick Köhn,294890.0,294890.0,256444.0,174316.0,797069.0,-1089361.0
4352,40,Stanley,Nsoki,1606791.0,,,,,,,4,2,https://kickbase.b-cdn.net/content/file/6c54070a804d4f15acb3d09b63af882a.png,34.0,2,,0.0,"[{""hasPlayed"": false, ""points"": null}, {""hasPlayed"": false, ""points"": null}]",5,Stanley Nsoki,-146962.0,-146962.0,-144077.0,-145989.0,-998648.0,-1777255.0
4446,40,Aljoscha,Kemlein,7446841.0,34.0,2.0,2.0,2.0,8815.0,67.0,0,3,https://kickbase.b-cdn.net/content/file/2dc45e5315ff4262a38925af69a6e745.png,6.0,2,8.0,31.0,"[{""hasPlayed"": true, ""points"": 11}, {""hasPlayed"": true, ""points"": 56}]",2,Aljoscha Kemlein,-278334.0,-278334.0,-314900.0,-291107.0,-1402412.0,757109.0
4598,40,Josip,Juranović,10994876.0,114.0,2.0,2.0,2.0,10615.0,228.0,0,2,https://kickbase.b-cdn.net/content/file/17ce8593891544bbae052579071e5c45.png,18.0,1,20.0,144.0,"[{""hasPlayed"": true, ""points"": 12}, {""hasPlayed"": true, ""points"": 216}]",2,Josip Juranović,127764.0,127764.0,151984.0,158312.0,1479186.0,6153532.0
7684,40,Michel,Aebischer,4435202.0,10.0,2.0,2.0,2.0,7930.0,19.0,0,3,https://kickbase.b-cdn.net/content/file/53d3916429e94e6c8ea54b7c96c1fd91.png,20.0,2,4.0,21.0,"[{""hasPlayed"": true, ""points"": -6}, {""hasPlayed"": true, ""points"": 25}]",3,Michel Aebischer,-101258.0,-101258.0,-119808.0,-108564.0,-881897.0,4435202.0
7723,40,Leopold,Querfeld,14405283.0,257.0,1.0,1.0,1.0,6161.0,257.0,0,2,https://kickbase.b-cdn.net/content/file/b9dfbb26ed9347b9a1585f29718c9d76.png,14.0,2,17.0,181.0,"[{""hasPlayed"": false, ""points"": null}, {""hasPlayed"": true, ""points"": 257}]",3,Leopold Querfeld,-376720.0,-376720.0,-290815.0,-122040.0,-505437.0,1372104.0
8381,40,Livan,Burcu,5260763.0,28.0,2.0,2.0,1.0,6848.0,55.0,0,3,https://kickbase.b-cdn.net/content/file/9ee1048c9191462c82b58e23f1dbf647.png,9.0,2,10.0,0.0,"[{""hasPlayed"": true, ""points"": 28}, {""hasPlayed"": true, ""points"": 27}]",3,Livan Burcu,-306687.0,-306687.0,-334885.0,-348162.0,-2209453.0,-1437325.0
9683,40,Andrej,Ilic,3615555.0,,,,,,,1,4,https://kickbase.b-cdn.net/content/file/1a56a70bd0c1483894bc78d61bf30f46.png,23.0,2,,0.0,"[{""hasPlayed"": false, ""points"": null}, {""hasPlayed"": false, ""points"": null}]",5,Andrej Ilic,-144410.0,-144410.0,-130084.0,-132493.0,-807626.0,-5626112.0
10106,40,Marin,Ljubičić,4654077.0,7.0,2.0,2.0,2.0,10999.0,14.0,0,4,https://kickbase.b-cdn.net/content/file/fcb660bdc74f41ef85fd3f45ac56962e.png,27.0,2,3.0,22.0,"[{""hasPlayed"": true, ""points"": -9}, {""hasPlayed"": true, ""points"": 23}]",2,Marin Ljubičić,-61934.0,-61934.0,-366680.0,-411943.0,-697513.0,2046512.0
12763,40,Emmanuel,Latte Lath,8924303.0,40.0,2.0,2.0,2.0,7914.0,80.0,0,4,https://kickbase.b-cdn.net/content/file/d94f619b8cda4f03a559f3b3b10c2ffc.png,29.0,2,8.0,79.0,"[{""hasPlayed"": true, ""points"": -16}, {""hasPlayed"": true, ""points"": 96}]",3,Emmanuel Latte Lath,-393303.0,-393303.0,-722145.0,-577321.0,-1626512.0,2182967.0
13629,40,Linus,Güther,1774617.0,,,,,,,0,3,https://kickbase.b-cdn.net/content/file/d92375c9bb9640858ef3fa4deebadf84.png,49.0,2,,0.0,"[{""hasPlayed"": false, ""points"": null}, {""hasPlayed"": false, ""points"": null}]",5,Linus Güther,-148625.0,-148625.0,-150157.0,-150631.0,-1010121.0,1274617.0
14917,40,Zeno,Van den Bosch,9318498.0,51.0,2.0,2.0,2.0,11810.0,101.0,0,2,https://kickbase.b-cdn.net/content/file/f19174a181cb4b18a6fb28116d085029.png,4.0,2,10.0,57.0,"[{""hasPlayed"": true, ""points"": 10}, {""hasPlayed"": true, ""points"": 91}]",3,Zeno Van den Bosch,-298251.0,-298251.0,-348146.0,-608020.0,-1866766.0,-2629195.0
17306,40,Kastriot,Imeri,3314854.0,,,,,,,2,3,https://kickbase.b-cdn.net/content/file/a4b7da39d3b84ed08289b6992fe6d4ee.png,0.0,2,,,"[{""hasPlayed"": false, ""points"": null}, {""hasPlayed"": false, ""points"": null}]",5,Kastriot Imeri,-155586.0,-155586.0,-167758.0,-183454.0,3314854.0,3314854.0
357,4,Jens,Grahl,500000.0,,,,,,,0,1,https://kickbase.b-cdn.net/content/file/e76a9805862d4c849883f4035d7912a7.png,33.0,0,,0.0,"[{""hasPlayed"": false, ""points"": null}, {""hasPlayed"": false, ""points"": null}]",5,Jens Grahl,0.0,0.0,0.0,0.0,0.0,0.0
461,4,Timothy,Chandler,930275.0,-9.0,1.0,1.0,0.0,1457.0,-9.0,0,2,https://kickbase.b-cdn.net/content/file/e7c03911a4054596904af25c839e49a8.png,22.0,2,,6.0,"[{""hasPlayed"": true, ""points"": -9}, {""hasPlayed"": false, ""points"": null}]",5,Timothy Chandler,-121226.0,-121226.0,-125917.0,-135340.0,-837357.0,430275.0
513,4,Mario,Götze,4129729.0,56.0,1.0,1.0,1.0,4200.0,56.0,0,3,https://kickbase.b-cdn.net/content/file/d3877d0c416e4d30a99efbd5a673b455.png,27.0,2,13.0,39.0,"[{""hasPlayed"": true, ""points"": 56}, {""hasPlayed"": false, ""points"": null}]",3,Mario Götze,83241.0,83241.0,-22081.0,-61432.0,-312160.0,488460.0
2144,4,Robin,Koch,24508139.0,133.0,2.0,2.0,2.0,11823.0,265.0,0,2,https://kickbase.b-cdn.net/content/file/9ec4a1262fb84d21b3b5458cc97f9cf3.png,4.0,1,10.0,0.0,"[{""hasPlayed"": true, ""points"": 133}, {""hasPlayed"": true, ""points"": 132}]",1,Robin Koch,94777.0,94777.0,91230.0,60371.0,347198.0,1981545.0
2255,4,Jonathan,Burkardt,24784248.0,80.0,2.0,2.0,2.0,10087.0,160.0,0,4,https://kickbase.b-cdn.net/content/file/f11b49646cad49699fd37664e712e9c9.png,9.0,2,6.0,48.0,"[{""hasPlayed"": true, ""points"": 114}, {""hasPlayed"": true, ""points"": 46}]",1,Jonathan Burkardt,-479033.0,-479033.0,-466511.0,-372772.0,-2037464.0,-654159.0
2863,4,Ansgar,Knauff,3790233.0,,,,,,,1,3,https://kickbase.b-cdn.net/content/file/df49f152f9bc4fd99f45742758ff5cfc.png,7.0,2,,0.0,"[{""hasPlayed"": false, ""points"": null}, {""hasPlayed"": false, ""points"": null}]",5,Ansgar Knauff,-125720.0,-125720.0,-123792.0,-131450.0,-879989.0,-1080023.0
2864,4,Nnamdi,Collins,5256528.0,,,,,,,4,2,https://kickbase.b-cdn.net/content/file/47efb7c32b294c238dcddcc3bd26ac21.png,34.0,2,,0.0,"[{""hasPlayed"": false, ""points"": null}, {""hasPlayed"": false, ""points"": null}]",5,Nnamdi Collins,-297598.0,-297598.0,-296002.0,-295267.0,-2069175.0,-7543596.0
2887,4,Ritsu,Dōan,15716242.0,70.0,1.0,1.0,1.0,5259.0,70.0,0,3,https://kickbase.b-cdn.net/content/file/8ad9394d1b4e4df9b692dad3a7539c1d.png,20.0,1,4.0,49.0,"[{""hasPlayed"": true, ""points"": 70}, {""hasPlayed"": false, ""points"": null}]",2,Ritsu Dōan,56412.0,56412.0,54645.0,57769.0,-526258.0,-3898428.0
3019,4,Noah,Atubolu,13427382.0,83.0,2.0,2.0,2.0,11823.0,166.0,0,1,https://kickbase.b-cdn.net/content/file/1a428dbd61524b48bb209d1ebee4ac6d.png,1.0,1,12.0,66.0,"[{""hasPlayed"": true, ""points"": 36}, {""hasPlayed"": true, ""points"": 130}]",1,Noah Atubolu,173845.0,173845.0,210802.0,244444.0,1606579.0,3547574.0
6081,4,Can,Uzun,27488991.0,62.0,2.0,2.0,2.0,9419.0,124.0,0,3,https://kickbase.b-cdn.net/content/file/d508a06c367e48b4a6ad92a95ee8612d.png,42.0,2,4.0,4.0,"[{""hasPlayed"": true, ""points"": 59}, {""hasPlayed"": true, ""points"": 65}]",1,Can Uzun,-807389.0,-807389.0,-602586.0,-29742.0,-1391191.0,605351.0
7275,4,Kauã,Santos,4166251.0,,,,,,,0,1,https://kickbase.b-cdn.net/content/file/aa2d99e5647f41be9c144d86afcdde54.png,40.0,2,,0.0,"[{""hasPlayed"": false, ""points"": null}, {""hasPlayed"": false, ""points"": null}]",5,Kauã Santos,-146640.0,-146640.0,-142699.0,-135261.0,-1423549.0,-4961676.0
7277,4,Farès,Chaïbi,9824910.0,54.0,2.0,2.0,1.0,7623.0,107.0,0,3,https://kickbase.b-cdn.net/content/file/774d9ee4bd994b9dae8672fbf45215fe.png,8.0,1,10.0,36.0,"[{""hasPlayed"": true, ""points"": 28}, {""hasPlayed"": true, ""points"": 79}]",3,Farès Chaïbi,270517.0,270517.0,287867.0,330644.0,2069604.0,-2790985.0
7325,4,Elias,Baum,13783223.0,116.0,2.0,2.0,2.0,10366.0,231.0,0,2,https://kickbase.b-cdn.net/content/file/0f3d607126284679ac5bc7ee81f890ad.png,2.0,1,16.0,92.0,"[{""hasPlayed"": true, ""points"": 50}, {""hasPlayed"": true, ""points"": 181}]",2,Elias Baum,94682.0,94682.0,112256.0,188436.0,1166921.0,5806462.0
7417,4,Noël,Aséko,4177877.0,,,,,,,0,3,https://kickbase.b-cdn.net/content/file/4c3b212857824d74bed5f3922ab26e64.png,15.0,2,,0.0,"[{""hasPlayed"": false, ""points"": null}, {""hasPlayed"": false, ""points"": null}]",5,Noël Aséko,-124813.0,-124813.0,-117538.0,-84783.0,-602830.0,-6042025.0
8351,4,Oscar,Højlund,4353678.0,1.0,1.0,1.0,0.0,945.0,1.0,0,3,https://kickbase.b-cdn.net/content/file/9f25f3c48efd47488db3f0fea31226bc.png,6.0,2,0.0,0.0,"[{""hasPlayed"": false, ""points"": null}, {""hasPlayed"": true, ""points"": 1}]",3,Oscar Højlund,-137088.0,-137088.0,-149079.0,-142804.0,-1494213.0,76607.0
10004,4,Younes,Ebnoutalib,15171802.0,221.0,2.0,2.0,2.0,11211.0,442.0,0,4,https://kickbase.b-cdn.net/content/file/0a607bef8a9448cabbf3308c90e0dc6f.png,11.0,1,29.0,117.0,"[{""hasPlayed"": true, ""points"": 138}, {""hasPlayed"": true, ""points"": 304}]",1,Younes Ebnoutalib,270779.0,270779.0,274727.0,266423.0,1920207.0,5202526.0
11186,4,Jeremiaha,Maluze,4394550.0,194.0,1.0,1.0,1.0,6161.0,194.0,0,2,https://kickbase.b-cdn.net/content/file/41180e5bf4d046fbb3c24268c49459cb.png,37.0,1,44.0,137.0,"[{""hasPlayed"": false, ""points"": null}, {""hasPlayed"": true, ""points"": 194}]",4,Jeremiaha Maluze,220778.0,220778.0,281681.0,308896.0,2476326.0,3894550.0
12284,4,Keita,Kosugi,9242714.0,59.0,2.0,2.0,2.0,11823.0,118.0,0,2,https://kickbase.b-cdn.net/content/file/4626c41eb1dd44d5b36bfde09dc9f229.png,26.0,2,12.0,7.0,"[{""hasPlayed"": true, ""points"": 54}, {""hasPlayed"": true, ""points"": 64}]",2,Keita Kosugi,-271575.0,-271575.0,-592092.0,-443155.0,-1633903.0,4570738.0
12285,4,Love,Arrhov,1314483.0,-6.0,1.0,1.0,0.0,944.0,-6.0,0,3,https://kickbase.b-cdn.net/content/file/02ec19133f8a43768226917be968f9f8.png,31.0,2,,4.0,"[{""hasPlayed"": false, ""points"": null}, {""hasPlayed"": true, ""points"": -6}]",5,Love Arrhov,-134501.0,-134501.0,-158610.0,-150404.0,-778786.0,-3627674.0
12294,4,Ayoube,Amaimouni,8543630.0,41.0,2.0,2.0,1.0,6675.0,82.0,0,3,https://kickbase.b-cdn.net/content/file/5f68ec42f258435a8233881431dc3c75.png,29.0,1,9.0,45.0,"[{""hasPlayed"": true, ""points"": 9}, {""hasPlayed"": true, ""points"": 73}]",4,Ayoube Amaimouni,178075.0,178075.0,197285.0,193254.0,1380176.0,3447828.0
14920,4,Malik,Pimpong,2059865.0,-6.0,2.0,2.0,0.0,2139.0,-12.0,0,4,https://kickbase.b-cdn.net/content/file/0800fc3bf36841cbb6450f1a83cf8ee3.png,35.0,2,,16.0,"[{""hasPlayed"": true, ""points"": -18}, {""hasPlayed"": true, ""points"": 6}]",5,Malik Pimpong,-126842.0,-126842.0,-147687.0,-84681.0,-587045.0,-4904653.0
15589,4,,Otávio,6223019.0,-1.0,1.0,1.0,0.0,611.0,-1.0,0,2,https://kickbase.b-cdn.net/content/file/29d28defc06541cdb2d6e020dc443ca1.png,5.0,2,,0.0,"[{""hasPlayed"": false, ""points"": null}, {""hasPlayed"": true, ""points"": -1}]",4,Otávio,-392653.0,-392653.0,-411108.0,-382623.0,-2716925.0,1389158.0
16369,4,Raphael,Onyedika,12645038.0,61.0,2.0,2.0,2.0,11823.0,122.0,0,3,https://kickbase.b-cdn.net/content/file/4413ed18fac54a58a6e94d858ea72074.png,25.0,2,9.0,46.0,"[{""hasPlayed"": true, ""points"": 94}, {""hasPlayed"": true, ""points"": 28}]",1,Raphael Onyedika,-386328.0,-386328.0,-422629.0,-379799.0,-2711435.0,940739.0
17285,4,Lilian,Brassier,12702083.0,79.0,1.0,1.0,1.0,5662.0,79.0,0,2,https://kickbase.b-cdn.net/content/file/951b525cdfe04feaba0ac1724d5faf27.png,0.0,1,6.0,,"[{""hasPlayed"": true, ""points"": 79}, {""hasPlayed"": false, ""points"": null}]",1,Lilian Brassier,145325.0,145325.0,152638.0,143523.0,12202083.0,12702083.0
60,18,Dominik,Kohr,5911495.0,96.0,1.0,1.0,1.0,4824.0,96.0,1,2,https://kickbase.b-cdn.net/content/file/fc6cb9d67771484baa8cd7547280f6cd.png,31.0,2,16.0,67.0,"[{""hasPlayed"": false, ""points"": null}, {""hasPlayed"": true, ""points"": 96}]",5,Dominik Kohr,-375001.0,-375001.0,-370983.0,-374966.0,-2654493.0,-1542348.0
550,18,Stefan,Bell,848824.0,,,,,,,0,2,https://kickbase.b-cdn.net/content/file/b5f9d86fa6414225acae1ed532dfb2e7.png,16.0,2,,0.0,"[{""hasPlayed"": false, ""points"": null}, {""hasPlayed"": false, ""points"": null}]",5,Stefan Bell,-39424.0,-39424.0,-105622.0,-125827.0,-595924.0,-2564090.0
620,18,Alexander,Schwolow,2927223.0,151.0,1.0,1.0,1.0,5624.0,151.0,0,1,https://kickbase.b-cdn.net/content/file/8c632c3299954c0f8703f77102907955.png,1.0,1,51.0,106.0,"[{""hasPlayed"": true, ""points"": 151}, {""hasPlayed"": false, ""points"": null}]",3,Alexander Schwolow,116231.0,116231.0,37613.0,-113567.0,-516409.0,388501.0
1540,18,Danny,Da Costa,11240005.0,89.0,2.0,2.0,1.0,6462.0,178.0,0,2,https://kickbase.b-cdn.net/content/file/d7479cd684eb4636932e2e5651e92411.png,21.0,1,15.0,76.0,"[{""hasPlayed"": true, ""points"": 35}, {""hasPlayed"": true, ""points"": 143}]",3,Danny Da Costa,43668.0,43668.0,112950.0,161204.0,1016840.0,3566982.0
1590,18,Robin,Zentner,13796993.0,104.0,1.0,1.0,1.0,5731.0,104.0,2,1,https://kickbase.b-cdn.net/content/file/dad81a3053174c60b16a47385173f2d5.png,27.0,2,7.0,73.0,"[{""hasPlayed"": false, ""points"": null}, {""hasPlayed"": true, ""points"": 104}]",3,Robin Zentner,-575639.0,-575639.0,-438610.0,-42784.0,-930199.0,2115597.0
1639,18,Nadiem,Amiri,34858220.0,170.0,2.0,2.0,2.0,11355.0,339.0,0,3,https://kickbase.b-cdn.net/content/file/7d4c71e7f54e4886a93df87cf4f3987c.png,10.0,1,9.0,3.0,"[{""hasPlayed"": true, ""points"": 172}, {""hasPlayed"": true, ""points"": 167}]",1,Nadiem Amiri,60782.0,60782.0,65118.0,50520.0,393631.0,2743108.0
2006,18,Stefan,Posch,8624145.0,123.0,1.0,1.0,1.0,5299.0,123.0,0,2,https://kickbase.b-cdn.net/content/file/890290d8b9bd491fb3c624f1c57d47bd.png,4.0,2,14.0,86.0,"[{""hasPlayed"": true, ""points"": 123}, {""hasPlayed"": false, ""points"": null}]",3,Stefan Posch,112594.0,112594.0,71234.0,-197155.0,-1408000.0,275372.0
2030,18,Phillip,Tietz,15545684.0,203.0,2.0,2.0,2.0,11355.0,406.0,0,4,https://kickbase.b-cdn.net/content/file/2acf94096d5443fcb6d70524c93fb74e.png,9.0,1,26.0,166.0,"[{""hasPlayed"": true, ""points"": 321}, {""hasPlayed"": true, ""points"": 85}]",1,Phillip Tietz,147724.0,147724.0,-93970.0,79263.0,501866.0,4608135.0
2232,18,Philipp,Mwene,11318523.0,187.0,2.0,2.0,2.0,11355.0,373.0,0,2,https://kickbase.b-cdn.net/content/file/90c9ea6f2e3c49fd8dc4455a289facd0.png,2.0,1,32.0,163.0,"[{""hasPlayed"": true, ""points"": 302}, {""hasPlayed"": true, ""points"": 71}]",1,Philipp Mwene,226359.0,226359.0,184222.0,103675.0,860624.0,3481256.0
2399,18,Lennard,Maloney,2388653.0,23.0,1.0,1.0,0.0,312.0,23.0,0,3,https://kickbase.b-cdn.net/content/file/8ae05919f4ae4c4a8ea0e0fdc6e08e32.png,15.0,2,9.0,16.0,"[{""hasPlayed"": true, ""points"": 23}, {""hasPlayed"": false, ""points"": null}]",5,Lennard Maloney,-167259.0,-167259.0,-29577.0,29479.0,482257.0,-654699.0
2476,18,Jae-Sung,Lee,13339227.0,138.0,2.0,2.0,2.0,9397.0,276.0,0,3,https://kickbase.b-cdn.net/content/file/b0241527f3d94a8c976c749e2004944d.png,7.0,1,20.0,48.0,"[{""hasPlayed"": true, ""points"": 172}, {""hasPlayed"": true, ""points"": 104}]",1,Jae-Sung Lee,154228.0,154228.0,158670.0,92332.0,829937.0,5877450.0
2646,18,Sheraldo,Becker,13640184.0,176.0,2.0,2.0,2.0,8198.0,351.0,0,4,https://kickbase.b-cdn.net/content/file/e279d94dff1f46ea8a7f16ea6656528c.png,23.0,2,25.0,178.0,"[{""hasPlayed"": true, ""points"": 302}, {""hasPlayed"": true, ""points"": 49}]",1,Sheraldo Becker,162755.0,162755.0,44933.0,-226464.0,-1380094.0,1513667.0
2702,18,Eric,Martel,2447754.0,,,,,,,4,3,https://kickbase.b-cdn.net/content/file/8744ec1d907e4042b8afa0f7d030628c.png,5.0,2,,0.0,"[{""hasPlayed"": false, ""points"": null}, {""hasPlayed"": false, ""points"": null}]",5,Eric Martel,-108697.0,-108697.0,-101392.0,-94507.0,-670522.0,-5483277.0
2822,18,,Silas,768592.0,,,,,,,1,4,https://kickbase.b-cdn.net/content/file/c9d8809a21ab421eae753d788da8f8e3.png,26.0,2,,0.0,"[{""hasPlayed"": false, ""points"": null}, {""hasPlayed"": false, ""points"": null}]",5,Silas,-86995.0,-86995.0,-126564.0,-138050.0,-823782.0,-196173.0
2895,18,Paul,Nebel,3639803.0,,,,,,,1,3,https://kickbase.b-cdn.net/content/file/03b835615e0c4ae3850ce2970f9cec04.png,8.0,2,,0.0,"[{""hasPlayed"": false, ""points"": null}, {""hasPlayed"": false, ""points"": null}]",5,Paul Nebel,-89724.0,-89724.0,-85150.0,-89989.0,-677820.0,-7317394.0
3041,18,Silvan,Widmer,2429807.0,29.0,1.0,1.0,0.0,1324.0,29.0,2,2,https://kickbase.b-cdn.net/content/file/0c5f8e3a3a1145cfadc9fbe799559ed4.png,30.0,1,11.0,20.0,"[{""hasPlayed"": false, ""points"": null}, {""hasPlayed"": true, ""points"": 29}]",5,Silvan Widmer,222807.0,222807.0,191713.0,118035.0,520557.0,-1296144.0
3318,18,Ransford,Königsdörffer,4992795.0,75.0,2.0,2.0,0.0,3160.0,149.0,0,4,https://kickbase.b-cdn.net/content/file/4f3abfff728148fda062801c5af46204.png,11.0,1,29.0,81.0,"[{""hasPlayed"": true, ""points"": 132}, {""hasPlayed"": true, ""points"": 17}]",5,Ransford Königsdörffer,272269.0,272269.0,119770.0,-50298.0,-148307.0,-1468543.0
3470,18,Anthony,Caci,12796411.0,108.0,2.0,2.0,2.0,9298.0,216.0,0,2,https://kickbase.b-cdn.net/content/file/5bb349b2622049a7aa73a59edcec1781.png,19.0,1,16.0,22.0,"[{""hasPlayed"": true, ""points"": 92}, {""hasPlayed"": true, ""points"": 124}]",1,Anthony Caci,116871.0,116871.0,137277.0,121104.0,912033.0,6065333.0
6111,18,Benedict,Hollerbach,2168206.0,,,,,,,0,4,https://kickbase.b-cdn.net/content/file/212f0c9603f04c869640c40bdbb0a396.png,17.0,2,,0.0,"[{""hasPlayed"": false, ""points"": null}, {""hasPlayed"": false, ""points"": null}]",5,Benedict Hollerbach,-111707.0,-111707.0,-113080.0,-105569.0,-715479.0,-1457890.0
8307,18,Kaishu,Sano,18229689.0,157.0,2.0,2.0,2.0,11042.0,313.0,0,3,https://kickbase.b-cdn.net/content/file/aa2bb0e7fba5493db89b7b6646147ddc.png,6.0,1,17.0,33.0,"[{""hasPlayed"": true, ""points"": 180}, {""hasPlayed"": true, ""points"": 133}]",1,Kaishu Sano,162465.0,162465.0,165650.0,123670.0,934131.0,4719198.0
10122,18,Fabio,Gruber,12162647.0,159.0,2.0,2.0,2.0,11355.0,317.0,0,2,https://kickbase.b-cdn.net/content/file/278ee138191a434c98f6a644a68e553c.png,3.0,1,26.0,40.0,"[{""hasPlayed"": true, ""points"": 187}, {""hasPlayed"": true, ""points"": 130}]",2,Fabio Gruber,227838.0,227838.0,191811.0,104069.0,1010235.0,262618.0
11261,18,Sota,Kawasaki,2480315.0,,,,,,,0,3,https://kickbase.b-cdn.net/content/file/4678b1fe37904abeb5122cf3927324dc.png,24.0,2,,0.0,"[{""hasPlayed"": false, ""points"": null}, {""hasPlayed"": false, ""points"": null}]",5,Sota Kawasaki,-137804.0,-137804.0,-146775.0,-148543.0,-938719.0,-1307821.0
11665,18,Kacper,Potulski,6762113.0,79.0,2.0,2.0,1.0,6531.0,158.0,0,2,https://kickbase.b-cdn.net/content/file/b1ee33c0ce864060a4d44adf70936760.png,48.0,1,23.0,72.0,"[{""hasPlayed"": true, ""points"": 130}, {""hasPlayed"": true, ""points"": 28}]",2,Kacper Potulski,382502.0,382502.0,391212.0,325385.0,2226568.0,-1005941.0
11666,18,Maximilian,Kinzig,500000.0,,,,,,,0,1,https://kickbase.b-cdn.net/content/file/7add439bbfdf4921bf609edc2ed32e8e.png,40.0,0,,,"[{""hasPlayed"": false, ""points"": null}, {""hasPlayed"": false, ""points"": null}]",5,Maximilian Kinzig,0.0,0.0,0.0,0.0,0.0,0.0
13438,18,Otto,Ruoppi,1452824.0,19.0,2.0,2.0,0.0,1953.0,38.0,0,3,https://kickbase.b-cdn.net/content/file/87f2fcbedcfd4094b1aa3112efb54de3.png,20.0,2,26.0,5.0,"[{""hasPlayed"": true, ""points"": 23}, {""hasPlayed"": true, ""points"": 15}]",5,Otto Ruoppi,-118645.0,-118645.0,-105022.0,-41529.0,-422105.0,-4341716.0
17179,18,Rael-Tshimbela,Nakuzola,1590843.0,23.0,1.0,1.0,0.0,324.0,23.0,0,2,https://kickbase.b-cdn.net/content/file/6c0a23ba3672480f9163c215c36670c8.png,47.0,2,14.0,16.0,"[{""hasPlayed"": true, ""points"": 23}, {""hasPlayed"": false, ""points"": null}]",5,Rael-Tshimbela Nakuzola,-147734.0,-147734.0,-190443.0,-216693.0,-395639.0,1590843.0
168,29,Sven,Michel,1731212.0,,,,,,,4,4,https://kickbase.b-cdn.net/content/file/e03c92ddb64b4dfaa85fddc8832168ef.png,11.0,1,,0.0,"[{""hasPlayed"": false, ""points"": null}, {""hasPlayed"": false, ""points"": null}]",5,Sven Michel,239599.0,239599.0,255307.0,225903.0,1231212.0,-2060749.0
1964,29,Felix,Götze,4260994.0,,,,,,,0,2,https://kickbase.b-cdn.net/content/file/211c165645f84bc08e3bac17e3ba0dcf.png,20.0,2,,0.0,"[{""hasPlayed"": false, ""points"": null}, {""hasPlayed"": false, ""points"": null}]",4,Felix Götze,-120749.0,-120749.0,-119325.0,-128437.0,-1597637.0,-2543010.0
2015,29,Raphael,Obermair,9129371.0,70.0,2.0,2.0,2.0,11454.0,140.0,0,3,https://kickbase.b-cdn.net/content/file/0d9820e6e0904252b629770883bf6ed2.png,23.0,1,15.0,28.0,"[{""hasPlayed"": true, ""points"": 50}, {""hasPlayed"": true, ""points"": 90}]",1,Raphael Obermair,263505.0,263505.0,230460.0,165425.0,990255.0,576973.0
2301,29,Oliver,Batista Meier,4321116.0,-11.0,1.0,1.0,0.0,1233.0,-11.0,0,3,https://kickbase.b-cdn.net/content/file/80153ba03a7849fdae3b398764d24b18.png,7.0,2,,7.0,"[{""hasPlayed"": true, ""points"": -11}, {""hasPlayed"": false, ""points"": null}]",4,Oliver Batista Meier,-143403.0,-143403.0,-145788.0,-139438.0,-1509399.0,-1755389.0
2471,29,Markus,Schubert,1636562.0,,,,,,,0,1,https://kickbase.b-cdn.net/content/file/1602a8ef777540f4ac5390f258ed237c.png,1.0,2,,0.0,"[{""hasPlayed"": false, ""points"": null}, {""hasPlayed"": false, ""points"": null}]",5,Markus Schubert,-150688.0,-150688.0,-146470.0,-144453.0,-1016004.0,-2332322.0
2498,29,Tom,Baack,1907552.0,12.0,1.0,1.0,0.0,1187.0,12.0,0,3,https://kickbase.b-cdn.net/content/file/e009e7eb6946411f8f86641cb56174fe.png,6.0,2,6.0,8.0,"[{""hasPlayed"": false, ""points"": null}, {""hasPlayed"": true, ""points"": 12}]",5,Tom Baack,-141893.0,-141893.0,-148283.0,-158742.0,-862826.0,-3208494.0
2749,29,Steffen,Tigges,4034642.0,36.0,2.0,2.0,0.0,4618.0,71.0,0,4,https://kickbase.b-cdn.net/content/file/10d7abeb491e42818537662e1ceba8d1.png,27.0,2,17.0,4.0,"[{""hasPlayed"": true, ""points"": 39}, {""hasPlayed"": true, ""points"": 32}]",4,Steffen Tigges,-137283.0,-137283.0,-151144.0,-141803.0,-104775.0,3062801.0
2977,29,Nahuel,Noll,13188490.0,112.0,2.0,2.0,2.0,11454.0,224.0,0,1,https://kickbase.b-cdn.net/content/file/48b2c904ac8c41fdaa5c9503ba6e81ca.png,15.0,1,16.0,1.0,"[{""hasPlayed"": true, ""points"": 113}, {""hasPlayed"": true, ""points"": 111}]",1,Nahuel Noll,49284.0,49284.0,19174.0,14627.0,119067.0,1910261.0
3027,29,Marvin,Pieringer,4353106.0,33.0,2.0,2.0,2.0,10532.0,65.0,0,4,https://kickbase.b-cdn.net/content/file/599aac2ada574e618a4b2ef6956cd9b3.png,18.0,1,14.0,98.0,"[{""hasPlayed"": true, ""points"": 1}, {""hasPlayed"": true, ""points"": 64}]",1,Marvin Pieringer,143787.0,143787.0,184087.0,186341.0,1740747.0,3108589.0
3081,29,Gabriel,Vidović,7365633.0,37.0,2.0,2.0,2.0,11454.0,74.0,0,3,https://kickbase.b-cdn.net/content/file/cbf9ad550a164e0392e43ae723e2d83d.png,40.0,2,10.0,49.0,"[{""hasPlayed"": true, ""points"": 2}, {""hasPlayed"": true, ""points"": 72}]",1,Gabriel Vidović,-404064.0,-404064.0,-468635.0,-135199.0,-480125.0,6865633.0
3336,29,Stefano,Marino,4788767.0,16.0,2.0,2.0,1.0,4820.0,31.0,0,4,https://kickbase.b-cdn.net/content/file/197aeeb1c0994cb68e398212e6941782.png,30.0,2,6.0,27.0,"[{""hasPlayed"": true, ""points"": -4}, {""hasPlayed"": true, ""points"": 35}]",4,Stefano Marino,-356265.0,-356265.0,-361699.0,-379181.0,-2223633.0,-3100436.0
3491,29,Sebastian,Klaas,1719457.0,,,,,,,0,3,https://kickbase.b-cdn.net/content/file/889217c751e5403eaf39162d4dc54b9a.png,26.0,2,,0.0,"[{""hasPlayed"": false, ""points"": null}, {""hasPlayed"": false, ""points"": null}]",5,Sebastian Klaas,-150660.0,-150660.0,-166476.0,-189858.0,-587349.0,1219457.0
3492,29,Marcel,Hoffmeier,3492246.0,,,,,,,0,2,https://kickbase.b-cdn.net/content/file/b4ad73b6a3334bf8a2efdbe5b1d7e19c.png,33.0,2,,0.0,"[{""hasPlayed"": false, ""points"": null}, {""hasPlayed"": false, ""points"": null}]",5,Marcel Hoffmeier,-143698.0,-143698.0,-142613.0,-139512.0,-963569.0,-2787784.0
3559,29,Laurin,Ulrich,7050972.0,62.0,2.0,2.0,2.0,9033.0,123.0,0,3,https://kickbase.b-cdn.net/content/file/48e50490d07242cb9b0ecf6bcdc688f2.png,28.0,2,17.0,24.0,"[{""hasPlayed"": true, ""points"": 79}, {""hasPlayed"": true, ""points"": 44}]",2,Laurin Ulrich,-277946.0,-277946.0,-311780.0,-340369.0,-857807.0,6550972.0
6197,29,Laurin,Curda,10782186.0,101.0,2.0,2.0,2.0,11454.0,202.0,0,2,https://kickbase.b-cdn.net/content/file/ba195e9442954a30a3835950c99832a5.png,17.0,1,18.0,121.0,"[{""hasPlayed"": true, ""points"": 15}, {""hasPlayed"": true, ""points"": 187}]",1,Laurin Curda,38552.0,38552.0,54388.0,68047.0,706723.0,-678751.0
6217,29,Rayan,Philippe,3511905.0,13.0,2.0,2.0,1.0,3106.0,26.0,0,4,https://kickbase.b-cdn.net/content/file/585c2df9602d47268fb6aaf32245792c.png,9.0,1,7.0,19.0,"[{""hasPlayed"": true, ""points"": 27}, {""hasPlayed"": true, ""points"": -1}]",2,Rayan Philippe,333997.0,333997.0,309114.0,279031.0,1584615.0,-814864.0
6292,29,Mattes,Hansen,5944803.0,58.0,2.0,2.0,2.0,9931.0,116.0,0,2,https://kickbase.b-cdn.net/content/file/c747e1ad35ed44f4afbc5de1075d8bf1.png,22.0,1,19.0,8.0,"[{""hasPlayed"": true, ""points"": 52}, {""hasPlayed"": true, ""points"": 64}]",2,Mattes Hansen,312792.0,312792.0,309326.0,330065.0,1883173.0,3057318.0
6751,29,Florian,Pruhs,1975714.0,,,,,,,0,1,https://kickbase.b-cdn.net/content/file/3878770830244658b3841f0074466ab7.png,31.0,2,,0.0,"[{""hasPlayed"": false, ""points"": null}, {""hasPlayed"": false, ""points"": null}]",5,Florian Pruhs,-151613.0,-151613.0,-154600.0,-152145.0,-1061381.0,52581.0
7320,29,Tjark,Scheller,8976874.0,105.0,2.0,2.0,2.0,11454.0,209.0,0,2,https://kickbase.b-cdn.net/content/file/06f63d14a0f4493faf04f78ea6aa5f10.png,25.0,1,23.0,40.0,"[{""hasPlayed"": true, ""points"": 76}, {""hasPlayed"": true, ""points"": 133}]",1,Tjark Scheller,330836.0,330836.0,339831.0,320829.0,2143893.0,1652795.0
7616,29,Jano,ter Horst,9804821.0,91.0,2.0,2.0,2.0,10714.0,181.0,0,2,https://kickbase.b-cdn.net/content/file/a931e1f10bb84a9bb35b795a7857b8ee.png,21.0,1,18.0,74.0,"[{""hasPlayed"": true, ""points"": 38}, {""hasPlayed"": true, ""points"": 143}]",1,Jano ter Horst,237036.0,237036.0,266891.0,254773.0,1822079.0,3841672.0
8292,29,Santiago,Castañeda,9953021.0,86.0,2.0,2.0,2.0,11454.0,171.0,0,3,https://kickbase.b-cdn.net/content/file/37ddcd7042414ce59c844f52d87ee300.png,5.0,1,17.0,21.0,"[{""hasPlayed"": true, ""points"": 70}, {""hasPlayed"": true, ""points"": 101}]",1,Santiago Castañeda,283091.0,283091.0,263825.0,228896.0,1553972.0,1378910.0
8872,29,Jonah,Sticker,3137362.0,8.0,2.0,2.0,0.0,1936.0,15.0,0,2,https://kickbase.b-cdn.net/content/file/74f3dad539cd4e30aabca849e8e8bc64.png,3.0,2,4.0,19.0,"[{""hasPlayed"": true, ""points"": -6}, {""hasPlayed"": true, ""points"": 21}]",4,Jonah Sticker,-133140.0,-133140.0,-137193.0,-138769.0,-869871.0,-138432.0
8984,29,Nyamekye,Awortwie-Grant,1017264.0,,,,,,,1,2,https://kickbase.b-cdn.net/content/file/6b0e71018bd542b0b17a0e0a3e9058ac.png,4.0,2,,0.0,"[{""hasPlayed"": false, ""points"": null}, {""hasPlayed"": false, ""points"": null}]",5,Nyamekye Awortwie-Grant,-145144.0,-145144.0,-159897.0,-180968.0,-721458.0,195818.0
9283,29,Deniz,Zeitler,2568054.0,,,,,,,0,4,https://kickbase.b-cdn.net/content/file/b3f504e1c3274815a84cd32d2a63477f.png,38.0,2,,0.0,"[{""hasPlayed"": false, ""points"": null}, {""hasPlayed"": false, ""points"": null}]",5,Deniz Zeitler,-162199.0,-162199.0,-164958.0,-156140.0,-1002335.0,2068054.0
10048,29,Luka,Duric,1749566.0,,,,,,,0,3,https://kickbase.b-cdn.net/content/file/fdce53ba9bff4a39b30dda997ad991ee.png,8.0,2,,0.0,"[{""hasPlayed"": false, ""points"": null}, {""hasPlayed"": false, ""points"": null}]",5,Luka Duric,-149156.0,-149156.0,-154977.0,-159078.0,-944377.0,-3309416.0
11170,29,Ruben,Müller,2622683.0,,,,,,,0,3,https://kickbase.b-cdn.net/content/file/30dea41b80454a638771929f17e0d368.png,2.0,2,,0.0,"[{""hasPlayed"": false, ""points"": null}, {""hasPlayed"": false, ""points"": null}]",5,Ruben Müller,-157170.0,-157170.0,-155230.0,-150027.0,-1001999.0,965703.0
12262,29,Albert Frank,Millgramm,2741605.0,,,,,,,0,4,https://kickbase.b-cdn.net/content/file/0635ef3343fb4b138fd946cc4a199637.png,19.0,2,,0.0,"[{""hasPlayed"": false, ""points"": null}, {""hasPlayed"": false, ""points"": null}]",5,Albert Frank Millgramm,-148470.0,-148470.0,-147304.0,-147333.0,-949493.0,-2688583.0
14911,29,Clemens,Lippmann,1963929.0,2.0,1.0,1.0,0.0,182.0,2.0,0,2,https://kickbase.b-cdn.net/content/file/7462061e1e7843ffb7efaa2fe7e2b5f5.png,29.0,1,1.0,1.0,"[{""hasPlayed"": false, ""points"": null}, {""hasPlayed"": true, ""points"": 2}]",5,Clemens Lippmann,295071.0,295071.0,295483.0,283524.0,1259677.0,-1566185.0
14914,29,Timur,Gayret,500000.0,,,,,,,1,3,https://kickbase.b-cdn.net/content/file/174077d2fba447fbb8a0e46a12d28245.png,44.0,2,,0.0,"[{""hasPlayed"": false, ""points"": null}, {""hasPlayed"": false, ""points"": null}]",5,Timur Gayret,-36782.0,-36782.0,-120824.0,-168826.0,-420920.0,0.0
1225,43,Leopold,Zingerle,500000.0,,,,,,,0,1,https://kickbase.b-cdn.net/content/file/d257ae98474e45c4ad7082fbe5adde82.png,25.0,0,,0.0,"[{""hasPlayed"": false, ""points"": null}, {""hasPlayed"": false, ""points"": null}]",5,Leopold Zingerle,0.0,0.0,0.0,0.0,0.0,0.0
1246,43,Willi,Orban,30354547.0,144.0,2.0,2.0,2.0,11814.0,287.0,0,2,https://kickbase.b-cdn.net/content/file/1f7999ae3a674c74ac9b8d4f00ed1028.png,4.0,2,9.0,38.0,"[{""hasPlayed"": true, ""points"": 116}, {""hasPlayed"": true, ""points"": 171}]",2,Willi Orban,-24918.0,-24918.0,1563.0,-54932.0,-472896.0,-210911.0
1333,43,Lukas,Klostermann,703678.0,,,,,,,0,2,https://kickbase.b-cdn.net/content/file/91ea3cbf0389453ca1c0add22d52e089.png,16.0,2,,0.0,"[{""hasPlayed"": false, ""points"": null}, {""hasPlayed"": false, ""points"": null}]",5,Lukas Klostermann,-9830.0,-9830.0,-63244.0,-67273.0,-314908.0,-3198981.0
1689,43,Benjamin,Henrichs,4550738.0,34.0,1.0,1.0,0.0,1393.0,34.0,0,2,https://kickbase.b-cdn.net/content/file/c091f35a668e446caa75ecc93b1084dd.png,39.0,2,7.0,24.0,"[{""hasPlayed"": false, ""points"": null}, {""hasPlayed"": true, ""points"": 34}]",4,Benjamin Henrichs,-97482.0,-97482.0,-114569.0,-341736.0,-1543399.0,-1085817.0
1728,43,Örjan,Nyland,2269303.0,,,,,,,0,1,https://kickbase.b-cdn.net/content/file/361c8899e8db48868bb66d49e2cd4d2d.png,1.0,2,,0.0,"[{""hasPlayed"": false, ""points"": null}, {""hasPlayed"": false, ""points"": null}]",5,Örjan Nyland,-141255.0,-141255.0,-147042.0,-142892.0,-1011148.0,736842.0
2141,43,Ridle ,Baku,20738240.0,236.0,2.0,2.0,2.0,10421.0,471.0,0,2,https://kickbase.b-cdn.net/content/file/938a124759354a928af165b155e6925a.png,17.0,1,22.0,3.0,"[{""hasPlayed"": true, ""points"": 238}, {""hasPlayed"": true, ""points"": 233}]",2,Ridle  Baku,231590.0,231590.0,254314.0,239353.0,1528190.0,1291089.0
2275,43,Christoph,Baumgartner,10938765.0,,,,,,,4,3,https://kickbase.b-cdn.net/content/file/de86594ccecb4a7899a87cdd662e1a9c.png,14.0,2,,0.0,"[{""hasPlayed"": false, ""points"": null}, {""hasPlayed"": false, ""points"": null}]",5,Christoph Baumgartner,-457184.0,-457184.0,-423013.0,-411074.0,-3190057.0,-8696000.0
2522,43,David,Raum,34878017.0,128.0,2.0,2.0,2.0,11814.0,255.0,0,2,https://kickbase.b-cdn.net/content/file/ff40a7c5554548ee8a8a51168c408d77.png,22.0,1,7.0,30.0,"[{""hasPlayed"": true, ""points"": 106}, {""hasPlayed"": true, ""points"": 149}]",1,David Raum,8369.0,8369.0,22162.0,27033.0,166733.0,2148028.0
2687,43,Christopher,Nkunku,25988039.0,94.0,2.0,2.0,1.0,7080.0,187.0,0,4,https://kickbase.b-cdn.net/content/file/bf619920e0d34e138aa57fe52dbcde21.png,28.0,1,7.0,24.0,"[{""hasPlayed"": true, ""points"": 76}, {""hasPlayed"": true, ""points"": 111}]",2,Christopher Nkunku,65002.0,65002.0,78671.0,94815.0,657668.0,-13559582.0
2897,43,Rocco,Reitz,10497127.0,208.0,1.0,1.0,1.0,5072.0,208.0,1,3,https://kickbase.b-cdn.net/content/file/4186115eb899498fbec64508ec48475c.png,20.0,2,19.0,147.0,"[{""hasPlayed"": false, ""points"": null}, {""hasPlayed"": true, ""points"": 208}]",5,Rocco Reitz,-599971.0,-599971.0,-618962.0,-626917.0,-3206154.0,-3155485.0
4596,43,Brajan,Gruda,21399581.0,128.0,1.0,1.0,1.0,4446.0,128.0,2,3,https://kickbase.b-cdn.net/content/file/fc98ceda9d134bd09d5526a600465611.png,10.0,2,5.0,90.0,"[{""hasPlayed"": false, ""points"": null}, {""hasPlayed"": true, ""points"": 128}]",3,Brajan Gruda,-258719.0,-258719.0,-61377.0,7937.0,-23238.0,5630618.0
6104,43,Marc,Guiu,9462843.0,-13.0,1.0,1.0,0.0,1327.0,-13.0,0,4,https://kickbase.b-cdn.net/content/file/89d3dea2dc2f4834a2c84a269d63745f.png,0.0,2,,,"[{""hasPlayed"": true, ""points"": -13}, {""hasPlayed"": false, ""points"": null}]",3,Marc Guiu,-465229.0,-465229.0,-526259.0,-62209.0,9462843.0,9462843.0
6176,43,Nicolas,Seiwald,18986040.0,82.0,2.0,2.0,2.0,11814.0,164.0,0,3,https://kickbase.b-cdn.net/content/file/5320dfb79fb348369e61599e552840b0.png,13.0,1,8.0,38.0,"[{""hasPlayed"": true, ""points"": 55}, {""hasPlayed"": true, ""points"": 109}]",1,Nicolas Seiwald,2964.0,2964.0,23386.0,38371.0,393681.0,3723603.0
6300,43,Assan,Ouédraogo,9273493.0,,,,,,,0,3,https://kickbase.b-cdn.net/content/file/44f5198b463047fc88626d9698f3a2d0.png,8.0,1,,0.0,"[{""hasPlayed"": false, ""points"": null}, {""hasPlayed"": false, ""points"": null}]",5,Assan Ouédraogo,294344.0,294344.0,258632.0,160047.0,285397.0,-11971706.0
7224,43,Lukeba,Castello Jr.,20920334.0,199.0,1.0,1.0,1.0,5846.0,199.0,2,2,https://kickbase.b-cdn.net/content/file/52117c9891144d3998de1b87b91ca123.png,23.0,1,9.0,140.0,"[{""hasPlayed"": false, ""points"": null}, {""hasPlayed"": true, ""points"": 199}]",3,Lukeba Castello Jr.,23213.0,23213.0,56623.0,46792.0,585643.0,149950.0
7239,43,Max,Finkgräfe,3315141.0,,,,,,,0,2,https://kickbase.b-cdn.net/content/file/14ced344f69a48a5aeed3cbdcd5938da.png,35.0,2,,0.0,"[{""hasPlayed"": false, ""points"": null}, {""hasPlayed"": false, ""points"": null}]",5,Max Finkgräfe,-132644.0,-132644.0,-139677.0,-135654.0,-926170.0,370867.0
8061,43,Johan,Bakayoko,7904380.0,24.0,2.0,2.0,1.0,5355.0,48.0,0,4,https://kickbase.b-cdn.net/content/file/1b1b3bd47f834642b2d8169d2b018ec2.png,11.0,2,6.0,12.0,"[{""hasPlayed"": true, ""points"": 33}, {""hasPlayed"": true, ""points"": 15}]",3,Johan Bakayoko,-263311.0,-263311.0,-284969.0,-230265.0,-1663283.0,688736.0
8227,43,Maarten,Vandevoordt,17084300.0,109.0,2.0,2.0,2.0,11814.0,218.0,0,1,https://kickbase.b-cdn.net/content/file/1aa808600ddb4c5b9883e7caedba5966.png,26.0,2,12.0,110.0,"[{""hasPlayed"": true, ""points"": 31}, {""hasPlayed"": true, ""points"": 187}]",1,Maarten Vandevoordt,-206293.0,-206293.0,-103269.0,-24758.0,-170176.0,2823176.0
9507,43,Antonio,Nusa,27069461.0,146.0,2.0,2.0,2.0,11023.0,291.0,0,3,https://kickbase.b-cdn.net/content/file/9a7ea9c911e04f9e9cf0fa6c4b57ca54.png,7.0,1,10.0,113.0,"[{""hasPlayed"": true, ""points"": 65}, {""hasPlayed"": true, ""points"": 226}]",1,Antonio Nusa,60202.0,60202.0,84200.0,79494.0,625529.0,2642474.0
9776,43,Andrija,Maksimovic,3952463.0,84.0,1.0,1.0,0.0,791.0,84.0,0,3,https://kickbase.b-cdn.net/content/file/4b987894fd8842a69a0341460d5ebc51.png,30.0,1,21.0,59.0,"[{""hasPlayed"": true, ""points"": 84}, {""hasPlayed"": false, ""points"": null}]",3,Andrija Maksimovic,351471.0,351471.0,214872.0,69587.0,281675.0,-9982.0
10113,43,Tidiam,Gomis,9778401.0,93.0,2.0,2.0,1.0,5954.0,186.0,0,4,https://kickbase.b-cdn.net/content/file/6fdc632f20f64bac905749a9c2b23a86.png,27.0,1,19.0,117.0,"[{""hasPlayed"": true, ""points"": 10}, {""hasPlayed"": true, ""points"": 176}]",3,Tidiam Gomis,311274.0,311274.0,332757.0,309553.0,2359449.0,4421905.0
11008,43,Ezechiel,Banzuzi,11870921.0,65.0,2.0,2.0,2.0,11042.0,129.0,0,3,https://kickbase.b-cdn.net/content/file/a9c36464a61049d0b9acd73d6c4e9c96.png,6.0,1,10.0,54.0,"[{""hasPlayed"": true, ""points"": 26}, {""hasPlayed"": true, ""points"": 103}]",3,Ezechiel Banzuzi,35444.0,35444.0,109523.0,132521.0,1027743.0,8043052.0
11886,43,,Rômulo,10507061.0,,,,,,,2,4,https://kickbase.b-cdn.net/content/file/040691ff56a547f291aae153a0681fac.png,40.0,2,,0.0,"[{""hasPlayed"": false, ""points"": null}, {""hasPlayed"": false, ""points"": null}]",4,Rômulo,-549713.0,-549713.0,-542506.0,-587589.0,-4054356.0,-8957361.0
14249,43,Neil,El Aynaoui,13218388.0,45.0,1.0,1.0,1.0,4640.0,45.0,0,3,https://kickbase.b-cdn.net/content/file/ae7c14cb829b461a81b00042ef20e8c6.png,21.0,2,3.0,,"[{""hasPlayed"": true, ""points"": 45}, {""hasPlayed"": false, ""points"": null}]",3,Neil El Aynaoui,-847118.0,-847118.0,-694289.0,-213057.0,13218388.0,13218388.0
14896,43,Abdoul,Koné,1624987.0,,,,,,,0,2,https://kickbase.b-cdn.net/content/file/4ca128a18c804aa59eeca0345b142d1c.png,2.0,2,,0.0,"[{""hasPlayed"": false, ""points"": null}, {""hasPlayed"": false, ""points"": null}]",5,Abdoul Koné,-116014.0,-116014.0,-128865.0,-129275.0,-740231.0,-4818768.0
15376,43,Maxime,Estève,10273210.0,157.0,1.0,1.0,1.0,5968.0,157.0,0,2,https://kickbase.b-cdn.net/content/file/a7416c976f85479b8ca67947eda7ef58.png,3.0,1,15.0,111.0,"[{""hasPlayed"": true, ""points"": 157}, {""hasPlayed"": false, ""points"": null}]",3,Maxime Estève,359662.0,359662.0,364403.0,238293.0,321376.0,-7307988.0
577,15,Daniel,Batz,500000.0,,,,,,,0,1,https://kickbase.b-cdn.net/content/file/61c6f55172674b6eb750e6263b23da0d.png,33.0,2,,0.0,"[{""hasPlayed"": false, ""points"": null}, {""hasPlayed"": false, ""points"": null}]",5,Daniel Batz,-68004.0,-68004.0,-123492.0,-126148.0,-844971.0,-3657428.0
619,15,Kevin,Stöger,7903347.0,-2.0,1.0,1.0,1.0,3907.0,-2.0,0,3,https://kickbase.b-cdn.net/content/file/ec9e6d0723944f8d846da3ac937cd7b3.png,7.0,2,,1.0,"[{""hasPlayed"": false, ""points"": null}, {""hasPlayed"": true, ""points"": -2}]",3,Kevin Stöger,-388642.0,-388642.0,-450424.0,-542877.0,-2069939.0,3314474.0
849,15,Tim,Kleindienst,18110398.0,37.0,2.0,2.0,2.0,10567.0,73.0,0,4,https://kickbase.b-cdn.net/content/file/c5a005a8dbaa4237a4d0cb0304ac67a0.png,11.0,2,4.0,81.0,"[{""hasPlayed"": true, ""points"": 94}, {""hasPlayed"": true, ""points"": -21}]",1,Tim Kleindienst,-513616.0,-513616.0,-518116.0,-224600.0,-1195808.0,2453739.0
1883,15,Moritz,Nicolas,18276582.0,160.0,2.0,2.0,2.0,11691.0,320.0,0,1,https://kickbase.b-cdn.net/content/file/02e615fb0e3043649fe830816e2860ba.png,1.0,1,17.0,41.0,"[{""hasPlayed"": true, ""points"": 131}, {""hasPlayed"": true, ""points"": 189}]",1,Moritz Nicolas,40989.0,40989.0,34769.0,-19718.0,-121468.0,-126933.0
2074,15,Robin,Hack,7958033.0,-5.0,2.0,2.0,1.0,5477.0,-10.0,0,3,https://kickbase.b-cdn.net/content/file/05225d0ae1a74293a432710302565e54.png,25.0,2,,24.0,"[{""hasPlayed"": true, ""points"": -22}, {""hasPlayed"": true, ""points"": 12}]",3,Robin Hack,-375763.0,-375763.0,-400644.0,-449648.0,-1849127.0,374450.0
2126,15,Nicolas,Kühn,5538785.0,21.0,1.0,1.0,0.0,1576.0,21.0,1,3,https://kickbase.b-cdn.net/content/file/1b20e25d138a411aa09e746b44660051.png,0.0,2,3.0,,"[{""hasPlayed"": true, ""points"": 21}, {""hasPlayed"": false, ""points"": null}]",5,Nicolas Kühn,-621015.0,-621015.0,-583230.0,-114683.0,-1477712.0,5038785.0
2261,15,Florian,Neuhaus,3277851.0,,,,,,,0,3,https://kickbase.b-cdn.net/content/file/0244f54c08f14d5e98d1ec66bd2bca77.png,10.0,1,,0.0,"[{""hasPlayed"": false, ""points"": null}, {""hasPlayed"": false, ""points"": null}]",5,Florian Neuhaus,270651.0,270651.0,240653.0,189995.0,1414568.0,227535.0
2560,15,Philipp,Sander,9585225.0,58.0,2.0,2.0,2.0,11691.0,115.0,0,3,https://kickbase.b-cdn.net/content/file/fb578835ac86440a8189e44877f9bcc8.png,16.0,2,11.0,64.0,"[{""hasPlayed"": true, ""points"": 103}, {""hasPlayed"": true, ""points"": 12}]",1,Philipp Sander,-433852.0,-433852.0,-436524.0,-463854.0,-2793471.0,-1021893.0
2850,15,Jan,Olschowsky,500000.0,,,,,,,0,1,https://kickbase.b-cdn.net/content/file/871dd19a11bc47da8b9d1105bec98909.png,23.0,0,,0.0,"[{""hasPlayed"": false, ""points"": null}, {""hasPlayed"": false, ""points"": null}]",5,Jan Olschowsky,0.0,0.0,0.0,0.0,0.0,0.0
2862,15,Jens,Castrop,1631128.0,,,,,,,1,3,https://kickbase.b-cdn.net/content/file/7c1e6725133e4dc5abd4022a37be73f3.png,17.0,2,,0.0,"[{""hasPlayed"": false, ""points"": null}, {""hasPlayed"": false, ""points"": null}]",5,Jens Castrop,-137731.0,-137731.0,-141792.0,-144706.0,-956886.0,-6020629.0
2941,15,Joseph,Scally,5737983.0,57.0,2.0,2.0,1.0,5969.0,113.0,0,2,https://kickbase.b-cdn.net/content/file/d6ec0ce09dc940e7ae1e339aba844c03.png,29.0,1,19.0,85.0,"[{""hasPlayed"": true, ""points"": 117}, {""hasPlayed"": true, ""points"": -4}]",2,Joseph Scally,349040.0,349040.0,408604.0,386983.0,2083843.0,-1161424.0
3063,15,Fabio,Chiarodia,3155124.0,,,,,,,0,2,https://kickbase.b-cdn.net/content/file/b20e95c99c5c414dba98788ce536d7ad.png,2.0,2,,0.0,"[{""hasPlayed"": false, ""points"": null}, {""hasPlayed"": false, ""points"": null}]",5,Fabio Chiarodia,-153408.0,-153408.0,-186303.0,-176803.0,-46042.0,1043689.0
3129,15,Ko,Itakura,10338779.0,35.0,2.0,2.0,2.0,11691.0,69.0,0,2,https://kickbase.b-cdn.net/content/file/4b21780a283045729069fef7f989f200.png,6.0,2,6.0,0.0,"[{""hasPlayed"": true, ""points"": 35}, {""hasPlayed"": true, ""points"": 34}]",2,Ko Itakura,-631198.0,-631198.0,-719357.0,-404470.0,-1423748.0,-3269018.0
3516,15,Enzo,Leopold,4613332.0,,,,,,,1,3,https://kickbase.b-cdn.net/content/file/55c63aaaf1484294892e8cc74ad7b53d.png,8.0,2,,0.0,"[{""hasPlayed"": false, ""points"": null}, {""hasPlayed"": false, ""points"": null}]",5,Enzo Leopold,-155382.0,-155382.0,-394485.0,-384513.0,-2627932.0,-9144897.0
4292,15,David,Herold,3665002.0,7.0,2.0,2.0,0.0,2822.0,14.0,0,2,https://kickbase.b-cdn.net/content/file/78e179f9be5248c887e00608eaee10bc.png,20.0,2,3.0,2.0,"[{""hasPlayed"": true, ""points"": 9}, {""hasPlayed"": true, ""points"": 5}]",3,David Herold,-123025.0,-123025.0,-139141.0,-76738.0,-493985.0,-6619384.0
4333,15,Lukas,Ullrich,6165991.0,40.0,2.0,2.0,2.0,8864.0,80.0,0,2,https://kickbase.b-cdn.net/content/file/27f19d9713034a05b1a7dedcb527f48d.png,26.0,2,12.0,32.0,"[{""hasPlayed"": true, ""points"": 63}, {""hasPlayed"": true, ""points"": 17}]",3,Lukas Ullrich,-296863.0,-296863.0,-326600.0,-342592.0,-2092720.0,1824278.0
6199,15,Shuto,Machino,2734624.0,,,,,,,0,4,https://kickbase.b-cdn.net/content/file/cefff6eb5d884a94b7d3b2ffb53b760c.png,18.0,2,,0.0,"[{""hasPlayed"": false, ""points"": null}, {""hasPlayed"": false, ""points"": null}]",5,Shuto Machino,-148168.0,-148168.0,-144514.0,-147116.0,-918052.0,1570228.0
6319,15,Franck,Honorat,10447194.0,109.0,2.0,2.0,1.0,6207.0,217.0,0,3,https://kickbase.b-cdn.net/content/file/ba369ac3889a4ce98a51468fb3f7c14b.png,9.0,1,20.0,47.0,"[{""hasPlayed"": true, ""points"": 142}, {""hasPlayed"": true, ""points"": 75}]",2,Franck Honorat,226316.0,226316.0,352901.0,336453.0,1794391.0,716320.0
7774,15,Yukhym,Konoplia,1770420.0,,,,,,,4,2,https://kickbase.b-cdn.net/content/file/37facc3b42e54ca4aa5a24fb0c96cc4d.png,22.0,1,,0.0,"[{""hasPlayed"": false, ""points"": null}, {""hasPlayed"": false, ""points"": null}]",5,Yukhym Konoplia,273228.0,273228.0,253545.0,153610.0,663604.0,-2578076.0
9540,15,Isac,Lidberg,4079737.0,-7.0,2.0,2.0,0.0,3077.0,-13.0,0,4,https://kickbase.b-cdn.net/content/file/b759181ffa3546828a627f5efb974b06.png,3.0,2,,2.0,"[{""hasPlayed"": true, ""points"": -5}, {""hasPlayed"": true, ""points"": -8}]",5,Isac Lidberg,-137165.0,-137165.0,-144340.0,-143448.0,-1009857.0,-7203994.0
11010,15,Kevin,Diks,14669372.0,41.0,2.0,2.0,2.0,11691.0,82.0,0,2,https://kickbase.b-cdn.net/content/file/2963465030854dafa3b90fbfd15f4a89.png,4.0,2,5.0,16.0,"[{""hasPlayed"": true, ""points"": 53}, {""hasPlayed"": true, ""points"": 29}]",1,Kevin Diks,-605978.0,-605978.0,-646459.0,-685966.0,-3163299.0,-106825.0
11748,15,Wael,Mohya,7667199.0,30.0,2.0,2.0,2.0,8171.0,59.0,0,3,https://kickbase.b-cdn.net/content/file/4fc954ae0ffd4f5ab6d58a98b51cccd9.png,36.0,2,7.0,26.0,"[{""hasPlayed"": true, ""points"": 48}, {""hasPlayed"": true, ""points"": 11}]",3,Wael Mohya,-280589.0,-280589.0,-278391.0,-294819.0,-1681048.0,-1171918.0
13442,15,Hugo,Bolin,12035619.0,159.0,2.0,2.0,2.0,11691.0,318.0,0,3,https://kickbase.b-cdn.net/content/file/7f789e6ac2c84d5b878ec36c44b31dc2.png,38.0,1,26.0,179.0,"[{""hasPlayed"": true, ""points"": 286}, {""hasPlayed"": true, ""points"": 32}]",1,Hugo Bolin,163380.0,163380.0,171537.0,166066.0,788727.0,5969985.0
15181,15,Jan,Leszczynski,4231177.0,1.0,1.0,1.0,0.0,1116.0,1.0,0,2,https://kickbase.b-cdn.net/content/file/43eddfa24a0f4db3a737bf045f96d849.png,5.0,2,0.0,0.0,"[{""hasPlayed"": true, ""points"": 1}, {""hasPlayed"": false, ""points"": null}]",4,Jan Leszczynski,-134531.0,-134531.0,-135591.0,-131348.0,-1131237.0,-1017854.0
15202,15,Zento,Uno,1899759.0,,,,,,,0,3,https://kickbase.b-cdn.net/content/file/9c1b0bb28e67413dad79f8a99c4eda88.png,47.0,1,,0.0,"[{""hasPlayed"": false, ""points"": null}, {""hasPlayed"": false, ""points"": null}]",5,Zento Uno,319451.0,319451.0,308915.0,251074.0,922687.0,-2162467.0
15613,15,Daiki,Hashioka,5910512.0,17.0,1.0,1.0,1.0,4604.0,17.0,2,2,https://kickbase.b-cdn.net/content/file/dc4f94ffdb854af9a954313e8b974d4c.png,14.0,2,2.0,12.0,"[{""hasPlayed"": false, ""points"": null}, {""hasPlayed"": true, ""points"": 17}]",4,Daiki Hashioka,-385128.0,-385128.0,-378736.0,-374851.0,-2684782.0,29817.0
16564,15,Mathieu,Nguefack,3175992.0,30.0,2.0,2.0,1.0,7783.0,59.0,0,3,https://kickbase.b-cdn.net/content/file/e571de447a2c48c996992e7b729aeb55.png,34.0,1,18.0,17.0,"[{""hasPlayed"": true, ""points"": 42}, {""hasPlayed"": true, ""points"": 17}]",3,Mathieu Nguefack,191724.0,191724.0,215686.0,215514.0,1689800.0,3175992.0
54,3,Emre,Can,1624333.0,,,,,,,1,2,https://kickbase.b-cdn.net/content/file/fe3cc9ba92274b29890b3d2888584906.png,23.0,2,,0.0,"[{""hasPlayed"": false, ""points"": null}, {""hasPlayed"": false, ""points"": null}]",5,Emre Can,-121631.0,-121631.0,-136866.0,-151367.0,-394554.0,-763894.0
75,3,Patrick,Drewes,500000.0,,,,,,,0,1,https://kickbase.b-cdn.net/content/file/d4b85a111f624b02a8519a1a07c23e7f.png,30.0,0,,0.0,"[{""hasPlayed"": false, ""points"": null}, {""hasPlayed"": false, ""points"": null}]",5,Patrick Drewes,0.0,0.0,0.0,0.0,0.0,0.0
1704,3,Waldemar,Anton,33807549.0,223.0,2.0,2.0,2.0,11756.0,446.0,0,2,https://kickbase.b-cdn.net/content/file/5cbbbb34725b43dba3f7f4f6835b98f0.png,3.0,1,13.0,91.0,"[{""hasPlayed"": true, ""points"": 288}, {""hasPlayed"": true, ""points"": 158}]",1,Waldemar Anton,35623.0,35623.0,9918.0,21370.0,-333530.0,508846.0
1856,3,Marcel,Sabitzer,7574173.0,27.0,2.0,2.0,0.0,2965.0,53.0,0,3,https://kickbase.b-cdn.net/content/file/579e192bcc2b413185587ba2eb3c082c.png,20.0,1,6.0,14.0,"[{""hasPlayed"": true, ""points"": 16}, {""hasPlayed"": true, ""points"": 37}]",3,Marcel Sabitzer,232441.0,232441.0,264646.0,257807.0,1339005.0,-3226536.0
1873,3,Gregor,Kobel,20483382.0,161.0,2.0,2.0,2.0,11756.0,321.0,0,1,https://kickbase.b-cdn.net/content/file/f2d4753d2676442bb38580d0b59a6293.png,1.0,2,15.0,12.0,"[{""hasPlayed"": true, ""points"": 152}, {""hasPlayed"": true, ""points"": 169}]",1,Gregor Kobel,-5880.0,-5880.0,-65316.0,-142437.0,-680299.0,-2589172.0
1920,3,Serhou,Guirassy,30958881.0,206.0,2.0,2.0,2.0,11247.0,412.0,0,4,https://kickbase.b-cdn.net/content/file/f60de765e2e34fce8747b78399dca305.png,9.0,1,13.0,36.0,"[{""hasPlayed"": true, ""points"": 232}, {""hasPlayed"": true, ""points"": 180}]",1,Serhou Guirassy,106233.0,106233.0,118124.0,111248.0,633906.0,2879694.0
2148,3,Alexander,Meyer,1360043.0,,,,,,,0,1,https://kickbase.b-cdn.net/content/file/5502ac110b6c42ddad9d1cdb351cbbcc.png,33.0,2,,0.0,"[{""hasPlayed"": false, ""points"": null}, {""hasPlayed"": false, ""points"": null}]",5,Alexander Meyer,-136375.0,-136375.0,-149446.0,-164884.0,-553007.0,-1023701.0
2383,3,Nico,Schlotterbeck,24221169.0,,,,,,,4,2,https://kickbase.b-cdn.net/content/file/bc913364cbca4d48b0393c36b9f01728.png,4.0,1,,0.0,"[{""hasPlayed"": false, ""points"": null}, {""hasPlayed"": false, ""points"": null}]",4,Nico Schlotterbeck,97858.0,97858.0,113570.0,103392.0,419638.0,-10084570.0
2395,3,Julian,Ryerson,24994230.0,99.0,2.0,2.0,2.0,10516.0,198.0,0,2,https://kickbase.b-cdn.net/content/file/2998191f5e674fecb9ddf7762821ebc5.png,26.0,2,7.0,26.0,"[{""hasPlayed"": true, ""points"": 118}, {""hasPlayed"": true, ""points"": 80}]",1,Julian Ryerson,-370446.0,-370446.0,-272346.0,-273401.0,-1219499.0,-560661.0
2714,3,Maximilian,Beier,22532599.0,111.0,2.0,2.0,2.0,11123.0,221.0,0,4,https://kickbase.b-cdn.net/content/file/d9ef0f909c4c4610aef2af20def367ba.png,14.0,1,9.0,77.0,"[{""hasPlayed"": true, ""points"": 56}, {""hasPlayed"": true, ""points"": 165}]",1,Maximilian Beier,176982.0,176982.0,184978.0,165222.0,1057355.0,-3059974.0
2736,3,Ramy,Bensebaini,14675340.0,,,,,,,2,2,https://kickbase.b-cdn.net/content/file/f2e48e2f879643559eb9d2cdb6db0d7a.png,5.0,2,,0.0,"[{""hasPlayed"": false, ""points"": null}, {""hasPlayed"": false, ""points"": null}]",3,Ramy Bensebaini,-356320.0,-356320.0,-392467.0,-490829.0,-3149225.0,-4593083.0
3069,3,Felix,Nmecha,27822312.0,87.0,2.0,2.0,2.0,7492.0,174.0,0,3,https://kickbase.b-cdn.net/content/file/f83b3a24df594aaf81be1d58da773656.png,8.0,2,6.0,50.0,"[{""hasPlayed"": true, ""points"": 51}, {""hasPlayed"": true, ""points"": 123}]",3,Felix Nmecha,-353765.0,-353765.0,-15934.0,31264.0,-85137.0,2490865.0
7737,3,Joey,Veerman,15787954.0,56.0,2.0,2.0,0.0,4284.0,111.0,0,3,https://kickbase.b-cdn.net/content/file/529a765a8c184857a82fa881408360cf.png,25.0,2,7.0,27.0,"[{""hasPlayed"": true, ""points"": 75}, {""hasPlayed"": true, ""points"": 36}]",3,Joey Veerman,-250809.0,-250809.0,-385489.0,-384627.0,-2920303.0,15787954.0
9440,3,Filippo,Mane,4717044.0,32.0,2.0,2.0,1.0,3152.0,64.0,1,2,https://kickbase.b-cdn.net/content/file/c944b500e3224366ad9e5a494a84ee47.png,39.0,2,13.0,21.0,"[{""hasPlayed"": true, ""points"": 47}, {""hasPlayed"": true, ""points"": 17}]",5,Filippo Mane,-155840.0,-155840.0,-475690.0,-456571.0,-969964.0,-82289.0
9698,3,,Fábio Silva,8657690.0,124.0,1.0,1.0,0.0,2008.0,124.0,0,4,https://kickbase.b-cdn.net/content/file/2aaeda6f5123438e95f1958a10ce0058.png,21.0,1,14.0,87.0,"[{""hasPlayed"": true, ""points"": 124}, {""hasPlayed"": false, ""points"": null}]",3,Fábio Silva,331599.0,331599.0,324987.0,241772.0,1128704.0,-117276.0
10114,3,Carney,Chukwuemeka,3509400.0,,,,,,,0,3,https://kickbase.b-cdn.net/content/file/d823612bd32f4715b90b0c7b626973ac.png,17.0,1,,0.0,"[{""hasPlayed"": false, ""points"": null}, {""hasPlayed"": false, ""points"": null}]",4,Carney Chukwuemeka,306133.0,306133.0,250774.0,148191.0,709696.0,-1548603.0
10115,3,Daniel,Svensson,19141115.0,143.0,2.0,2.0,2.0,11756.0,286.0,0,2,https://kickbase.b-cdn.net/content/file/da063055c5d14c798dd8d7427fb2a48f.png,24.0,1,14.0,28.0,"[{""hasPlayed"": true, ""points"": 123}, {""hasPlayed"": true, ""points"": 163}]",1,Daniel Svensson,229953.0,229953.0,248474.0,242853.0,1533456.0,-788245.0
11099,3,Jobe,Bellingham,18487134.0,123.0,2.0,2.0,2.0,11756.0,246.0,0,3,https://kickbase.b-cdn.net/content/file/5f42cc7cc7c5447aa341c17ba41ebcbe.png,7.0,1,13.0,46.0,"[{""hasPlayed"": true, ""points"": 90}, {""hasPlayed"": true, ""points"": 156}]",1,Jobe Bellingham,219871.0,219871.0,227640.0,212726.0,1412881.0,-123905.0
11100,3,Samuele,Inácio,5625612.0,-60.0,1.0,1.0,0.0,155.0,-60.0,8,3,https://kickbase.b-cdn.net/content/file/3990db0656bc411cac06104a42bdb903.png,40.0,2,,42.0,"[{""hasPlayed"": false, ""points"": null}, {""hasPlayed"": true, ""points"": -60}]",5,Samuele Inácio,-255468.0,-255468.0,-264535.0,-233574.0,-1759820.0,-5005607.0
13472,3,Luca,Reggiani,2944285.0,57.0,1.0,1.0,0.0,1999.0,57.0,0,2,https://kickbase.b-cdn.net/content/file/8250a085897d474a87bd2a15e5558528.png,49.0,1,19.0,40.0,"[{""hasPlayed"": true, ""points"": 57}, {""hasPlayed"": false, ""points"": null}]",4,Luca Reggiani,243192.0,243192.0,143559.0,17689.0,44215.0,-2532891.0
14662,3,Justin,Lerma,2535692.0,,,,,,,1,3,https://kickbase.b-cdn.net/content/file/ec7bf8e163864c2fb47fb324c7a06a82.png,28.0,2,,0.0,"[{""hasPlayed"": false, ""points"": null}, {""hasPlayed"": false, ""points"": null}]",5,Justin Lerma,-161699.0,-161699.0,-164319.0,-151409.0,-1046090.0,-7262464.0
14899,3,Kauã,Prates,4222830.0,34.0,1.0,1.0,0.0,632.0,34.0,0,2,https://kickbase.b-cdn.net/content/file/3c7f16c226b44240b9d55d65798e5f29.png,36.0,1,8.0,24.0,"[{""hasPlayed"": false, ""points"": null}, {""hasPlayed"": true, ""points"": 34}]",5,Kauã Prates,404697.0,404697.0,411177.0,320754.0,2098541.0,-223080.0
15211,3,Joane,Gadou,25359713.0,98.0,2.0,2.0,2.0,9756.0,196.0,0,2,https://kickbase.b-cdn.net/content/file/48c386df17604a3cbfeaffff6bdffae7.png,22.0,2,7.0,48.0,"[{""hasPlayed"": true, ""points"": 64}, {""hasPlayed"": true, ""points"": 132}]",2,Joane Gadou,-284145.0,-284145.0,-15637.0,8529.0,-139070.0,3259847.0
16378,3,Konstantinos,Karetsas,26342994.0,125.0,2.0,2.0,2.0,8514.0,249.0,2,3,https://kickbase.b-cdn.net/content/file/f4e89a3523cb47e09c5be6702baec885.png,19.0,1,9.0,126.0,"[{""hasPlayed"": true, ""points"": 35}, {""hasPlayed"": true, ""points"": 214}]",4,Konstantinos Karetsas,-23165.0,-23165.0,93311.0,94169.0,665006.0,6546650.0
16948,3,Giannis,Konstantelias,12116482.0,181.0,1.0,1.0,1.0,3348.0,181.0,1,3,https://kickbase.b-cdn.net/content/file/222864c862d743758c5cdcbcbd1bba48.png,45.0,2,14.0,127.0,"[{""hasPlayed"": false, ""points"": null}, {""hasPlayed"": true, ""points"": 181}]",5,Giannis Konstantelias,-687461.0,-687461.0,-635323.0,-649288.0,-4712345.0,12116482.0
17309,3,Ethan,Nwaneri,18708019.0,65.0,1.0,1.0,0.0,4036.0,65.0,0,3,https://kickbase.b-cdn.net/content/file/354de6f8743a4426a15410f1d9e73558.png,0.0,1,3.0,,"[{""hasPlayed"": true, ""points"": 65}, {""hasPlayed"": false, ""points"": null}]",2,Ethan Nwaneri,67586.0,67586.0,120923.0,137992.0,18708019.0,18708019.0
1863,6,Daniel,Heuer Fernandes,13311543.0,72.0,2.0,2.0,2.0,11430.0,143.0,0,1,https://kickbase.b-cdn.net/content/file/25bb5ce570244f8296d6e817316ad707.png,1.0,2,10.0,36.0,"[{""hasPlayed"": true, ""points"": 46}, {""hasPlayed"": true, ""points"": 97}]",1,Daniel Heuer Fernandes,-340898.0,-340898.0,-359422.0,-272962.0,-1753512.0,368905.0
1865,6,Yussuf,Poulsen,1225698.0,-9.0,1.0,1.0,0.0,744.0,-9.0,0,4,https://kickbase.b-cdn.net/content/file/b3e645c3a34347808d97e722fcbe2ced.png,15.0,2,,6.0,"[{""hasPlayed"": false, ""points"": null}, {""hasPlayed"": true, ""points"": -9}]",5,Yussuf Poulsen,-126772.0,-126772.0,-152577.0,-130153.0,-644137.0,-3243460.0
1889,6,Bakery,Jatta,6256077.0,29.0,1.0,1.0,1.0,5061.0,29.0,0,3,https://kickbase.b-cdn.net/content/file/7b147e15dd4b4df4bddb50f00fa8ce4e.png,18.0,2,4.0,20.0,"[{""hasPlayed"": false, ""points"": null}, {""hasPlayed"": true, ""points"": 29}]",5,Bakery Jatta,-403585.0,-403585.0,-440644.0,-435436.0,-1674765.0,1049493.0
1978,6,Jordan,Torunarigha,8341509.0,-1.0,2.0,2.0,2.0,7815.0,-2.0,0,2,https://kickbase.b-cdn.net/content/file/58a51dcb3fef41de90e23a162e7fe44e.png,23.0,2,,4.0,"[{""hasPlayed"": true, ""points"": -4}, {""hasPlayed"": true, ""points"": 2}]",2,Jordan Torunarigha,-339653.0,-339653.0,-368137.0,-223906.0,-1186677.0,-2250830.0
2725,6,Sebastiaan,Bornauw,9151407.0,38.0,2.0,2.0,2.0,11430.0,75.0,0,2,https://kickbase.b-cdn.net/content/file/06472f6d8eb24eccaeae4898fa81b045.png,33.0,2,8.0,16.0,"[{""hasPlayed"": true, ""points"": 49}, {""hasPlayed"": true, ""points"": 26}]",1,Sebastiaan Bornauw,-300452.0,-300452.0,-307434.0,-223099.0,-1331710.0,8615019.0
3277,6,Miro,Muheim,4225503.0,,,,,,,0,2,https://kickbase.b-cdn.net/content/file/6b31cba3484c46c98c5575fe4f79b349.png,28.0,2,,0.0,"[{""hasPlayed"": false, ""points"": null}, {""hasPlayed"": false, ""points"": null}]",4,Miro Muheim,-116467.0,-116467.0,-108092.0,-95663.0,-919215.0,-4015964.0
6201,6,Nicolai,Remberg,9252206.0,21.0,2.0,2.0,2.0,11430.0,42.0,0,3,https://kickbase.b-cdn.net/content/file/8838a772b69f4284a8f34b1d63f406d8.png,21.0,2,4.0,36.0,"[{""hasPlayed"": true, ""points"": -5}, {""hasPlayed"": true, ""points"": 47}]",1,Nicolai Remberg,-294314.0,-294314.0,-323376.0,-471382.0,-1868487.0,-1576681.0
7350,6,Otto,Stange,3892994.0,-11.0,2.0,2.0,0.0,3353.0,-22.0,0,4,https://kickbase.b-cdn.net/content/file/d876e417d53e4983b76765c28cb2825d.png,19.0,2,,7.0,"[{""hasPlayed"": true, ""points"": -16}, {""hasPlayed"": true, ""points"": -6}]",5,Otto Stange,-143724.0,-143724.0,-146729.0,-128001.0,-792271.0,312925.0
7394,6,Kofi,Amoako,1078374.0,,,,,,,0,3,https://kickbase.b-cdn.net/content/file/6faaaadc0c43454aa7802b77b1455f2e.png,22.0,2,,0.0,"[{""hasPlayed"": false, ""points"": null}, {""hasPlayed"": false, ""points"": null}]",5,Kofi Amoako,-126006.0,-126006.0,-140447.0,-137425.0,-747778.0,-3792702.0
8367,6,Albert,Sambi Lokonga,9161402.0,44.0,1.0,1.0,1.0,5806.0,44.0,2,3,https://kickbase.b-cdn.net/content/file/c9c716c7e03d47078ca74b707b1577a9.png,6.0,2,4.0,31.0,"[{""hasPlayed"": false, ""points"": null}, {""hasPlayed"": true, ""points"": 44}]",3,Albert Sambi Lokonga,-380526.0,-380526.0,-234016.0,4802.0,-747408.0,-517924.0
9605,6,Albert,Grønbæk,11472204.0,11.0,2.0,2.0,2.0,11430.0,21.0,0,3,https://kickbase.b-cdn.net/content/file/02b24cefd3da410ca1d4639a2fb7ccac.png,11.0,2,1.0,27.0,"[{""hasPlayed"": true, ""points"": -9}, {""hasPlayed"": true, ""points"": 30}]",1,Albert Grønbæk,-738133.0,-738133.0,-672986.0,-134459.0,-1339553.0,1010320.0
10120,6,Alexander,Røssing-Lelesiit,1569818.0,,,,,,,4,4,https://kickbase.b-cdn.net/content/file/1e0140e6053349279a689f6bac4fdc91.png,38.0,1,,0.0,"[{""hasPlayed"": false, ""points"": null}, {""hasPlayed"": false, ""points"": null}]",5,Alexander Røssing-Lelesiit,260031.0,260031.0,261000.0,228826.0,1003109.0,-1802888.0
11512,6,Nicolás,Capaldo,9300361.0,26.0,2.0,2.0,2.0,11430.0,51.0,0,2,https://kickbase.b-cdn.net/content/file/bb8ff3d0932d47bd9d7fa4a4f38068ef.png,24.0,2,5.0,38.0,"[{""hasPlayed"": true, ""points"": -2}, {""hasPlayed"": true, ""points"": 53}]",1,Nicolás Capaldo,-310913.0,-310913.0,-321808.0,-167124.0,-481192.0,-835578.0
11752,6,Warmed,Omari,1583746.0,,,,,,,4,2,https://kickbase.b-cdn.net/content/file/6565bd5f9c14426aad721f006cf6f971.png,17.0,2,,0.0,"[{""hasPlayed"": false, ""points"": null}, {""hasPlayed"": false, ""points"": null}]",5,Warmed Omari,-109976.0,-109976.0,-135942.0,-139549.0,-903153.0,-4779974.0
11949,6,Shafiq,Nandja,2355534.0,-1.0,1.0,1.0,0.0,2914.0,-1.0,0,2,https://kickbase.b-cdn.net/content/file/74d769a877844fa1bf2f65f53f4fb91f.png,43.0,2,,0.0,"[{""hasPlayed"": true, ""points"": -1}, {""hasPlayed"": false, ""points"": null}]",4,Shafiq Nandja,-153393.0,-153393.0,-167330.0,-180467.0,-765806.0,1855534.0
11967,6,Fábio,Vieira,19346312.0,3.0,1.0,1.0,0.0,2914.0,3.0,0,3,https://kickbase.b-cdn.net/content/file/c93ccb5240654ea0832be06471767031.png,0.0,1,0.0,,"[{""hasPlayed"": true, ""points"": 3}, {""hasPlayed"": false, ""points"": null}]",1,Fábio Vieira,-18946.0,-18946.0,90596.0,168574.0,759377.0,759377.0
12368,6,Sander,Tangvik,1090059.0,,,,,,,0,1,https://kickbase.b-cdn.net/content/file/3d7ab89b5e874e77bbb6b1fb6724745f.png,12.0,2,,0.0,"[{""hasPlayed"": false, ""points"": null}, {""hasPlayed"": false, ""points"": null}]",5,Sander Tangvik,-138250.0,-138250.0,-140458.0,-138226.0,-966193.0,-268715.0
13433,6,Louis,Lemke,5336686.0,-7.0,2.0,2.0,1.0,6001.0,-13.0,0,2,https://kickbase.b-cdn.net/content/file/46eac50def834b9983f1475d94d28249.png,37.0,2,,12.0,"[{""hasPlayed"": true, ""points"": -15}, {""hasPlayed"": true, ""points"": 2}]",4,Louis Lemke,-441348.0,-441348.0,-502118.0,-538546.0,-1903469.0,4836686.0
14256,6,Zakaria,El Ouahdi,10229885.0,-24.0,1.0,1.0,1.0,5624.0,-24.0,0,2,https://kickbase.b-cdn.net/content/file/aaa59ffd4dbb4a3ca8cbdc97f7a6f5d3.png,0.0,2,,,"[{""hasPlayed"": true, ""points"": -24}, {""hasPlayed"": false, ""points"": null}]",1,Zakaria El Ouahdi,-439719.0,-439719.0,13873.0,105739.0,10229885.0,10229885.0
14425,6,David,Møller Wolfe,9015982.0,20.0,1.0,1.0,1.0,5086.0,20.0,0,2,https://kickbase.b-cdn.net/content/file/ebc8dfc4fe9a44deb9eb939667d97619.png,0.0,2,2.0,,"[{""hasPlayed"": true, ""points"": 20}, {""hasPlayed"": false, ""points"": null}]",2,David Møller Wolfe,-259429.0,-259429.0,-3768.0,44844.0,9015982.0,9015982.0
15283,6,Martin,Adeline,4678722.0,-5.0,2.0,2.0,2.0,6947.0,-9.0,0,3,https://kickbase.b-cdn.net/content/file/a88b98f2845e4a508b7e59e2bce5ff27.png,5.0,2,,10.0,"[{""hasPlayed"": true, ""points"": -12}, {""hasPlayed"": true, ""points"": 3}]",4,Martin Adeline,-152353.0,-152353.0,-428351.0,-380706.0,-1051618.0,-4793388.0
15472,6,Patson,Daka,8976271.0,3.0,2.0,2.0,1.0,7088.0,5.0,0,4,https://kickbase.b-cdn.net/content/file/218db4a2d0cb4f89be008597b2e2d9a7.png,27.0,2,0.0,13.0,"[{""hasPlayed"": true, ""points"": -7}, {""hasPlayed"": true, ""points"": 12}]",3,Patson Daka,-360262.0,-360262.0,-451109.0,-791999.0,-2943479.0,-725834.0
15478,6,Bilal,Nadir,1572923.0,-4.0,2.0,2.0,1.0,3526.0,-7.0,0,3,https://kickbase.b-cdn.net/content/file/d153e6d5703a4637bf8ee1c23c857608.png,4.0,2,,10.0,"[{""hasPlayed"": true, ""points"": 4}, {""hasPlayed"": true, ""points"": -11}]",3,Bilal Nadir,-90430.0,-90430.0,-100551.0,-113476.0,-716967.0,-4803364.0
17203,6,Terem,Moffi,4144124.0,-9.0,2.0,2.0,1.0,5527.0,-17.0,0,4,https://kickbase.b-cdn.net/content/file/84e882059fcb4accba56e1b212d31e8f.png,9.0,2,,14.0,"[{""hasPlayed"": true, ""points"": -19}, {""hasPlayed"": true, ""points"": 2}]",3,Terem Moffi,-130405.0,-130405.0,-123861.0,-58330.0,-516524.0,4144124.0
49,5,Matthias,Ginter,26842617.0,171.0,2.0,2.0,2.0,11429.0,342.0,0,2,https://kickbase.b-cdn.net/content/file/a8c1cfae192947a6b91e1c32238cf2d6.png,28.0,1,12.0,32.0,"[{""hasPlayed"": true, ""points"": 148}, {""hasPlayed"": true, ""points"": 194}]",1,Matthias Ginter,58503.0,58503.0,62926.0,58709.0,244661.0,675056.0
89,5,Christian,Günter,3918729.0,,,,,,,0,2,https://kickbase.b-cdn.net/content/file/6cf382255517427e83824869e5a182d9.png,30.0,2,,0.0,"[{""hasPlayed"": false, ""points"": null}, {""hasPlayed"": false, ""points"": null}]",4,Christian Günter,-139262.0,-139262.0,-140344.0,-136807.0,-758458.0,842829.0
118,5,Vincenzo,Grifo,8415989.0,38.0,1.0,1.0,0.0,1248.0,38.0,0,3,https://kickbase.b-cdn.net/content/file/eabed4e9dee0416bbcc8ff5864f44ea5.png,32.0,2,4.0,26.0,"[{""hasPlayed"": true, ""points"": 38}, {""hasPlayed"": false, ""points"": null}]",3,Vincenzo Grifo,-308325.0,-308325.0,-321466.0,-318402.0,-2477997.0,-2669497.0
1257,5,Lukas,Kübler,6950300.0,68.0,2.0,2.0,1.0,5469.0,136.0,0,2,https://kickbase.b-cdn.net/content/file/a2d24146b6354e6f9b967bb58061f2ac.png,17.0,1,19.0,48.0,"[{""hasPlayed"": true, ""points"": 34}, {""hasPlayed"": true, ""points"": 102}]",4,Lukas Kübler,250846.0,250846.0,232173.0,195547.0,1586728.0,2009429.0
1645,5,Maximilian,Eggestein,17588057.0,175.0,2.0,2.0,2.0,11429.0,349.0,0,3,https://kickbase.b-cdn.net/content/file/7b762754c912496287f84b3c38b24a82.png,8.0,1,19.0,78.0,"[{""hasPlayed"": true, ""points"": 230}, {""hasPlayed"": true, ""points"": 119}]",1,Maximilian Eggestein,172250.0,172250.0,187030.0,173710.0,956408.0,3904283.0
1767,5,Jannik,Huth,500000.0,,,,,,,0,1,https://kickbase.b-cdn.net/content/file/32936879ffa043938bf688dd5dbca746.png,24.0,0,,0.0,"[{""hasPlayed"": false, ""points"": null}, {""hasPlayed"": false, ""points"": null}]",5,Jannik Huth,0.0,0.0,0.0,0.0,0.0,0.0
1858,5,Anthony,Jung,2204934.0,,,,,,,0,2,https://kickbase.b-cdn.net/content/file/5de873b60e7a46eb83255e4a5297a974.png,5.0,2,,0.0,"[{""hasPlayed"": false, ""points"": null}, {""hasPlayed"": false, ""points"": null}]",5,Anthony Jung,-177019.0,-177019.0,-202726.0,-51475.0,232764.0,-1017525.0
1910,5,Florian,Müller,500000.0,,,,,,,0,1,https://kickbase.b-cdn.net/content/file/812a2cedbff7444099345ed29acae1a0.png,21.0,0,,0.0,"[{""hasPlayed"": false, ""points"": null}, {""hasPlayed"": false, ""points"": null}]",5,Florian Müller,0.0,0.0,0.0,0.0,0.0,0.0
2084,5,Philipp,Lienhart,14091635.0,111.0,2.0,2.0,2.0,9937.0,221.0,0,2,https://kickbase.b-cdn.net/content/file/748f11f6c0294a41850137ab1c162436.png,3.0,1,15.0,23.0,"[{""hasPlayed"": true, ""points"": 94}, {""hasPlayed"": true, ""points"": 127}]",2,Philipp Lienhart,138296.0,138296.0,126245.0,86131.0,605259.0,3010071.0
2125,5,Jan-Niklas,Beste,13993448.0,107.0,2.0,2.0,2.0,7286.0,214.0,0,3,https://kickbase.b-cdn.net/content/file/50008e312d584e419fc78f1d54151bc3.png,19.0,1,15.0,29.0,"[{""hasPlayed"": true, ""points"": 86}, {""hasPlayed"": true, ""points"": 128}]",1,Jan-Niklas Beste,149412.0,149412.0,173580.0,158670.0,1063131.0,4522016.0
2176,5,Lucas,Höler,4587365.0,37.0,1.0,1.0,0.0,1224.0,37.0,0,4,https://kickbase.b-cdn.net/content/file/fd6c0b5e138c4a7382c1f0eade49e3f9.png,9.0,2,8.0,26.0,"[{""hasPlayed"": false, ""points"": null}, {""hasPlayed"": true, ""points"": 37}]",5,Lucas Höler,-135785.0,-135785.0,-152760.0,-437736.0,-976397.0,1531665.0
2722,5,Patrick,Osterhage,2146405.0,,,,,,,2,3,https://kickbase.b-cdn.net/content/file/60fae74949d64f7dbfc181f788ffc48c.png,6.0,2,,0.0,"[{""hasPlayed"": false, ""points"": null}, {""hasPlayed"": false, ""points"": null}]",5,Patrick Osterhage,-138580.0,-138580.0,-134822.0,-134835.0,-898915.0,-2025645.0
3209,5,Yannik,Engelhardt,11759627.0,63.0,2.0,2.0,2.0,10648.0,125.0,0,3,https://kickbase.b-cdn.net/content/file/026c80a428ef428ba28a09167853739e.png,16.0,1,10.0,12.0,"[{""hasPlayed"": true, ""points"": 54}, {""hasPlayed"": true, ""points"": 71}]",1,Yannik Engelhardt,-21548.0,-21548.0,12876.0,32135.0,368993.0,4092166.0
3218,5,Mio,Backhaus,15129832.0,105.0,2.0,2.0,2.0,11429.0,210.0,0,1,https://kickbase.b-cdn.net/content/file/5b9a29bca41244bb8c7e691643d00e7d.png,1.0,2,13.0,48.0,"[{""hasPlayed"": true, ""points"": 139}, {""hasPlayed"": true, ""points"": 71}]",1,Mio Backhaus,24093.0,24093.0,12858.0,-135827.0,-1224722.0,-887715.0
3304,5,Igor,Matanović,21857825.0,244.0,2.0,2.0,2.0,10204.0,487.0,0,4,https://kickbase.b-cdn.net/content/file/6bb42fe3c2da4e1e9f8ad8dc25f1cc85.png,31.0,1,22.0,67.0,"[{""hasPlayed"": true, ""points"": 196}, {""hasPlayed"": true, ""points"": 291}]",1,Igor Matanović,223161.0,223161.0,223719.0,215801.0,1416247.0,5029292.0
4335,5,Derry,Scherhant,10803258.0,133.0,2.0,2.0,2.0,10181.0,266.0,0,3,https://kickbase.b-cdn.net/content/file/bef26d4942154c3483dbb80207a36d4d.png,7.0,1,24.0,15.0,"[{""hasPlayed"": true, ""points"": 122}, {""hasPlayed"": true, ""points"": 144}]",3,Derry Scherhant,229344.0,229344.0,240997.0,357385.0,2103619.0,5647220.0
6209,5,Philipp,Treu,10204613.0,86.0,2.0,2.0,1.0,7208.0,172.0,0,2,https://kickbase.b-cdn.net/content/file/76b764f7f4a448e39454f846207e2071.png,29.0,1,16.0,77.0,"[{""hasPlayed"": true, ""points"": 141}, {""hasPlayed"": true, ""points"": 31}]",2,Philipp Treu,74803.0,74803.0,87997.0,8146.0,-901143.0,-203665.0
7215,5,Jordy,Makengo,9404910.0,105.0,2.0,2.0,2.0,11429.0,210.0,0,2,https://kickbase.b-cdn.net/content/file/fd0567aa1f2a49ac97f7b4bdc6aa87a7.png,33.0,1,22.0,21.0,"[{""hasPlayed"": true, ""points"": 120}, {""hasPlayed"": true, ""points"": 90}]",2,Jordy Makengo,345413.0,345413.0,355214.0,324004.0,2056415.0,6925576.0
7216,5,Max,Rosenfelder,5584108.0,37.0,1.0,1.0,0.0,1491.0,37.0,0,2,https://kickbase.b-cdn.net/content/file/e433049f58c743a5959513619885f55b.png,37.0,1,6.0,26.0,"[{""hasPlayed"": false, ""points"": null}, {""hasPlayed"": true, ""points"": 37}]",4,Max Rosenfelder,249992.0,249992.0,264596.0,242220.0,1696553.0,892883.0
8363,5,Berkay,Yilmaz,3496552.0,24.0,1.0,1.0,0.0,780.0,24.0,0,2,https://kickbase.b-cdn.net/content/file/1fc23d1e07db4a7da80071b9456c1dfc.png,27.0,2,6.0,16.0,"[{""hasPlayed"": true, ""points"": 24}, {""hasPlayed"": false, ""points"": null}]",5,Berkay Yilmaz,-126135.0,-126135.0,-129403.0,-120834.0,-849810.0,-6361913.0
8364,5,Bruno,Ogbus,3814250.0,,,,,,,0,2,https://kickbase.b-cdn.net/content/file/e64737da07c343e9a8027194fa943078.png,43.0,1,,0.0,"[{""hasPlayed"": false, ""points"": null}, {""hasPlayed"": false, ""points"": null}]",5,Bruno Ogbus,352840.0,352840.0,282295.0,211380.0,1591876.0,855156.0
11006,5,Yuito,Suzuki,16501603.0,235.0,2.0,2.0,2.0,9808.0,470.0,0,3,https://kickbase.b-cdn.net/content/file/b6f12e7f20704297b8205da224ce56f1.png,14.0,1,28.0,226.0,"[{""hasPlayed"": true, ""points"": 75}, {""hasPlayed"": true, ""points"": 395}]",1,Yuito Suzuki,209537.0,209537.0,214969.0,202569.0,1558159.0,5145372.0
11007,5,Cyriaque,Irié,5566912.0,60.0,1.0,1.0,0.0,2965.0,60.0,0,3,https://kickbase.b-cdn.net/content/file/495fd2fe440e4673a4c36e223f53eb4e.png,22.0,1,10.0,42.0,"[{""hasPlayed"": false, ""points"": null}, {""hasPlayed"": true, ""points"": 60}]",5,Cyriaque Irié,321142.0,321142.0,396918.0,389870.0,2463980.0,661779.0
14048,5,Keisuke,Goto,3197706.0,15.0,2.0,2.0,0.0,1620.0,30.0,0,4,https://kickbase.b-cdn.net/content/file/51c1a52f7444432aab2f7b125fe5ac33.png,42.0,2,9.0,5.0,"[{""hasPlayed"": true, ""points"": 19}, {""hasPlayed"": true, ""points"": 11}]",5,Keisuke Goto,-114999.0,-114999.0,-120945.0,-98414.0,-617816.0,-6167951.0
15196,5,Rihito,Yamamoto,2868728.0,,,,,,,0,3,https://kickbase.b-cdn.net/content/file/500d566763b246d9b74d65bf2cf33241.png,20.0,2,,0.0,"[{""hasPlayed"": false, ""points"": null}, {""hasPlayed"": false, ""points"": null}]",5,Rihito Yamamoto,-139704.0,-139704.0,-142605.0,-145213.0,-893252.0,-6653218.0
43,10,Mitchell,Weiser,4557851.0,,,,,,,0,2,https://kickbase.b-cdn.net/content/file/d4075d101f5c49f88113a719ed8f34e5.png,8.0,2,,0.0,"[{""hasPlayed"": false, ""points"": null}, {""hasPlayed"": false, ""points"": null}]",5,Mitchell Weiser,-85976.0,-85976.0,-101248.0,-119330.0,-69925.0,-2335680.0
157,10,Niklas,Stark,3696755.0,,,,,,,0,2,https://kickbase.b-cdn.net/content/file/47d350de3ba7487dad6fff58c11b5910.png,4.0,1,,0.0,"[{""hasPlayed"": false, ""points"": null}, {""hasPlayed"": false, ""points"": null}]",5,Niklas Stark,355522.0,355522.0,225855.0,118241.0,1353210.0,-31733.0
608,10,Niclas,Füllkrug,12963446.0,46.0,2.0,2.0,2.0,8371.0,91.0,0,4,https://kickbase.b-cdn.net/content/file/b83a0c4ef29b40d99020bb11e9e1bc7f.png,10.0,1,7.0,129.0,"[{""hasPlayed"": true, ""points"": 137}, {""hasPlayed"": true, ""points"": -46}]",1,Niclas Füllkrug,138493.0,138493.0,115430.0,85728.0,65286.0,-11166922.0
1996,10,Marco,Friedl,11475347.0,79.0,2.0,2.0,2.0,11674.0,158.0,0,2,https://kickbase.b-cdn.net/content/file/7ab07056637e493d80590700542ee887.png,32.0,2,13.0,12.0,"[{""hasPlayed"": true, ""points"": 88}, {""hasPlayed"": true, ""points"": 70}]",1,Marco Friedl,-206368.0,-206368.0,-170773.0,-215874.0,-1671572.0,42361.0
2294,10,Amos,Pieper,12194369.0,99.0,2.0,2.0,2.0,11674.0,197.0,0,2,https://kickbase.b-cdn.net/content/file/32262c6e17164fd1a62ee34e358e2540.png,5.0,1,16.0,4.0,"[{""hasPlayed"": true, ""points"": 102}, {""hasPlayed"": true, ""points"": 95}]",1,Amos Pieper,109710.0,109710.0,124081.0,90572.0,492022.0,4254880.0
2842,10,Felix,Agu,1642956.0,,,,,,,2,2,https://kickbase.b-cdn.net/content/file/d3aec548a0d84afcb6a8f6c90cc09e72.png,27.0,2,,0.0,"[{""hasPlayed"": false, ""points"": null}, {""hasPlayed"": false, ""points"": null}]",5,Felix Agu,-124530.0,-124530.0,-133642.0,-139899.0,-824952.0,-3339558.0
2939,10,Eren Sami,Dinkçi,5975640.0,56.0,2.0,2.0,1.0,4747.0,111.0,0,3,https://kickbase.b-cdn.net/content/file/174ad85385c44b14afdb5c2c71ce799f.png,18.0,1,18.0,94.0,"[{""hasPlayed"": true, ""points"": 122}, {""hasPlayed"": true, ""points"": -11}]",1,Eren Sami Dinkçi,325979.0,325979.0,324098.0,329591.0,1163156.0,1941223.0
3139,10,Cédric,Itten,3888838.0,18.0,2.0,2.0,0.0,3301.0,35.0,0,4,https://kickbase.b-cdn.net/content/file/c4cfdfdc99a949ea8f5f97c7c316efd8.png,26.0,2,9.0,4.0,"[{""hasPlayed"": true, ""points"": 21}, {""hasPlayed"": true, ""points"": 14}]",5,Cédric Itten,-124765.0,-124765.0,-132953.0,-123327.0,-742840.0,-6782733.0
3166,10,Keke,Topp,500000.0,,,,,,,1,4,https://kickbase.b-cdn.net/content/file/3b2c4046987d46a6a2afe1a90455d7ea.png,9.0,0,,0.0,"[{""hasPlayed"": false, ""points"": null}, {""hasPlayed"": false, ""points"": null}]",5,Keke Topp,0.0,0.0,0.0,-8550.0,-382832.0,-434145.0
3228,10,Justin,Njinmah,4559143.0,2.0,1.0,1.0,1.0,3750.0,2.0,1,4,https://kickbase.b-cdn.net/content/file/aecaedfbbfac4fc189856b5b5d560b2d.png,11.0,2,0.0,1.0,"[{""hasPlayed"": false, ""points"": null}, {""hasPlayed"": true, ""points"": 2}]",5,Justin Njinmah,-145191.0,-145191.0,-145471.0,-373754.0,-2402097.0,-1916881.0
3281,10,Ludovit,Reis,9448364.0,63.0,2.0,2.0,2.0,11125.0,126.0,0,3,https://kickbase.b-cdn.net/content/file/4b8927aad68d467b96d281d272a77f35.png,15.0,1,13.0,48.0,"[{""hasPlayed"": true, ""points"": 97}, {""hasPlayed"": true, ""points"": 29}]",2,Ludovit Reis,262025.0,262025.0,287691.0,195424.0,1184924.0,901081.0
3450,10,Markus,Kolke,500000.0,,,,,,,0,1,https://kickbase.b-cdn.net/content/file/8e62a66ca620435fa877b6e0ed662c0b.png,25.0,0,,0.0,"[{""hasPlayed"": false, ""points"": null}, {""hasPlayed"": false, ""points"": null}]",5,Markus Kolke,0.0,0.0,0.0,0.0,0.0,0.0
3481,10,Jens,Stage,12930036.0,,,,,,,1,3,https://kickbase.b-cdn.net/content/file/1660e6fa98fe418d8a4abdb17bda1d62.png,6.0,2,,0.0,"[{""hasPlayed"": false, ""points"": null}, {""hasPlayed"": false, ""points"": null}]",5,Jens Stage,-662237.0,-662237.0,-649978.0,-656788.0,-4661851.0,-5016175.0
6174,10,,Arthur,6463266.0,49.0,1.0,1.0,1.0,4193.0,49.0,0,2,https://kickbase.b-cdn.net/content/file/1a97160785984f9ba1247c828bca87a5.png,0.0,1,7.0,34.0,"[{""hasPlayed"": true, ""points"": 49}, {""hasPlayed"": false, ""points"": null}]",1,Arthur,355436.0,355436.0,349389.0,326189.0,2375840.0,265320.0
7167,10,Senne,Lynen,6519668.0,0.0,1.0,1.0,1.0,2812.0,0.0,2,3,https://kickbase.b-cdn.net/content/file/155288638ca9459bbebfab0684e818ef.png,14.0,2,,0.0,"[{""hasPlayed"": false, ""points"": null}, {""hasPlayed"": true, ""points"": 0}]",4,Senne Lynen,-377806.0,-377806.0,-376262.0,-350416.0,-2373710.0,-1046038.0
7282,10,Olivier,Deman,9491968.0,93.0,2.0,2.0,2.0,11674.0,185.0,0,2,https://kickbase.b-cdn.net/content/file/581d084f390f47a38c3d2d35085fb1e4.png,2.0,1,19.0,98.0,"[{""hasPlayed"": true, ""points"": 162}, {""hasPlayed"": true, ""points"": 23}]",1,Olivier Deman,301660.0,301660.0,254366.0,113440.0,-96248.0,327472.0
7721,10,Marco,Grüll,7747964.0,209.0,2.0,2.0,2.0,11124.0,417.0,0,3,https://kickbase.b-cdn.net/content/file/73071b81354346399a14dd6431d4e823.png,17.0,1,53.0,115.0,"[{""hasPlayed"": true, ""points"": 290}, {""hasPlayed"": true, ""points"": 127}]",1,Marco Grüll,340822.0,340822.0,349554.0,318733.0,1858629.0,4559901.0
8166,10,,Chuki,7599865.0,85.0,2.0,2.0,2.0,10866.0,170.0,0,3,https://kickbase.b-cdn.net/content/file/480d2ef5bfd94f57a5db7545d63b0828.png,20.0,1,22.0,93.0,"[{""hasPlayed"": true, ""points"": 151}, {""hasPlayed"": true, ""points"": 19}]",1,Chuki,290593.0,290593.0,237997.0,134174.0,-81200.0,-2511010.0
9513,10,Karl,Hein,12130504.0,75.0,2.0,2.0,2.0,11674.0,150.0,0,1,https://kickbase.b-cdn.net/content/file/0342913c28ed45b18f310732f9b90b16.png,1.0,2,12.0,94.0,"[{""hasPlayed"": true, ""points"": 142}, {""hasPlayed"": true, ""points"": 8}]",1,Karl Hein,23997.0,23997.0,26030.0,-72153.0,-1192109.0,524623.0
9600,10,Alexander,Schlager,1525430.0,,,,,,,0,1,https://kickbase.b-cdn.net/content/file/c677b3706079488a8ee0283db8fdd970.png,30.0,2,,0.0,"[{""hasPlayed"": false, ""points"": null}, {""hasPlayed"": false, ""points"": null}]",5,Alexander Schlager,-137288.0,-137288.0,-138262.0,-136417.0,-968435.0,-4839477.0
10131,10,Dariusz,Stalmach,4427956.0,86.0,2.0,2.0,0.0,3775.0,172.0,0,3,https://kickbase.b-cdn.net/content/file/24197523c05b4e17ac6e922264265d37.png,23.0,1,38.0,86.0,"[{""hasPlayed"": true, ""points"": 25}, {""hasPlayed"": true, ""points"": 147}]",5,Dariusz Stalmach,399030.0,399030.0,380512.0,307146.0,2389546.0,-122899.0
10134,10,Mick,Schmetgens,4803951.0,21.0,2.0,2.0,1.0,7480.0,42.0,0,2,https://kickbase.b-cdn.net/content/file/cbb89b4949af4997a53ca8ecc1ce7c78.png,33.0,2,8.0,29.0,"[{""hasPlayed"": true, ""points"": 42}, {""hasPlayed"": true, ""points"": 0}]",5,Mick Schmetgens,-361919.0,-361919.0,-382573.0,-365341.0,-2618595.0,1005234.0
11262,10,Salim Amani,Musah,3691158.0,1.0,2.0,2.0,0.0,2762.0,1.0,0,4,https://kickbase.b-cdn.net/content/file/06171b2c46b740f29fc107281e5b489c.png,29.0,2,0.0,7.0,"[{""hasPlayed"": true, ""points"": 6}, {""hasPlayed"": true, ""points"": -5}]",5,Salim Amani Musah,-124785.0,-124785.0,-135398.0,-140304.0,-841398.0,-798009.0
13449,10,Moussa,Ndiaye,3591374.0,,,,,,,0,2,https://kickbase.b-cdn.net/content/file/2af2bd87e1ec448bb98741662c2c9fe4.png,0.0,1,,,"[{""hasPlayed"": false, ""points"": null}, {""hasPlayed"": false, ""points"": null}]",5,Moussa Ndiaye,175203.0,175203.0,269512.0,304401.0,3591374.0,3591374.0
14923,10,Kenny,Quetant,816865.0,,,,,,,2,4,https://kickbase.b-cdn.net/content/file/ce71a0ceab994338b9911cf79b91e00c.png,19.0,2,,0.0,"[{""hasPlayed"": false, ""points"": null}, {""hasPlayed"": false, ""points"": null}]",5,Kenny Quetant,-94489.0,-94489.0,-134429.0,-141622.0,-697395.0,-3884285.0
14926,10,Darwin,Soylu,749023.0,,,,,,,0,3,https://kickbase.b-cdn.net/content/file/5cb0e397fead443c8b6edad320c05fb5.png,34.0,2,,0.0,"[{""hasPlayed"": false, ""points"": null}, {""hasPlayed"": false, ""points"": null}]",5,Darwin Soylu,-53762.0,-53762.0,-114875.0,-143921.0,-648559.0,-3959954.0
15256,10,Oskar,Wójcik,2086687.0,,,,,,,0,2,https://kickbase.b-cdn.net/content/file/97c455965a994f56b1d9c44f02427633.png,3.0,2,,0.0,"[{""hasPlayed"": false, ""points"": null}, {""hasPlayed"": false, ""points"": null}]",5,Oskar Wójcik,-140064.0,-140064.0,-145273.0,-151387.0,-957622.0,-6340751.0
15313,10,Paul,Erevbenagie,3676323.0,37.0,1.0,1.0,0.0,1768.0,37.0,0,4,https://kickbase.b-cdn.net/content/file/6e29480ac28c4af59908453b181e813c.png,38.0,2,10.0,26.0,"[{""hasPlayed"": true, ""points"": 37}, {""hasPlayed"": false, ""points"": null}]",5,Paul Erevbenagie,-133754.0,-133754.0,-135014.0,-124635.0,-790805.0,3067804.0
17288,10,Youri,Regeer,6890653.0,130.0,1.0,1.0,1.0,5157.0,130.0,0,3,https://kickbase.b-cdn.net/content/file/f4b7ace177bb4699aad8c93d93c91829.png,0.0,1,18.0,,"[{""hasPlayed"": true, ""points"": 130}, {""hasPlayed"": false, ""points"": null}]",2,Youri Regeer,325171.0,325171.0,326184.0,280685.0,6390653.0,6890653.0
493,13,Michael,Gregoritsch,12769773.0,138.0,2.0,2.0,2.0,9346.0,276.0,0,4,https://kickbase.b-cdn.net/content/file/90d8bfeb702e4fc9a12b70e61d1cada3.png,11.0,1,21.0,80.0,"[{""hasPlayed"": true, ""points"": 81}, {""hasPlayed"": true, ""points"": 195}]",1,Michael Gregoritsch,210845.0,210845.0,209245.0,185676.0,1342999.0,4029123.0
1809,13,Marius,Wolf,8884997.0,200.0,2.0,2.0,2.0,9820.0,400.0,0,3,https://kickbase.b-cdn.net/content/file/a1f80afaec424464a483185498e81a2e.png,27.0,1,45.0,53.0,"[{""hasPlayed"": true, ""points"": 162}, {""hasPlayed"": true, ""points"": 238}]",3,Marius Wolf,331330.0,331330.0,356394.0,331886.0,2327108.0,7866585.0
1811,13,Jeffrey,Gouweleeuw,6732471.0,26.0,2.0,2.0,0.0,777.0,52.0,0,2,https://kickbase.b-cdn.net/content/file/12102af2b43f4161bfaeb1a6d0172ad2.png,6.0,2,7.0,5.0,"[{""hasPlayed"": true, ""points"": 30}, {""hasPlayed"": true, ""points"": 22}]",3,Jeffrey Gouweleeuw,-314598.0,-314598.0,-351582.0,-309041.0,-1311089.0,-3478461.0
2195,13,Finn,Dahmen,16584815.0,195.0,2.0,2.0,2.0,11311.0,389.0,0,1,https://kickbase.b-cdn.net/content/file/78075846ec2d4f2eaeef6be38fdb6681.png,1.0,1,23.0,26.0,"[{""hasPlayed"": true, ""points"": 176}, {""hasPlayed"": true, ""points"": 213}]",1,Finn Dahmen,125161.0,125161.0,112478.0,53050.0,401859.0,1320024.0
2764,13,Yannik,Keitel,1579189.0,23.0,1.0,1.0,0.0,642.0,23.0,0,3,https://kickbase.b-cdn.net/content/file/4f4bc9f6569e49588aa7dd39288b614f.png,14.0,2,14.0,16.0,"[{""hasPlayed"": false, ""points"": null}, {""hasPlayed"": true, ""points"": 23}]",5,Yannik Keitel,-121105.0,-121105.0,-139447.0,-79760.0,-542777.0,-3302046.0
3143,13,Kristijan,Jakić,3666449.0,,,,,,,0,3,https://kickbase.b-cdn.net/content/file/e10151863bbf44bab60284439ee3e070.png,17.0,2,,0.0,"[{""hasPlayed"": false, ""points"": null}, {""hasPlayed"": false, ""points"": null}]",5,Kristijan Jakić,-160744.0,-160744.0,-175690.0,-158194.0,-104529.0,871320.0
3176,13,Arijon,Ibrahimović,6639295.0,181.0,1.0,1.0,1.0,3743.0,181.0,0,3,https://kickbase.b-cdn.net/content/file/f88dab5aaf7b458a971b11fb9ae2eb82.png,21.0,1,27.0,127.0,"[{""hasPlayed"": true, ""points"": 181}, {""hasPlayed"": false, ""points"": null}]",3,Arijon Ibrahimović,385077.0,385077.0,389051.0,298653.0,2271239.0,1030198.0
3183,13,Anton,Kade,14333848.0,273.0,1.0,1.0,1.0,5649.0,273.0,2,4,https://kickbase.b-cdn.net/content/file/023539a6ce2b4b2d971d98593d7ce584.png,30.0,1,19.0,193.0,"[{""hasPlayed"": false, ""points"": null}, {""hasPlayed"": true, ""points"": 273}]",3,Anton Kade,43093.0,43093.0,70923.0,70993.0,689725.0,4173192.0
4654,13,Mert,Kömür,4307311.0,50.0,2.0,2.0,0.0,2980.0,100.0,0,3,https://kickbase.b-cdn.net/content/file/f2c46eb7f8d3482c8bb69240abd7762d.png,10.0,2,23.0,9.0,"[{""hasPlayed"": true, ""points"": 57}, {""hasPlayed"": true, ""points"": 43}]",4,Mert Kömür,-98319.0,-98319.0,-97039.0,-63631.0,-508261.0,1351449.0
6168,13,Robin,Fellhauer,9998219.0,104.0,2.0,2.0,2.0,8323.0,207.0,0,3,https://kickbase.b-cdn.net/content/file/c458283e0fd243beb4cd2bd270cbfb54.png,19.0,1,20.0,64.0,"[{""hasPlayed"": true, ""points"": 149}, {""hasPlayed"": true, ""points"": 58}]",2,Robin Fellhauer,232684.0,232684.0,120758.0,-164758.0,-336927.0,1126221.0
7283,13,Calvin,Brackelmann,7668182.0,113.0,2.0,2.0,2.0,10533.0,225.0,2,2,https://kickbase.b-cdn.net/content/file/e13f320cbaad4bad96143f969d2cf434.png,2.0,1,29.0,47.0,"[{""hasPlayed"": true, ""points"": 79}, {""hasPlayed"": true, ""points"": 146}]",3,Calvin Brackelmann,301258.0,301258.0,358484.0,362710.0,2020652.0,-526286.0
7336,13,Sima,Suso,786596.0,,,,,,,0,3,https://kickbase.b-cdn.net/content/file/183351daddfd4c36b0c80c411b0e061c.png,8.0,2,,0.0,"[{""hasPlayed"": false, ""points"": null}, {""hasPlayed"": false, ""points"": null}]",5,Sima Suso,-43604.0,-43604.0,-112620.0,-125567.0,-676405.0,-4044387.0
7676,13,Fabian,Rieder,16570421.0,208.0,2.0,2.0,2.0,10669.0,416.0,0,3,https://kickbase.b-cdn.net/content/file/bdc22db52af641168bf48d012401bd6b.png,32.0,1,25.0,18.0,"[{""hasPlayed"": true, ""points"": 221}, {""hasPlayed"": true, ""points"": 195}]",1,Fabian Rieder,170234.0,170234.0,180530.0,127034.0,1000354.0,5000844.0
7696,13,Nediljko,Labrović,500000.0,,,,,,,0,1,https://kickbase.b-cdn.net/content/file/ab74d9253f714c34b29783c84700fd13.png,22.0,0,,0.0,"[{""hasPlayed"": false, ""points"": null}, {""hasPlayed"": false, ""points"": null}]",5,Nediljko Labrović,0.0,0.0,0.0,0.0,0.0,-2010206.0
8355,13,Noahkai,Banks,10216355.0,138.0,2.0,2.0,2.0,11311.0,275.0,0,2,https://kickbase.b-cdn.net/content/file/eee3a63f6cd84553ac20c6854134da5c.png,40.0,1,26.0,10.0,"[{""hasPlayed"": true, ""points"": 130}, {""hasPlayed"": true, ""points"": 145}]",1,Noahkai Banks,410790.0,410790.0,399532.0,342940.0,2476901.0,3773301.0
9642,13,Chrislain,Matsima,14932181.0,157.0,2.0,2.0,2.0,11311.0,314.0,0,2,https://kickbase.b-cdn.net/content/file/0337794cdbe74c759f6ea4c6ac9c796b.png,5.0,1,21.0,26.0,"[{""hasPlayed"": true, ""points"": 176}, {""hasPlayed"": true, ""points"": 138}]",1,Chrislain Matsima,194057.0,194057.0,196058.0,142561.0,1114105.0,4709216.0
9684,13,Alexis,Claude-Maurice,7109889.0,167.0,1.0,1.0,0.0,1925.0,167.0,0,3,https://kickbase.b-cdn.net/content/file/6fcd0e7bf78f4355ac28aecef9efb589.png,20.0,1,23.0,118.0,"[{""hasPlayed"": true, ""points"": 167}, {""hasPlayed"": false, ""points"": null}]",3,Alexis Claude-Maurice,359645.0,359645.0,286909.0,-48004.0,-335765.0,-4631902.0
9754,13,Juma,Bah,6390051.0,,,,,,,0,2,https://kickbase.b-cdn.net/content/file/5627c3fa11834a97ae7c6963d68a09a6.png,0.0,2,,,"[{""hasPlayed"": false, ""points"": null}, {""hasPlayed"": false, ""points"": null}]",4,Juma Bah,-444618.0,-444618.0,-489521.0,-468131.0,6390051.0,6390051.0
9965,13,Faik,Sakar,2639164.0,,,,,,,0,3,https://kickbase.b-cdn.net/content/file/8acfc6a0b1524998999efe1e686302d4.png,23.0,2,,0.0,"[{""hasPlayed"": false, ""points"": null}, {""hasPlayed"": false, ""points"": null}]",5,Faik Sakar,-150034.0,-150034.0,-155576.0,-139759.0,-952896.0,-1174599.0
10049,13,Hennes,Behrens,12540524.0,121.0,2.0,2.0,2.0,11311.0,242.0,0,2,https://kickbase.b-cdn.net/content/file/18dac711dedc44698522f7c499401190.png,16.0,1,19.0,31.0,"[{""hasPlayed"": true, ""points"": 99}, {""hasPlayed"": true, ""points"": 143}]",1,Hennes Behrens,114551.0,114551.0,116374.0,77593.0,741015.0,5177148.0
11556,13,Han-Noah,Massengo,11724743.0,146.0,2.0,2.0,2.0,11311.0,292.0,0,3,https://kickbase.b-cdn.net/content/file/d5c086e505984d7ba4c7e0af23d1a901.png,4.0,1,24.0,12.0,"[{""hasPlayed"": true, ""points"": 137}, {""hasPlayed"": true, ""points"": 155}]",1,Han-Noah Massengo,235044.0,235044.0,229490.0,167780.0,1219942.0,3429368.0
12341,13,Rodrigo,Ribeiro,5506398.0,66.0,2.0,2.0,0.0,1964.0,131.0,0,4,https://kickbase.b-cdn.net/content/file/7d60acf2c66d45288438f5f879775e01.png,9.0,1,23.0,53.0,"[{""hasPlayed"": true, ""points"": 28}, {""hasPlayed"": true, ""points"": 103}]",5,Rodrigo Ribeiro,284109.0,284109.0,322687.0,300812.0,1993976.0,199291.0
13479,13,Uchenna,Ogundu,2758067.0,,,,,,,0,4,https://kickbase.b-cdn.net/content/file/c9277b2f662b4b60a7ad1b27ddb68201.png,39.0,2,,0.0,"[{""hasPlayed"": false, ""points"": null}, {""hasPlayed"": false, ""points"": null}]",5,Uchenna Ogundu,-140859.0,-140859.0,-144635.0,-136389.0,-920216.0,-963283.0
13671,13,Tom,Wisbereit,500000.0,,,,,,,0,1,https://kickbase.b-cdn.net/content/file/487a6f69783d4bf69fa8c1b023e108e1.png,48.0,0,,,"[{""hasPlayed"": false, ""points"": null}, {""hasPlayed"": false, ""points"": null}]",5,Tom Wisbereit,0.0,0.0,0.0,0.0,0.0,0.0
13806,13,Young-Woo,Seol,2910376.0,53.0,2.0,2.0,0.0,1490.0,105.0,0,2,https://kickbase.b-cdn.net/content/file/e7ba68f831b843ba9e8251edb80f7989.png,7.0,2,36.0,28.0,"[{""hasPlayed"": true, ""points"": 32}, {""hasPlayed"": true, ""points"": 73}]",4,Young-Woo Seol,-136875.0,-136875.0,-105966.0,-27820.0,-9.0,2910376.0
32,8,Loris,Karius,16747669.0,133.0,2.0,2.0,2.0,11390.0,265.0,0,1,https://kickbase.b-cdn.net/content/file/9b53a17786bd45d8b843b3e188f2ceae.png,1.0,1,15.0,13.0,"[{""hasPlayed"": true, ""points"": 123}, {""hasPlayed"": true, ""points"": 142}]",1,Loris Karius,92566.0,92566.0,57303.0,33931.0,121994.0,1489307.0
670,8,Kenan,Karaman,8556474.0,15.0,1.0,1.0,0.0,596.0,15.0,0,4,https://kickbase.b-cdn.net/content/file/3eb5c46b23e042a4b366137871517bbe.png,19.0,1,1.0,10.0,"[{""hasPlayed"": true, ""points"": 15}, {""hasPlayed"": false, ""points"": null}]",3,Kenan Karaman,104658.0,104658.0,53047.0,-76962.0,-937446.0,-6435937.0
755,8,Kevin,Müller,1307459.0,,,,,,,0,1,https://kickbase.b-cdn.net/content/file/9267ef7e0ff04d8d8f68116e2baab8fa.png,22.0,2,,0.0,"[{""hasPlayed"": false, ""points"": null}, {""hasPlayed"": false, ""points"": null}]",5,Kevin Müller,-145542.0,-145542.0,-159276.0,-181377.0,-471366.0,-393770.0
1012,8,Edin,Džeko,6632327.0,-30.0,1.0,1.0,0.0,1052.0,-30.0,0,4,https://kickbase.b-cdn.net/content/file/31e382a514fb4fd0a7b6bf028b56f839.png,10.0,2,,21.0,"[{""hasPlayed"": false, ""points"": null}, {""hasPlayed"": true, ""points"": -30}]",5,Edin Džeko,-334141.0,-334141.0,-355474.0,-349155.0,-2270310.0,-172382.0
1691,8,Finn,Porath,1545488.0,,,,,,,0,3,https://kickbase.b-cdn.net/content/file/250d4c6c00a74d8b9604ba54ec4385fd.png,27.0,2,,0.0,"[{""hasPlayed"": false, ""points"": null}, {""hasPlayed"": false, ""points"": null}]",5,Finn Porath,-141891.0,-141891.0,-150601.0,-152271.0,-932763.0,-3003910.0
2449,8,Hee-Chan,Hwang,4621598.0,,,,,,,0,4,https://kickbase.b-cdn.net/content/file/f03e94d1a5cf48cb99e80d9be87e060c.png,0.0,2,,,"[{""hasPlayed"": false, ""points"": null}, {""hasPlayed"": false, ""points"": null}]",5,Hee-Chan Hwang,-84395.0,-84395.0,-57497.0,-33562.0,-744629.0,2255371.0
2762,8,Timo,Becker,8562354.0,59.0,2.0,2.0,2.0,11390.0,118.0,0,2,https://kickbase.b-cdn.net/content/file/f1cc618a8f9e4121bc762da081feea87.png,5.0,2,13.0,50.0,"[{""hasPlayed"": true, ""points"": 95}, {""hasPlayed"": true, ""points"": 23}]",1,Timo Becker,-51192.0,-51192.0,-120096.0,-193161.0,-489216.0,2417000.0
2876,8,Ron,Schallenberg,3597373.0,-54.0,1.0,1.0,1.0,3776.0,-54.0,8,3,https://kickbase.b-cdn.net/content/file/9f2d8e42f6bc438a9b4808262a3b2349.png,6.0,2,,38.0,"[{""hasPlayed"": false, ""points"": null}, {""hasPlayed"": true, ""points"": -54}]",5,Ron Schallenberg,-126460.0,-126460.0,-120350.0,-123050.0,-865230.0,-3456956.0
2967,8,Soufiane,El-Faouzi,12612899.0,76.0,2.0,2.0,2.0,11390.0,151.0,0,3,https://kickbase.b-cdn.net/content/file/08eca83815c745e1b44ccab6f89b6778.png,23.0,2,11.0,21.0,"[{""hasPlayed"": true, ""points"": 91}, {""hasPlayed"": true, ""points"": 60}]",1,Soufiane El-Faouzi,29319.0,29319.0,-7953.0,-108603.0,-1360679.0,-580633.0
3029,8,Dejan,Ljubičić,7802391.0,35.0,2.0,2.0,2.0,10211.0,70.0,0,3,https://kickbase.b-cdn.net/content/file/98ab54f781d048c8b864ceba5bc2f7d4.png,21.0,1,8.0,11.0,"[{""hasPlayed"": true, ""points"": 27}, {""hasPlayed"": true, ""points"": 43}]",2,Dejan Ljubičić,263287.0,263287.0,236713.0,159753.0,1276556.0,-1042839.0
3307,8,Janik,Bachmann,1744430.0,,,,,,,0,3,https://kickbase.b-cdn.net/content/file/428a68b3510c4b3ba91bef10ecd9fff2.png,14.0,1,,0.0,"[{""hasPlayed"": false, ""points"": null}, {""hasPlayed"": false, ""points"": null}]",5,Janik Bachmann,294676.0,294676.0,310795.0,283450.0,1183475.0,-1741484.0
4406,8,Éric,Dina Ebimbe,4892520.0,5.0,2.0,2.0,1.0,5926.0,10.0,0,3,https://kickbase.b-cdn.net/content/file/afbea634b0e842279a632beb83f7cfbd.png,29.0,2,2.0,33.0,"[{""hasPlayed"": true, ""points"": 29}, {""hasPlayed"": true, ""points"": -19}]",3,Éric Dina Ebimbe,-60674.0,-60674.0,-225310.0,-247730.0,-1538269.0,4392520.0
4606,8,Hasan,Kuruçay,8913477.0,66.0,2.0,2.0,2.0,8290.0,131.0,0,2,https://kickbase.b-cdn.net/content/file/6448b21aef9940588bd94029c6f79831.png,4.0,1,14.0,60.0,"[{""hasPlayed"": true, ""points"": 108}, {""hasPlayed"": true, ""points"": 23}]",1,Hasan Kuruçay,185431.0,185431.0,109007.0,-16447.0,-751530.0,-3052987.0
6172,8,Junior,Adamu,5412603.0,24.0,1.0,1.0,1.0,3727.0,24.0,0,4,https://kickbase.b-cdn.net/content/file/61eaae6121e34a598bac55925001ce96.png,20.0,2,4.0,16.0,"[{""hasPlayed"": false, ""points"": null}, {""hasPlayed"": true, ""points"": 24}]",4,Junior Adamu,-341963.0,-341963.0,-381782.0,-381290.0,-1053033.0,-3865498.0
7156,8,Maximilian,Wöber,1890479.0,-20.0,2.0,2.0,0.0,3099.0,-39.0,0,2,https://kickbase.b-cdn.net/content/file/aa8759270ae54b79851feea4f7769c01.png,39.0,2,,81.0,"[{""hasPlayed"": true, ""points"": 38}, {""hasPlayed"": true, ""points"": -77}]",5,Maximilian Wöber,-111425.0,-111425.0,-124453.0,-111980.0,-741522.0,-3994865.0
7242,8,Robin,Gosens,7739613.0,37.0,2.0,2.0,1.0,5918.0,73.0,0,2,https://kickbase.b-cdn.net/content/file/aad327c722fd45e2a843dfbba1484126.png,8.0,2,9.0,64.0,"[{""hasPlayed"": true, ""points"": 82}, {""hasPlayed"": true, ""points"": -9}]",2,Robin Gosens,15988.0,15988.0,-56506.0,-132333.0,-1252587.0,-1804516.0
8222,8,Moussa,Sylla,8254739.0,23.0,2.0,2.0,2.0,11390.0,45.0,0,4,https://kickbase.b-cdn.net/content/file/9e29701cd06e47cb89a5e43674193068.png,9.0,2,5.0,2.0,"[{""hasPlayed"": true, ""points"": 24}, {""hasPlayed"": true, ""points"": 21}]",1,Moussa Sylla,-74204.0,-74204.0,-154410.0,-227174.0,-1071056.0,150515.0
8235,8,Adrian,Gantenbein,612591.0,,,,,,,0,2,https://kickbase.b-cdn.net/content/file/20ff107cb10149319ad76cc948de9e70.png,17.0,2,,0.0,"[{""hasPlayed"": false, ""points"": null}, {""hasPlayed"": false, ""points"": null}]",5,Adrian Gantenbein,-68282.0,-68282.0,-108613.0,-140807.0,-886964.0,-545529.0
8277,8,Vitalie,Becker,4366496.0,10.0,2.0,2.0,1.0,5471.0,20.0,0,2,https://kickbase.b-cdn.net/content/file/e467725d314c414688deb0c9754900e0.png,33.0,2,4.0,8.0,"[{""hasPlayed"": true, ""points"": 4}, {""hasPlayed"": true, ""points"": 16}]",4,Vitalie Becker,-110510.0,-110510.0,-105103.0,-89863.0,-998537.0,-1925853.0
10916,8,Mert Can,Ayhan,4123198.0,-7.0,2.0,2.0,0.0,2203.0,-13.0,0,2,https://kickbase.b-cdn.net/content/file/130406d171884bb486982e8fe381150c.png,43.0,2,,24.0,"[{""hasPlayed"": true, ""points"": 11}, {""hasPlayed"": true, ""points"": -24}]",4,Mert Can Ayhan,-131687.0,-131687.0,-130145.0,-102461.0,-952713.0,-4952591.0
11255,8,Nikola,Katic,10555407.0,87.0,2.0,2.0,2.0,10337.0,174.0,0,2,https://kickbase.b-cdn.net/content/file/74d1dd6590234bdb8e0d4bd266d6c531.png,25.0,2,16.0,28.0,"[{""hasPlayed"": true, ""points"": 107}, {""hasPlayed"": true, ""points"": 67}]",1,Nikola Katic,36965.0,36965.0,-48455.0,-212358.0,-2296296.0,-2683970.0
12158,8,Luca,Vozar,1821485.0,5.0,1.0,1.0,0.0,1178.0,5.0,0,3,https://kickbase.b-cdn.net/content/file/48805a793bcc4f09abdd1e903981c421.png,38.0,2,2.0,3.0,"[{""hasPlayed"": true, ""points"": 5}, {""hasPlayed"": false, ""points"": null}]",5,Luca Vozar,-136618.0,-136618.0,-138335.0,-138670.0,-939173.0,1321485.0
12297,8,Satoshi,Tanaka,6381244.0,94.0,1.0,1.0,1.0,5741.0,94.0,0,3,https://kickbase.b-cdn.net/content/file/450d1dc6d03543289c75d4e5e117d7e1.png,13.0,1,14.0,66.0,"[{""hasPlayed"": true, ""points"": 94}, {""hasPlayed"": false, ""points"": null}]",2,Satoshi Tanaka,350895.0,350895.0,353692.0,323963.0,1776217.0,-2036262.0
13431,8,Johannes Simon,Siebeking,500000.0,,,,,,,0,1,https://kickbase.b-cdn.net/content/file/c6ff39d185b14c30a66421c5c78c245e.png,36.0,0,,0.0,"[{""hasPlayed"": false, ""points"": null}, {""hasPlayed"": false, ""points"": null}]",5,Johannes Simon Siebeking,0.0,0.0,0.0,0.0,0.0,-3350898.0
13448,8,Adil,Aouchiche,10959666.0,64.0,2.0,2.0,2.0,10325.0,127.0,0,3,https://kickbase.b-cdn.net/content/file/8ac09c4f6e974d80a4bc1aff9ad6768d.png,24.0,2,11.0,28.0,"[{""hasPlayed"": true, ""points"": 84}, {""hasPlayed"": true, ""points"": 43}]",1,Adil Aouchiche,-236076.0,-236076.0,-277391.0,-341525.0,-2491685.0,-2555675.0
