id,teamId,firstName,lastName,marketValue,averagePoints,games,gamesPlayed,start11,totalPlaytimeS,totalPoints,status,position,playerImage,number,trend,pointsPerValue,pointsStdDev,history,startProbability,name,marketChangeToday,marketChange.today,marketChange.yesterday,marketChange.twoDays,marketChange.sevenDaysAvg,marketChange.thirtyDaysAvg
173,2,Jonathan,Tah,33630269.0,35.0,1.0,1.0,0.0,693.0,35.0,0,2,https://kickbase.b-cdn.net/content/file/cd9c5cb89a074d1ea56f7d952e5074e4.png,4.0,2,1.0,,"[{""hasPlayed"": true, ""points"": 35}]",3,Jonathan Tah,-637454.0,-637454.0,-561808.0,-515197.0,-3266044.0,-2432780.0
237,2,Manuel,Neuer,14552983.0,145.0,1.0,1.0,1.0,5767.0,145.0,0,1,https://kickbase.b-cdn.net/content/file/bf993bb6d6914136b11177795c5f77a9.png,1.0,1,9.0,,"[{""hasPlayed"": true, ""points"": 145}]",1,Manuel Neuer,92910.0,92910.0,131517.0,144356.0,718702.0,2317397.0
383,2,Sven,Ulreich,500000.0,,,,,,,0,1,https://kickbase.b-cdn.net/content/file/0535504fe45c48b6a905e9a14da5851d.png,26.0,0,,,"[{""hasPlayed"": false, ""points"": null}]",5,Sven Ulreich,0.0,0.0,0.0,0.0,-41527.0,-11636.0
1685,2,Joshua,Kimmich,59870453.0,303.0,1.0,1.0,1.0,5767.0,303.0,0,3,https://kickbase.b-cdn.net/content/file/b41a70e2188a4c72aa165cfc7606c3e9.png,6.0,1,5.0,,"[{""hasPlayed"": true, ""points"": 303}]",1,Joshua Kimmich,4003.0,4003.0,8506.0,13275.0,-5874.0,559689.0
1961,2,Serge,Gnabry,12468509.0,,,,,,,2,3,https://kickbase.b-cdn.net/content/file/0a28d7fc999e415eb4aba7e837b0384c.png,7.0,1,,,"[{""hasPlayed"": false, ""points"": null}]",5,Serge Gnabry,21249.0,21249.0,40444.0,2029.0,-1061834.0,-6140271.0
1991,2,Dayot,Upamecano,33398087.0,272.0,1.0,1.0,1.0,5767.0,272.0,0,2,https://kickbase.b-cdn.net/content/file/13835e113e4f40d986f924b517690435.png,2.0,1,8.0,,"[{""hasPlayed"": true, ""points"": 272}]",2,Dayot Upamecano,34235.0,34235.0,35892.0,50670.0,108246.0,659825.0
2038,2,Konrad,Laimer,32157097.0,107.0,1.0,1.0,1.0,5767.0,107.0,0,2,https://kickbase.b-cdn.net/content/file/cb9d5de1bbd14bf0915f1ec819569c17.png,27.0,1,3.0,,"[{""hasPlayed"": true, ""points"": 107}]",3,Konrad Laimer,-17665.0,-17665.0,6215.0,19873.0,13902.0,-1559675.0
2300,2,Josip,Stanišić,19607562.0,43.0,1.0,1.0,0.0,1298.0,43.0,0,2,https://kickbase.b-cdn.net/content/file/e5f36d7812254f3cb4534802eb6cd7e9.png,44.0,2,2.0,,"[{""hasPlayed"": true, ""points"": 43}]",3,Josip Stanišić,-527635.0,-527635.0,-455122.0,-475937.0,-2648093.0,-9298081.0
2366,2,Alphonso,Davies,13370225.0,153.0,1.0,1.0,1.0,4468.0,153.0,0,2,https://kickbase.b-cdn.net/content/file/1321be6fb58f47b592a91f17f6b2bf68.png,19.0,1,11.0,,"[{""hasPlayed"": true, ""points"": 153}]",3,Alphonso Davies,248326.0,248326.0,259979.0,273440.0,1547623.0,-2073019.0
2804,2,Jamal,Musiala,24644739.0,,,,,,,2,3,https://kickbase.b-cdn.net/content/file/02ac203768a94e169fa6c6b87130a94e.png,10.0,2,,,"[{""hasPlayed"": false, ""points"": null}]",5,Jamal Musiala,-462189.0,-462189.0,-443431.0,-476849.0,-3713013.0,-9771048.0
3072,2,Jonas,Urbig,5336755.0,,,,,,,0,1,https://kickbase.b-cdn.net/content/file/7305496deb014e31a4001d36894c457d.png,40.0,2,,,"[{""hasPlayed"": false, ""points"": null}]",5,Jonas Urbig,-240821.0,-240821.0,-262763.0,-265634.0,-1812507.0,-7126104.0
3089,2,Hiroki,Ito,4511557.0,,,,,,,0,2,https://kickbase.b-cdn.net/content/file/7d48858483334caca6c4315882270919.png,21.0,2,,,"[{""hasPlayed"": false, ""points"": null}]",5,Hiroki Ito,-102637.0,-102637.0,-110053.0,-128566.0,-1449636.0,-2211679.0
3120,2,Tom,Bischof,19731020.0,40.0,1.0,1.0,0.0,697.0,40.0,0,3,https://kickbase.b-cdn.net/content/file/9d622fb218a14c90ad0a75266080e027.png,8.0,2,2.0,,"[{""hasPlayed"": true, ""points"": 40}]",4,Tom Bischof,-446415.0,-446415.0,-496828.0,-471013.0,-2850479.0,-730649.0
3543,2,Nathaniel,Brown,29978590.0,60.0,1.0,1.0,1.0,3686.0,60.0,0,2,https://kickbase.b-cdn.net/content/file/4dd49322843644839bb43182b3a8b68b.png,11.0,2,2.0,,"[{""hasPlayed"": true, ""points"": 60}]",3,Nathaniel Brown,-144941.0,-144941.0,-5264.0,30080.0,235272.0,2140457.0
6080,2,Aleksandar,Pavlović,33224416.0,256.0,1.0,1.0,1.0,5069.0,256.0,0,3,https://kickbase.b-cdn.net/content/file/958c27ad7cf943a8b9e380f72fdc5b4f.png,45.0,1,7.0,,"[{""hasPlayed"": true, ""points"": 256}]",2,Aleksandar Pavlović,72222.0,72222.0,88333.0,106619.0,601866.0,2583483.0
6668,2,Kim,Minjae,12115429.0,110.0,1.0,1.0,1.0,5073.0,110.0,0,2,https://kickbase.b-cdn.net/content/file/4df81f5e57ca4e278fb6bc229ed6e05d.png,3.0,1,9.0,,"[{""hasPlayed"": true, ""points"": 110}]",3,Kim Minjae,172387.0,172387.0,208539.0,235521.0,1366046.0,721645.0
7226,2,Harry,Kane,68891954.0,124.0,1.0,1.0,1.0,5071.0,124.0,0,4,https://kickbase.b-cdn.net/content/file/8558eff47626439593b2acd71e400ab3.png,9.0,1,1.0,,"[{""hasPlayed"": true, ""points"": 124}]",1,Harry Kane,177.0,177.0,5251.0,9841.0,53218.0,618902.0
8329,2,Michael,Olise,65005159.0,249.0,1.0,1.0,1.0,5767.0,249.0,0,3,https://kickbase.b-cdn.net/content/file/2d1bffc491014bb582c5d1c622b0ee37.png,17.0,1,3.0,,"[{""hasPlayed"": true, ""points"": 249}]",1,Michael Olise,13155.0,13155.0,15873.0,19112.0,133833.0,867243.0
10789,2,Lennart,Karl,20549394.0,21.0,1.0,1.0,0.0,695.0,21.0,0,3,https://kickbase.b-cdn.net/content/file/64b2f60104dd4a96af2c8b9d4af6f07d.png,42.0,1,1.0,,"[{""hasPlayed"": true, ""points"": 21}]",3,Lennart Karl,60407.0,60407.0,65993.0,58245.0,-18400.0,-5491736.0
11675,2,Luis,Díaz,53739205.0,215.0,1.0,1.0,1.0,5767.0,215.0,0,4,https://kickbase.b-cdn.net/content/file/43b93afe59614450a4de3fd8e08c486b.png,14.0,1,4.0,,"[{""hasPlayed"": true, ""points"": 215}]",1,Luis Díaz,12367.0,12367.0,16688.0,21298.0,141299.0,897477.0
12314,2,Bara Sapoko,Ndiaye,1662344.0,,,,,,,0,3,https://kickbase.b-cdn.net/content/file/68a7688ebea44fc49865d84afbf17a38.png,39.0,2,,,"[{""hasPlayed"": false, ""points"": null}]",5,Bara Sapoko Ndiaye,-48475.0,-48475.0,-72676.0,-81106.0,-492152.0,-1995144.0
14251,2,Ismael,Saibari,30426316.0,180.0,1.0,1.0,0.0,2080.0,180.0,0,4,https://kickbase.b-cdn.net/content/file/a8113275ef93446185b8dd4966df1834.png,34.0,1,5.0,,"[{""hasPlayed"": true, ""points"": 180}]",3,Ismael Saibari,52409.0,52409.0,77799.0,90332.0,372910.0,1493995.0
15502,2,Tim,Binder,2416037.0,,,,,,,4,3,https://kickbase.b-cdn.net/content/file/bd4ad2cb101841eab3aa5641a51ee891.png,0.0,2,,,"[{""hasPlayed"": false, ""points"": null}]",5,Tim Binder,-135370.0,-135370.0,-145109.0,-146370.0,-1054384.0,1916037.0
1664,9,Maximilian,Mittelstädt,26576170.0,79.0,1.0,1.0,1.0,5767.0,79.0,0,2,https://kickbase.b-cdn.net/content/file/eb576d01f97f40aa86c36b009d8502ec.png,7.0,1,2.0,,"[{""hasPlayed"": true, ""points"": 79}]",1,Maximilian Mittelstädt,44183.0,44183.0,59332.0,66538.0,274667.0,-1941357.0
1671,9,Grischa,Prömel,15180015.0,35.0,1.0,1.0,1.0,5767.0,35.0,0,3,https://kickbase.b-cdn.net/content/file/08b903ec758e4ca3be71c96efaf7d324.png,21.0,1,2.0,,"[{""hasPlayed"": true, ""points"": 35}]",1,Grischa Prömel,140368.0,140368.0,163167.0,190591.0,1079214.0,3619699.0
2068,9,Dan-Axel,Zagadou,1415002.0,,,,,,,1,2,https://kickbase.b-cdn.net/content/file/b356ec2b4bb34ae28c670dafbe1077c8.png,23.0,2,,,"[{""hasPlayed"": false, ""points"": null}]",5,Dan-Axel Zagadou,-103308.0,-103308.0,-116945.0,-130067.0,-869599.0,-3328886.0
2120,9,Nikolas,Nartey,4691312.0,,,,,,,4,3,https://kickbase.b-cdn.net/content/file/2133891e0645414dbdd7c340023656af.png,28.0,2,,,"[{""hasPlayed"": false, ""points"": null}]",5,Nikolas Nartey,-133126.0,-133126.0,-141289.0,-381504.0,-2155147.0,-1088600.0
2172,9,Chris,Führich,20626278.0,,,,,,,0,3,https://kickbase.b-cdn.net/content/file/9a804bbfd5e14d84a33ca8e11ba3feb7.png,10.0,2,,,"[{""hasPlayed"": false, ""points"": null}]",3,Chris Führich,-166180.0,-166180.0,-246062.0,-367314.0,-2375110.0,-3064795.0
2199,9,Josha,Vagnoman,8301622.0,73.0,1.0,1.0,1.0,5767.0,73.0,0,2,https://kickbase.b-cdn.net/content/file/c0ddab007ad34b48b3efcfa3cb66ef4d.png,4.0,1,8.0,,"[{""hasPlayed"": true, ""points"": 73}]",3,Josha Vagnoman,308497.0,308497.0,328703.0,354832.0,2466120.0,2507205.0
2214,9,Atakan,Karazor,4035357.0,,,,,,,0,3,https://kickbase.b-cdn.net/content/file/219e2119996649e0846de7d6cd41906d.png,16.0,2,,,"[{""hasPlayed"": false, ""points"": null}]",5,Atakan Karazor,-90273.0,-90273.0,-91296.0,-115681.0,-744440.0,-6448928.0
2237,9,Fabian,Bredlow,12223174.0,111.0,1.0,1.0,1.0,5767.0,111.0,0,1,https://kickbase.b-cdn.net/content/file/9c66b1c555ae45aea1e62e700f53f3e9.png,1.0,1,9.0,,"[{""hasPlayed"": true, ""points"": 111}]",1,Fabian Bredlow,111820.0,111820.0,146961.0,178756.0,1003846.0,7255992.0
2445,9,Marius,Funk,2568973.0,,,,,,,0,1,https://kickbase.b-cdn.net/content/file/0e9c65b96cb040e5bd1a1d2127c167c9.png,33.0,2,,,"[{""hasPlayed"": false, ""points"": null}]",5,Marius Funk,-152724.0,-152724.0,-155293.0,-150128.0,-1054805.0,1082242.0
2694,9,Angelo,Stiller,34331734.0,25.0,1.0,1.0,1.0,5330.0,25.0,0,3,https://kickbase.b-cdn.net/content/file/11b094668fbf453fa70c2bcce7ffa8e8.png,6.0,2,0.0,,"[{""hasPlayed"": true, ""points"": 25}]",1,Angelo Stiller,-327639.0,-327639.0,-248277.0,-305597.0,-2055504.0,-1892071.0
2854,9,Ermedin,Demirović,15870738.0,-4.0,1.0,1.0,0.0,1976.0,-4.0,0,4,https://kickbase.b-cdn.net/content/file/80dff151ca80494294c4872fe9d6d725.png,9.0,2,,,"[{""hasPlayed"": true, ""points"": -4}]",3,Ermedin Demirović,-65533.0,-65533.0,-207153.0,-319190.0,-2338448.0,-9308844.0
2988,9,Jamie,Leweling,21468560.0,-3.0,1.0,1.0,0.0,1986.0,-3.0,0,3,https://kickbase.b-cdn.net/content/file/c9e7ad1b174e48d8aaf075b0bc0bb13d.png,18.0,2,,,"[{""hasPlayed"": true, ""points"": -3}]",2,Jamie Leweling,33055.0,33055.0,1865.0,-193031.0,-1752231.0,-5164767.0
3190,9,Jeff,Chabot,22738699.0,17.0,1.0,1.0,1.0,4488.0,17.0,0,2,https://kickbase.b-cdn.net/content/file/ee6e1ec0b942485d99b3293e1c9d42f9.png,24.0,2,0.0,,"[{""hasPlayed"": true, ""points"": 17}]",1,Jeff Chabot,-42005.0,-42005.0,-59324.0,-127852.0,-1126210.0,-2614771.0
3193,9,,Tiago Tomás,9460597.0,35.0,1.0,1.0,1.0,3780.0,35.0,1,4,https://kickbase.b-cdn.net/content/file/bc4ccccad9f44c0fa4e3f4e7a406cb75.png,8.0,1,3.0,,"[{""hasPlayed"": true, ""points"": 35}]",5,Tiago Tomás,-49698.0,-49698.0,296635.0,331620.0,1984181.0,4118625.0
4296,9,Dzenan,Pejcinovic,10929287.0,-6.0,1.0,1.0,1.0,3790.0,-6.0,0,4,https://kickbase.b-cdn.net/content/file/dce6b383ea96472faf6e2059c30593a9.png,17.0,1,,4.0,"[{""hasPlayed"": true, ""points"": -6}]",3,Dzenan Pejcinovic,184353.0,184353.0,209826.0,228561.0,2227748.0,8050225.0
4589,9,Justin,Diehl,1194012.0,,,,,,,1,4,https://kickbase.b-cdn.net/content/file/30199653f3bb49e4893c86fb81d21361.png,31.0,2,,,"[{""hasPlayed"": false, ""points"": null}]",5,Justin Diehl,-182301.0,-182301.0,-26928.0,85974.0,411041.0,694012.0
6085,9,Dennis,Seimen,6278094.0,,,,,,,4,1,https://kickbase.b-cdn.net/content/file/6d05c64ea8014ede879dd27ed387ef4e.png,41.0,1,,,"[{""hasPlayed"": false, ""points"": null}]",5,Dennis Seimen,157485.0,157485.0,221843.0,242936.0,1343040.0,-2550165.0
7158,9,Deniz,Undav,42017605.0,-11.0,1.0,1.0,1.0,4480.0,-11.0,0,4,https://kickbase.b-cdn.net/content/file/09b0fa82db54498db93794d443c5dd46.png,26.0,2,,,"[{""hasPlayed"": true, ""points"": -11}]",1,Deniz Undav,-399961.0,-399961.0,-437671.0,-317881.0,-2202015.0,-1046678.0
7257,9,Leonidas,Stergiou,2250011.0,-8.0,1.0,1.0,0.0,1286.0,-8.0,0,2,https://kickbase.b-cdn.net/content/file/5969fcecc82d4c039732fa615901d1b2.png,20.0,2,,,"[{""hasPlayed"": true, ""points"": -8}]",4,Leonidas Stergiou,-61374.0,-61374.0,-85490.0,-105609.0,-765571.0,-1104222.0
7349,9,Finn,Jeltsch,15906881.0,16.0,1.0,1.0,1.0,5767.0,16.0,0,2,https://kickbase.b-cdn.net/content/file/256dbc8d5e474b4caea5b04904175a7d.png,29.0,1,1.0,,"[{""hasPlayed"": true, ""points"": 16}]",1,Finn Jeltsch,102471.0,102471.0,133093.0,156334.0,909397.0,4476304.0
7781,9,Leo,Sauer,3170261.0,,,,,,,0,3,https://kickbase.b-cdn.net/content/file/79854e5f8e024f4cac5b935b26f557ef.png,44.0,2,,,"[{""hasPlayed"": false, ""points"": null}]",5,Leo Sauer,-88563.0,-88563.0,-104712.0,-109887.0,-726053.0,-3738914.0
8247,9,Ramon,Hendriks,9617704.0,32.0,1.0,1.0,1.0,5767.0,32.0,0,2,https://kickbase.b-cdn.net/content/file/105193e4d2f8459290802db43899091e.png,3.0,1,3.0,,"[{""hasPlayed"": true, ""points"": 32}]",3,Ramon Hendriks,137618.0,137618.0,170283.0,146807.0,368888.0,-1208715.0
9615,9,Ameen,Al Dakhil,1328709.0,,,,,,,0,2,https://kickbase.b-cdn.net/content/file/4aee2e4168564f5e94d30aa4876c1170.png,2.0,2,,,"[{""hasPlayed"": false, ""points"": null}]",5,Ameen Al Dakhil,-77471.0,-77471.0,-96963.0,-121729.0,-777392.0,-2737482.0
10112,9,Luca,Jaquez,2206631.0,,,,,,,2,2,https://kickbase.b-cdn.net/content/file/723a3008f59f42d2bc35e506cca0cae0.png,14.0,2,,,"[{""hasPlayed"": false, ""points"": null}]",5,Luca Jaquez,-113707.0,-113707.0,-117009.0,-117490.0,-810182.0,-3369727.0
11043,9,Lorenz,Assignon,3413252.0,,,,,,,0,2,https://kickbase.b-cdn.net/content/file/9a09f4c605aa4708839026cfa823e807.png,22.0,2,,,"[{""hasPlayed"": false, ""points"": null}]",5,Lorenz Assignon,-119210.0,-119210.0,-133293.0,-130501.0,-961002.0,2472414.0
11947,9,Badredine,Bouanani,3038496.0,,,,,,,0,3,https://kickbase.b-cdn.net/content/file/b67847cbe4cc438ebd753c2290658271.png,27.0,2,,,"[{""hasPlayed"": false, ""points"": null}]",5,Badredine Bouanani,-148284.0,-148284.0,-135876.0,-146518.0,-581901.0,282219.0
11955,9,Bilal,El Khannouss,18401286.0,-60.0,1.0,1.0,0.0,1279.0,-60.0,0,3,https://kickbase.b-cdn.net/content/file/5647309665b04428a87e221756ac45de.png,11.0,2,,,"[{""hasPlayed"": true, ""points"": -60}]",4,Bilal El Khannouss,-426441.0,-426441.0,-427784.0,-469071.0,-2603106.0,-6847439.0
12293,9,Jeremy,Arévalo,1549251.0,,,,,,,1,4,https://kickbase.b-cdn.net/content/file/7237c08d471f43358fb271abcdf961e9.png,25.0,2,,,"[{""hasPlayed"": false, ""points"": null}]",5,Jeremy Arévalo,-125770.0,-125770.0,-133630.0,-141757.0,-992922.0,-966717.0
859,77,Jan,Gyamerah,5465927.0,63.0,1.0,1.0,1.0,4630.0,63.0,0,2,https://kickbase.b-cdn.net/content/file/605c8e04a1e448d28636a175391a6394.png,30.0,1,11.0,,"[{""hasPlayed"": true, ""points"": 63}]",2,Jan Gyamerah,95804.0,95804.0,69789.0,-28568.0,-796597.0,2672039.0
1745,77,Amara,Condé,906654.0,,,,,,,0,3,https://kickbase.b-cdn.net/content/file/f4a59adaeaa34d489c40d0fc80a957a6.png,6.0,2,,,"[{""hasPlayed"": false, ""points"": null}]",5,Amara Condé,-48224.0,-48224.0,-99607.0,-121021.0,-696976.0,-3246395.0
2495,77,Tim,Boss,2265478.0,,,,,,,0,1,https://kickbase.b-cdn.net/content/file/56d626009997411d96ea41f2355a4a62.png,28.0,2,,,"[{""hasPlayed"": false, ""points"": null}]",5,Tim Boss,-147474.0,-147474.0,-149689.0,-145818.0,-1060554.0,-551158.0
2928,77,Lukas Emanuel,Petkov,10945541.0,233.0,1.0,1.0,1.0,5894.0,233.0,0,3,https://kickbase.b-cdn.net/content/file/128565baaabc492cb4552221f5309f70.png,25.0,1,21.0,,"[{""hasPlayed"": true, ""points"": 233}]",1,Lukas Emanuel Petkov,185131.0,185131.0,226731.0,240469.0,1132417.0,42923.0
3026,77,Lasse,Günther,7957728.0,74.0,1.0,1.0,1.0,5894.0,74.0,0,2,https://kickbase.b-cdn.net/content/file/efd54edaa770405ba5107ab4d8e895ec.png,21.0,2,9.0,,"[{""hasPlayed"": true, ""points"": 74}]",1,Lasse Günther,43836.0,43836.0,10172.0,-65162.0,-617702.0,620413.0
3232,77,Luca,Pfeiffer,2157095.0,,,,,,,0,4,https://kickbase.b-cdn.net/content/file/31027969e84a49f6955ebbed0c02920c.png,16.0,2,,,"[{""hasPlayed"": false, ""points"": null}]",5,Luca Pfeiffer,-118924.0,-118924.0,-126988.0,-134083.0,-946988.0,-1864089.0
3284,77,Maximilian,Rohr,9651515.0,87.0,1.0,1.0,1.0,5039.0,87.0,0,2,https://kickbase.b-cdn.net/content/file/42996bfe19eb43e8ab7a10cabb206982.png,31.0,1,9.0,,"[{""hasPlayed"": true, ""points"": 87}]",1,Maximilian Rohr,203605.0,203605.0,220432.0,237553.0,902026.0,-500901.0
3350,77,Felix,Keidel,8292373.0,66.0,1.0,1.0,1.0,5894.0,66.0,0,2,https://kickbase.b-cdn.net/content/file/d6f20538ad104c5cb3d4ba7d427f874d.png,43.0,1,7.0,,"[{""hasPlayed"": true, ""points"": 66}]",1,Felix Keidel,116688.0,116688.0,130325.0,170424.0,610651.0,7377328.0
6148,77,Lukas,Pinckert,9202599.0,112.0,1.0,1.0,1.0,5894.0,112.0,0,2,https://kickbase.b-cdn.net/content/file/4f8f4bead9d74021b33b2641418a1631.png,19.0,1,12.0,,"[{""hasPlayed"": true, ""points"": 112}]",1,Lukas Pinckert,199919.0,199919.0,246974.0,247105.0,723098.0,1592079.0
6149,77,Frank,Lehmann,500000.0,,,,,,,0,1,https://kickbase.b-cdn.net/content/file/d396d4eb04c8406a99e09a3ad8cbd7d5.png,1.0,0,,,"[{""hasPlayed"": false, ""points"": null}]",5,Frank Lehmann,0.0,0.0,0.0,0.0,0.0,-194058.0
6158,77,Luca,Schnellbacher,4528682.0,15.0,1.0,1.0,0.0,1273.0,15.0,0,4,https://kickbase.b-cdn.net/content/file/082f309a17cb4c1b99372df2de90cc87.png,24.0,2,3.0,,"[{""hasPlayed"": true, ""points"": 15}]",4,Luca Schnellbacher,-118398.0,-118398.0,-136670.0,-404493.0,-1963526.0,3592115.0
6160,77,Nicolas,Kristof,12426659.0,83.0,1.0,1.0,1.0,5894.0,83.0,0,1,https://kickbase.b-cdn.net/content/file/e88c0be37ac84419974461264ed59e68.png,20.0,2,6.0,,"[{""hasPlayed"": true, ""points"": 83}]",1,Nicolas Kristof,-145285.0,-145285.0,-131398.0,-97175.0,-810884.0,1659207.0
6183,77,Noel,Futkeu,7152883.0,,,,,,,0,4,https://kickbase.b-cdn.net/content/file/dfbdf3f14b144658845ce17d14108e74.png,9.0,2,,,"[{""hasPlayed"": false, ""points"": null}]",5,Noel Futkeu,-298027.0,-298027.0,-300649.0,-320365.0,-2053823.0,-3794982.0
7278,77,Lukasz,Poreba,8029620.0,75.0,1.0,1.0,1.0,5894.0,75.0,0,3,https://kickbase.b-cdn.net/content/file/e041a72fb7e245b5935420398b495e80.png,8.0,2,9.0,,"[{""hasPlayed"": true, ""points"": 75}]",1,Lukasz Poreba,-16531.0,-16531.0,-66664.0,-88315.0,-745012.0,333045.0
7441,77,Cole,Campbell,9112815.0,144.0,1.0,1.0,1.0,4001.0,144.0,0,3,https://kickbase.b-cdn.net/content/file/669458754d454557bed29bb138f25294.png,39.0,1,15.0,,"[{""hasPlayed"": true, ""points"": 144}]",1,Cole Campbell,323279.0,323279.0,355405.0,373424.0,2077617.0,3497368.0
7463,77,Francis,Onyeka,9041165.0,139.0,1.0,1.0,1.0,3999.0,139.0,0,3,https://kickbase.b-cdn.net/content/file/1a2f3b7f876a41d09094a01b0c8e60e6.png,40.0,1,15.0,,"[{""hasPlayed"": true, ""points"": 139}]",2,Francis Onyeka,334871.0,334871.0,349626.0,371539.0,1773972.0,-1305189.0
7514,77,Florian,Le Joncour,1075569.0,20.0,1.0,1.0,0.0,855.0,20.0,0,2,https://kickbase.b-cdn.net/content/file/bd59eb88ca624feda29aaaea681b7e05.png,3.0,2,18.0,,"[{""hasPlayed"": true, ""points"": 20}]",5,Florian Le Joncour,-5673.0,-5673.0,-57924.0,-82258.0,-502956.0,-3408460.0
8252,77,Maurice,Krattenmacher,1621631.0,13.0,1.0,1.0,0.0,1892.0,13.0,0,3,https://kickbase.b-cdn.net/content/file/9ba6541c944d41ee80df738763e91701.png,7.0,2,8.0,,"[{""hasPlayed"": true, ""points"": 13}]",5,Maurice Krattenmacher,2871.0,2871.0,-35700.0,-61410.0,-434372.0,-3018893.0
8296,77,Frederik,Schmahl,3123632.0,,,,,,,0,3,https://kickbase.b-cdn.net/content/file/4fee028433d344a29b6c94e9ee65fa19.png,17.0,2,,,"[{""hasPlayed"": false, ""points"": null}]",5,Frederik Schmahl,-137347.0,-137347.0,-138173.0,-146634.0,-995277.0,1657048.0
8301,77,Luca,Sirch,3337278.0,10.0,1.0,1.0,0.0,1264.0,10.0,0,2,https://kickbase.b-cdn.net/content/file/90e50e09e0d6425aa1c094d337ea2d95.png,26.0,2,2.0,,"[{""hasPlayed"": true, ""points"": 10}]",4,Luca Sirch,-97596.0,-97596.0,-110160.0,-129333.0,-760643.0,-1420528.0
9224,77,Tom,Zimmerschied,2166433.0,,,,,,,2,3,https://kickbase.b-cdn.net/content/file/9f0800bc0d18427ebfd3b4a9089dd165.png,29.0,2,,,"[{""hasPlayed"": false, ""points"": null}]",5,Tom Zimmerschied,-122363.0,-122363.0,-121243.0,-122599.0,-903402.0,-6509928.0
9384,77,Noah,Darvich,5291204.0,12.0,1.0,1.0,0.0,1895.0,12.0,0,3,https://kickbase.b-cdn.net/content/file/a152e089e0e747c58731e76c4f5b58e2.png,10.0,2,2.0,,"[{""hasPlayed"": true, ""points"": 12}]",4,Noah Darvich,-293838.0,-293838.0,-319464.0,-337459.0,-1929889.0,-978349.0
9995,77,David,Mokwa,4835386.0,148.0,1.0,1.0,1.0,4620.0,148.0,0,4,https://kickbase.b-cdn.net/content/file/f876a96f8bbc45c9801216e1a536b532.png,42.0,1,30.0,,"[{""hasPlayed"": true, ""points"": 148}]",2,David Mokwa,471705.0,471705.0,488192.0,443505.0,1959474.0,254280.0
11253,77,Nicholas,Mickelson,3879018.0,,,,,,,0,2,https://kickbase.b-cdn.net/content/file/f16357c0983747ef91bacb8d05cc8499.png,2.0,2,,,"[{""hasPlayed"": false, ""points"": null}]",5,Nicholas Mickelson,-140981.0,-140981.0,-146185.0,-155058.0,-1368416.0,3260093.0
12317,77,Raif,Adam,3420548.0,,,,,,,0,4,https://kickbase.b-cdn.net/content/file/47b81129a6b9411b92255354f3e36834.png,15.0,2,,,"[{""hasPlayed"": false, ""points"": null}]",5,Raif Adam,-130517.0,-130517.0,-135591.0,-145988.0,-999303.0,1501203.0
4,7,Janis,Blaswich,2653917.0,,,,,,,0,1,https://kickbase.b-cdn.net/content/file/d17035064d4a480484cb35d2dab54e46.png,28.0,1,,,"[{""hasPlayed"": false, ""points"": null}]",5,Janis Blaswich,78383.0,78383.0,178063.0,207387.0,1248959.0,91328.0
72,7,Mark,Flekken,14456982.0,47.0,1.0,1.0,1.0,5894.0,47.0,0,1,https://kickbase.b-cdn.net/content/file/98ea8901b970421b88f6a41a3137142f.png,1.0,2,3.0,,"[{""hasPlayed"": true, ""points"": 47}]",1,Mark Flekken,-303167.0,-303167.0,-225975.0,-235269.0,-1185561.0,1521012.0
78,7,Jonas,Hofmann,2912116.0,43.0,1.0,1.0,0.0,1881.0,43.0,0,3,https://kickbase.b-cdn.net/content/file/328114051c1e42df84e2a6ac3e93cf42.png,7.0,1,14.0,,"[{""hasPlayed"": true, ""points"": 43}]",5,Jonas Hofmann,297872.0,297872.0,312993.0,335089.0,1794955.0,129825.0
663,7,Robert,Andrich,4389967.0,,,,,,,0,2,https://kickbase.b-cdn.net/content/file/0cdcdb27004443c09d112462f32ace2c.png,8.0,2,,,"[{""hasPlayed"": false, ""points"": null}]",5,Robert Andrich,-81739.0,-81739.0,-75733.0,-80183.0,-994974.0,-6522607.0
2661,7,Moussa,Diaby,25567268.0,,,,,,,0,4,https://kickbase.b-cdn.net/content/file/488ec35e9ff84260ac5ff526d6a9cd67.png,19.0,2,,,"[{""hasPlayed"": false, ""points"": null}]",3,Moussa Diaby,-45229.0,-45229.0,-1000000.0,0.0,-12573288.0,-12573288.0
2746,7,Patrik,Schick,29753919.0,135.0,1.0,1.0,1.0,5894.0,135.0,0,4,https://kickbase.b-cdn.net/content/file/9f0daa3f23514ac7a72c46ba81396a95.png,14.0,1,4.0,,"[{""hasPlayed"": true, ""points"": 135}]",1,Patrik Schick,34652.0,34652.0,49271.0,64574.0,313031.0,1100527.0
2783,7,Edmond,Tapsoba,29368948.0,-26.0,1.0,1.0,1.0,5894.0,-26.0,0,2,https://kickbase.b-cdn.net/content/file/21031db97a054165806a98d2f0c0d73b.png,12.0,2,,,"[{""hasPlayed"": true, ""points"": -26}]",1,Edmond Tapsoba,-571177.0,-571177.0,-676973.0,-719310.0,-3332726.0,-2032030.0
2846,7,Malik,Tillman,15458499.0,74.0,1.0,1.0,1.0,4013.0,74.0,0,3,https://kickbase.b-cdn.net/content/file/04966a0af0e2477db734c91fdd98d4e1.png,10.0,1,4.0,,"[{""hasPlayed"": true, ""points"": 74}]",3,Malik Tillman,113962.0,113962.0,196907.0,225956.0,1418172.0,-421817.0
3754,7,Lucas,Vázquez,8034510.0,-6.0,1.0,1.0,1.0,3399.0,-6.0,0,2,https://kickbase.b-cdn.net/content/file/1636c5905fe44210aa3526352673cb13.png,17.0,1,,,"[{""hasPlayed"": true, ""points"": -6}]",3,Lucas Vázquez,182964.0,182964.0,240392.0,287199.0,2067442.0,4526118.0
3759,7,Miguel,Gutiérrez,22040694.0,117.0,1.0,1.0,1.0,5894.0,117.0,0,2,https://kickbase.b-cdn.net/content/file/e1b364b32dcc44539649cf1c88d0eba9.png,3.0,1,5.0,,"[{""hasPlayed"": true, ""points"": 117}]",1,Miguel Gutiérrez,93827.0,93827.0,124602.0,152999.0,885108.0,22040694.0
4199,7,Aleix,García,39179941.0,98.0,1.0,1.0,1.0,5894.0,98.0,0,3,https://kickbase.b-cdn.net/content/file/3de0ab19c54f4523a5bf21f686259db0.png,24.0,2,2.0,,"[{""hasPlayed"": true, ""points"": 98}]",1,Aleix García,-56513.0,-56513.0,6638.0,16577.0,122628.0,2429299.0
4318,7,Tim,Oermann,3331596.0,,,,,,,0,2,https://kickbase.b-cdn.net/content/file/b9857e88faaf4de1a3450f6301c5448e.png,15.0,2,,,"[{""hasPlayed"": false, ""points"": null}]",5,Tim Oermann,-133615.0,-133615.0,-136735.0,-143317.0,-983512.0,887979.0
4563,7,Loïc,Badé,12756356.0,30.0,1.0,1.0,1.0,3389.0,30.0,0,2,https://kickbase.b-cdn.net/content/file/80f11505e8d445ae827aefe485b1c4c7.png,5.0,2,2.0,,"[{""hasPlayed"": true, ""points"": 30}]",3,Loïc Badé,-578373.0,-578373.0,-110439.0,47031.0,-231187.0,-878616.0
6061,7,Ibrahim,Maza,30294764.0,107.0,1.0,1.0,1.0,5894.0,107.0,0,3,https://kickbase.b-cdn.net/content/file/7ff9728d20544b96a1fe698af86f9f2f.png,30.0,1,3.0,,"[{""hasPlayed"": true, ""points"": 107}]",1,Ibrahim Maza,16034.0,16034.0,33587.0,42981.0,242971.0,1962819.0
6745,7,Victor,Boniface,4862893.0,43.0,1.0,1.0,0.0,667.0,43.0,0,4,https://kickbase.b-cdn.net/content/file/f5f3d11be23443cb9e4c8c472288e093.png,22.0,2,8.0,,"[{""hasPlayed"": true, ""points"": 43}]",5,Victor Boniface,-164644.0,-164644.0,-199438.0,-208746.0,-1817430.0,-1441468.0
7269,7,Nathan,Tella,5623520.0,,,,,,,2,3,https://kickbase.b-cdn.net/content/file/e0df07546d38465080767efd17a0898e.png,23.0,1,,,"[{""hasPlayed"": false, ""points"": null}]",5,Nathan Tella,40322.0,40322.0,123126.0,120410.0,527761.0,-3940015.0
7963,7,Jarell,Quansah,17178917.0,50.0,1.0,1.0,0.0,2505.0,50.0,0,2,https://kickbase.b-cdn.net/content/file/c1361cbb456a4b23a8e3d178290141cd.png,4.0,2,2.0,,"[{""hasPlayed"": true, ""points"": 50}]",3,Jarell Quansah,-405492.0,-405492.0,-374202.0,-407468.0,-2993525.0,-3141281.0
8374,7,Martin,Terrier,1069422.0,,,,,,,0,4,https://kickbase.b-cdn.net/content/file/039e1528fe214c32ad0653b911ea944e.png,11.0,2,,,"[{""hasPlayed"": false, ""points"": null}]",5,Martin Terrier,-63551.0,-63551.0,-96768.0,-113476.0,-584782.0,-2994600.0
11513,7,Christian,Kofane,9602228.0,109.0,1.0,1.0,0.0,2494.0,109.0,0,4,https://kickbase.b-cdn.net/content/file/ce8356c51b154a87a40a56f723f2e3e3.png,35.0,1,11.0,,"[{""hasPlayed"": true, ""points"": 109}]",4,Christian Kofane,235269.0,235269.0,271382.0,280203.0,747293.0,-1191380.0
11680,7,Kennet,Eichhorn,3153971.0,,,,,,,1,3,https://kickbase.b-cdn.net/content/file/ceafc42e35aa446595952bcbdf873954.png,18.0,2,,,"[{""hasPlayed"": false, ""points"": null}]",5,Kennet Eichhorn,-122326.0,-122326.0,-116432.0,-120356.0,-839961.0,-6520581.0
11756,7,Montrell,Culbreath,2115331.0,,,,,,,4,3,https://kickbase.b-cdn.net/content/file/43c4c26e99f3442ab58db3d049e5f1ae.png,42.0,2,,,"[{""hasPlayed"": false, ""points"": null}]",5,Montrell Culbreath,-110131.0,-110131.0,-114022.0,-123661.0,-814288.0,-4595017.0
11956,7,Ezequiél,Fernández,10727689.0,39.0,1.0,1.0,1.0,3394.0,39.0,0,3,https://kickbase.b-cdn.net/content/file/2c37f7daf46f4c9693ffa9ef33ff980b.png,6.0,1,3.0,,"[{""hasPlayed"": true, ""points"": 39}]",3,Ezequiél Fernández,100951.0,100951.0,173044.0,204610.0,1782588.0,6968584.0
11957,7,Eliesse,Ben Seghir,2695603.0,,,,,,,2,3,https://kickbase.b-cdn.net/content/file/83c0ccd07e1e42d0ac339779564cd1f4.png,17.0,1,,,"[{""hasPlayed"": false, ""points"": null}]",5,Eliesse Ben Seghir,207966.0,207966.0,234592.0,260574.0,1609211.0,-581761.0
13888,7,Guéla,Doué,18532785.0,,,,,,,0,2,https://kickbase.b-cdn.net/content/file/a775bc428eb743ada780edee411bfb8c.png,0.0,1,,,"[{""hasPlayed"": false, ""points"": null}]",3,Guéla Doué,103420.0,103420.0,18429365.0,0.0,18532785.0,18532785.0
14241,7,Facundo,Medina,8559759.0,21.0,1.0,1.0,0.0,2499.0,21.0,0,2,https://kickbase.b-cdn.net/content/file/a59d86f8dc644a43babfe89f615d199f.png,2.0,2,2.0,,"[{""hasPlayed"": true, ""points"": 21}]",3,Facundo Medina,-115280.0,-115280.0,-191168.0,-229459.0,-1864513.0,8559759.0
15199,7,Afonso,Moreira,24654434.0,5.0,1.0,1.0,1.0,5226.0,5.0,0,4,https://kickbase.b-cdn.net/content/file/91b4b5c394a1464f98589ffa59af5aec.png,9.0,2,0.0,,"[{""hasPlayed"": true, ""points"": 5}]",1,Afonso Moreira,-182523.0,-182523.0,-129787.0,-78470.0,-17666.0,5058364.0
417,28,Ron-Robert,Zieler,500000.0,,,,,,,0,1,https://kickbase.b-cdn.net/content/file/87bb56a22db74cfd99e639824b703f30.png,20.0,2,,,"[{""hasPlayed"": false, ""points"": null}]",5,Ron-Robert Zieler,-39887.0,-39887.0,-124235.0,-130045.0,-839288.0,-753296.0
737,28,Luca,Waldschmidt,3365460.0,,,,,,,2,3,https://kickbase.b-cdn.net/content/file/c6c99717a5834cacbb3161877ca3f29f.png,7.0,2,,,"[{""hasPlayed"": false, ""points"": null}]",5,Luca Waldschmidt,-130332.0,-130332.0,-129274.0,-129685.0,-941150.0,1200816.0
1580,28,Marvin,Schwäbe,15587596.0,176.0,1.0,1.0,1.0,5806.0,176.0,0,1,https://kickbase.b-cdn.net/content/file/2708fddc28474a2299885f3eb69be6bc.png,1.0,1,11.0,,"[{""hasPlayed"": true, ""points"": 176}]",1,Marvin Schwäbe,25473.0,25473.0,54118.0,85592.0,290523.0,3206070.0
2069,28,Timo,Hübers,822191.0,,,,,,,4,2,https://kickbase.b-cdn.net/content/file/6dbad3a67b1c4ffa892f8bef224e9f85.png,4.0,2,,,"[{""hasPlayed"": false, ""points"": null}]",5,Timo Hübers,-39591.0,-39591.0,-78890.0,-106068.0,-617488.0,-3134175.0
2201,28,Linton,Maina,7335505.0,99.0,1.0,1.0,0.0,1830.0,99.0,0,4,https://kickbase.b-cdn.net/content/file/54aad91024e84cf59b75e3c363775d71.png,37.0,1,13.0,,"[{""hasPlayed"": true, ""points"": 99}]",3,Linton Maina,218917.0,218917.0,250151.0,268233.0,1010974.0,2305301.0
2247,28,Borna,Sosa,4516100.0,,,,,,,0,2,https://kickbase.b-cdn.net/content/file/2fb487395552486f9ce09b372fa7cffe.png,0.0,2,,,"[{""hasPlayed"": false, ""points"": null}]",4,Borna Sosa,-8198.0,-8198.0,-150806.0,0.0,-10994268.0,-10994268.0
2358,28,Tom,Krauß,9284886.0,74.0,1.0,1.0,1.0,5444.0,74.0,0,3,https://kickbase.b-cdn.net/content/file/55c214adfaba4a839c1bb19ad5a5f8ed.png,5.0,2,7.0,,"[{""hasPlayed"": true, ""points"": 74}]",2,Tom Krauß,-117673.0,-117673.0,-87531.0,-55649.0,-710401.0,2735518.0
2536,28,Matthias,Köbbing,500000.0,,,,,,,0,1,https://kickbase.b-cdn.net/content/file/d7d4847201364186986efefd11b55766.png,44.0,0,,,"[{""hasPlayed"": false, ""points"": null}]",5,Matthias Köbbing,0.0,0.0,0.0,0.0,0.0,0.0
2552,28,Marius,Bülter,6686223.0,19.0,1.0,1.0,0.0,362.0,19.0,0,4,https://kickbase.b-cdn.net/content/file/020abec0763842a7af00f1ec5aafeea4.png,30.0,2,2.0,,"[{""hasPlayed"": true, ""points"": 19}]",4,Marius Bülter,-347444.0,-347444.0,-368783.0,-399813.0,-1818498.0,2469738.0
2718,28,Ellyes,Skhiri,7286564.0,46.0,1.0,1.0,0.0,1817.0,46.0,0,3,https://kickbase.b-cdn.net/content/file/1274d4acfc8845a789f74d858afe1168.png,6.0,1,6.0,,"[{""hasPlayed"": true, ""points"": 46}]",3,Ellyes Skhiri,258894.0,258894.0,299879.0,312279.0,1571403.0,2966229.0
2765,28,Jan,Thielmann,6147482.0,82.0,1.0,1.0,1.0,5806.0,82.0,0,3,https://kickbase.b-cdn.net/content/file/bae198375c644308ba2bff1d0f3f0569.png,29.0,1,13.0,,"[{""hasPlayed"": true, ""points"": 82}]",3,Jan Thielmann,199120.0,199120.0,221075.0,195022.0,303328.0,3172060.0
2855,28,Ragnar,Ache,15606748.0,91.0,1.0,1.0,1.0,3996.0,91.0,0,4,https://kickbase.b-cdn.net/content/file/659aab812d23451ba8e47f520a7d0754.png,9.0,1,5.0,,"[{""hasPlayed"": true, ""points"": 91}]",1,Ragnar Ache,83434.0,83434.0,107254.0,127985.0,620419.0,4148548.0
7219,28,Ísak,Jóhannesson,11011464.0,168.0,1.0,1.0,1.0,5806.0,168.0,0,3,https://kickbase.b-cdn.net/content/file/2922eb48335343ccb79b49b03af03818.png,8.0,1,15.0,,"[{""hasPlayed"": true, ""points"": 168}]",1,Ísak Jóhannesson,182829.0,182829.0,207043.0,216191.0,1003268.0,5080317.0
8001,28,Luka,Lochoshvili,10654168.0,121.0,1.0,1.0,1.0,5806.0,121.0,0,2,https://kickbase.b-cdn.net/content/file/f6faf6be6d674e898fbfa189b9c2ad5c.png,24.0,1,11.0,,"[{""hasPlayed"": true, ""points"": 121}]",1,Luka Lochoshvili,125935.0,125935.0,148699.0,161973.0,432080.0,3508716.0
8274,28,Said,El Mala,26097398.0,143.0,1.0,1.0,1.0,3976.0,143.0,2,3,https://kickbase.b-cdn.net/content/file/f56e6d60e40c49189c830fb4ff65d4bf.png,10.0,1,5.0,,"[{""hasPlayed"": true, ""points"": 143}]",5,Said El Mala,-110285.0,-110285.0,50452.0,97504.0,204510.0,1553088.0
10024,28,Joël,Schmied,1186130.0,20.0,1.0,1.0,0.0,185.0,20.0,0,2,https://kickbase.b-cdn.net/content/file/312960f02c6e4acab4db65b9c63eaf01.png,2.0,2,16.0,,"[{""hasPlayed"": true, ""points"": 20}]",5,Joël Schmied,-29236.0,-29236.0,-62941.0,-92686.0,-517972.0,-3215810.0
11570,28,Sebastian,Sebulonsen,1889549.0,,,,,,,2,2,https://kickbase.b-cdn.net/content/file/0f9cbbaaccb148a6ad251ba707b4f099.png,28.0,2,,,"[{""hasPlayed"": false, ""points"": null}]",5,Sebastian Sebulonsen,-107796.0,-107796.0,-123204.0,-127729.0,-879594.0,-3918810.0
11875,28,Rav,van den Berg,1363090.0,,,,,,,0,2,https://kickbase.b-cdn.net/content/file/0825c755c7df4f7ba70b3f8922154f99.png,33.0,2,,,"[{""hasPlayed"": false, ""points"": null}]",5,Rav van den Berg,-59678.0,-59678.0,-94676.0,-111066.0,-631889.0,-2111202.0
11958,28,Alessio,Castro-Montes,10067669.0,63.0,1.0,1.0,1.0,5621.0,63.0,0,3,https://kickbase.b-cdn.net/content/file/4df59c76b9024563892682f996043056.png,17.0,1,6.0,,"[{""hasPlayed"": true, ""points"": 63}]",1,Alessio Castro-Montes,121167.0,121167.0,207639.0,247293.0,1297573.0,6757045.0
12321,28,Jahmai,Simpson-Pusey,11249704.0,62.0,1.0,1.0,1.0,5806.0,62.0,0,2,https://kickbase.b-cdn.net/content/file/f83f61dc46de468bb38cb6a9d9f51205.png,22.0,2,5.0,,"[{""hasPlayed"": true, ""points"": 62}]",1,Jahmai Simpson-Pusey,-288961.0,-288961.0,-296848.0,-324777.0,-1385016.0,2094537.0
14140,28,Gideon,Mensah,10136403.0,87.0,1.0,1.0,1.0,5806.0,87.0,0,2,https://kickbase.b-cdn.net/content/file/6cf365776d1d461fac56322c9e84e7ab.png,14.0,1,8.0,,"[{""hasPlayed"": true, ""points"": 87}]",2,Gideon Mensah,216322.0,216322.0,232695.0,275725.0,1199569.0,2366348.0
14300,28,Paul,Okon-Engstler,4362835.0,55.0,1.0,1.0,1.0,3989.0,55.0,0,3,https://kickbase.b-cdn.net/content/file/cfde74fcc93247699da56f08049928c0.png,23.0,1,12.0,,"[{""hasPlayed"": true, ""points"": 55}]",3,Paul Okon-Engstler,93769.0,93769.0,54373.0,1238.0,-150350.0,3862835.0
15373,28,Reigan,Heskey,4172190.0,,,,,,,0,3,https://kickbase.b-cdn.net/content/file/4ceda4e80b804183b8af45a55f8bbb24.png,11.0,2,,,"[{""hasPlayed"": false, ""points"": null}]",5,Reigan Heskey,-116313.0,-116313.0,-126207.0,-128862.0,-1532910.0,-3184071.0
16945,28,Thijs,Dallinga,7590773.0,240.0,1.0,1.0,0.0,1810.0,240.0,2,4,https://kickbase.b-cdn.net/content/file/fab92b426a354aacae1fe7f26e0e6ab0.png,27.0,1,31.0,,"[{""hasPlayed"": true, ""points"": 240}]",5,Thijs Dallinga,209604.0,209604.0,340869.0,378553.0,1133474.0,7590773.0
17282,28,Mikey,Moore,10838513.0,,,,,,,0,3,https://kickbase.b-cdn.net/content/file/374ad94ed404446c906b8264faa1e140.png,0.0,1,,,"[{""hasPlayed"": false, ""points"": null}]",3,Mikey Moore,148066.0,148066.0,10190447.0,500000.0,10838513.0,10838513.0
524,14,Oliver,Baumann,17429161.0,129.0,1.0,1.0,1.0,5806.0,129.0,0,1,https://kickbase.b-cdn.net/content/file/6e2c878756924da4a6fa4c11b8e4480c.png,1.0,2,7.0,,"[{""hasPlayed"": true, ""points"": 129}]",1,Oliver Baumann,-155042.0,-155042.0,-109484.0,-35624.0,-882191.0,-2427411.0
1815,14,Andrej,Kramarić,14291539.0,-3.0,1.0,1.0,0.0,513.0,-3.0,0,3,https://kickbase.b-cdn.net/content/file/26cffab4e6be4195a3d2817f15c60ee2.png,27.0,2,,,"[{""hasPlayed"": true, ""points"": -3}]",4,Andrej Kramarić,-488434.0,-488434.0,-429177.0,-456376.0,-2458620.0,-10755299.0
1954,14,,Bernardo,7156102.0,62.0,1.0,1.0,1.0,3268.0,62.0,2,2,https://kickbase.b-cdn.net/content/file/2e01b620f1354d0f9383cc0003c49d97.png,13.0,1,8.0,,"[{""hasPlayed"": true, ""points"": 62}]",3,Bernardo,107550.0,107550.0,160481.0,175706.0,571548.0,-3160068.0
2373,14,Ozan,Kabak,23455965.0,201.0,1.0,1.0,1.0,5806.0,201.0,0,2,https://kickbase.b-cdn.net/content/file/61c84298d75b4e86b4f46a133f91f33d.png,5.0,1,8.0,,"[{""hasPlayed"": true, ""points"": 201}]",1,Ozan Kabak,77664.0,77664.0,113642.0,154455.0,780896.0,4326788.0
2803,14,Tim,Lemperle,11039530.0,,,,,,,0,4,https://kickbase.b-cdn.net/content/file/531648f7c8e7446883243fb819e94d82.png,19.0,1,,,"[{""hasPlayed"": false, ""points"": null}]",1,Tim Lemperle,199429.0,199429.0,218466.0,218721.0,1207694.0,-1123618.0
2852,14,Luca,Philipp,500000.0,,,,,,,0,1,https://kickbase.b-cdn.net/content/file/e45a165d68934e8e8a2bbc33ecbbbc96.png,37.0,0,,,"[{""hasPlayed"": false, ""points"": null}]",5,Luca Philipp,0.0,0.0,0.0,0.0,0.0,0.0
3124,14,Patrick,Wimmer,10569853.0,76.0,1.0,1.0,1.0,4308.0,76.0,0,3,https://kickbase.b-cdn.net/content/file/a1e6985ea5b8487ca2db9c16a66eafe7.png,8.0,1,7.0,,"[{""hasPlayed"": true, ""points"": 76}]",3,Patrick Wimmer,102374.0,102374.0,188622.0,328313.0,2043870.0,1480870.0
3158,14,Fisnik,Asllani,19218371.0,,,,,,,2,4,https://kickbase.b-cdn.net/content/file/61214fe54f31411ea068f8fb8b3c1e49.png,11.0,2,,,"[{""hasPlayed"": false, ""points"": null}]",5,Fisnik Asllani,-565074.0,-565074.0,-557007.0,-555652.0,-3735115.0,-7005884.0
3204,14,Bambasé,Conté,9198968.0,106.0,1.0,1.0,1.0,5806.0,106.0,0,4,https://kickbase.b-cdn.net/content/file/fa595ccc62ce4fdeafca00ccfc95088b.png,20.0,1,11.0,,"[{""hasPlayed"": true, ""points"": 106}]",3,Bambasé Conté,268004.0,268004.0,289350.0,292127.0,1081496.0,-553455.0
3471,14,Adam,Hložek,10464637.0,47.0,1.0,1.0,1.0,3276.0,47.0,0,4,https://kickbase.b-cdn.net/content/file/a70373665abe402993add63ac96b77de.png,10.0,2,4.0,,"[{""hasPlayed"": true, ""points"": 47}]",3,Adam Hložek,-548338.0,-548338.0,-297077.0,2881.0,-453483.0,5318796.0
7543,14,Max,Moerstedt,5198349.0,-75.0,1.0,1.0,0.0,2530.0,-75.0,0,4,https://kickbase.b-cdn.net/content/file/901ac71d98064e48b7b250786d8ac1d2.png,9.0,1,,,"[{""hasPlayed"": true, ""points"": -75}]",3,Max Moerstedt,149470.0,149470.0,178386.0,104429.0,592515.0,938959.0
7673,14,Albian,Hajdari,16947023.0,56.0,1.0,1.0,1.0,5299.0,56.0,0,2,https://kickbase.b-cdn.net/content/file/0f60a3cd21c94cc4913d13f811e532a9.png,21.0,2,3.0,,"[{""hasPlayed"": true, ""points"": 56}]",2,Albian Hajdari,-533354.0,-533354.0,-592713.0,-604788.0,-2189236.0,1456789.0
7717,14,Alexander,Prass,2142269.0,,,,,,,2,3,https://kickbase.b-cdn.net/content/file/f9e6ef6646eb4d248d5ce3ee24abda2d.png,22.0,2,,,"[{""hasPlayed"": false, ""points"": null}]",5,Alexander Prass,-108793.0,-108793.0,-123791.0,-129957.0,-825981.0,-3387439.0
7745,14,Vladimír,Coufal,25950835.0,136.0,1.0,1.0,1.0,5806.0,136.0,0,2,https://kickbase.b-cdn.net/content/file/3b2c057d49604e74af1ea35ac7411a4a.png,34.0,1,5.0,,"[{""hasPlayed"": true, ""points"": 136}]",1,Vladimír Coufal,1333.0,1333.0,18660.0,29749.0,51366.0,2058042.0
7750,14,Robin,Hranác,3637052.0,44.0,1.0,1.0,0.0,2538.0,44.0,0,2,https://kickbase.b-cdn.net/content/file/378ad76b9745472cb56cc5de220ea9f9.png,2.0,1,12.0,,"[{""hasPlayed"": true, ""points"": 44}]",3,Robin Hranác,289153.0,289153.0,184499.0,77060.0,375061.0,-1455698.0
8289,14,Lúkas,Petersson,500000.0,,,,,,,0,1,https://kickbase.b-cdn.net/content/file/e12887e5419f4c63a3e0c0b0213fb3cc.png,36.0,0,,,"[{""hasPlayed"": false, ""points"": null}]",5,Lúkas Petersson,0.0,0.0,0.0,0.0,0.0,0.0
9598,14,Valentin,Gendrey,2052575.0,,,,,,,0,2,https://kickbase.b-cdn.net/content/file/963aa0e9a1bf4537bba171631d3ef595.png,15.0,2,,,"[{""hasPlayed"": false, ""points"": null}]",5,Valentin Gendrey,-104223.0,-104223.0,-121090.0,-136259.0,-907334.0,-1395252.0
9682,14,Arthur,Chaves,1228860.0,,,,,,,0,2,https://kickbase.b-cdn.net/content/file/833cf51fd2394b6dbc29f93960eec13a.png,35.0,2,,,"[{""hasPlayed"": false, ""points"": null}]",5,Arthur Chaves,-77859.0,-77859.0,-95390.0,-121374.0,-696842.0,-3315320.0
11161,14,Koki,Machida,2681741.0,,,,,,,0,2,https://kickbase.b-cdn.net/content/file/80f0a50727b54ea5a90a99a754cc7a6c.png,28.0,1,,,"[{""hasPlayed"": false, ""points"": null}]",5,Koki Machida,242122.0,242122.0,266882.0,294516.0,1672848.0,-1040963.0
11162,14,Leon,Avdullahu,16908390.0,75.0,1.0,1.0,1.0,5806.0,75.0,0,3,https://kickbase.b-cdn.net/content/file/805fdf4f3bec4018a1ff6bc85cc95546.png,7.0,2,4.0,,"[{""hasPlayed"": true, ""points"": 75}]",1,Leon Avdullahu,-102784.0,-102784.0,11266.0,49507.0,55219.0,3774634.0
11591,14,Cajetan,Lenz,1564100.0,,,,,,,0,3,https://kickbase.b-cdn.net/content/file/2d15f1ede167438698d92ddc037e6abe.png,32.0,2,,,"[{""hasPlayed"": false, ""points"": null}]",5,Cajetan Lenz,-92510.0,-92510.0,-118368.0,-132987.0,-884880.0,-4657245.0
11631,14,Wouter,Burger,22847398.0,63.0,1.0,1.0,1.0,5806.0,63.0,0,3,https://kickbase.b-cdn.net/content/file/50a59d7c22f64565b2f31bba1dfae5bd.png,18.0,2,2.0,,"[{""hasPlayed"": true, ""points"": 63}]",1,Wouter Burger,-515481.0,-515481.0,-535113.0,-432202.0,-1521546.0,2029532.0
11959,14,Adam,Daghim,9661959.0,163.0,1.0,1.0,1.0,5293.0,163.0,0,4,https://kickbase.b-cdn.net/content/file/1919dcbd4fb6447aad155fb3c72f3e38.png,14.0,1,16.0,,"[{""hasPlayed"": true, ""points"": 163}]",2,Adam Daghim,266121.0,266121.0,289115.0,331490.0,1381480.0,9161959.0
15193,14,Mats,Rots,7852193.0,-14.0,1.0,1.0,0.0,507.0,-14.0,0,2,https://kickbase.b-cdn.net/content/file/d96dc40ca1674b38aef03dff83ae8ab0.png,39.0,2,,,"[{""hasPlayed"": true, ""points"": -14}]",3,Mats Rots,-362948.0,-362948.0,-416381.0,-389336.0,-890138.0,-2426023.0
15262,14,Nathan,De Cat,15282957.0,-9.0,1.0,1.0,0.0,1497.0,-9.0,0,3,https://kickbase.b-cdn.net/content/file/8c55d861342c440b9966f1cd6dc86f29.png,17.0,2,,,"[{""hasPlayed"": true, ""points"": -9}]",3,Nathan De Cat,-589093.0,-589093.0,-647115.0,-773716.0,-3095901.0,1389406.0
51,40,Rani,Khedira,7871307.0,51.0,1.0,1.0,1.0,6161.0,51.0,0,3,https://kickbase.b-cdn.net/content/file/9ecae4fccb2648b8b2bd92c4cac3f955.png,8.0,2,6.0,,"[{""hasPlayed"": true, ""points"": 51}]",1,Rani Khedira,-158886.0,-158886.0,-203285.0,-225040.0,-1009989.0,3659001.0
1223,40,Marvin,Friedrich,2305001.0,,,,,,,2,2,https://kickbase.b-cdn.net/content/file/0e7e99776b0c460eaaf8702878b90869.png,5.0,2,,,"[{""hasPlayed"": false, ""points"": null}]",5,Marvin Friedrich,-131642.0,-131642.0,-137460.0,-139443.0,-1048827.0,39454.0
1553,40,Janik,Haberer,2270675.0,29.0,1.0,1.0,0.0,1181.0,29.0,0,3,https://kickbase.b-cdn.net/content/file/ce496ba0469a4a3b80d18b665d7466c0.png,19.0,2,12.0,,"[{""hasPlayed"": true, ""points"": 29}]",4,Janik Haberer,-45965.0,-45965.0,-81501.0,-94882.0,-675008.0,-1296113.0
1955,40,Oliver,Burke,2606279.0,,,,,,,2,4,https://kickbase.b-cdn.net/content/file/a76d8d4a531548f58ceb241fe4958952.png,7.0,2,,,"[{""hasPlayed"": false, ""points"": null}]",5,Oliver Burke,-123742.0,-123742.0,-127987.0,-137943.0,-911669.0,-308911.0
2065,40,Felix,Uduokhai,4838159.0,,,,,,,0,2,https://kickbase.b-cdn.net/content/file/e407afb596ac48f2bab3f2f63a37f2c2.png,2.0,1,,,"[{""hasPlayed"": false, ""points"": null}]",3,Felix Uduokhai,98197.0,98197.0,43587.0,-24791.0,-860379.0,-3860379.0
2279,40,Frederik,Rönnow,7573723.0,,,,,,,2,1,https://kickbase.b-cdn.net/content/file/a74539007fa347f28af0ce83caafef6f.png,1.0,1,,,"[{""hasPlayed"": false, ""points"": null}]",4,Frederik Rönnow,-1718.0,-1718.0,53809.0,51672.0,-69728.0,-1079927.0
2302,40,Woo-Yeong,Jeong,5367590.0,61.0,1.0,1.0,0.0,2061.0,61.0,0,3,https://kickbase.b-cdn.net/content/file/167f780b883445c1bb79e00354f1e807.png,11.0,1,11.0,,"[{""hasPlayed"": true, ""points"": 61}]",3,Woo-Yeong Jeong,242141.0,242141.0,340428.0,380292.0,2161090.0,728854.0
2400,40,Christopher,Trimmel,3023838.0,,,,,,,0,2,https://kickbase.b-cdn.net/content/file/0133043125be433d91c3b93eb502aebe.png,28.0,2,,,"[{""hasPlayed"": false, ""points"": null}]",5,Christopher Trimmel,-116187.0,-116187.0,-122757.0,-129738.0,-792472.0,-1009895.0
2491,40,Tim,Skarke,4678359.0,140.0,1.0,1.0,0.0,2075.0,140.0,0,3,https://kickbase.b-cdn.net/content/file/530ba96741b943798d9be4d5dcc151f5.png,21.0,1,29.0,,"[{""hasPlayed"": true, ""points"": 140}]",3,Tim Skarke,331253.0,331253.0,364386.0,356716.0,1215131.0,1726705.0
2717,40,Robert,Skov,874031.0,,,,,,,0,3,https://kickbase.b-cdn.net/content/file/ebae4e5c0fec43ebaed2b2aae064a346.png,24.0,2,,,"[{""hasPlayed"": false, ""points"": null}]",5,Robert Skov,-37627.0,-37627.0,-76555.0,-116217.0,-699985.0,-2256979.0
3102,40,Tom,Rothe,10351472.0,78.0,1.0,1.0,1.0,6161.0,78.0,0,2,https://kickbase.b-cdn.net/content/file/82917858d1a74a7f90a2d9dfca456b71.png,15.0,1,7.0,,"[{""hasPlayed"": true, ""points"": 78}]",1,Tom Rothe,68793.0,68793.0,96913.0,88200.0,199309.0,6085753.0
3187,40,András,Schäfer,4615535.0,37.0,1.0,1.0,1.0,4100.0,37.0,0,3,https://kickbase.b-cdn.net/content/file/433f8b676b6b4b898ad3ede98e20f79d.png,13.0,2,8.0,,"[{""hasPlayed"": true, ""points"": 37}]",3,András Schäfer,-69316.0,-69316.0,-98107.0,-138589.0,-650718.0,686097.0
3364,40,Carl,Klaus,3634039.0,,,,,,,0,1,https://kickbase.b-cdn.net/content/file/03530ee1979440f6865c5fc39260c63a.png,25.0,2,,,"[{""hasPlayed"": false, ""points"": null}]",5,Carl Klaus,-146088.0,-146088.0,-149158.0,-151462.0,-1155419.0,3020865.0
3419,40,Matheo,Raab,6262159.0,9.0,1.0,1.0,1.0,6161.0,9.0,0,1,https://kickbase.b-cdn.net/content/file/6f65c492a85a491b94cd3b8a37bae6f8.png,31.0,1,1.0,,"[{""hasPlayed"": true, ""points"": 9}]",2,Matheo Raab,276684.0,276684.0,309728.0,329921.0,2403309.0,4660470.0
3453,40,Derrick,Köhn,1365769.0,19.0,1.0,1.0,0.0,811.0,19.0,0,2,https://kickbase.b-cdn.net/content/file/336162df73db46fdb0d35c73c0928582.png,17.0,2,13.0,,"[{""hasPlayed"": true, ""points"": 19}]",5,Derrick Köhn,-14147.0,-14147.0,-46173.0,-78251.0,-350295.0,-2313864.0
4352,40,Stanley,Nsoki,2320136.0,,,,,,,1,2,https://kickbase.b-cdn.net/content/file/6c54070a804d4f15acb3d09b63af882a.png,34.0,2,,,"[{""hasPlayed"": false, ""points"": null}]",5,Stanley Nsoki,-140414.0,-140414.0,-144889.0,-147829.0,-1052087.0,166665.0
4446,40,Aljoscha,Kemlein,8467721.0,56.0,1.0,1.0,1.0,4980.0,56.0,0,3,https://kickbase.b-cdn.net/content/file/2dc45e5315ff4262a38925af69a6e745.png,6.0,2,6.0,,"[{""hasPlayed"": true, ""points"": 56}]",1,Aljoscha Kemlein,-168683.0,-168683.0,-212849.0,-225690.0,-1458171.0,2650959.0
4598,40,Josip,Juranović,10237973.0,216.0,1.0,1.0,1.0,6161.0,216.0,0,2,https://kickbase.b-cdn.net/content/file/17ce8593891544bbae052579071e5c45.png,18.0,1,21.0,,"[{""hasPlayed"": true, ""points"": 216}]",1,Josip Juranović,346479.0,346479.0,375804.0,403384.0,2285221.0,5444582.0
7684,40,Michel,Aebischer,4858101.0,25.0,1.0,1.0,1.0,4096.0,25.0,0,3,https://kickbase.b-cdn.net/content/file/53d3916429e94e6c8ea54b7c96c1fd91.png,20.0,2,5.0,,"[{""hasPlayed"": true, ""points"": 25}]",3,Michel Aebischer,-212851.0,-212851.0,-246147.0,-326482.0,-1700117.0,4858101.0
7723,40,Leopold,Querfeld,15211615.0,257.0,1.0,1.0,1.0,6161.0,257.0,0,2,https://kickbase.b-cdn.net/content/file/b9dfbb26ed9347b9a1585f29718c9d76.png,14.0,1,16.0,,"[{""hasPlayed"": true, ""points"": 257}]",3,Leopold Querfeld,123735.0,123735.0,177160.0,200698.0,979272.0,2606691.0
8381,40,Livan,Burcu,6813438.0,27.0,1.0,1.0,0.0,2065.0,27.0,0,3,https://kickbase.b-cdn.net/content/file/9ee1048c9191462c82b58e23f1dbf647.png,9.0,2,3.0,,"[{""hasPlayed"": true, ""points"": 27}]",3,Livan Burcu,-308703.0,-308703.0,-348075.0,-383736.0,-2322305.0,898756.0
9683,40,Andrej,Ilic,4248881.0,,,,,,,2,4,https://kickbase.b-cdn.net/content/file/1a56a70bd0c1483894bc78d61bf30f46.png,23.0,2,,,"[{""hasPlayed"": false, ""points"": null}]",4,Andrej Ilic,-87647.0,-87647.0,-86653.0,-83334.0,-600857.0,-4242325.0
10106,40,Marin,Ljubicic,5707465.0,23.0,1.0,1.0,1.0,5350.0,23.0,0,4,https://kickbase.b-cdn.net/content/file/fcb660bdc74f41ef85fd3f45ac56962e.png,27.0,1,4.0,,"[{""hasPlayed"": true, ""points"": 23}]",3,Marin Ljubicic,153602.0,153602.0,202273.0,244867.0,1926105.0,3099900.0
12763,40,Emmanuel,Latte Lath,10777163.0,96.0,1.0,1.0,1.0,4086.0,96.0,0,4,https://kickbase.b-cdn.net/content/file/d94f619b8cda4f03a559f3b3b10c2ffc.png,29.0,1,8.0,,"[{""hasPlayed"": true, ""points"": 96}]",2,Emmanuel Latte Lath,91231.0,91231.0,135117.0,153931.0,851599.0,10277163.0
13629,40,Linus,Güther,2488849.0,,,,,,,0,3,https://kickbase.b-cdn.net/content/file/d92375c9bb9640858ef3fa4deebadf84.png,49.0,2,,,"[{""hasPlayed"": false, ""points"": null}]",5,Linus Güther,-142505.0,-142505.0,-153384.0,-165741.0,-1088028.0,1988849.0
14917,40,Zeno,Van den Bosch,10816253.0,91.0,1.0,1.0,1.0,6161.0,91.0,0,2,https://kickbase.b-cdn.net/content/file/f19174a181cb4b18a6fb28116d085029.png,4.0,2,8.0,,"[{""hasPlayed"": true, ""points"": 91}]",2,Zeno Van den Bosch,-136934.0,-136934.0,-232077.0,-300627.0,-2059888.0,-451644.0
17306,40,Kastriot,Imeri,4098937.0,,,,,,,4,3,https://kickbase.b-cdn.net/content/file/35e95c83657447b79b7b77f552c56abb.png,0.0,1,,,"[{""hasPlayed"": false, ""points"": null}]",5,Kastriot Imeri,108894.0,108894.0,3990043.0,0.0,4098937.0,4098937.0
357,4,Jens,Grahl,500000.0,,,,,,,0,1,https://kickbase.b-cdn.net/content/file/e76a9805862d4c849883f4035d7912a7.png,33.0,0,,,"[{""hasPlayed"": false, ""points"": null}]",5,Jens Grahl,0.0,0.0,0.0,0.0,0.0,0.0
461,4,Timothy,Chandler,1531171.0,,,,,,,0,2,https://kickbase.b-cdn.net/content/file/e7c03911a4054596904af25c839e49a8.png,22.0,2,,,"[{""hasPlayed"": false, ""points"": null}]",5,Timothy Chandler,-108991.0,-108991.0,-127470.0,-154169.0,-830921.0,1031171.0
513,4,Mario,Götze,4259516.0,,,,,,,0,3,https://kickbase.b-cdn.net/content/file/d3877d0c416e4d30a99efbd5a673b455.png,27.0,2,,,"[{""hasPlayed"": false, ""points"": null}]",3,Mario Götze,-83389.0,-83389.0,-98984.0,-105155.0,-795074.0,1854001.0
2144,4,Robin,Koch,24285098.0,132.0,1.0,1.0,1.0,6161.0,132.0,0,2,https://kickbase.b-cdn.net/content/file/9ec4a1262fb84d21b3b5458cc97f9cf3.png,4.0,1,5.0,,"[{""hasPlayed"": true, ""points"": 132}]",1,Robin Koch,44003.0,44003.0,80154.0,108058.0,453697.0,2506577.0
2255,4,Jonathan,Burkardt,26548616.0,46.0,1.0,1.0,1.0,4425.0,46.0,0,4,https://kickbase.b-cdn.net/content/file/f11b49646cad49699fd37664e712e9c9.png,9.0,2,1.0,,"[{""hasPlayed"": true, ""points"": 46}]",1,Jonathan Burkardt,-212185.0,-212185.0,-60911.0,4859.0,-248319.0,1745584.0
2863,4,Ansgar,Knauff,4409983.0,,,,,,,1,3,https://kickbase.b-cdn.net/content/file/df49f152f9bc4fd99f45742758ff5cfc.png,7.0,2,,,"[{""hasPlayed"": false, ""points"": null}]",5,Ansgar Knauff,-129277.0,-129277.0,-130962.0,-131641.0,-1770821.0,-446060.0
2864,4,Nnamdi,Collins,6715067.0,,,,,,,4,2,https://kickbase.b-cdn.net/content/file/47efb7c32b294c238dcddcc3bd26ac21.png,34.0,2,,,"[{""hasPlayed"": false, ""points"": null}]",5,Nnamdi Collins,-313422.0,-313422.0,-297214.0,-318608.0,-2185752.0,-5109722.0
2887,4,Ritsu,Dōan,15616189.0,,,,,,,0,3,https://kickbase.b-cdn.net/content/file/8ad9394d1b4e4df9b692dad3a7539c1d.png,20.0,2,,,"[{""hasPlayed"": false, ""points"": null}]",3,Ritsu Dōan,-306298.0,-306298.0,-320013.0,-432687.0,-3610209.0,-3101848.0
3019,4,Noah,Atubolu,12346370.0,130.0,1.0,1.0,1.0,6161.0,130.0,0,1,https://kickbase.b-cdn.net/content/file/1a428dbd61524b48bb209d1ebee4ac6d.png,1.0,1,10.0,,"[{""hasPlayed"": true, ""points"": 130}]",1,Noah Atubolu,252291.0,252291.0,273276.0,279205.0,1775095.0,1335461.0
6081,4,Can,Uzun,28934183.0,65.0,1.0,1.0,1.0,5217.0,65.0,0,3,https://kickbase.b-cdn.net/content/file/d508a06c367e48b4a6ad92a95ee8612d.png,42.0,1,2.0,,"[{""hasPlayed"": true, ""points"": 65}]",1,Can Uzun,16105.0,16105.0,37896.0,48628.0,367952.0,2434839.0
7275,4,Kauã,Santos,4864391.0,,,,,,,0,1,https://kickbase.b-cdn.net/content/file/aa2d99e5647f41be9c144d86afcdde54.png,40.0,2,,,"[{""hasPlayed"": false, ""points"": null}]",5,Kauã Santos,-354602.0,-354602.0,-370807.0,-379397.0,-2657463.0,-3655706.0
7277,4,Farès,Chaïbi,8413247.0,79.0,1.0,1.0,1.0,6161.0,79.0,0,3,https://kickbase.b-cdn.net/content/file/774d9ee4bd994b9dae8672fbf45215fe.png,8.0,1,9.0,,"[{""hasPlayed"": true, ""points"": 79}]",3,Farès Chaïbi,315040.0,315040.0,342901.0,339055.0,1145710.0,-4044742.0
7325,4,Elias,Baum,13047167.0,181.0,1.0,1.0,1.0,6161.0,181.0,0,2,https://kickbase.b-cdn.net/content/file/0f3d607126284679ac5bc7ee81f890ad.png,2.0,1,13.0,,"[{""hasPlayed"": true, ""points"": 181}]",1,Elias Baum,207383.0,207383.0,223482.0,239079.0,1379634.0,6364616.0
7417,4,Noël,Aséko,4652605.0,,,,,,,0,3,https://kickbase.b-cdn.net/content/file/4c3b212857824d74bed5f3922ab26e64.png,15.0,2,,,"[{""hasPlayed"": false, ""points"": null}]",5,Noël Aséko,-71158.0,-71158.0,-56944.0,-81777.0,-1025080.0,-3976817.0
8351,4,Oscar,Højlund,5467650.0,1.0,1.0,1.0,0.0,945.0,1.0,0,3,https://kickbase.b-cdn.net/content/file/9f25f3c48efd47488db3f0fea31226bc.png,6.0,2,0.0,,"[{""hasPlayed"": true, ""points"": 1}]",4,Oscar Højlund,-332649.0,-332649.0,-47592.0,49948.0,-25674.0,1080307.0
10004,4,Younes,Ebnoutalib,13829405.0,304.0,1.0,1.0,1.0,5549.0,304.0,0,4,https://kickbase.b-cdn.net/content/file/0a607bef8a9448cabbf3308c90e0dc6f.png,11.0,1,21.0,,"[{""hasPlayed"": true, ""points"": 304}]",1,Younes Ebnoutalib,282029.0,282029.0,295781.0,299382.0,1802456.0,3464125.0
11186,4,Jeremiaha,Maluze,2840751.0,194.0,1.0,1.0,1.0,6161.0,194.0,0,2,https://kickbase.b-cdn.net/content/file/41180e5bf4d046fbb3c24268c49459cb.png,37.0,1,68.0,,"[{""hasPlayed"": true, ""points"": 194}]",3,Jeremiaha Maluze,438796.0,438796.0,483731.0,493220.0,2340751.0,2340751.0
12284,4,Keita,Kosugi,11004052.0,64.0,1.0,1.0,1.0,6161.0,64.0,0,2,https://kickbase.b-cdn.net/content/file/4626c41eb1dd44d5b36bfde09dc9f229.png,26.0,1,5.0,,"[{""hasPlayed"": true, ""points"": 64}]",3,Keita Kosugi,17798.0,17798.0,109637.0,140443.0,843447.0,7738955.0
12285,4,Love,Arrhov,1894016.0,-6.0,1.0,1.0,0.0,944.0,-6.0,0,3,https://kickbase.b-cdn.net/content/file/02ec19133f8a43768226917be968f9f8.png,31.0,2,,,"[{""hasPlayed"": true, ""points"": -6}]",5,Love Arrhov,-86280.0,-86280.0,-112973.0,-127149.0,-840080.0,-2064336.0
12294,4,Ayoube,Amaimouni,7750482.0,73.0,1.0,1.0,1.0,5216.0,73.0,0,3,https://kickbase.b-cdn.net/content/file/5f68ec42f258435a8233881431dc3c75.png,29.0,1,9.0,,"[{""hasPlayed"": true, ""points"": 73}]",3,Ayoube Amaimouni,269321.0,269321.0,317707.0,365760.0,2455466.0,1645556.0
14920,4,Malik,Pimpong,2486661.0,6.0,1.0,1.0,0.0,1736.0,6.0,0,4,https://kickbase.b-cdn.net/content/file/0800fc3bf36841cbb6450f1a83cf8ee3.png,35.0,2,2.0,,"[{""hasPlayed"": true, ""points"": 6}]",5,Malik Pimpong,-62880.0,-62880.0,-97369.0,-114027.0,-783670.0,-4847815.0
15589,4,,Otávio,8134100.0,-1.0,1.0,1.0,0.0,611.0,-1.0,0,2,https://kickbase.b-cdn.net/content/file/29d28defc06541cdb2d6e020dc443ca1.png,5.0,2,,,"[{""hasPlayed"": true, ""points"": -1}]",4,Otávio,-385779.0,-385779.0,-420065.0,-535221.0,-2093000.0,5121432.0
16369,4,Raphael,Onyedika,14446532.0,28.0,1.0,1.0,1.0,6161.0,28.0,0,3,https://kickbase.b-cdn.net/content/file/4413ed18fac54a58a6e94d858ea72074.png,25.0,2,1.0,,"[{""hasPlayed"": true, ""points"": 28}]",1,Raphael Onyedika,-484193.0,-484193.0,-425748.0,-185825.0,-902930.0,3451320.0
17285,4,Lilian,Brassier,12149607.0,,,,,,,0,2,https://kickbase.b-cdn.net/content/file/9ee0a3622cb8465089f59da17d232a32.png,0.0,1,,,"[{""hasPlayed"": false, ""points"": null}]",3,Lilian Brassier,133766.0,133766.0,11515841.0,500000.0,12149607.0,12149607.0
60,18,Dominik,Kohr,7767004.0,96.0,1.0,1.0,1.0,4824.0,96.0,1,2,https://kickbase.b-cdn.net/content/file/fc6cb9d67771484baa8cd7547280f6cd.png,31.0,2,12.0,,"[{""hasPlayed"": true, ""points"": 96}]",5,Dominik Kohr,-389904.0,-389904.0,-409080.0,-494913.0,-2937531.0,976633.0
550,18,Stefan,Bell,1254895.0,,,,,,,0,2,https://kickbase.b-cdn.net/content/file/b5f9d86fa6414225acae1ed532dfb2e7.png,16.0,2,,,"[{""hasPlayed"": false, ""points"": null}]",5,Stefan Bell,-75872.0,-75872.0,-113981.0,-114346.0,-360224.0,-2629103.0
620,18,Alexander,Schwolow,3160870.0,,,,,,,0,1,https://kickbase.b-cdn.net/content/file/8c632c3299954c0f8703f77102907955.png,1.0,2,,,"[{""hasPlayed"": false, ""points"": null}]",5,Alexander Schwolow,-139656.0,-139656.0,-143106.0,-142650.0,-1027282.0,2202369.0
1540,18,Danny,Da Costa,10629521.0,143.0,1.0,1.0,1.0,5731.0,143.0,0,2,https://kickbase.b-cdn.net/content/file/d7479cd684eb4636932e2e5651e92411.png,21.0,1,13.0,,"[{""hasPlayed"": true, ""points"": 143}]",1,Danny Da Costa,190328.0,190328.0,216028.0,354525.0,1444535.0,3521854.0
1590,18,Robin,Zentner,14851882.0,104.0,1.0,1.0,1.0,5731.0,104.0,0,1,https://kickbase.b-cdn.net/content/file/dad81a3053174c60b16a47385173f2d5.png,27.0,1,7.0,,"[{""hasPlayed"": true, ""points"": 104}]",1,Robin Zentner,49056.0,49056.0,75634.0,110383.0,546141.0,3863459.0
1639,18,Nadiem,Amiri,34579759.0,167.0,1.0,1.0,1.0,5731.0,167.0,0,3,https://kickbase.b-cdn.net/content/file/7d4c71e7f54e4886a93df87cf4f3987c.png,10.0,1,4.0,,"[{""hasPlayed"": true, ""points"": 167}]",1,Nadiem Amiri,54147.0,54147.0,61023.0,86905.0,565477.0,3012557.0
2006,18,Stefan,Posch,9140054.0,,,,,,,0,2,https://kickbase.b-cdn.net/content/file/890290d8b9bd491fb3c624f1c57d47bd.png,4.0,2,,,"[{""hasPlayed"": false, ""points"": null}]",3,Stefan Posch,-323122.0,-323122.0,-568969.0,-594891.0,-2753615.0,791281.0
2030,18,Phillip,Tietz,15282961.0,85.0,1.0,1.0,1.0,5731.0,85.0,0,4,https://kickbase.b-cdn.net/content/file/2acf94096d5443fcb6d70524c93fb74e.png,9.0,1,5.0,,"[{""hasPlayed"": true, ""points"": 85}]",1,Phillip Tietz,109675.0,109675.0,129468.0,165917.0,1062229.0,5061651.0
2232,18,Philipp,Mwene,10778261.0,71.0,1.0,1.0,1.0,5731.0,71.0,0,2,https://kickbase.b-cdn.net/content/file/90c9ea6f2e3c49fd8dc4455a289facd0.png,2.0,1,6.0,,"[{""hasPlayed"": true, ""points"": 71}]",1,Philipp Mwene,148618.0,148618.0,171744.0,199962.0,1417727.0,3761401.0
2399,18,Lennard,Maloney,2429548.0,,,,,,,0,3,https://kickbase.b-cdn.net/content/file/8ae05919f4ae4c4a8ea0e0fdc6e08e32.png,15.0,1,,,"[{""hasPlayed"": false, ""points"": null}]",5,Lennard Maloney,235101.0,235101.0,288051.0,304804.0,1561477.0,-182648.0
2476,18,Jae-Sung,Lee,12801050.0,104.0,1.0,1.0,1.0,4091.0,104.0,0,3,https://kickbase.b-cdn.net/content/file/b0241527f3d94a8c976c749e2004944d.png,7.0,1,8.0,,"[{""hasPlayed"": true, ""points"": 104}]",2,Jae-Sung Lee,136477.0,136477.0,155283.0,173183.0,1036773.0,5485133.0
2646,18,Sheraldo,Becker,14318840.0,49.0,1.0,1.0,1.0,4095.0,49.0,0,4,https://kickbase.b-cdn.net/content/file/e279d94dff1f46ea8a7f16ea6656528c.png,23.0,2,3.0,,"[{""hasPlayed"": true, ""points"": 49}]",2,Sheraldo Becker,-357050.0,-357050.0,-344388.0,-129115.0,-742413.0,3017145.0
2702,18,Eric,Martel,2923853.0,,,,,,,4,3,https://kickbase.b-cdn.net/content/file/8744ec1d907e4042b8afa0f7d030628c.png,5.0,2,,,"[{""hasPlayed"": false, ""points"": null}]",5,Eric Martel,-97338.0,-97338.0,-97085.0,-96956.0,-752510.0,-6550081.0
2822,18,,Silas,1352120.0,,,,,,,1,4,https://kickbase.b-cdn.net/content/file/c9d8809a21ab421eae753d788da8f8e3.png,26.0,2,,,"[{""hasPlayed"": false, ""points"": null}]",5,Silas,-113507.0,-113507.0,-126747.0,-139973.0,-1051587.0,-218616.0
2895,18,Paul,Nebel,4100041.0,,,,,,,1,3,https://kickbase.b-cdn.net/content/file/03b835615e0c4ae3850ce2970f9cec04.png,8.0,2,,,"[{""hasPlayed"": false, ""points"": null}]",5,Paul Nebel,-113391.0,-113391.0,-104191.0,-100874.0,-711103.0,-8230838.0
3041,18,Silvan,Widmer,1833175.0,29.0,1.0,1.0,0.0,1324.0,29.0,0,2,https://kickbase.b-cdn.net/content/file/0c5f8e3a3a1145cfadc9fbe799559ed4.png,30.0,2,15.0,,"[{""hasPlayed"": true, ""points"": 29}]",5,Silvan Widmer,-20107.0,-20107.0,-55968.0,-92178.0,-376886.0,-1838913.0
3318,18,Ransford,Königsdörffer,4768888.0,17.0,1.0,1.0,0.0,1640.0,17.0,0,4,https://kickbase.b-cdn.net/content/file/4f3abfff728148fda062801c5af46204.png,11.0,2,3.0,,"[{""hasPlayed"": true, ""points"": 17}]",4,Ransford Königsdörffer,-93439.0,-93439.0,-278775.0,-302402.0,-1655967.0,-2198616.0
3470,18,Anthony,Caci,12200501.0,124.0,1.0,1.0,1.0,4406.0,124.0,0,2,https://kickbase.b-cdn.net/content/file/5bb349b2622049a7aa73a59edcec1781.png,19.0,1,10.0,,"[{""hasPlayed"": true, ""points"": 124}]",1,Anthony Caci,138416.0,138416.0,177707.0,211663.0,1097059.0,6280247.0
6111,18,Benedict,Hollerbach,2659741.0,,,,,,,0,4,https://kickbase.b-cdn.net/content/file/212f0c9603f04c869640c40bdbb0a396.png,17.0,2,,,"[{""hasPlayed"": false, ""points"": null}]",5,Benedict Hollerbach,-105255.0,-105255.0,-118689.0,-130985.0,-860187.0,283000.0
8307,18,Kaishu,Sano,17598961.0,133.0,1.0,1.0,1.0,5731.0,133.0,0,3,https://kickbase.b-cdn.net/content/file/aa2bb0e7fba5493db89b7b6646147ddc.png,6.0,1,7.0,,"[{""hasPlayed"": true, ""points"": 133}]",1,Kaishu Sano,137541.0,137541.0,165862.0,204018.0,1080786.0,4589334.0
10122,18,Fabio,Gruber,11459773.0,130.0,1.0,1.0,1.0,5731.0,130.0,0,2,https://kickbase.b-cdn.net/content/file/278ee138191a434c98f6a644a68e553c.png,3.0,1,11.0,,"[{""hasPlayed"": true, ""points"": 130}]",2,Fabio Gruber,151995.0,151995.0,155366.0,149801.0,-7322.0,421886.0
11261,18,Sota,Kawasaki,3158793.0,,,,,,,0,3,https://kickbase.b-cdn.net/content/file/4678b1fe37904abeb5122cf3927324dc.png,24.0,2,,,"[{""hasPlayed"": false, ""points"": null}]",5,Sota Kawasaki,-126869.0,-126869.0,-133372.0,-144204.0,-961541.0,618309.0
11665,18,Kacper,Potulski,5135028.0,28.0,1.0,1.0,0.0,907.0,28.0,0,2,https://kickbase.b-cdn.net/content/file/b1ee33c0ce864060a4d44adf70936760.png,48.0,1,5.0,,"[{""hasPlayed"": true, ""points"": 28}]",3,Kacper Potulski,321191.0,321191.0,278292.0,138826.0,528439.0,-2015897.0
11666,18,Maximilian,Kinzig,500000.0,,,,,,,0,1,https://kickbase.b-cdn.net/content/file/7add439bbfdf4921bf609edc2ed32e8e.png,40.0,0,,,"[{""hasPlayed"": false, ""points"": null}]",5,Maximilian Kinzig,0.0,0.0,0.0,0.0,0.0,0.0
13438,18,Otto,Ruoppi,1730896.0,15.0,1.0,1.0,0.0,1636.0,15.0,0,3,https://kickbase.b-cdn.net/content/file/87f2fcbedcfd4094b1aa3112efb54de3.png,20.0,2,8.0,,"[{""hasPlayed"": true, ""points"": 15}]",4,Otto Ruoppi,-60565.0,-60565.0,-83468.0,-108520.0,-747117.0,-3666332.0
17179,18,Rael-Tshimbela,Nakuzola,2394984.0,,,,,,,0,2,https://kickbase.b-cdn.net/content/file/6c0a23ba3672480f9163c215c36670c8.png,47.0,1,,,"[{""hasPlayed"": false, ""points"": null}]",5,Rael-Tshimbela Nakuzola,157265.0,157265.0,251237.0,310773.0,1894984.0,2394984.0
168,29,Sven,Michel,621128.0,,,,,,,4,4,https://kickbase.b-cdn.net/content/file/e03c92ddb64b4dfaa85fddc8832168ef.png,11.0,1,,,"[{""hasPlayed"": false, ""points"": null}]",5,Sven Michel,83697.0,83697.0,37431.0,-53103.0,-435868.0,-3586327.0
1964,29,Felix,Götze,5115160.0,,,,,,,2,2,https://kickbase.b-cdn.net/content/file/211c165645f84bc08e3bac17e3ba0dcf.png,20.0,2,,,"[{""hasPlayed"": false, ""points"": null}]",5,Felix Götze,-365285.0,-365285.0,-378186.0,-381370.0,-2579192.0,-1189355.0
2015,29,Raphael,Obermair,8274699.0,90.0,1.0,1.0,1.0,5731.0,90.0,0,3,https://kickbase.b-cdn.net/content/file/0d9820e6e0904252b629770883bf6ed2.png,23.0,1,10.0,,"[{""hasPlayed"": true, ""points"": 90}]",1,Raphael Obermair,81103.0,81103.0,54480.0,44519.0,-95208.0,577491.0
2301,29,Oliver,Batista Meier,5138584.0,,,,,,,0,3,https://kickbase.b-cdn.net/content/file/80153ba03a7849fdae3b398764d24b18.png,7.0,2,,,"[{""hasPlayed"": false, ""points"": null}]",3,Oliver Batista Meier,-349029.0,-349029.0,-342902.0,-385254.0,-2505324.0,-1486424.0
2471,29,Markus,Schubert,2358186.0,,,,,,,0,1,https://kickbase.b-cdn.net/content/file/1602a8ef777540f4ac5390f258ed237c.png,1.0,2,,,"[{""hasPlayed"": false, ""points"": null}]",5,Markus Schubert,-144206.0,-144206.0,-150174.0,-152706.0,-1044529.0,-340307.0
2498,29,Tom,Baack,2541663.0,12.0,1.0,1.0,0.0,1187.0,12.0,0,3,https://kickbase.b-cdn.net/content/file/e009e7eb6946411f8f86641cb56174fe.png,6.0,2,4.0,,"[{""hasPlayed"": true, ""points"": 12}]",4,Tom Baack,-106012.0,-106012.0,-122703.0,-131702.0,-894864.0,-1085901.0
2749,29,Steffen,Tigges,4594448.0,32.0,1.0,1.0,0.0,1650.0,32.0,0,4,https://kickbase.b-cdn.net/content/file/10d7abeb491e42818537662e1ceba8d1.png,27.0,1,6.0,,"[{""hasPlayed"": true, ""points"": 32}]",4,Steffen Tigges,195941.0,195941.0,259090.0,247701.0,1125132.0,3240281.0
2977,29,Nahuel,Noll,13134485.0,111.0,1.0,1.0,1.0,5731.0,111.0,0,1,https://kickbase.b-cdn.net/content/file/48b2c904ac8c41fdaa5c9503ba6e81ca.png,15.0,1,8.0,,"[{""hasPlayed"": true, ""points"": 111}]",1,Nahuel Noll,19009.0,19009.0,46053.0,72844.0,181146.0,2441404.0
3027,29,Marvin,Pieringer,3311263.0,64.0,1.0,1.0,1.0,5548.0,64.0,0,4,https://kickbase.b-cdn.net/content/file/599aac2ada574e618a4b2ef6956cd9b3.png,18.0,1,19.0,107.0,"[{""hasPlayed"": true, ""points"": 64}]",1,Marvin Pieringer,350888.0,350888.0,348016.0,394311.0,2222015.0,2066746.0
3081,29,Gabriel,Vidović,8283245.0,72.0,1.0,1.0,1.0,5731.0,72.0,0,3,https://kickbase.b-cdn.net/content/file/cbf9ad550a164e0392e43ae723e2d83d.png,40.0,1,8.0,,"[{""hasPlayed"": true, ""points"": 72}]",1,Gabriel Vidović,198202.0,198202.0,239285.0,272502.0,1456089.0,7783245.0
3336,29,Stefano,Marino,6403327.0,35.0,1.0,1.0,1.0,4081.0,35.0,0,4,https://kickbase.b-cdn.net/content/file/197aeeb1c0994cb68e398212e6941782.png,30.0,2,5.0,,"[{""hasPlayed"": true, ""points"": 35}]",3,Stefano Marino,-293916.0,-293916.0,-315157.0,-329180.0,-1969909.0,-812818.0
3491,29,Sebastian,Klaas,2559794.0,,,,,,,2,3,https://kickbase.b-cdn.net/content/file/889217c751e5403eaf39162d4dc54b9a.png,26.0,1,,,"[{""hasPlayed"": false, ""points"": null}]",5,Sebastian Klaas,91498.0,91498.0,161490.0,199082.0,1106048.0,2059794.0
3492,29,Marcel,Hoffmeier,4172922.0,,,,,,,0,2,https://kickbase.b-cdn.net/content/file/b4ad73b6a3334bf8a2efdbe5b1d7e19c.png,33.0,2,,,"[{""hasPlayed"": false, ""points"": null}]",5,Marcel Hoffmeier,-139622.0,-139622.0,-143271.0,-147907.0,-1969172.0,-1899328.0
3559,29,Laurin,Ulrich,8191598.0,44.0,1.0,1.0,1.0,4543.0,44.0,0,3,https://kickbase.b-cdn.net/content/file/48e50490d07242cb9b0ecf6bcdc688f2.png,28.0,1,5.0,,"[{""hasPlayed"": true, ""points"": 44}]",2,Laurin Ulrich,118359.0,118359.0,164460.0,190300.0,819190.0,7691598.0
6197,29,Laurin,Curda,10450371.0,187.0,1.0,1.0,1.0,5731.0,187.0,0,2,https://kickbase.b-cdn.net/content/file/ba195e9442954a30a3835950c99832a5.png,17.0,1,17.0,,"[{""hasPlayed"": true, ""points"": 187}]",1,Laurin Curda,168008.0,168008.0,206900.0,337273.0,1176088.0,-702245.0
6217,29,Rayan,Philippe,2152617.0,-1.0,1.0,1.0,0.0,341.0,-1.0,0,4,https://kickbase.b-cdn.net/content/file/78b421e2e307474ba1b2de95d956ed80.png,9.0,1,,,"[{""hasPlayed"": true, ""points"": -1}]",3,Rayan Philippe,140409.0,140409.0,84918.0,-15255.0,-204232.0,-2510962.0
6292,29,Mattes,Hansen,4567668.0,64.0,1.0,1.0,1.0,4535.0,64.0,0,2,https://kickbase.b-cdn.net/content/file/c747e1ad35ed44f4afbc5de1075d8bf1.png,22.0,1,14.0,,"[{""hasPlayed"": true, ""points"": 64}]",2,Mattes Hansen,259616.0,259616.0,246422.0,164334.0,596664.0,3234722.0
6751,29,Florian,Pruhs,2729972.0,,,,,,,0,1,https://kickbase.b-cdn.net/content/file/3878770830244658b3841f0074466ab7.png,31.0,2,,,"[{""hasPlayed"": false, ""points"": null}]",5,Florian Pruhs,-153961.0,-153961.0,-153162.0,-150969.0,-1060308.0,2033180.0
7320,29,Tjark,Scheller,7492604.0,133.0,1.0,1.0,1.0,5731.0,133.0,0,2,https://kickbase.b-cdn.net/content/file/06f63d14a0f4493faf04f78ea6aa5f10.png,25.0,1,17.0,,"[{""hasPlayed"": true, ""points"": 133}]",1,Tjark Scheller,306421.0,306421.0,353202.0,365977.0,2155680.0,952293.0
7616,29,Jano,ter Horst,8644480.0,143.0,1.0,1.0,1.0,5731.0,143.0,0,2,https://kickbase.b-cdn.net/content/file/a931e1f10bb84a9bb35b795a7857b8ee.png,21.0,1,16.0,,"[{""hasPlayed"": true, ""points"": 143}]",1,Jano ter Horst,307214.0,307214.0,354524.0,381380.0,2243716.0,3373558.0
8292,29,Santiago,Castañeda,8874086.0,101.0,1.0,1.0,1.0,5731.0,101.0,0,3,https://kickbase.b-cdn.net/content/file/37ddcd7042414ce59c844f52d87ee300.png,5.0,1,11.0,,"[{""hasPlayed"": true, ""points"": 101}]",1,Santiago Castañeda,217799.0,217799.0,257238.0,232149.0,666458.0,1110676.0
8872,29,Jonah,Sticker,3758360.0,21.0,1.0,1.0,0.0,1196.0,21.0,0,2,https://kickbase.b-cdn.net/content/file/74f3dad539cd4e30aabca849e8e8bc64.png,3.0,2,5.0,,"[{""hasPlayed"": true, ""points"": 21}]",4,Jonah Sticker,-117360.0,-117360.0,-131513.0,-136505.0,-878178.0,1927768.0
8984,29,Nyamekye,Awortwie-Grant,1892782.0,,,,,,,1,2,https://kickbase.b-cdn.net/content/file/6b0e71018bd542b0b17a0e0a3e9058ac.png,4.0,1,,,"[{""hasPlayed"": false, ""points"": null}]",5,Nyamekye Awortwie-Grant,28667.0,28667.0,125393.0,193546.0,1095033.0,1383012.0
9283,29,Deniz,Zeitler,3307080.0,,,,,,,0,4,https://kickbase.b-cdn.net/content/file/b3f504e1c3274815a84cd32d2a63477f.png,38.0,2,,,"[{""hasPlayed"": false, ""points"": null}]",4,Deniz Zeitler,-126200.0,-126200.0,-137109.0,-156625.0,-1133768.0,2807080.0
10048,29,Luka,Duric,2435399.0,,,,,,,0,3,https://kickbase.b-cdn.net/content/file/fdce53ba9bff4a39b30dda997ad991ee.png,8.0,2,,,"[{""hasPlayed"": false, ""points"": null}]",4,Luka Duric,-122769.0,-122769.0,-135775.0,-148591.0,-998399.0,-1394615.0
11170,29,Ruben,Müller,3338178.0,,,,,,,0,3,https://kickbase.b-cdn.net/content/file/30dea41b80454a638771929f17e0d368.png,2.0,2,,,"[{""hasPlayed"": false, ""points"": null}]",5,Ruben Müller,-142071.0,-142071.0,-144433.0,-147140.0,-1034656.0,2393879.0
12262,29,Albert Frank,Millgramm,3425230.0,,,,,,,0,4,https://kickbase.b-cdn.net/content/file/0635ef3343fb4b138fd946cc4a199637.png,19.0,2,,,"[{""hasPlayed"": false, ""points"": null}]",5,Albert Frank Millgramm,-124891.0,-124891.0,-140977.0,-143222.0,-902986.0,-465422.0
14911,29,Clemens,Lippmann,726712.0,2.0,1.0,1.0,0.0,182.0,2.0,0,2,https://kickbase.b-cdn.net/content/file/7462061e1e7843ffb7efaa2fe7e2b5f5.png,29.0,2,2.0,,"[{""hasPlayed"": true, ""points"": 2}]",5,Clemens Lippmann,37801.0,37801.0,-15341.0,-61344.0,-362977.0,-3439583.0
14914,29,Timur,Gayret,1122466.0,,,,,,,1,3,https://kickbase.b-cdn.net/content/file/174077d2fba447fbb8a0e46a12d28245.png,44.0,1,,,"[{""hasPlayed"": false, ""points"": null}]",5,Timur Gayret,69723.0,69723.0,131823.0,134594.0,622466.0,622466.0
1225,43,Leopold,Zingerle,500000.0,,,,,,,0,1,https://kickbase.b-cdn.net/content/file/d257ae98474e45c4ad7082fbe5adde82.png,25.0,0,,,"[{""hasPlayed"": false, ""points"": null}]",5,Leopold Zingerle,0.0,0.0,0.0,0.0,0.0,0.0
1246,43,Willi,Orban,30773806.0,171.0,1.0,1.0,1.0,5846.0,171.0,0,2,https://kickbase.b-cdn.net/content/file/1f7999ae3a674c74ac9b8d4f00ed1028.png,4.0,2,5.0,,"[{""hasPlayed"": true, ""points"": 171}]",2,Willi Orban,-63444.0,-63444.0,9807.0,10447.0,-665506.0,568027.0
1333,43,Lukas,Klostermann,884076.0,,,,,,,0,2,https://kickbase.b-cdn.net/content/file/91ea3cbf0389453ca1c0add22d52e089.png,16.0,2,,,"[{""hasPlayed"": false, ""points"": null}]",5,Lukas Klostermann,-47521.0,-47521.0,-86989.0,-114281.0,-642419.0,-2930355.0
1689,43,Benjamin,Henrichs,5568405.0,34.0,1.0,1.0,0.0,1393.0,34.0,0,2,https://kickbase.b-cdn.net/content/file/c091f35a668e446caa75ecc93b1084dd.png,39.0,2,6.0,,"[{""hasPlayed"": true, ""points"": 34}]",5,Benjamin Henrichs,-242614.0,-242614.0,-283118.0,-290433.0,-2099860.0,967970.0
1728,43,Örjan,Nyland,2991624.0,,,,,,,0,1,https://kickbase.b-cdn.net/content/file/361c8899e8db48868bb66d49e2cd4d2d.png,1.0,2,,,"[{""hasPlayed"": false, ""points"": null}]",5,Örjan Nyland,-143094.0,-143094.0,-145733.0,-144903.0,-1003814.0,2491624.0
2141,43,Ridle ,Baku,19653208.0,233.0,1.0,1.0,1.0,4453.0,233.0,0,2,https://kickbase.b-cdn.net/content/file/938a124759354a928af165b155e6925a.png,17.0,1,11.0,,"[{""hasPlayed"": true, ""points"": 233}]",1,Ridle  Baku,209561.0,209561.0,233597.0,258057.0,1411843.0,670682.0
2275,43,Christoph,Baumgartner,13160210.0,,,,,,,4,3,https://kickbase.b-cdn.net/content/file/de86594ccecb4a7899a87cdd662e1a9c.png,14.0,2,,,"[{""hasPlayed"": false, ""points"": null}]",5,Christoph Baumgartner,-499927.0,-499927.0,-468685.0,-456371.0,-3133133.0,-5834852.0
2522,43,David,Raum,34774717.0,149.0,1.0,1.0,1.0,5846.0,149.0,0,2,https://kickbase.b-cdn.net/content/file/ff40a7c5554548ee8a8a51168c408d77.png,22.0,1,4.0,,"[{""hasPlayed"": true, ""points"": 149}]",1,David Raum,22054.0,22054.0,41379.0,58142.0,376444.0,2570878.0
2687,43,Christopher,Nkunku,25538024.0,111.0,1.0,1.0,0.0,1904.0,111.0,0,4,https://kickbase.b-cdn.net/content/file/bf619920e0d34e138aa57fe52dbcde21.png,28.0,1,4.0,,"[{""hasPlayed"": true, ""points"": 111}]",2,Christopher Nkunku,97494.0,97494.0,110159.0,126976.0,874151.0,-14009597.0
2897,43,Rocco,Reitz,13728441.0,208.0,1.0,1.0,1.0,5072.0,208.0,1,3,https://kickbase.b-cdn.net/content/file/4186115eb899498fbec64508ec48475c.png,20.0,1,15.0,,"[{""hasPlayed"": true, ""points"": 208}]",5,Rocco Reitz,-251694.0,-251694.0,276854.0,281970.0,640896.0,599935.0
4596,43,Brajan,Gruda,21790679.0,128.0,1.0,1.0,1.0,4446.0,128.0,2,3,https://kickbase.b-cdn.net/content/file/fc98ceda9d134bd09d5526a600465611.png,10.0,1,5.0,,"[{""hasPlayed"": true, ""points"": 128}]",3,Brajan Gruda,162588.0,162588.0,205272.0,215829.0,1475735.0,7229598.0
6104,43,,Guiu,10533232.0,,,,,,,0,4,https://kickbase.b-cdn.net/content/file/89d3dea2dc2f4834a2c84a269d63745f.png,0.0,1,,,"[{""hasPlayed"": false, ""points"": null}]",3,Guiu,118446.0,118446.0,10414786.0,0.0,10533232.0,10533232.0
6176,43,Nicolas,Seiwald,18806979.0,109.0,1.0,1.0,1.0,5846.0,109.0,0,3,https://kickbase.b-cdn.net/content/file/5320dfb79fb348369e61599e552840b0.png,13.0,1,5.0,,"[{""hasPlayed"": true, ""points"": 109}]",1,Nicolas Seiwald,101325.0,101325.0,113295.0,155979.0,750161.0,4413750.0
6300,43,Assan,Ouédraogo,8487229.0,,,,,,,0,3,https://kickbase.b-cdn.net/content/file/44f5198b463047fc88626d9698f3a2d0.png,8.0,2,,,"[{""hasPlayed"": false, ""points"": null}]",5,Assan Ouédraogo,-236798.0,-236798.0,-264069.0,-263609.0,-2071533.0,-13200965.0
7224,43,Lukeba,Castello Jr.,20753508.0,199.0,1.0,1.0,1.0,5846.0,199.0,0,2,https://kickbase.b-cdn.net/content/file/52117c9891144d3998de1b87b91ca123.png,23.0,1,9.0,,"[{""hasPlayed"": true, ""points"": 199}]",2,Lukeba Castello Jr.,191791.0,191791.0,227026.0,245302.0,1440112.0,192865.0
7239,43,Max,Finkgräfe,3966957.0,,,,,,,0,2,https://kickbase.b-cdn.net/content/file/14ced344f69a48a5aeed3cbdcd5938da.png,35.0,2,,,"[{""hasPlayed"": false, ""points"": null}]",5,Max Finkgräfe,-133911.0,-133911.0,-140443.0,-138861.0,-1149348.0,1916574.0
7493,43,Arthur,Vermeeren,3694110.0,25.0,1.0,1.0,0.0,774.0,25.0,0,3,https://kickbase.b-cdn.net/content/file/28309f4b1c4c473aa6280f2b96bf6c95.png,48.0,2,6.0,,"[{""hasPlayed"": true, ""points"": 25}]",4,Arthur Vermeeren,-89209.0,-89209.0,-105896.0,-120010.0,-795893.0,1584325.0
8061,43,Johan,Bakayoko,8923087.0,15.0,1.0,1.0,0.0,1400.0,15.0,0,4,https://kickbase.b-cdn.net/content/file/1b1b3bd47f834642b2d8169d2b018ec2.png,11.0,2,1.0,,"[{""hasPlayed"": true, ""points"": 15}]",4,Johan Bakayoko,-317512.0,-317512.0,-327064.0,-385789.0,-2746364.0,1821026.0
8227,43,Maarten,Vandevoordt,17386069.0,187.0,1.0,1.0,1.0,5846.0,187.0,0,1,https://kickbase.b-cdn.net/content/file/1aa808600ddb4c5b9883e7caedba5966.png,26.0,1,10.0,,"[{""hasPlayed"": true, ""points"": 187}]",1,Maarten Vandevoordt,47911.0,47911.0,83682.0,120849.0,603329.0,3982131.0
9507,43,Antonio,Nusa,26660682.0,226.0,1.0,1.0,1.0,5846.0,226.0,0,3,https://kickbase.b-cdn.net/content/file/9a7ea9c911e04f9e9cf0fa6c4b57ca54.png,7.0,1,8.0,,"[{""hasPlayed"": true, ""points"": 226}]",1,Antonio Nusa,102553.0,102553.0,114197.0,129640.0,670771.0,3102609.0
9776,43,Andrija,Maksimovic,3410094.0,,,,,,,0,3,https://kickbase.b-cdn.net/content/file/4b987894fd8842a69a0341460d5ebc51.png,30.0,2,,,"[{""hasPlayed"": false, ""points"": null}]",4,Andrija Maksimovic,-125787.0,-125787.0,-134907.0,-143739.0,-960274.0,588492.0
10113,43,Tidiam,Gomis,8176061.0,176.0,1.0,1.0,1.0,3942.0,176.0,0,4,https://kickbase.b-cdn.net/content/file/6fdc632f20f64bac905749a9c2b23a86.png,27.0,1,21.0,,"[{""hasPlayed"": true, ""points"": 176}]",3,Tidiam Gomis,361854.0,361854.0,395255.0,403990.0,2501297.0,3925049.0
11008,43,Ezechiel,Banzuzi,11245732.0,103.0,1.0,1.0,1.0,5074.0,103.0,0,3,https://kickbase.b-cdn.net/content/file/a9c36464a61049d0b9acd73d6c4e9c96.png,6.0,1,9.0,,"[{""hasPlayed"": true, ""points"": 103}]",1,Ezechiel Banzuzi,191689.0,191689.0,210865.0,248273.0,1859135.0,7613135.0
11886,43,,Rômulo,13349383.0,,,,,,,2,4,https://kickbase.b-cdn.net/content/file/040691ff56a547f291aae153a0681fac.png,40.0,2,,,"[{""hasPlayed"": false, ""points"": null}]",5,Rômulo,-607024.0,-607024.0,-605010.0,-602212.0,-4134917.0,-5278504.0
14249,43,Neil,El Aynaoui,15140682.0,,,,,,,0,3,https://kickbase.b-cdn.net/content/file/ae7c14cb829b461a81b00042ef20e8c6.png,21.0,1,,,"[{""hasPlayed"": false, ""points"": null}]",3,Neil El Aynaoui,72028.0,72028.0,15068654.0,0.0,15140682.0,15140682.0
14896,43,Abdoul,Koné,2156815.0,,,,,,,0,2,https://kickbase.b-cdn.net/content/file/4ca128a18c804aa59eeca0345b142d1c.png,2.0,2,,,"[{""hasPlayed"": false, ""points"": null}]",5,Abdoul Koné,-96093.0,-96093.0,-112310.0,-129693.0,-833771.0,-5752738.0
15376,43,Maxime,Estève,9396990.0,,,,,,,0,2,https://kickbase.b-cdn.net/content/file/a7416c976f85479b8ca67947eda7ef58.png,3.0,2,,,"[{""hasPlayed"": false, ""points"": null}]",4,Maxime Estève,-254219.0,-254219.0,-300625.0,-486636.0,-2596907.0,-7380217.0
577,15,Daniel,Batz,939454.0,,,,,,,0,1,https://kickbase.b-cdn.net/content/file/61c6f55172674b6eb750e6263b23da0d.png,33.0,2,,,"[{""hasPlayed"": false, ""points"": null}]",5,Daniel Batz,-135621.0,-135621.0,-137458.0,-132438.0,-916948.0,-3616433.0
619,15,Kevin,Stöger,10130124.0,-2.0,1.0,1.0,1.0,3907.0,-2.0,0,3,https://kickbase.b-cdn.net/content/file/ec9e6d0723944f8d846da3ac937cd7b3.png,7.0,1,,,"[{""hasPlayed"": true, ""points"": -2}]",2,Kevin Stöger,50070.0,50070.0,106768.0,128396.0,919407.0,7000221.0
849,15,Tim,Kleindienst,19378961.0,-21.0,1.0,1.0,1.0,5846.0,-21.0,0,4,https://kickbase.b-cdn.net/content/file/c5a005a8dbaa4237a4d0cb0304ac67a0.png,11.0,1,,,"[{""hasPlayed"": true, ""points"": -21}]",1,Tim Kleindienst,20840.0,20840.0,51915.0,74517.0,559052.0,4559380.0
1883,15,Moritz,Nicolas,18426919.0,189.0,1.0,1.0,1.0,5846.0,189.0,0,1,https://kickbase.b-cdn.net/content/file/02e615fb0e3043649fe830816e2860ba.png,1.0,1,10.0,,"[{""hasPlayed"": true, ""points"": 189}]",1,Moritz Nicolas,4413.0,4413.0,24456.0,36480.0,-177392.0,551916.0
2074,15,Robin,Hack,9655042.0,12.0,1.0,1.0,1.0,3892.0,12.0,0,3,https://kickbase.b-cdn.net/content/file/05225d0ae1a74293a432710302565e54.png,25.0,2,1.0,,"[{""hasPlayed"": true, ""points"": 12}]",3,Robin Hack,-56371.0,-56371.0,-95747.0,-150137.0,-690674.0,2793138.0
2126,15,Nicolas,Kühn,6944491.0,,,,,,,0,3,https://kickbase.b-cdn.net/content/file/1b20e25d138a411aa09e746b44660051.png,0.0,2,,,"[{""hasPlayed"": false, ""points"": null}]",4,Nicolas Kühn,-9324.0,-9324.0,-62682.0,0.0,6444491.0,6444491.0
2261,15,Florian,Neuhaus,2369505.0,,,,,,,0,3,https://kickbase.b-cdn.net/content/file/0244f54c08f14d5e98d1ec66bd2bca77.png,10.0,1,,,"[{""hasPlayed"": false, ""points"": null}]",5,Florian Neuhaus,238330.0,238330.0,267892.0,262742.0,1184814.0,-1223321.0
2560,15,Philipp,Sander,11512381.0,12.0,1.0,1.0,1.0,5846.0,12.0,0,3,https://kickbase.b-cdn.net/content/file/fb578835ac86440a8189e44877f9bcc8.png,16.0,2,1.0,,"[{""hasPlayed"": true, ""points"": 12}]",1,Philipp Sander,-388263.0,-388263.0,-478052.0,-425463.0,-1586100.0,1465298.0
2850,15,Jan,Olschowsky,500000.0,,,,,,,0,1,https://kickbase.b-cdn.net/content/file/871dd19a11bc47da8b9d1105bec98909.png,23.0,0,,,"[{""hasPlayed"": false, ""points"": null}]",5,Jan Olschowsky,0.0,0.0,0.0,0.0,0.0,0.0
2862,15,Jens,Castrop,2310206.0,,,,,,,1,3,https://kickbase.b-cdn.net/content/file/7c1e6725133e4dc5abd4022a37be73f3.png,17.0,2,,,"[{""hasPlayed"": false, ""points"": null}]",5,Jens Castrop,-137624.0,-137624.0,-140184.0,-145491.0,-1028927.0,-6469128.0
2941,15,Joseph,Scally,4026003.0,-4.0,1.0,1.0,0.0,1241.0,-4.0,0,2,https://kickbase.b-cdn.net/content/file/d6ec0ce09dc940e7ae1e339aba844c03.png,29.0,1,,,"[{""hasPlayed"": true, ""points"": -4}]",2,Joseph Scally,227930.0,227930.0,143933.0,40792.0,165312.0,-3073402.0
3063,15,Fabio,Chiarodia,3688849.0,,,,,,,0,2,https://kickbase.b-cdn.net/content/file/b20e95c99c5c414dba98788ce536d7ad.png,2.0,1,,,"[{""hasPlayed"": false, ""points"": null}]",5,Fabio Chiarodia,246743.0,246743.0,240940.0,259702.0,1664448.0,911619.0
3129,15,Ko,Itakura,12065411.0,34.0,1.0,1.0,1.0,5846.0,34.0,0,2,https://kickbase.b-cdn.net/content/file/4b21780a283045729069fef7f989f200.png,6.0,1,2.0,,"[{""hasPlayed"": true, ""points"": 34}]",1,Ko Itakura,138887.0,138887.0,163997.0,177072.0,1034405.0,-1542386.0
3516,15,Enzo,Leopold,6336864.0,,,,,,,1,3,https://kickbase.b-cdn.net/content/file/55c63aaaf1484294892e8cc74ad7b53d.png,8.0,2,,,"[{""hasPlayed"": false, ""points"": null}]",5,Enzo Leopold,-528492.0,-528492.0,-375908.0,-333527.0,-2599731.0,-6516444.0
4292,15,David,Herold,4058785.0,5.0,1.0,1.0,0.0,1934.0,5.0,0,2,https://kickbase.b-cdn.net/content/file/78e179f9be5248c887e00608eaee10bc.png,20.0,2,1.0,,"[{""hasPlayed"": true, ""points"": 5}]",3,David Herold,-39429.0,-39429.0,-60773.0,-92373.0,-653976.0,-5341772.0
4333,15,Lukas,Ullrich,7611205.0,17.0,1.0,1.0,1.0,3908.0,17.0,0,2,https://kickbase.b-cdn.net/content/file/27f19d9713034a05b1a7dedcb527f48d.png,26.0,2,2.0,,"[{""hasPlayed"": true, ""points"": 17}]",3,Lukas Ullrich,-303909.0,-303909.0,-343597.0,-372826.0,-1534577.0,4469101.0
6199,15,Shuto,Machino,3405100.0,,,,,,,0,4,https://kickbase.b-cdn.net/content/file/cefff6eb5d884a94b7d3b2ffb53b760c.png,18.0,2,,,"[{""hasPlayed"": false, ""points"": null}]",5,Shuto Machino,-112309.0,-112309.0,-135267.0,-146719.0,-866560.0,1992701.0
6319,15,Franck,Honorat,9095848.0,75.0,1.0,1.0,0.0,1939.0,75.0,0,3,https://kickbase.b-cdn.net/content/file/ba369ac3889a4ce98a51468fb3f7c14b.png,9.0,1,8.0,,"[{""hasPlayed"": true, ""points"": 75}]",3,Franck Honorat,217645.0,217645.0,225400.0,168229.0,415156.0,149948.0
7774,15,Yukhym,Konoplia,1008553.0,,,,,,,4,2,https://kickbase.b-cdn.net/content/file/37facc3b42e54ca4aa5a24fb0c96cc4d.png,22.0,2,,,"[{""hasPlayed"": false, ""points"": null}]",5,Yukhym Konoplia,-24500.0,-24500.0,-73763.0,-112273.0,-722966.0,-4164062.0
9540,15,Isac,Lidberg,4670852.0,-8.0,1.0,1.0,0.0,1954.0,-8.0,0,4,https://kickbase.b-cdn.net/content/file/b759181ffa3546828a627f5efb974b06.png,3.0,2,,,"[{""hasPlayed"": true, ""points"": -8}]",4,Isac Lidberg,-110014.0,-110014.0,-308728.0,-318421.0,-1971512.0,-6291614.0
11010,15,Kevin,Diks,17415557.0,29.0,1.0,1.0,1.0,5846.0,29.0,0,2,https://kickbase.b-cdn.net/content/file/2963465030854dafa3b90fbfd15f4a89.png,4.0,2,1.0,,"[{""hasPlayed"": true, ""points"": 29}]",1,Kevin Diks,-321415.0,-321415.0,-95699.0,5546.0,-313001.0,3499297.0
11748,15,Wael,Mohya,8872902.0,11.0,1.0,1.0,1.0,3912.0,11.0,0,3,https://kickbase.b-cdn.net/content/file/4fc954ae0ffd4f5ab6d58a98b51cccd9.png,36.0,2,1.0,,"[{""hasPlayed"": true, ""points"": 11}]",3,Wael Mohya,-222365.0,-222365.0,-252980.0,-256366.0,-1991857.0,504387.0
13442,15,Hugo,Bolin,11456465.0,32.0,1.0,1.0,1.0,5846.0,32.0,0,3,https://kickbase.b-cdn.net/content/file/7f789e6ac2c84d5b878ec36c44b31dc2.png,38.0,1,2.0,,"[{""hasPlayed"": true, ""points"": 32}]",1,Hugo Bolin,98529.0,98529.0,111044.0,128909.0,818070.0,6172557.0
15181,15,Jan,Leszczynski,4828650.0,,,,,,,0,2,https://kickbase.b-cdn.net/content/file/43eddfa24a0f4db3a737bf045f96d849.png,5.0,2,,,"[{""hasPlayed"": false, ""points"": null}]",4,Jan Leszczynski,-251287.0,-251287.0,-282477.0,-307079.0,-2122325.0,-1401530.0
15202,15,Zento,Uno,874716.0,,,,,,,0,3,https://kickbase.b-cdn.net/content/file/9c1b0bb28e67413dad79f8a99c4eda88.png,47.0,2,,,"[{""hasPlayed"": false, ""points"": null}]",5,Zento Uno,-25843.0,-25843.0,-76513.0,-109539.0,-667622.0,-3665528.0
15613,15,Daiki,Hashioka,7805137.0,17.0,1.0,1.0,1.0,4604.0,17.0,2,2,https://kickbase.b-cdn.net/content/file/dc4f94ffdb854af9a954313e8b974d4c.png,14.0,2,2.0,,"[{""hasPlayed"": true, ""points"": 17}]",5,Daiki Hashioka,-388665.0,-388665.0,-401492.0,-437882.0,-2868020.0,3495055.0
16564,15,Mathieu,Nguefack,2125379.0,17.0,1.0,1.0,0.0,1938.0,17.0,0,3,https://kickbase.b-cdn.net/content/file/e571de447a2c48c996992e7b729aeb55.png,34.0,1,7.0,,"[{""hasPlayed"": true, ""points"": 17}]",4,Mathieu Nguefack,291851.0,291851.0,347336.0,377020.0,1625379.0,2125379.0
54,3,Emre,Can,2293842.0,,,,,,,1,2,https://kickbase.b-cdn.net/content/file/fe3cc9ba92274b29890b3d2888584906.png,23.0,1,,,"[{""hasPlayed"": false, ""points"": null}]",5,Emre Can,99489.0,99489.0,175466.0,209651.0,1281565.0,-568976.0
75,3,Patrick,Drewes,500000.0,,,,,,,0,1,https://kickbase.b-cdn.net/content/file/d4b85a111f624b02a8519a1a07c23e7f.png,30.0,0,,,"[{""hasPlayed"": false, ""points"": null}]",5,Patrick Drewes,0.0,0.0,0.0,0.0,0.0,0.0
1704,3,Waldemar,Anton,34107606.0,158.0,1.0,1.0,1.0,5806.0,158.0,0,2,https://kickbase.b-cdn.net/content/file/5cbbbb34725b43dba3f7f4f6835b98f0.png,3.0,2,4.0,,"[{""hasPlayed"": true, ""points"": 158}]",1,Waldemar Anton,-44946.0,-44946.0,11473.0,24457.0,8398.0,1198377.0
1856,3,Marcel,Sabitzer,6495751.0,37.0,1.0,1.0,0.0,2457.0,37.0,0,3,https://kickbase.b-cdn.net/content/file/579e192bcc2b413185587ba2eb3c082c.png,20.0,1,5.0,,"[{""hasPlayed"": true, ""points"": 37}]",3,Marcel Sabitzer,158314.0,158314.0,102269.0,35546.0,-228811.0,-4089847.0
1873,3,Gregor,Kobel,20971104.0,169.0,1.0,1.0,1.0,5806.0,169.0,0,1,https://kickbase.b-cdn.net/content/file/f2d4753d2676442bb38580d0b59a6293.png,1.0,2,8.0,,"[{""hasPlayed"": true, ""points"": 169}]",1,Gregor Kobel,-137889.0,-137889.0,-54688.0,-3916.0,-802866.0,-1728544.0
1920,3,Serhou,Guirassy,30479722.0,180.0,1.0,1.0,1.0,5806.0,180.0,0,4,https://kickbase.b-cdn.net/content/file/f60de765e2e34fce8747b78399dca305.png,9.0,1,5.0,,"[{""hasPlayed"": true, ""points"": 180}]",1,Serhou Guirassy,67916.0,67916.0,86831.0,102985.0,588262.0,2970468.0
2148,3,Alexander,Meyer,2193462.0,,,,,,,0,1,https://kickbase.b-cdn.net/content/file/5502ac110b6c42ddad9d1cdb351cbbcc.png,33.0,1,,,"[{""hasPlayed"": false, ""points"": null}]",5,Alexander Meyer,92608.0,92608.0,187804.0,235313.0,1493870.0,-129582.0
2383,3,Nico,Schlotterbeck,23923125.0,,,,,,,4,2,https://kickbase.b-cdn.net/content/file/bc913364cbca4d48b0393c36b9f01728.png,4.0,1,,,"[{""hasPlayed"": false, ""points"": null}]",5,Nico Schlotterbeck,42205.0,42205.0,79389.0,84341.0,-34816.0,-11503006.0
2395,3,Julian,Ryerson,26219996.0,80.0,1.0,1.0,1.0,4566.0,80.0,0,2,https://kickbase.b-cdn.net/content/file/2998191f5e674fecb9ddf7762821ebc5.png,26.0,1,3.0,,"[{""hasPlayed"": true, ""points"": 80}]",1,Julian Ryerson,-8491.0,-8491.0,14758.0,28097.0,93916.0,881476.0
2714,3,Maximilian,Beier,21789272.0,165.0,1.0,1.0,1.0,5173.0,165.0,0,4,https://kickbase.b-cdn.net/content/file/d9ef0f909c4c4610aef2af20def367ba.png,14.0,1,7.0,,"[{""hasPlayed"": true, ""points"": 165}]",2,Maximilian Beier,153505.0,153505.0,160523.0,152665.0,-74703.0,-3440877.0
2736,3,Ramy,Bensebaini,16969705.0,,,,,,,2,2,https://kickbase.b-cdn.net/content/file/f2e48e2f879643559eb9d2cdb6db0d7a.png,5.0,2,,,"[{""hasPlayed"": false, ""points"": null}]",3,Ramy Bensebaini,-457323.0,-457323.0,-397537.0,-346578.0,-2948800.0,-1392408.0
3069,3,Felix,Nmecha,28054306.0,123.0,1.0,1.0,1.0,4567.0,123.0,0,3,https://kickbase.b-cdn.net/content/file/f83b3a24df594aaf81be1d58da773656.png,8.0,1,4.0,,"[{""hasPlayed"": true, ""points"": 123}]",1,Felix Nmecha,66078.0,66078.0,80779.0,101951.0,611306.0,3799510.0
7737,3,Joey,Veerman,17735481.0,36.0,1.0,1.0,0.0,1238.0,36.0,0,3,https://kickbase.b-cdn.net/content/file/529a765a8c184857a82fa881408360cf.png,25.0,2,2.0,,"[{""hasPlayed"": true, ""points"": 36}]",4,Joey Veerman,-576844.0,-576844.0,-395932.0,-74205.0,-808152.0,17735481.0
9440,3,Filippo,Mane,6203679.0,17.0,1.0,1.0,0.0,1239.0,17.0,0,2,https://kickbase.b-cdn.net/content/file/c944b500e3224366ad9e5a494a84ee47.png,39.0,1,2.0,,"[{""hasPlayed"": true, ""points"": 17}]",3,Filippo Mane,226963.0,226963.0,289708.0,309189.0,2272228.0,1740169.0
9698,3,,Fábio Silva,7928365.0,,,,,,,0,4,https://kickbase.b-cdn.net/content/file/2aaeda6f5123438e95f1958a10ce0058.png,21.0,1,,,"[{""hasPlayed"": false, ""points"": null}]",5,Fábio Silva,171903.0,171903.0,227476.0,234043.0,1282280.0,-766066.0
10114,3,Carney,Chukwuemeka,2721389.0,,,,,,,0,3,https://kickbase.b-cdn.net/content/file/d823612bd32f4715b90b0c7b626973ac.png,17.0,2,,,"[{""hasPlayed"": false, ""points"": null}]",5,Carney Chukwuemeka,-27747.0,-27747.0,-50568.0,-83522.0,-459074.0,-3477611.0
10115,3,Daniel,Svensson,18060603.0,163.0,1.0,1.0,1.0,5806.0,163.0,0,2,https://kickbase.b-cdn.net/content/file/da063055c5d14c798dd8d7427fb2a48f.png,24.0,1,9.0,,"[{""hasPlayed"": true, ""points"": 163}]",1,Daniel Svensson,218422.0,218422.0,234522.0,253930.0,1400237.0,-1426466.0
11099,3,Jobe,Bellingham,17476020.0,156.0,1.0,1.0,1.0,5806.0,156.0,0,3,https://kickbase.b-cdn.net/content/file/5f42cc7cc7c5447aa341c17ba41ebcbe.png,7.0,1,8.0,,"[{""hasPlayed"": true, ""points"": 156}]",2,Jobe Bellingham,189000.0,189000.0,212767.0,223545.0,674726.0,-510736.0
11100,3,Samuele,Inácio,6879244.0,-60.0,1.0,1.0,0.0,155.0,-60.0,8,3,https://kickbase.b-cdn.net/content/file/3990db0656bc411cac06104a42bdb903.png,40.0,2,,,"[{""hasPlayed"": true, ""points"": -60}]",5,Samuele Inácio,-263975.0,-263975.0,-242213.0,-318524.0,-2067143.0,-5076239.0
13472,3,Luca,Reggiani,2693852.0,,,,,,,0,2,https://kickbase.b-cdn.net/content/file/8250a085897d474a87bd2a15e5558528.png,49.0,2,,,"[{""hasPlayed"": false, ""points"": null}]",5,Luca Reggiani,-94206.0,-94206.0,-112012.0,-123182.0,-702643.0,-2987644.0
14662,3,Justin,Lerma,3288424.0,,,,,,,1,3,https://kickbase.b-cdn.net/content/file/ec7bf8e163864c2fb47fb324c7a06a82.png,28.0,2,,,"[{""hasPlayed"": false, ""points"": null}]",5,Justin Lerma,-144507.0,-144507.0,-148851.0,-150297.0,-1038144.0,-5979603.0
14899,3,Kauã,Prates,2575587.0,34.0,1.0,1.0,0.0,632.0,34.0,0,2,https://kickbase.b-cdn.net/content/file/3c7f16c226b44240b9d55d65798e5f29.png,36.0,1,13.0,,"[{""hasPlayed"": true, ""points"": 34}]",4,Kauã Prates,246157.0,246157.0,205141.0,82450.0,329053.0,-2657759.0
15211,3,Joane,Gadou,25596027.0,132.0,1.0,1.0,1.0,5806.0,132.0,0,2,https://kickbase.b-cdn.net/content/file/48c386df17604a3cbfeaffff6bdffae7.png,22.0,1,5.0,,"[{""hasPlayed"": true, ""points"": 132}]",1,Joane Gadou,42544.0,42544.0,54700.0,82909.0,454314.0,4232520.0
16378,3,Konstantinos,Karetsas,25941150.0,214.0,1.0,1.0,1.0,4573.0,214.0,0,3,https://kickbase.b-cdn.net/content/file/f4e89a3523cb47e09c5be6702baec885.png,19.0,1,8.0,,"[{""hasPlayed"": true, ""points"": 214}]",1,Konstantinos Karetsas,133401.0,133401.0,129761.0,148723.0,1109053.0,7368427.0
16948,3,Giannis,Konstantelias,15403044.0,181.0,1.0,1.0,1.0,3348.0,181.0,1,3,https://kickbase.b-cdn.net/content/file/222864c862d743758c5cdcbcbd1bba48.png,45.0,2,11.0,,"[{""hasPlayed"": true, ""points"": 181}]",5,Giannis Konstantelias,-682426.0,-682426.0,-743357.0,-831918.0,-3707613.0,15403044.0
17309,3,Ethan,Nwaneri,18286222.0,,,,,,,0,3,https://kickbase.b-cdn.net/content/file/354de6f8743a4426a15410f1d9e73558.png,0.0,1,,,"[{""hasPlayed"": false, ""points"": null}]",4,Ethan Nwaneri,136676.0,136676.0,18149546.0,0.0,18286222.0,18286222.0
1863,6,Daniel,Heuer Fernandes,14685701.0,97.0,1.0,1.0,1.0,5806.0,97.0,0,1,https://kickbase.b-cdn.net/content/file/25bb5ce570244f8296d6e817316ad707.png,1.0,2,6.0,,"[{""hasPlayed"": true, ""points"": 97}]",1,Daniel Heuer Fernandes,-189246.0,-189246.0,-190108.0,-73479.0,-524331.0,2411338.0
1865,6,Yussuf,Poulsen,1712068.0,-9.0,1.0,1.0,0.0,744.0,-9.0,0,4,https://kickbase.b-cdn.net/content/file/b3e645c3a34347808d97e722fcbe2ced.png,15.0,2,,,"[{""hasPlayed"": true, ""points"": -9}]",5,Yussuf Poulsen,-63980.0,-63980.0,-93787.0,-116722.0,-720596.0,-2002591.0
1889,6,Bakery,Jatta,8296921.0,29.0,1.0,1.0,1.0,5061.0,29.0,0,3,https://kickbase.b-cdn.net/content/file/7b147e15dd4b4df4bddb50f00fa8ce4e.png,18.0,1,3.0,,"[{""hasPlayed"": true, ""points"": 29}]",4,Bakery Jatta,137230.0,137230.0,228849.0,269260.0,1466674.0,4017971.0
1978,6,Jordan,Torunarigha,9296731.0,2.0,1.0,1.0,1.0,5047.0,2.0,0,2,https://kickbase.b-cdn.net/content/file/58a51dcb3fef41de90e23a162e7fe44e.png,23.0,2,0.0,,"[{""hasPlayed"": true, ""points"": 2}]",1,Jordan Torunarigha,-90195.0,-90195.0,-141260.0,-181249.0,-1512174.0,-468090.0
2725,6,Sebastiaan,Bornauw,10167637.0,26.0,1.0,1.0,1.0,5806.0,26.0,0,2,https://kickbase.b-cdn.net/content/file/06472f6d8eb24eccaeae4898fa81b045.png,33.0,2,2.0,,"[{""hasPlayed"": true, ""points"": 26}]",1,Sebastiaan Bornauw,-113680.0,-113680.0,-201800.0,-284888.0,-876007.0,9631249.0
3277,6,Miro,Muheim,4750997.0,,,,,,,2,2,https://kickbase.b-cdn.net/content/file/6b31cba3484c46c98c5575fe4f79b349.png,28.0,2,,,"[{""hasPlayed"": false, ""points"": null}]",5,Miro Muheim,-109113.0,-109113.0,-284608.0,-306969.0,-1941590.0,-2165137.0
6201,6,Nicolai,Remberg,10585215.0,47.0,1.0,1.0,1.0,5806.0,47.0,0,3,https://kickbase.b-cdn.net/content/file/8838a772b69f4284a8f34b1d63f406d8.png,21.0,2,4.0,,"[{""hasPlayed"": true, ""points"": 47}]",1,Nicolai Remberg,-243528.0,-243528.0,-291950.0,-344472.0,-1939016.0,331209.0
7350,6,Otto,Stange,4461795.0,-6.0,1.0,1.0,0.0,1626.0,-6.0,0,4,https://kickbase.b-cdn.net/content/file/d876e417d53e4983b76765c28cb2825d.png,19.0,2,,,"[{""hasPlayed"": true, ""points"": -6}]",3,Otto Stange,-102791.0,-102791.0,-120679.0,-368596.0,-1578252.0,454131.0
7394,6,Kofi,Amoako,1618536.0,,,,,,,0,3,https://kickbase.b-cdn.net/content/file/6faaaadc0c43454aa7802b77b1455f2e.png,22.0,2,,,"[{""hasPlayed"": false, ""points"": null}]",5,Kofi Amoako,-90911.0,-90911.0,-116705.0,-127175.0,-856866.0,-4618225.0
8367,6,Albert,Sambi Lokonga,9707930.0,44.0,1.0,1.0,1.0,5806.0,44.0,0,3,https://kickbase.b-cdn.net/content/file/c9c716c7e03d47078ca74b707b1577a9.png,6.0,2,4.0,,"[{""hasPlayed"": true, ""points"": 44}]",1,Albert Sambi Lokonga,-40181.0,-40181.0,-160699.0,-366495.0,-1192795.0,933799.0
9605,6,Albert,Grønbæk,13039678.0,30.0,1.0,1.0,1.0,5806.0,30.0,0,3,https://kickbase.b-cdn.net/content/file/02b24cefd3da410ca1d4639a2fb7ccac.png,11.0,1,2.0,,"[{""hasPlayed"": true, ""points"": 30}]",1,Albert Grønbæk,106797.0,106797.0,121124.0,152238.0,887271.0,3518615.0
10120,6,Alexander,Røssing-Lelesiit,556404.0,,,,,,,4,4,https://kickbase.b-cdn.net/content/file/1e0140e6053349279a689f6bac4fdc91.png,38.0,2,,,"[{""hasPlayed"": false, ""points"": null}]",5,Alexander Røssing-Lelesiit,13980.0,13980.0,-24285.0,-64690.0,-394846.0,-2640309.0
11512,6,Nicolás,Capaldo,10125665.0,53.0,1.0,1.0,1.0,5806.0,53.0,0,2,https://kickbase.b-cdn.net/content/file/bb8ff3d0932d47bd9d7fa4a4f38068ef.png,24.0,1,5.0,,"[{""hasPlayed"": true, ""points"": 53}]",1,Nicolás Capaldo,119042.0,119042.0,225070.0,214190.0,819606.0,317653.0
11752,6,Warmed,Omari,2225537.0,,,,,,,1,2,https://kickbase.b-cdn.net/content/file/6565bd5f9c14426aad721f006cf6f971.png,17.0,2,,,"[{""hasPlayed"": false, ""points"": null}]",5,Warmed Omari,-127131.0,-127131.0,-134231.0,-138061.0,-974551.0,-4569948.0
11949,6,Shafiq,Nandja,3265757.0,,,,,,,0,2,https://kickbase.b-cdn.net/content/file/74d769a877844fa1bf2f65f53f4fb91f.png,43.0,1,,,"[{""hasPlayed"": false, ""points"": null}]",5,Shafiq Nandja,1898.0,1898.0,142519.0,212784.0,1304365.0,2765757.0
11967,6,Fábio,Vieira,18763541.0,,,,,,,0,3,https://kickbase.b-cdn.net/content/file/414fce47375f4c90a66f4e92d4256411.png,0.0,1,,,"[{""hasPlayed"": false, ""points"": null}]",3,Fábio Vieira,176606.0,176606.0,0.0,0.0,176606.0,176606.0
12368,6,Sander,Tangvik,1775696.0,,,,,,,0,1,https://kickbase.b-cdn.net/content/file/3d7ab89b5e874e77bbb6b1fb6724745f.png,12.0,2,,,"[{""hasPlayed"": false, ""points"": null}]",5,Sander Tangvik,-135424.0,-135424.0,-145132.0,-149524.0,-933753.0,-62686.0
13433,6,Louis,Lemke,7493330.0,2.0,1.0,1.0,1.0,5464.0,2.0,0,2,https://kickbase.b-cdn.net/content/file/46eac50def834b9983f1475d94d28249.png,37.0,1,0.0,,"[{""hasPlayed"": true, ""points"": 2}]",3,Louis Lemke,71453.0,71453.0,181722.0,244979.0,1544685.0,6993330.0
14256,6,Zakaria,El Ouahdi,10314210.0,,,,,,,0,2,https://kickbase.b-cdn.net/content/file/e5706256ea604e1aa6d6a9c833629782.png,0.0,1,,,"[{""hasPlayed"": false, ""points"": null}]",2,Zakaria El Ouahdi,144695.0,144695.0,10169515.0,0.0,10314210.0,10314210.0
14425,6,David,Møller Wolfe,9228459.0,,,,,,,0,2,https://kickbase.b-cdn.net/content/file/f5ee255c59424da8af7dff9c275a059c.png,0.0,1,,,"[{""hasPlayed"": false, ""points"": null}]",3,David Møller Wolfe,144658.0,144658.0,9083801.0,0.0,9228459.0,9228459.0
15283,6,Martin,Adeline,6036301.0,3.0,1.0,1.0,1.0,4179.0,3.0,0,3,https://kickbase.b-cdn.net/content/file/a88b98f2845e4a508b7e59e2bce5ff27.png,5.0,1,0.0,,"[{""hasPlayed"": true, ""points"": 3}]",3,Martin Adeline,118824.0,118824.0,187137.0,196080.0,695059.0,-3990502.0
15472,6,Patson,Daka,11305025.0,12.0,1.0,1.0,1.0,4174.0,12.0,0,4,https://kickbase.b-cdn.net/content/file/218db4a2d0cb4f89be008597b2e2d9a7.png,27.0,2,1.0,,"[{""hasPlayed"": true, ""points"": 12}]",2,Patson Daka,-307551.0,-307551.0,-307174.0,-85398.0,-652023.0,3430265.0
15478,6,Bilal,Nadir,2054557.0,-11.0,1.0,1.0,0.0,758.0,-11.0,0,3,https://kickbase.b-cdn.net/content/file/d153e6d5703a4637bf8ee1c23c857608.png,4.0,2,,,"[{""hasPlayed"": true, ""points"": -11}]",5,Bilal Nadir,-112806.0,-112806.0,-122527.0,-134183.0,-862179.0,-3759907.0
17203,6,Terem,Moffi,4516763.0,2.0,1.0,1.0,0.0,1631.0,2.0,0,4,https://kickbase.b-cdn.net/content/file/84e882059fcb4accba56e1b212d31e8f.png,9.0,2,0.0,,"[{""hasPlayed"": true, ""points"": 2}]",4,Terem Moffi,-70032.0,-70032.0,-73853.0,-95701.0,-733961.0,4516763.0
49,5,Matthias,Ginter,26652603.0,194.0,1.0,1.0,1.0,5706.0,194.0,0,2,https://kickbase.b-cdn.net/content/file/a8c1cfae192947a6b91e1c32238cf2d6.png,28.0,1,7.0,,"[{""hasPlayed"": true, ""points"": 194}]",1,Matthias Ginter,22893.0,22893.0,31754.0,43183.0,-119626.0,787688.0
89,5,Christian,Günter,4475531.0,,,,,,,0,2,https://kickbase.b-cdn.net/content/file/6cf382255517427e83824869e5a182d9.png,30.0,2,,,"[{""hasPlayed"": false, ""points"": null}]",3,Christian Günter,-84070.0,-84070.0,-117586.0,-343316.0,-1764817.0,1052243.0
118,5,Vincenzo,Grifo,9834347.0,,,,,,,0,3,https://kickbase.b-cdn.net/content/file/eabed4e9dee0416bbcc8ff5864f44ea5.png,32.0,2,,,"[{""hasPlayed"": false, ""points"": null}]",3,Vincenzo Grifo,-500348.0,-500348.0,-559291.0,-601838.0,-3051750.0,-758473.0
1257,5,Lukas,Kübler,6001014.0,102.0,1.0,1.0,1.0,4221.0,102.0,0,2,https://kickbase.b-cdn.net/content/file/a2d24146b6354e6f9b967bb58061f2ac.png,17.0,1,16.0,,"[{""hasPlayed"": true, ""points"": 102}]",4,Lukas Kübler,293322.0,293322.0,344120.0,355315.0,1952332.0,836957.0
1645,5,Maximilian,Eggestein,16890282.0,119.0,1.0,1.0,1.0,5706.0,119.0,0,3,https://kickbase.b-cdn.net/content/file/7b762754c912496287f84b3c38b24a82.png,8.0,1,7.0,,"[{""hasPlayed"": true, ""points"": 119}]",1,Maximilian Eggestein,119513.0,119513.0,139120.0,170083.0,638470.0,4050953.0
1767,5,Jannik,Huth,500000.0,,,,,,,0,1,https://kickbase.b-cdn.net/content/file/32936879ffa043938bf688dd5dbca746.png,24.0,0,,,"[{""hasPlayed"": false, ""points"": null}]",5,Jannik Huth,0.0,0.0,0.0,0.0,0.0,0.0
1858,5,Anthony,Jung,2535895.0,,,,,,,0,2,https://kickbase.b-cdn.net/content/file/5de873b60e7a46eb83255e4a5297a974.png,5.0,1,,,"[{""hasPlayed"": false, ""points"": null}]",5,Anthony Jung,252187.0,252187.0,311538.0,329832.0,1586126.0,-133674.0
1910,5,Florian,Müller,500000.0,,,,,,,0,1,https://kickbase.b-cdn.net/content/file/812a2cedbff7444099345ed29acae1a0.png,21.0,0,,,"[{""hasPlayed"": false, ""points"": null}]",5,Florian Müller,0.0,0.0,0.0,0.0,0.0,0.0
2084,5,Philipp,Lienhart,13704154.0,127.0,1.0,1.0,1.0,4214.0,127.0,0,2,https://kickbase.b-cdn.net/content/file/748f11f6c0294a41850137ab1c162436.png,3.0,1,9.0,,"[{""hasPlayed"": true, ""points"": 127}]",3,Philipp Lienhart,97879.0,97879.0,119899.0,115576.0,67034.0,3359035.0
2125,5,Jan-Niklas,Beste,13228041.0,128.0,1.0,1.0,1.0,2812.0,128.0,0,3,https://kickbase.b-cdn.net/content/file/50008e312d584e419fc78f1d54151bc3.png,19.0,1,9.0,,"[{""hasPlayed"": true, ""points"": 128}]",2,Jan-Niklas Beste,152290.0,152290.0,145434.0,153609.0,836928.0,5065689.0
2176,5,Lucas,Höler,5826291.0,37.0,1.0,1.0,0.0,1224.0,37.0,0,4,https://kickbase.b-cdn.net/content/file/fd6c0b5e138c4a7382c1f0eade49e3f9.png,9.0,1,6.0,,"[{""hasPlayed"": true, ""points"": 37}]",5,Lucas Höler,104894.0,104894.0,157635.0,190998.0,984467.0,2356897.0
2722,5,Patrick,Osterhage,2797866.0,,,,,,,2,3,https://kickbase.b-cdn.net/content/file/60fae74949d64f7dbfc181f788ffc48c.png,6.0,2,,,"[{""hasPlayed"": false, ""points"": null}]",5,Patrick Osterhage,-122594.0,-122594.0,-124860.0,-132896.0,-900385.0,-214703.0
3209,5,Yannik,Engelhardt,11640454.0,71.0,1.0,1.0,1.0,5706.0,71.0,0,3,https://kickbase.b-cdn.net/content/file/026c80a428ef428ba28a09167853739e.png,16.0,1,6.0,,"[{""hasPlayed"": true, ""points"": 71}]",1,Yannik Engelhardt,117912.0,117912.0,131908.0,144198.0,646039.0,5177382.0
3218,5,Mio,Backhaus,15746416.0,71.0,1.0,1.0,1.0,5706.0,71.0,0,1,https://kickbase.b-cdn.net/content/file/5b9a29bca41244bb8c7e691643d00e7d.png,1.0,2,4.0,,"[{""hasPlayed"": true, ""points"": 71}]",1,Mio Backhaus,-302496.0,-302496.0,-305642.0,-247418.0,-1658263.0,201148.0
3304,5,Igor,Matanović,20829723.0,291.0,1.0,1.0,1.0,4481.0,291.0,0,4,https://kickbase.b-cdn.net/content/file/6bb42fe3c2da4e1e9f8ad8dc25f1cc85.png,31.0,1,13.0,,"[{""hasPlayed"": true, ""points"": 291}]",1,Igor Matanović,184401.0,184401.0,203744.0,239631.0,1148539.0,4880222.0
4335,5,Derry,Scherhant,9387562.0,144.0,1.0,1.0,1.0,5706.0,144.0,0,3,https://kickbase.b-cdn.net/content/file/bef26d4942154c3483dbb80207a36d4d.png,7.0,1,15.0,,"[{""hasPlayed"": true, ""points"": 144}]",3,Derry Scherhant,323756.0,323756.0,364167.0,384939.0,2081623.0,4703938.0
6209,5,Philipp,Treu,10398667.0,31.0,1.0,1.0,0.0,1485.0,31.0,0,2,https://kickbase.b-cdn.net/content/file/76b764f7f4a448e39454f846207e2071.png,29.0,2,2.0,,"[{""hasPlayed"": true, ""points"": 31}]",2,Philipp Treu,-302264.0,-302264.0,-404825.0,-500371.0,-1816668.0,1107566.0
7215,5,Jordy,Makengo,7962354.0,90.0,1.0,1.0,1.0,5706.0,90.0,0,2,https://kickbase.b-cdn.net/content/file/fd0567aa1f2a49ac97f7b4bdc6aa87a7.png,33.0,1,11.0,,"[{""hasPlayed"": true, ""points"": 90}]",3,Jordy Makengo,287012.0,287012.0,326847.0,351095.0,2194835.0,4996107.0
7216,5,Max,Rosenfelder,4553310.0,37.0,1.0,1.0,0.0,1491.0,37.0,0,2,https://kickbase.b-cdn.net/content/file/e433049f58c743a5959513619885f55b.png,37.0,1,8.0,,"[{""hasPlayed"": true, ""points"": 37}]",3,Max Rosenfelder,286558.0,286558.0,379197.0,385885.0,1838759.0,141941.0
8363,5,Berkay,Yilmaz,4091090.0,,,,,,,0,2,https://kickbase.b-cdn.net/content/file/1fc23d1e07db4a7da80071b9456c1dfc.png,27.0,2,,,"[{""hasPlayed"": false, ""points"": null}]",5,Berkay Yilmaz,-123908.0,-123908.0,-131364.0,-132350.0,-1238825.0,-4387428.0
8364,5,Bruno,Ogbus,2726343.0,,,,,,,0,2,https://kickbase.b-cdn.net/content/file/e64737da07c343e9a8027194fa943078.png,43.0,1,,,"[{""hasPlayed"": false, ""points"": null}]",5,Bruno Ogbus,232071.0,232071.0,271898.0,272088.0,1302448.0,-764396.0
11006,5,Yuito,Suzuki,15435382.0,395.0,1.0,1.0,1.0,4860.0,395.0,0,3,https://kickbase.b-cdn.net/content/file/b6f12e7f20704297b8205da224ce56f1.png,14.0,1,25.0,,"[{""hasPlayed"": true, ""points"": 395}]",1,Yuito Suzuki,243914.0,243914.0,248024.0,254301.0,1088881.0,4757317.0
11007,5,Cyriaque,Irié,3746391.0,60.0,1.0,1.0,0.0,2965.0,60.0,0,3,https://kickbase.b-cdn.net/content/file/495fd2fe440e4673a4c36e223f53eb4e.png,22.0,1,16.0,,"[{""hasPlayed"": true, ""points"": 60}]",4,Cyriaque Irié,355862.0,355862.0,287597.0,141248.0,668553.0,-4545.0
14048,5,Keisuke,Goto,3631574.0,11.0,1.0,1.0,0.0,846.0,11.0,0,4,https://kickbase.b-cdn.net/content/file/51c1a52f7444432aab2f7b125fe5ac33.png,42.0,2,3.0,,"[{""hasPlayed"": true, ""points"": 11}]",5,Keisuke Goto,-82400.0,-82400.0,-101548.0,-116911.0,-656529.0,-5856159.0
15196,5,Rihito,Yamamoto,3512853.0,,,,,,,0,3,https://kickbase.b-cdn.net/content/file/500d566763b246d9b74d65bf2cf33241.png,20.0,2,,,"[{""hasPlayed"": false, ""points"": null}]",5,Rihito Yamamoto,-118334.0,-118334.0,-130793.0,-135112.0,-878051.0,-6651314.0
43,10,Mitchell,Weiser,5202361.0,,,,,,,2,2,https://kickbase.b-cdn.net/content/file/d4075d101f5c49f88113a719ed8f34e5.png,8.0,1,,,"[{""hasPlayed"": false, ""points"": null}]",5,Mitchell Weiser,249056.0,249056.0,325529.0,324744.0,1221503.0,-2007737.0
157,10,Niklas,Stark,2853049.0,,,,,,,0,2,https://kickbase.b-cdn.net/content/file/47d350de3ba7487dad6fff58c11b5910.png,4.0,1,,,"[{""hasPlayed"": false, ""points"": null}]",5,Niklas Stark,237049.0,237049.0,272455.0,276999.0,1309681.0,-1503229.0
608,10,Niclas,Füllkrug,12765383.0,-46.0,1.0,1.0,1.0,3756.0,-46.0,0,4,https://kickbase.b-cdn.net/content/file/b83a0c4ef29b40d99020bb11e9e1bc7f.png,10.0,2,,,"[{""hasPlayed"": true, ""points"": -46}]",2,Niclas Füllkrug,-114255.0,-114255.0,-18522.0,56391.0,646475.0,-11364985.0
1996,10,Marco,Friedl,12459910.0,70.0,1.0,1.0,1.0,5706.0,70.0,0,2,https://kickbase.b-cdn.net/content/file/7ab07056637e493d80590700542ee887.png,32.0,2,5.0,,"[{""hasPlayed"": true, ""points"": 70}]",1,Marco Friedl,-332640.0,-332640.0,-354369.0,-348830.0,-1360027.0,1710656.0
2294,10,Amos,Pieper,11874955.0,95.0,1.0,1.0,1.0,5706.0,95.0,0,2,https://kickbase.b-cdn.net/content/file/32262c6e17164fd1a62ee34e358e2540.png,5.0,1,8.0,,"[{""hasPlayed"": true, ""points"": 95}]",1,Amos Pieper,72965.0,72965.0,99643.0,84279.0,348110.0,4551080.0
2842,10,Felix,Agu,2237324.0,,,,,,,4,2,https://kickbase.b-cdn.net/content/file/d3aec548a0d84afcb6a8f6c90cc09e72.png,27.0,2,,,"[{""hasPlayed"": false, ""points"": null}]",5,Felix Agu,-115237.0,-115237.0,-115347.0,-131825.0,-885868.0,-1311563.0
2939,10,Eren Sami,Dinkçi,4832894.0,-11.0,1.0,1.0,0.0,548.0,-11.0,0,3,https://kickbase.b-cdn.net/content/file/174ad85385c44b14afdb5c2c71ce799f.png,18.0,2,,,"[{""hasPlayed"": true, ""points"": -11}]",3,Eren Sami Dinkçi,53659.0,53659.0,-33249.0,-112282.0,-1255662.0,199430.0
3139,10,Cédric,Itten,4425002.0,14.0,1.0,1.0,0.0,1949.0,14.0,0,4,https://kickbase.b-cdn.net/content/file/c4cfdfdc99a949ea8f5f97c7c316efd8.png,26.0,2,3.0,,"[{""hasPlayed"": true, ""points"": 14}]",4,Cédric Itten,-98307.0,-98307.0,-108369.0,-114979.0,-1364854.0,-5670641.0
3166,10,Keke,Topp,557821.0,,,,,,,1,4,https://kickbase.b-cdn.net/content/file/3b2c4046987d46a6a2afe1a90455d7ea.png,9.0,2,,,"[{""hasPlayed"": false, ""points"": null}]",5,Keke Topp,-69266.0,-69266.0,-111996.0,-143749.0,-517310.0,-448331.0
3228,10,Justin,Njinmah,5969303.0,2.0,1.0,1.0,1.0,3750.0,2.0,1,4,https://kickbase.b-cdn.net/content/file/aecaedfbbfac4fc189856b5b5d560b2d.png,11.0,2,0.0,,"[{""hasPlayed"": true, ""points"": 2}]",5,Justin Njinmah,-474243.0,-474243.0,-517694.0,39854.0,-78074.0,-14167.0
3281,10,Ludovit,Reis,8654640.0,29.0,1.0,1.0,1.0,5157.0,29.0,0,3,https://kickbase.b-cdn.net/content/file/4b8927aad68d467b96d281d272a77f35.png,15.0,1,3.0,,"[{""hasPlayed"": true, ""points"": 29}]",1,Ludovit Reis,161750.0,161750.0,229450.0,276471.0,1718117.0,107357.0
3450,10,Markus,Kolke,500000.0,,,,,,,0,1,https://kickbase.b-cdn.net/content/file/8e62a66ca620435fa877b6e0ed662c0b.png,25.0,0,,,"[{""hasPlayed"": false, ""points"": null}]",5,Markus Kolke,0.0,0.0,0.0,0.0,0.0,0.0
3481,10,Jens,Stage,16209682.0,,,,,,,1,3,https://kickbase.b-cdn.net/content/file/1660e6fa98fe418d8a4abdb17bda1d62.png,6.0,2,,,"[{""hasPlayed"": false, ""points"": null}]",5,Jens Stage,-674246.0,-674246.0,-707959.0,-818809.0,-3977266.0,-975451.0
6174,10,,Arthur,4844992.0,,,,,,,0,2,https://kickbase.b-cdn.net/content/file/a28a9e98bd2945ceb8e30bed14cd51f9.png,0.0,1,,,"[{""hasPlayed"": false, ""points"": null}]",2,Arthur,342686.0,342686.0,414880.0,422434.0,1781426.0,-1091770.0
7167,10,Senne,Lynen,8331997.0,0.0,1.0,1.0,1.0,2812.0,0.0,2,3,https://kickbase.b-cdn.net/content/file/155288638ca9459bbebfab0684e818ef.png,14.0,2,,,"[{""hasPlayed"": true, ""points"": 0}]",3,Senne Lynen,-277729.0,-277729.0,-283652.0,-327349.0,-1878974.0,1729200.0
7282,10,Olivier,Deman,9111797.0,23.0,1.0,1.0,1.0,5706.0,23.0,0,2,https://kickbase.b-cdn.net/content/file/581d084f390f47a38c3d2d35085fb1e4.png,2.0,2,2.0,,"[{""hasPlayed"": true, ""points"": 23}]",1,Olivier Deman,-200708.0,-200708.0,-275711.0,-302136.0,-1087471.0,1131777.0
7469,10,Julián,Malatini,2592563.0,,,,,,,0,2,https://kickbase.b-cdn.net/content/file/af2e51f752864218aed53729ddc7056e.png,22.0,2,,,"[{""hasPlayed"": false, ""points"": null}]",5,Julián Malatini,-133754.0,-133754.0,-142699.0,-142256.0,-962547.0,196982.0
7721,10,Marco,Grüll,6316678.0,127.0,1.0,1.0,1.0,5156.0,127.0,0,3,https://kickbase.b-cdn.net/content/file/73071b81354346399a14dd6431d4e823.png,17.0,1,20.0,,"[{""hasPlayed"": true, ""points"": 127}]",1,Marco Grüll,230908.0,230908.0,196435.0,170637.0,-287037.0,3527363.0
8166,10,,Chuki,7100284.0,19.0,1.0,1.0,1.0,5706.0,19.0,0,3,https://kickbase.b-cdn.net/content/file/480d2ef5bfd94f57a5db7545d63b0828.png,20.0,2,2.0,,"[{""hasPlayed"": true, ""points"": 19}]",2,Chuki,-269605.0,-269605.0,-311176.0,-308970.0,-2033440.0,-2137923.0
9513,10,Karl,Hein,12718260.0,8.0,1.0,1.0,1.0,5706.0,8.0,0,1,https://kickbase.b-cdn.net/content/file/0342913c28ed45b18f310732f9b90b16.png,1.0,2,0.0,,"[{""hasPlayed"": true, ""points"": 8}]",1,Karl Hein,-351591.0,-351591.0,-252762.0,-78571.0,-469622.0,1830620.0
9600,10,Alexander,Schlager,2210295.0,,,,,,,0,1,https://kickbase.b-cdn.net/content/file/c677b3706079488a8ee0283db8fdd970.png,30.0,2,,,"[{""hasPlayed"": false, ""points"": null}]",5,Alexander Schlager,-140066.0,-140066.0,-143504.0,-143881.0,-998985.0,-4826786.0
10131,10,Dariusz,Stalmach,2750987.0,147.0,1.0,1.0,0.0,2965.0,147.0,0,3,https://kickbase.b-cdn.net/content/file/24197523c05b4e17ac6e922264265d37.png,23.0,1,53.0,,"[{""hasPlayed"": true, ""points"": 147}]",4,Dariusz Stalmach,360315.0,360315.0,352262.0,296735.0,888013.0,-2591152.0
10134,10,Mick,Schmetgens,6616761.0,0.0,1.0,1.0,1.0,5706.0,0.0,0,2,https://kickbase.b-cdn.net/content/file/cbb89b4949af4997a53ca8ecc1ce7c78.png,33.0,2,,,"[{""hasPlayed"": true, ""points"": 0}]",4,Mick Schmetgens,-397550.0,-397550.0,-408235.0,-434836.0,-1766017.0,4095418.0
11262,10,Salim Amani,Musah,4306228.0,-5.0,1.0,1.0,0.0,1955.0,-5.0,0,4,https://kickbase.b-cdn.net/content/file/06171b2c46b740f29fc107281e5b489c.png,29.0,2,,,"[{""hasPlayed"": true, ""points"": -5}]",4,Salim Amani Musah,-114389.0,-114389.0,-111939.0,-142111.0,-1787848.0,1269349.0
13449,10,Moussa,Ndiaye,2210735.0,,,,,,,0,2,https://kickbase.b-cdn.net/content/file/066179dad78f4ab3ac05e77c965aeb07.png,0.0,1,,,"[{""hasPlayed"": false, ""points"": null}]",5,Moussa Ndiaye,340428.0,340428.0,1870307.0,0.0,2210735.0,2210735.0
14923,10,Kenny,Quetant,1320600.0,,,,,,,0,4,https://kickbase.b-cdn.net/content/file/ce71a0ceab994338b9911cf79b91e00c.png,19.0,2,,,"[{""hasPlayed"": false, ""points"": null}]",5,Kenny Quetant,-83035.0,-83035.0,-110625.0,-136553.0,-847901.0,-5025159.0
14926,10,Darwin,Soylu,1198331.0,,,,,,,0,3,https://kickbase.b-cdn.net/content/file/5cb0e397fead443c8b6edad320c05fb5.png,34.0,2,,,"[{""hasPlayed"": false, ""points"": null}]",5,Darwin Soylu,-89396.0,-89396.0,-109855.0,-133005.0,-893316.0,-4887581.0
15256,10,Oskar,Wójcik,2774637.0,,,,,,,0,2,https://kickbase.b-cdn.net/content/file/97c455965a994f56b1d9c44f02427633.png,3.0,2,,,"[{""hasPlayed"": false, ""points"": null}]",5,Oskar Wójcik,-132999.0,-132999.0,-136673.0,-141404.0,-948732.0,-4926043.0
15313,10,Paul,Erevbenagie,4234004.0,,,,,,,0,4,https://kickbase.b-cdn.net/content/file/6e29480ac28c4af59908453b181e813c.png,38.0,2,,,"[{""hasPlayed"": false, ""points"": null}]",3,Paul Erevbenagie,-113993.0,-113993.0,-119131.0,-136461.0,-1691933.0,3734004.0
17288,10,Youri,Regeer,5907714.0,,,,,,,0,3,https://kickbase.b-cdn.net/content/file/b586f192e55340e3a8b7dc8b3acc2272.png,0.0,1,,,"[{""hasPlayed"": false, ""points"": null}]",3,Youri Regeer,146965.0,146965.0,5260749.0,500000.0,5907714.0,5907714.0
493,13,Michael,Gregoritsch,11838343.0,195.0,1.0,1.0,1.0,5002.0,195.0,0,4,https://kickbase.b-cdn.net/content/file/90d8bfeb702e4fc9a12b70e61d1cada3.png,11.0,1,16.0,,"[{""hasPlayed"": true, ""points"": 195}]",2,Michael Gregoritsch,197636.0,197636.0,213933.0,229579.0,1192723.0,3797786.0
1809,13,Marius,Wolf,7286438.0,238.0,1.0,1.0,1.0,5475.0,238.0,0,3,https://kickbase.b-cdn.net/content/file/a1f80afaec424464a483185498e81a2e.png,27.0,1,32.0,,"[{""hasPlayed"": true, ""points"": 238}]",2,Marius Wolf,355641.0,355641.0,372908.0,395628.0,2462552.0,5857053.0
1811,13,Jeffrey,Gouweleeuw,8065482.0,22.0,1.0,1.0,0.0,194.0,22.0,0,2,https://kickbase.b-cdn.net/content/file/12102af2b43f4161bfaeb1a6d0172ad2.png,6.0,2,2.0,,"[{""hasPlayed"": true, ""points"": 22}]",3,Jeffrey Gouweleeuw,633.0,633.0,21289.0,-62591.0,-808451.0,-1124556.0
2195,13,Finn,Dahmen,16265431.0,213.0,1.0,1.0,1.0,5649.0,213.0,0,1,https://kickbase.b-cdn.net/content/file/78075846ec2d4f2eaeef6be38fdb6681.png,1.0,1,13.0,,"[{""hasPlayed"": true, ""points"": 213}]",1,Finn Dahmen,37476.0,37476.0,44999.0,61518.0,-212561.0,1518179.0
2764,13,Yannik,Keitel,1962705.0,23.0,1.0,1.0,0.0,642.0,23.0,0,3,https://kickbase.b-cdn.net/content/file/4f4bc9f6569e49588aa7dd39288b614f.png,14.0,2,11.0,,"[{""hasPlayed"": true, ""points"": 23}]",5,Yannik Keitel,-64036.0,-64036.0,-95225.0,-106374.0,-703226.0,-2045316.0
3143,13,Kristijan,Jakić,4331762.0,,,,,,,0,3,https://kickbase.b-cdn.net/content/file/e10151863bbf44bab60284439ee3e070.png,17.0,1,,,"[{""hasPlayed"": false, ""points"": null}]",5,Kristijan Jakić,229869.0,229869.0,330915.0,356535.0,1926417.0,1026958.0
3176,13,Arijon,Ibrahimović,5078041.0,,,,,,,0,3,https://kickbase.b-cdn.net/content/file/0101c31264db4c379d811e76b8c784b4.png,21.0,1,,,"[{""hasPlayed"": false, ""points"": null}]",3,Arijon Ibrahimović,340033.0,340033.0,369952.0,381828.0,1559395.0,-1664316.0
3183,13,Anton,Kade,14090814.0,273.0,1.0,1.0,1.0,5649.0,273.0,2,4,https://kickbase.b-cdn.net/content/file/023539a6ce2b4b2d971d98593d7ce584.png,30.0,1,19.0,,"[{""hasPlayed"": true, ""points"": 273}]",3,Anton Kade,217059.0,217059.0,229632.0,234331.0,1092355.0,5123442.0
4654,13,Mert,Kömür,4615469.0,43.0,1.0,1.0,0.0,1062.0,43.0,0,3,https://kickbase.b-cdn.net/content/file/f2c46eb7f8d3482c8bb69240abd7762d.png,10.0,2,9.0,,"[{""hasPlayed"": true, ""points"": 43}]",3,Mert Kömür,-89921.0,-89921.0,-110182.0,-321642.0,-1641553.0,1567669.0
6168,13,Robin,Fellhauer,10308758.0,58.0,1.0,1.0,1.0,4587.0,58.0,0,3,https://kickbase.b-cdn.net/content/file/c458283e0fd243beb4cd2bd270cbfb54.png,19.0,1,5.0,,"[{""hasPlayed"": true, ""points"": 58}]",2,Robin Fellhauer,-53720.0,-53720.0,27332.0,95268.0,638734.0,2493224.0
7283,13,Calvin,Brackelmann,6146301.0,146.0,1.0,1.0,1.0,5455.0,146.0,0,2,https://kickbase.b-cdn.net/content/file/e13f320cbaad4bad96143f969d2cf434.png,2.0,1,23.0,,"[{""hasPlayed"": true, ""points"": 146}]",3,Calvin Brackelmann,229497.0,229497.0,269274.0,303022.0,1973063.0,-2340948.0
7336,13,Sima,Suso,1236070.0,,,,,,,2,3,https://kickbase.b-cdn.net/content/file/183351daddfd4c36b0c80c411b0e061c.png,8.0,2,,,"[{""hasPlayed"": false, ""points"": null}]",5,Sima Suso,-103304.0,-103304.0,-123627.0,-130478.0,-915395.0,-4672473.0
7676,13,Fabian,Rieder,15880227.0,195.0,1.0,1.0,1.0,5007.0,195.0,0,3,https://kickbase.b-cdn.net/content/file/bdc22db52af641168bf48d012401bd6b.png,32.0,1,12.0,,"[{""hasPlayed"": true, ""points"": 195}]",1,Fabian Rieder,133616.0,133616.0,176544.0,192179.0,1009484.0,5179493.0
7696,13,Nediljko,Labrović,500000.0,,,,,,,0,1,https://kickbase.b-cdn.net/content/file/ab74d9253f714c34b29783c84700fd13.png,22.0,0,,,"[{""hasPlayed"": false, ""points"": null}]",5,Nediljko Labrović,0.0,0.0,0.0,-34555.0,-549849.0,-952228.0
8355,13,Noahkai,Banks,8470353.0,145.0,1.0,1.0,1.0,5649.0,145.0,0,2,https://kickbase.b-cdn.net/content/file/eee3a63f6cd84553ac20c6854134da5c.png,40.0,1,17.0,,"[{""hasPlayed"": true, ""points"": 145}]",2,Noahkai Banks,345146.0,345146.0,385753.0,390388.0,2281395.0,2723480.0
9642,13,Chrislain,Matsima,14169201.0,138.0,1.0,1.0,1.0,5649.0,138.0,0,2,https://kickbase.b-cdn.net/content/file/0337794cdbe74c759f6ea4c6ac9c796b.png,5.0,1,9.0,,"[{""hasPlayed"": true, ""points"": 138}]",1,Chrislain Matsima,158522.0,158522.0,192603.0,212884.0,1158720.0,4286729.0
9684,13,Alexis,Claude-Maurice,6924823.0,,,,,,,0,3,https://kickbase.b-cdn.net/content/file/6fcd0e7bf78f4355ac28aecef9efb589.png,20.0,2,,,"[{""hasPlayed"": false, ""points"": null}]",5,Alexis Claude-Maurice,-264940.0,-264940.0,-255891.0,-250765.0,-1458167.0,-4187066.0
9754,13,Juma,Bah,8544752.0,,,,,,,0,2,https://kickbase.b-cdn.net/content/file/8cefb7d268494f6e8dab2a3e3937e7c4.png,0.0,1,,,"[{""hasPlayed"": false, ""points"": null}]",4,Juma Bah,56429.0,56429.0,8488323.0,0.0,8544752.0,8544752.0
9965,13,Faik,Sakar,3320072.0,,,,,,,0,3,https://kickbase.b-cdn.net/content/file/8acfc6a0b1524998999efe1e686302d4.png,23.0,2,,,"[{""hasPlayed"": false, ""points"": null}]",5,Faik Sakar,-133392.0,-133392.0,-138596.0,-140003.0,-982552.0,1133236.0
10049,13,Hennes,Behrens,12089471.0,143.0,1.0,1.0,1.0,5649.0,143.0,0,2,https://kickbase.b-cdn.net/content/file/18dac711dedc44698522f7c499401190.png,16.0,1,11.0,,"[{""hasPlayed"": true, ""points"": 143}]",1,Hennes Behrens,136626.0,136626.0,153336.0,166632.0,639321.0,5584233.0
11556,13,Han-Noah,Massengo,10855911.0,155.0,1.0,1.0,1.0,5649.0,155.0,0,3,https://kickbase.b-cdn.net/content/file/d5c086e505984d7ba4c7e0af23d1a901.png,4.0,1,14.0,,"[{""hasPlayed"": true, ""points"": 155}]",1,Han-Noah Massengo,167997.0,167997.0,183113.0,178350.0,656748.0,3490298.0
12341,13,Rodrigo,Ribeiro,4145993.0,103.0,1.0,1.0,0.0,647.0,103.0,0,4,https://kickbase.b-cdn.net/content/file/7d60acf2c66d45288438f5f879775e01.png,9.0,1,24.0,,"[{""hasPlayed"": true, ""points"": 103}]",4,Rodrigo Ribeiro,322904.0,322904.0,310667.0,238746.0,798325.0,-1057390.0
13479,13,Uchenna,Ogundu,3409997.0,,,,,,,0,4,https://kickbase.b-cdn.net/content/file/c9277b2f662b4b60a7ad1b27ddb68201.png,39.0,2,,,"[{""hasPlayed"": false, ""points"": null}]",5,Uchenna Ogundu,-129864.0,-129864.0,-138422.0,-145379.0,-973834.0,946009.0
13671,13,Tom,Wisbereit,500000.0,,,,,,,0,1,https://kickbase.b-cdn.net/content/file/487a6f69783d4bf69fa8c1b023e108e1.png,48.0,0,,,"[{""hasPlayed"": false, ""points"": null}]",5,Tom Wisbereit,0.0,0.0,0.0,0.0,0.0,0.0
13806,13,Young-Woo,Seol,3116736.0,73.0,1.0,1.0,0.0,174.0,73.0,0,2,https://kickbase.b-cdn.net/content/file/e7ba68f831b843ba9e8251edb80f7989.png,7.0,1,23.0,,"[{""hasPlayed"": true, ""points"": 73}]",4,Young-Woo Seol,122666.0,122666.0,83685.0,9852.0,-285531.0,3116736.0
32,8,Loris,Karius,16623305.0,142.0,1.0,1.0,1.0,5649.0,142.0,0,1,https://kickbase.b-cdn.net/content/file/9b53a17786bd45d8b843b3e188f2ceae.png,1.0,1,8.0,,"[{""hasPlayed"": true, ""points"": 142}]",1,Loris Karius,-7798.0,-7798.0,5428.0,25361.0,-289096.0,2214249.0
670,8,Kenan,Karaman,8938812.0,,,,,,,2,4,https://kickbase.b-cdn.net/content/file/3eb5c46b23e042a4b366137871517bbe.png,19.0,2,,,"[{""hasPlayed"": false, ""points"": null}]",4,Kenan Karaman,-285832.0,-285832.0,-269276.0,-282486.0,-2707866.0,-5228502.0
755,8,Kevin,Müller,2122368.0,,,,,,,0,1,https://kickbase.b-cdn.net/content/file/9267ef7e0ff04d8d8f68116e2baab8fa.png,22.0,1,,,"[{""hasPlayed"": false, ""points"": null}]",5,Kevin Müller,137865.0,137865.0,205678.0,236432.0,1498271.0,-210852.0
1012,8,Edin,Džeko,8274494.0,-30.0,1.0,1.0,0.0,1052.0,-30.0,0,4,https://kickbase.b-cdn.net/content/file/31e382a514fb4fd0a7b6bf028b56f839.png,10.0,2,,,"[{""hasPlayed"": true, ""points"": -30}]",5,Edin Džeko,-298368.0,-298368.0,-329775.0,-362049.0,-1555685.0,7774494.0
1691,8,Finn,Porath,2215054.0,,,,,,,0,3,https://kickbase.b-cdn.net/content/file/250d4c6c00a74d8b9604ba54ec4385fd.png,27.0,2,,,"[{""hasPlayed"": false, ""points"": null}]",5,Finn Porath,-123792.0,-123792.0,-139405.0,-144930.0,-993223.0,-860219.0
2449,8,Hee-Chan,Hwang,4866223.0,,,,,,,0,4,https://kickbase.b-cdn.net/content/file/4dda0f6c796e426bb5c5519a765d80de.png,0.0,2,,,"[{""hasPlayed"": false, ""points"": null}]",4,Hee-Chan Hwang,-32569.0,-32569.0,-467435.0,0.0,2499996.0,2499996.0
2762,8,Timo,Becker,9427028.0,23.0,1.0,1.0,1.0,5649.0,23.0,0,2,https://kickbase.b-cdn.net/content/file/f1cc618a8f9e4121bc762da081feea87.png,5.0,1,2.0,,"[{""hasPlayed"": true, ""points"": 23}]",3,Timo Becker,148243.0,148243.0,227215.0,259516.0,1636251.0,2852721.0
2876,8,Ron,Schallenberg,4203865.0,-54.0,1.0,1.0,1.0,3776.0,-54.0,8,3,https://kickbase.b-cdn.net/content/file/9f2d8e42f6bc438a9b4808262a3b2349.png,6.0,2,,,"[{""hasPlayed"": true, ""points"": -54}]",5,Ron Schallenberg,-127918.0,-127918.0,-130820.0,-139831.0,-997541.0,-1805805.0
2967,8,Soufiane,El-Faouzi,13226210.0,60.0,1.0,1.0,1.0,5649.0,60.0,0,3,https://kickbase.b-cdn.net/content/file/08eca83815c745e1b44ccab6f89b6778.png,23.0,2,4.0,,"[{""hasPlayed"": true, ""points"": 60}]",1,Soufiane El-Faouzi,-366558.0,-366558.0,-380810.0,-435681.0,-1753595.0,909283.0
3029,8,Dejan,Ljubičić,7063943.0,43.0,1.0,1.0,1.0,5649.0,43.0,0,3,https://kickbase.b-cdn.net/content/file/98ab54f781d048c8b864ceba5bc2f7d4.png,21.0,1,6.0,,"[{""hasPlayed"": true, ""points"": 43}]",2,Dejan Ljubičić,254426.0,254426.0,283682.0,307708.0,1942362.0,-1546387.0
3307,8,Janik,Bachmann,562730.0,,,,,,,0,3,https://kickbase.b-cdn.net/content/file/428a68b3510c4b3ba91bef10ecd9fff2.png,14.0,2,,,"[{""hasPlayed"": false, ""points"": null}]",5,Janik Bachmann,26327.0,26327.0,-24552.0,-73434.0,-400498.0,-3567901.0
4406,8,Éric,Dina Ebimbe,6059443.0,-19.0,1.0,1.0,0.0,1921.0,-19.0,0,3,https://kickbase.b-cdn.net/content/file/afbea634b0e842279a632beb83f7cfbd.png,29.0,2,,,"[{""hasPlayed"": true, ""points"": -19}]",3,Éric Dina Ebimbe,-328344.0,-328344.0,-43002.0,34188.0,-86370.0,5559443.0
4606,8,Hasan,Kuruçay,9070711.0,23.0,1.0,1.0,1.0,3726.0,23.0,0,2,https://kickbase.b-cdn.net/content/file/6448b21aef9940588bd94029c6f79831.png,4.0,2,2.0,,"[{""hasPlayed"": true, ""points"": 23}]",2,Hasan Kuruçay,-280007.0,-280007.0,-314289.0,-599821.0,-2312628.0,-2223721.0
6172,8,Junior,Adamu,6852563.0,24.0,1.0,1.0,1.0,3727.0,24.0,0,4,https://kickbase.b-cdn.net/content/file/61eaae6121e34a598bac55925001ce96.png,20.0,1,3.0,,"[{""hasPlayed"": true, ""points"": 24}]",3,Junior Adamu,166045.0,166045.0,220882.0,241771.0,1135338.0,-2694462.0
7156,8,Maximilian,Wöber,2427556.0,-77.0,1.0,1.0,0.0,1923.0,-77.0,0,2,https://kickbase.b-cdn.net/content/file/aa8759270ae54b79851feea4f7769c01.png,39.0,2,,,"[{""hasPlayed"": true, ""points"": -77}]",4,Maximilian Wöber,-99821.0,-99821.0,-104624.0,-124861.0,-796478.0,-2218463.0
7242,8,Robin,Gosens,8426739.0,-9.0,1.0,1.0,0.0,1923.0,-9.0,0,2,https://kickbase.b-cdn.net/content/file/aad327c722fd45e2a843dfbba1484126.png,8.0,2,,,"[{""hasPlayed"": true, ""points"": -9}]",3,Robin Gosens,-265816.0,-265816.0,-299645.0,-338071.0,-2567603.0,-2730038.0
8222,8,Moussa,Sylla,9155556.0,21.0,1.0,1.0,1.0,5649.0,21.0,0,4,https://kickbase.b-cdn.net/content/file/9e29701cd06e47cb89a5e43674193068.png,9.0,2,2.0,,"[{""hasPlayed"": true, ""points"": 21}]",2,Moussa Sylla,-193366.0,-193366.0,23127.0,100279.0,311262.0,1724390.0
8235,8,Adrian,Gantenbein,1173570.0,,,,,,,4,2,https://kickbase.b-cdn.net/content/file/20ff107cb10149319ad76cc948de9e70.png,17.0,2,,,"[{""hasPlayed"": false, ""points"": null}]",5,Adrian Gantenbein,-183448.0,-183448.0,-142537.0,16060.0,120553.0,-645107.0
8277,8,Vitalie,Becker,4821835.0,16.0,1.0,1.0,1.0,3726.0,16.0,0,2,https://kickbase.b-cdn.net/content/file/e467725d314c414688deb0c9754900e0.png,33.0,2,3.0,,"[{""hasPlayed"": true, ""points"": 16}]",3,Vitalie Becker,-259323.0,-259323.0,-283875.0,-303348.0,-1782524.0,-399266.0
10916,8,Mert Can,Ayhan,4644410.0,-24.0,1.0,1.0,0.0,468.0,-24.0,0,2,https://kickbase.b-cdn.net/content/file/130406d171884bb486982e8fe381150c.png,43.0,2,,,"[{""hasPlayed"": true, ""points"": -24}]",3,Mert Can Ayhan,-111616.0,-111616.0,-319885.0,-336149.0,-2034880.0,-3739828.0
11255,8,Nikola,Katic,11763612.0,67.0,1.0,1.0,1.0,4596.0,67.0,0,2,https://kickbase.b-cdn.net/content/file/74d1dd6590234bdb8e0d4bd266d6c531.png,25.0,2,5.0,,"[{""hasPlayed"": true, ""points"": 67}]",3,Nikola Katic,-566660.0,-566660.0,-521431.0,-474571.0,-2889436.0,-804762.0
12158,8,Luca,Vozar,2476905.0,,,,,,,0,3,https://kickbase.b-cdn.net/content/file/48805a793bcc4f09abdd1e903981c421.png,38.0,2,,,"[{""hasPlayed"": false, ""points"": null}]",5,Luca Vozar,-137344.0,-137344.0,-146409.0,-171270.0,-985124.0,1976905.0
12297,8,Satoshi,Tanaka,5034417.0,,,,,,,0,3,https://kickbase.b-cdn.net/content/file/450d1dc6d03543289c75d4e5e117d7e1.png,13.0,1,,,"[{""hasPlayed"": false, ""points"": null}]",1,Satoshi Tanaka,239854.0,239854.0,189536.0,52422.0,376762.0,-3980221.0
13431,8,Johannes Simon,Siebeking,500000.0,,,,,,,0,1,https://kickbase.b-cdn.net/content/file/c6ff39d185b14c30a66421c5c78c245e.png,36.0,0,,,"[{""hasPlayed"": false, ""points"": null}]",5,Johannes Simon Siebeking,0.0,0.0,0.0,0.0,-472700.0,-2697927.0
13448,8,Adil,Aouchiche,12532718.0,43.0,1.0,1.0,1.0,5180.0,43.0,0,3,https://kickbase.b-cdn.net/content/file/8ac09c4f6e974d80a4bc1aff9ad6768d.png,24.0,2,3.0,,"[{""hasPlayed"": true, ""points"": 43}]",1,Adil Aouchiche,-447036.0,-447036.0,-471597.0,-504608.0,-2706842.0,-133371.0
