id,teamId,firstName,lastName,marketValue,averagePoints,games,gamesPlayed,start11,totalPlaytimeS,totalPoints,status,position,playerImage,number,trend,pointsPerValue,pointsStdDev,history,name,marketChangeToday
173,2,Jonathan,Tah,36494720.0,127.0,28.0,28.0,23.0,135209.0,3559.0,0,2,https://kickbase.b-cdn.net/pool/playersbig/173.png,4.0,1,97.0,,"[{""hasPlayed"": true, ""points"": 146}, {""hasPlayed"": true, ""points"": 53}, {""hasPlayed"": true, ""points"": 84}, {""hasPlayed"": true, ""points"": 59}, {""hasPlayed"": false, ""points"": null}]",Jonathan Tah,75071.0
237,2,Manuel,Neuer,12452811.0,95.0,22.0,22.0,22.0,124205.0,2083.0,0,1,https://kickbase.b-cdn.net/pool/playersbig/237.png,1.0,1,167.0,,"[{""hasPlayed"": true, ""points"": 45}, {""hasPlayed"": false, ""points"": null}, {""hasPlayed"": false, ""points"": null}, {""hasPlayed"": false, ""points"": null}, {""hasPlayed"": false, ""points"": null}]",Manuel Neuer,27824.0
383,2,Sven,Ulreich,1578651.0,125.0,1.0,1.0,1.0,6244.0,125.0,0,1,https://kickbase.b-cdn.net/pool/playersbig/383.png,26.0,1,79.0,,"[{""hasPlayed"": false, ""points"": null}, {""hasPlayed"": false, ""points"": null}, {""hasPlayed"": false, ""points"": null}, {""hasPlayed"": false, ""points"": null}, {""hasPlayed"": false, ""points"": null}]",Sven Ulreich,143692.0
1685,2,Joshua,Kimmich,59503193.0,186.0,29.0,29.0,24.0,151968.0,5391.0,0,3,https://kickbase.b-cdn.net/pool/playersbig/1685.png,6.0,1,90.0,,"[{""hasPlayed"": true, ""points"": 317}, {""hasPlayed"": true, ""points"": 238}, {""hasPlayed"": true, ""points"": 83}, {""hasPlayed"": false, ""points"": null}, {""hasPlayed"": true, ""points"": 215}]",Joshua Kimmich,31936.0
1961,2,Serge,Gnabry,18897384.0,142.0,21.0,21.0,16.0,80707.0,2980.0,2,3,https://kickbase.b-cdn.net/pool/playersbig/1961.png,7.0,1,157.0,,"[{""hasPlayed"": false, ""points"": null}, {""hasPlayed"": false, ""points"": null}, {""hasPlayed"": false, ""points"": null}, {""hasPlayed"": false, ""points"": null}, {""hasPlayed"": false, ""points"": null}]",Serge Gnabry,24229.0
1991,2,Dayotchanculle,Upamecano,33266432.0,119.0,24.0,24.0,21.0,119193.0,2858.0,0,2,https://kickbase.b-cdn.net/pool/playersbig/1991.png,2.0,1,85.0,,"[{""hasPlayed"": true, ""points"": 152}, {""hasPlayed"": true, ""points"": 71}, {""hasPlayed"": false, ""points"": null}, {""hasPlayed"": false, ""points"": null}, {""hasPlayed"": false, ""points"": null}]",Dayotchanculle Upamecano,81497.0
2038,2,Konrad,Laimer,34048270.0,136.0,29.0,29.0,22.0,131747.0,3943.0,0,2,https://kickbase.b-cdn.net/pool/playersbig/2038.png,27.0,1,115.0,,"[{""hasPlayed"": true, ""points"": 69}, {""hasPlayed"": true, ""points"": 135}, {""hasPlayed"": true, ""points"": 95}, {""hasPlayed"": true, ""points"": 241}, {""hasPlayed"": true, ""points"": 39}]",Konrad Laimer,45121.0
2300,2,Josip,Stanišić,27509885.0,128.0,26.0,26.0,19.0,124437.0,3330.0,0,2,https://kickbase.b-cdn.net/pool/playersbig/2300.png,44.0,2,121.0,,"[{""hasPlayed"": true, ""points"": 70}, {""hasPlayed"": true, ""points"": 172}, {""hasPlayed"": true, ""points"": 46}, {""hasPlayed"": true, ""points"": 72}, {""hasPlayed"": true, ""points"": 105}]",Josip Stanišić,-574059.0
2366,2,Alphonso,Davies,15625705.0,86.0,13.0,13.0,6.0,36386.0,1116.0,2,2,https://kickbase.b-cdn.net/pool/playersbig/2366.png,19.0,1,71.0,,"[{""hasPlayed"": false, ""points"": null}, {""hasPlayed"": false, ""points"": null}, {""hasPlayed"": true, ""points"": 63}, {""hasPlayed"": true, ""points"": 92}, {""hasPlayed"": true, ""points"": 200}]",Alphonso Davies,-26512.0
2804,2,Jamal,Musiala,34841892.0,98.0,15.0,15.0,7.0,45579.0,1476.0,2,3,https://kickbase.b-cdn.net/pool/playersbig/2804.png,10.0,1,42.0,,"[{""hasPlayed"": true, ""points"": 36}, {""hasPlayed"": true, ""points"": 100}, {""hasPlayed"": true, ""points"": 42}, {""hasPlayed"": true, ""points"": 198}, {""hasPlayed"": true, ""points"": 125}]",Jamal Musiala,71333.0
3072,2,Jonas,Urbig,11805755.0,114.0,14.0,14.0,11.0,73976.0,1591.0,0,1,https://kickbase.b-cdn.net/pool/playersbig/3072.png,40.0,2,134.0,,"[{""hasPlayed"": true, ""points"": 41}, {""hasPlayed"": true, ""points"": 187}, {""hasPlayed"": true, ""points"": 80}, {""hasPlayed"": true, ""points"": 204}, {""hasPlayed"": true, ""points"": 150}]",Jonas Urbig,-434358.0
3089,2,,Ito,5509292.0,103.0,16.0,16.0,10.0,60821.0,1652.0,0,2,https://kickbase.b-cdn.net/pool/playersbig/3089.png,21.0,2,299.0,,"[{""hasPlayed"": false, ""points"": null}, {""hasPlayed"": true, ""points"": 145}, {""hasPlayed"": true, ""points"": 117}, {""hasPlayed"": true, ""points"": 153}, {""hasPlayed"": true, ""points"": 129}]",Ito,-238682.0
3120,2,Tom,Bischof,21252579.0,118.0,26.0,26.0,14.0,88493.0,3077.0,0,3,https://kickbase.b-cdn.net/pool/playersbig/3120.png,8.0,1,144.0,,"[{""hasPlayed"": true, ""points"": 268}, {""hasPlayed"": true, ""points"": 228}, {""hasPlayed"": false, ""points"": null}, {""hasPlayed"": false, ""points"": null}, {""hasPlayed"": false, ""points"": null}]",Tom Bischof,121093.0
3176,2,Arijon,Ibrahimović,5309740.0,57.0,32.0,32.0,25.0,140654.0,1838.0,0,3,https://kickbase.b-cdn.net/pool/playersbig/3176.png,0.0,2,346.0,,"[{""hasPlayed"": true, ""points"": 7}, {""hasPlayed"": true, ""points"": 264}, {""hasPlayed"": true, ""points"": 114}, {""hasPlayed"": true, ""points"": 29}, {""hasPlayed"": true, ""points"": 62}]",Arijon Ibrahimović,-299357.0
3543,2,Nathaniel,Brown,28314657.0,83.0,33.0,33.0,29.0,176484.0,2726.0,0,2,https://kickbase.b-cdn.net/pool/playersbig/3543.png,0.0,1,96.0,,"[{""hasPlayed"": true, ""points"": 70}, {""hasPlayed"": true, ""points"": 26}, {""hasPlayed"": true, ""points"": 38}, {""hasPlayed"": true, ""points"": 166}, {""hasPlayed"": true, ""points"": 31}]",Nathaniel Brown,72432.0
6080,2,Aleksandar,Pavlović,31243583.0,119.0,24.0,24.0,16.0,98316.0,2844.0,0,3,https://kickbase.b-cdn.net/pool/playersbig/6080.png,45.0,1,91.0,,"[{""hasPlayed"": false, ""points"": null}, {""hasPlayed"": false, ""points"": null}, {""hasPlayed"": true, ""points"": 43}, {""hasPlayed"": true, ""points"": 68}, {""hasPlayed"": false, ""points"": null}]",Aleksandar Pavlović,97580.0
6668,2,Kim,Minjae,11515757.0,124.0,25.0,25.0,19.0,106765.0,3112.0,0,2,https://kickbase.b-cdn.net/pool/playersbig/6668.png,3.0,1,270.0,,"[{""hasPlayed"": false, ""points"": null}, {""hasPlayed"": true, ""points"": 173}, {""hasPlayed"": true, ""points"": 166}, {""hasPlayed"": true, ""points"": 148}, {""hasPlayed"": true, ""points"": 125}]",Kim Minjae,-23572.0
7226,2,Harry,Kane,68483403.0,216.0,31.0,31.0,25.0,158399.0,6703.0,0,4,https://kickbase.b-cdn.net/pool/playersbig/7226.png,9.0,1,97.0,,"[{""hasPlayed"": true, ""points"": 415}, {""hasPlayed"": true, ""points"": 53}, {""hasPlayed"": true, ""points"": 45}, {""hasPlayed"": true, ""points"": 150}, {""hasPlayed"": true, ""points"": 163}]",Harry Kane,35687.0
7498,2,Sacha,Boey,500000.0,70.0,9.0,9.0,5.0,30468.0,628.0,0,2,https://kickbase.b-cdn.net/pool/playersbig/7498.png,0.0,2,1256.0,,"[{""hasPlayed"": false, ""points"": null}, {""hasPlayed"": false, ""points"": null}, {""hasPlayed"": false, ""points"": null}, {""hasPlayed"": false, ""points"": null}, {""hasPlayed"": false, ""points"": null}]",Sacha Boey,-52179.0
8329,2,Michael,Olise,64381340.0,225.0,32.0,32.0,23.0,154488.0,7185.0,0,3,https://kickbase.b-cdn.net/pool/playersbig/8329.png,17.0,1,111.0,,"[{""hasPlayed"": true, ""points"": 81}, {""hasPlayed"": true, ""points"": 334}, {""hasPlayed"": true, ""points"": 290}, {""hasPlayed"": true, ""points"": 166}, {""hasPlayed"": true, ""points"": 152}]",Michael Olise,37785.0
10789,2,Lennart,Karl,26169270.0,106.0,26.0,26.0,16.0,84581.0,2765.0,2,3,https://kickbase.b-cdn.net/pool/playersbig/10789.png,42.0,1,105.0,,"[{""hasPlayed"": true, ""points"": 194}, {""hasPlayed"": true, ""points"": 57}, {""hasPlayed"": false, ""points"": null}, {""hasPlayed"": false, ""points"": null}, {""hasPlayed"": false, ""points"": null}]",Lennart Karl,1124.0
11675,2,Luis,Díaz,53086383.0,178.0,32.0,32.0,27.0,163321.0,5698.0,0,4,https://kickbase.b-cdn.net/pool/playersbig/11675.png,14.0,1,107.0,,"[{""hasPlayed"": true, ""points"": 205}, {""hasPlayed"": true, ""points"": 50}, {""hasPlayed"": true, ""points"": 54}, {""hasPlayed"": true, ""points"": 30}, {""hasPlayed"": true, ""points"": 225}]",Luis Díaz,38251.0
14251,2,Ismael,Saibari,29336643.0,,,,,,,2,4,https://kickbase.b-cdn.net/pool/playersbig/14251.png,34.0,1,,,"[{""hasPlayed"": false, ""points"": null}, {""hasPlayed"": false, ""points"": null}, {""hasPlayed"": false, ""points"": null}, {""hasPlayed"": false, ""points"": null}, {""hasPlayed"": false, ""points"": null}]",Ismael Saibari,67577.0
1664,9,Maximilian,Mittelstädt,28873717.0,123.0,32.0,32.0,24.0,142785.0,3927.0,0,2,https://kickbase.b-cdn.net/pool/playersbig/1664.png,7.0,1,136.0,,"[{""hasPlayed"": true, ""points"": 66}, {""hasPlayed"": true, ""points"": 206}, {""hasPlayed"": true, ""points"": 43}, {""hasPlayed"": true, ""points"": 95}, {""hasPlayed"": true, ""points"": 28}]",Maximilian Mittelstädt,49376.0
1671,9,Grischa,Prömel,11768298.0,76.0,33.0,33.0,16.0,118467.0,2495.0,0,3,https://kickbase.b-cdn.net/pool/playersbig/1671.png,21.0,1,212.0,,"[{""hasPlayed"": true, ""points"": 7}, {""hasPlayed"": true, ""points"": 24}, {""hasPlayed"": false, ""points"": null}, {""hasPlayed"": true, ""points"": 24}, {""hasPlayed"": true, ""points"": 37}]",Grischa Prömel,38970.0
2068,9,Dan-Axel,Zagadou,4711842.0,141.0,3.0,3.0,3.0,13672.0,424.0,2,2,https://kickbase.b-cdn.net/pool/playersbig/2068.png,23.0,2,89.0,,"[{""hasPlayed"": false, ""points"": null}, {""hasPlayed"": false, ""points"": null}, {""hasPlayed"": false, ""points"": null}, {""hasPlayed"": true, ""points"": 74}, {""hasPlayed"": false, ""points"": null}]",Dan-Axel Zagadou,-124926.0
2120,9,Nikolas,Nartey,6136933.0,73.0,28.0,28.0,14.0,83295.0,2041.0,0,3,https://kickbase.b-cdn.net/pool/playersbig/2120.png,28.0,1,332.0,,"[{""hasPlayed"": true, ""points"": 150}, {""hasPlayed"": true, ""points"": 165}, {""hasPlayed"": false, ""points"": null}, {""hasPlayed"": true, ""points"": 10}, {""hasPlayed"": false, ""points"": null}]",Nikolas Nartey,29565.0
2172,9,Chris,Führich,24631614.0,101.0,33.0,33.0,20.0,110946.0,3346.0,0,3,https://kickbase.b-cdn.net/pool/playersbig/2172.png,10.0,1,135.0,,"[{""hasPlayed"": true, ""points"": 164}, {""hasPlayed"": true, ""points"": 99}, {""hasPlayed"": true, ""points"": 198}, {""hasPlayed"": true, ""points"": 82}, {""hasPlayed"": true, ""points"": 122}]",Chris Führich,159140.0
2199,9,Josha,Vagnoman,4959894.0,61.0,27.0,27.0,18.0,105456.0,1638.0,0,2,https://kickbase.b-cdn.net/pool/playersbig/2199.png,4.0,2,330.0,,"[{""hasPlayed"": true, ""points"": 7}, {""hasPlayed"": true, ""points"": 18}, {""hasPlayed"": true, ""points"": 3}, {""hasPlayed"": false, ""points"": null}, {""hasPlayed"": true, ""points"": 28}]",Josha Vagnoman,-276006.0
2214,9,Atakan,Karazor,9184661.0,65.0,28.0,28.0,22.0,122492.0,1817.0,0,3,https://kickbase.b-cdn.net/pool/playersbig/2214.png,16.0,2,197.0,,"[{""hasPlayed"": false, ""points"": null}, {""hasPlayed"": false, ""points"": null}, {""hasPlayed"": true, ""points"": -27}, {""hasPlayed"": false, ""points"": null}, {""hasPlayed"": true, ""points"": 126}]",Atakan Karazor,-224081.0
2237,9,Fabian,Bredlow,6847101.0,,,,,,,0,1,https://kickbase.b-cdn.net/pool/playersbig/2237.png,1.0,1,,,"[{""hasPlayed"": false, ""points"": null}, {""hasPlayed"": false, ""points"": null}, {""hasPlayed"": false, ""points"": null}, {""hasPlayed"": false, ""points"": null}, {""hasPlayed"": false, ""points"": null}]",Fabian Bredlow,280478.0
2445,9,Marius,Funk,3224368.0,,,,,,,0,1,https://kickbase.b-cdn.net/pool/playersbig/2445.png,33.0,1,,,"[{""hasPlayed"": false, ""points"": null}, {""hasPlayed"": false, ""points"": null}, {""hasPlayed"": false, ""points"": null}, {""hasPlayed"": false, ""points"": null}, {""hasPlayed"": false, ""points"": null}]",Marius Funk,277440.0
2694,9,Angelo,Stiller,36606964.0,119.0,34.0,34.0,30.0,180374.0,4054.0,0,3,https://kickbase.b-cdn.net/pool/playersbig/2694.png,6.0,1,110.0,,"[{""hasPlayed"": true, ""points"": 108}, {""hasPlayed"": true, ""points"": 141}, {""hasPlayed"": true, ""points"": 87}, {""hasPlayed"": true, ""points"": 112}, {""hasPlayed"": true, ""points"": 33}]",Angelo Stiller,62464.0
2854,9,Ermedin,Demirović,25221716.0,90.0,25.0,25.0,17.0,98446.0,2254.0,0,4,https://kickbase.b-cdn.net/pool/playersbig/2854.png,9.0,2,89.0,,"[{""hasPlayed"": true, ""points"": 8}, {""hasPlayed"": true, ""points"": 206}, {""hasPlayed"": true, ""points"": 119}, {""hasPlayed"": true, ""points"": 115}, {""hasPlayed"": true, ""points"": 4}]",Ermedin Demirović,-61811.0
2988,9,Jamie,Leweling,26892717.0,103.0,32.0,32.0,26.0,153640.0,3282.0,2,3,https://kickbase.b-cdn.net/pool/playersbig/2988.png,18.0,1,122.0,,"[{""hasPlayed"": true, ""points"": 76}, {""hasPlayed"": true, ""points"": 166}, {""hasPlayed"": true, ""points"": 121}, {""hasPlayed"": true, ""points"": 22}, {""hasPlayed"": true, ""points"": 40}]",Jamie Leweling,36917.0
3190,9,Jeff,Chabot,25653428.0,113.0,27.0,27.0,26.0,150716.0,3061.0,0,2,https://kickbase.b-cdn.net/pool/playersbig/3190.png,24.0,1,119.0,,"[{""hasPlayed"": true, ""points"": 82}, {""hasPlayed"": true, ""points"": 130}, {""hasPlayed"": true, ""points"": 59}, {""hasPlayed"": false, ""points"": null}, {""hasPlayed"": true, ""points"": 86}]",Jeff Chabot,60205.0
3193,9,,Tiago Tomás,5262591.0,59.0,27.0,27.0,10.0,69578.0,1606.0,0,4,https://kickbase.b-cdn.net/pool/playersbig/3193.png,8.0,2,305.0,,"[{""hasPlayed"": true, ""points"": 2}, {""hasPlayed"": true, ""points"": 19}, {""hasPlayed"": true, ""points"": 88}, {""hasPlayed"": true, ""points"": 26}, {""hasPlayed"": true, ""points"": -6}]",Tiago Tomás,-326813.0
4589,9,Justin,Diehl,500000.0,,,,,,,1,4,https://kickbase.b-cdn.net/pool/playersbig/4589.png,17.0,0,,,"[{""hasPlayed"": false, ""points"": null}, {""hasPlayed"": false, ""points"": null}, {""hasPlayed"": false, ""points"": null}, {""hasPlayed"": false, ""points"": null}, {""hasPlayed"": false, ""points"": null}]",Justin Diehl,0.0
6085,9,Dennis,Seimen,7495724.0,,,,,,,1,1,https://kickbase.b-cdn.net/pool/playersbig/6085.png,41.0,2,,,"[{""hasPlayed"": false, ""points"": null}, {""hasPlayed"": false, ""points"": null}, {""hasPlayed"": false, ""points"": null}, {""hasPlayed"": false, ""points"": null}, {""hasPlayed"": false, ""points"": null}]",Dennis Seimen,-258252.0
6171,9,Jovan,Milosevic,5253787.0,31.0,13.0,13.0,5.0,33794.0,398.0,0,4,https://kickbase.b-cdn.net/pool/playersbig/6171.png,19.0,1,75.0,,"[{""hasPlayed"": false, ""points"": null}, {""hasPlayed"": false, ""points"": null}, {""hasPlayed"": true, ""points"": -21}, {""hasPlayed"": true, ""points"": 23}, {""hasPlayed"": true, ""points"": 23}]",Jovan Milosevic,268224.0
7158,9,Deniz,Undav,43547404.0,138.0,29.0,29.0,25.0,146045.0,4006.0,0,4,https://kickbase.b-cdn.net/pool/playersbig/7158.png,26.0,1,91.0,,"[{""hasPlayed"": true, ""points"": 131}, {""hasPlayed"": true, ""points"": 215}, {""hasPlayed"": true, ""points"": 62}, {""hasPlayed"": true, ""points"": 74}, {""hasPlayed"": false, ""points"": null}]",Deniz Undav,75973.0
7257,9,Leonidas,Stergiou,4926556.0,29.0,6.0,6.0,1.0,14245.0,174.0,0,2,https://kickbase.b-cdn.net/pool/playersbig/7257.png,20.0,1,35.0,,"[{""hasPlayed"": false, ""points"": null}, {""hasPlayed"": true, ""points"": 32}, {""hasPlayed"": false, ""points"": null}, {""hasPlayed"": false, ""points"": null}, {""hasPlayed"": false, ""points"": null}]",Leonidas Stergiou,273123.0
7349,9,Finn,Jeltsch,11928097.0,72.0,23.0,23.0,17.0,100377.0,1665.0,0,2,https://kickbase.b-cdn.net/pool/playersbig/7349.png,29.0,1,139.0,,"[{""hasPlayed"": true, ""points"": -1}, {""hasPlayed"": false, ""points"": null}, {""hasPlayed"": false, ""points"": null}, {""hasPlayed"": false, ""points"": null}, {""hasPlayed"": true, ""points"": -45}]",Finn Jeltsch,96231.0
7781,9,Leo,Sauer,7834488.0,,,,,,,4,3,https://kickbase.b-cdn.net/pool/playersbig/7781.png,0.0,1,,,"[{""hasPlayed"": false, ""points"": null}, {""hasPlayed"": false, ""points"": null}, {""hasPlayed"": false, ""points"": null}, {""hasPlayed"": false, ""points"": null}, {""hasPlayed"": false, ""points"": null}]",Leo Sauer,27254.0
8247,9,Ramon,Hendriks,11693211.0,66.0,31.0,31.0,22.0,135100.0,2040.0,0,2,https://kickbase.b-cdn.net/pool/playersbig/8247.png,3.0,1,174.0,,"[{""hasPlayed"": true, ""points"": 66}, {""hasPlayed"": true, ""points"": 45}, {""hasPlayed"": true, ""points"": 98}, {""hasPlayed"": true, ""points"": 63}, {""hasPlayed"": true, ""points"": 43}]",Ramon Hendriks,150967.0
9615,9,Ameen,Al Dakhil,4395886.0,52.0,8.0,8.0,3.0,26229.0,414.0,0,2,https://kickbase.b-cdn.net/pool/playersbig/9615.png,2.0,2,94.0,,"[{""hasPlayed"": false, ""points"": null}, {""hasPlayed"": false, ""points"": null}, {""hasPlayed"": false, ""points"": null}, {""hasPlayed"": false, ""points"": null}, {""hasPlayed"": false, ""points"": null}]",Ameen Al Dakhil,-213591.0
9746,9,Chema,Andrés,9338017.0,77.0,25.0,25.0,14.0,88001.0,1926.0,0,3,https://kickbase.b-cdn.net/pool/playersbig/9746.png,30.0,1,206.0,,"[{""hasPlayed"": true, ""points"": 171}, {""hasPlayed"": true, ""points"": 123}, {""hasPlayed"": false, ""points"": null}, {""hasPlayed"": true, ""points"": 72}, {""hasPlayed"": true, ""points"": 136}]",Chema Andrés,154537.0
10112,9,Luca,Jaquez,5319650.0,83.0,14.0,14.0,10.0,58596.0,1161.0,2,2,https://kickbase.b-cdn.net/pool/playersbig/10112.png,14.0,2,218.0,,"[{""hasPlayed"": true, ""points"": 20}, {""hasPlayed"": true, ""points"": 32}, {""hasPlayed"": true, ""points"": 68}, {""hasPlayed"": true, ""points"": 101}, {""hasPlayed"": true, ""points"": 29}]",Luca Jaquez,-373036.0
11043,9,Lorenz,Assignon,569836.0,48.0,24.0,24.0,12.0,72816.0,1141.0,4,2,https://kickbase.b-cdn.net/pool/playersbig/11043.png,22.0,2,2002.0,,"[{""hasPlayed"": false, ""points"": null}, {""hasPlayed"": true, ""points"": 18}, {""hasPlayed"": true, ""points"": 20}, {""hasPlayed"": true, ""points"": 85}, {""hasPlayed"": false, ""points"": null}]",Lorenz Assignon,-72943.0
11258,9,Lazar,Jovanovic,4282794.0,10.0,3.0,3.0,0.0,3386.0,29.0,0,3,https://kickbase.b-cdn.net/pool/playersbig/11258.png,45.0,1,6.0,,"[{""hasPlayed"": false, ""points"": null}, {""hasPlayed"": false, ""points"": null}, {""hasPlayed"": false, ""points"": null}, {""hasPlayed"": false, ""points"": null}, {""hasPlayed"": false, ""points"": null}]",Lazar Jovanovic,291928.0
11947,9,Badredine,Bouanani,2136585.0,39.0,14.0,14.0,5.0,31973.0,540.0,0,3,https://kickbase.b-cdn.net/pool/playersbig/11947.png,27.0,2,252.0,,"[{""hasPlayed"": false, ""points"": null}, {""hasPlayed"": false, ""points"": null}, {""hasPlayed"": false, ""points"": null}, {""hasPlayed"": true, ""points"": 15}, {""hasPlayed"": true, ""points"": 22}]",Badredine Bouanani,-97249.0
11955,9,Bilal,El Khannouss,25506073.0,109.0,25.0,25.0,19.0,106302.0,2713.0,0,3,https://kickbase.b-cdn.net/pool/playersbig/11955.png,11.0,1,106.0,,"[{""hasPlayed"": false, ""points"": null}, {""hasPlayed"": true, ""points"": 21}, {""hasPlayed"": true, ""points"": 37}, {""hasPlayed"": true, ""points"": 178}, {""hasPlayed"": true, ""points"": 149}]",Bilal El Khannouss,29851.0
12293,9,Jeremy,Arévalo,3958852.0,15.0,7.0,7.0,0.0,4191.0,108.0,2,4,https://kickbase.b-cdn.net/pool/playersbig/12293.png,25.0,1,27.0,,"[{""hasPlayed"": false, ""points"": null}, {""hasPlayed"": false, ""points"": null}, {""hasPlayed"": false, ""points"": null}, {""hasPlayed"": false, ""points"": null}, {""hasPlayed"": false, ""points"": null}]",Jeremy Arévalo,225956.0
859,77,Jan,Gyamerah,4535153.0,,,,,,,0,2,https://kickbase.b-cdn.net/pool/playersbig/859.png,30.0,1,,,"[{""hasPlayed"": false, ""points"": null}, {""hasPlayed"": false, ""points"": null}, {""hasPlayed"": false, ""points"": null}, {""hasPlayed"": false, ""points"": null}, {""hasPlayed"": false, ""points"": null}]",Jan Gyamerah,339490.0
1745,77,Amara,Condé,3634219.0,,,,,,,0,3,https://kickbase.b-cdn.net/pool/playersbig/1745.png,6.0,2,,,"[{""hasPlayed"": false, ""points"": null}, {""hasPlayed"": false, ""points"": null}, {""hasPlayed"": false, ""points"": null}, {""hasPlayed"": false, ""points"": null}, {""hasPlayed"": false, ""points"": null}]",Amara Condé,-120269.0
2495,77,Tim,Boss,4413855.0,,,,,,,0,1,https://kickbase.b-cdn.net/pool/playersbig/2495.png,28.0,1,,,"[{""hasPlayed"": false, ""points"": null}, {""hasPlayed"": false, ""points"": null}, {""hasPlayed"": false, ""points"": null}, {""hasPlayed"": false, ""points"": null}, {""hasPlayed"": false, ""points"": null}]",Tim Boss,280324.0
2708,77,Jason,Ceka,3907975.0,,,,,,,0,3,https://kickbase.b-cdn.net/pool/playersbig/2708.png,11.0,2,,,"[{""hasPlayed"": false, ""points"": null}, {""hasPlayed"": false, ""points"": null}, {""hasPlayed"": false, ""points"": null}, {""hasPlayed"": false, ""points"": null}, {""hasPlayed"": false, ""points"": null}]",Jason Ceka,-150911.0
2928,77,Lukas Emanuel,Petkov,11424761.0,,,,,,,0,3,https://kickbase.b-cdn.net/pool/playersbig/2928.png,25.0,1,,,"[{""hasPlayed"": false, ""points"": null}, {""hasPlayed"": false, ""points"": null}, {""hasPlayed"": false, ""points"": null}, {""hasPlayed"": false, ""points"": null}, {""hasPlayed"": false, ""points"": null}]",Lukas Emanuel Petkov,93236.0
3026,77,Lasse,Günther,8372214.0,,,,,,,0,2,https://kickbase.b-cdn.net/pool/playersbig/3026.png,21.0,1,,,"[{""hasPlayed"": false, ""points"": null}, {""hasPlayed"": false, ""points"": null}, {""hasPlayed"": false, ""points"": null}, {""hasPlayed"": false, ""points"": null}, {""hasPlayed"": false, ""points"": null}]",Lasse Günther,220168.0
3232,77,Luca,Pfeiffer,5537413.0,,,,,,,0,4,https://kickbase.b-cdn.net/pool/playersbig/3232.png,16.0,1,,,"[{""hasPlayed"": false, ""points"": null}, {""hasPlayed"": false, ""points"": null}, {""hasPlayed"": false, ""points"": null}, {""hasPlayed"": false, ""points"": null}, {""hasPlayed"": false, ""points"": null}]",Luca Pfeiffer,202878.0
3284,77,Maximilian,Rohr,10533176.0,,,,,,,0,2,https://kickbase.b-cdn.net/pool/playersbig/3284.png,31.0,1,,,"[{""hasPlayed"": false, ""points"": null}, {""hasPlayed"": false, ""points"": null}, {""hasPlayed"": false, ""points"": null}, {""hasPlayed"": false, ""points"": null}, {""hasPlayed"": false, ""points"": null}]",Maximilian Rohr,61578.0
3350,77,Felix,Keidel,2852850.0,,,,,,,0,2,https://kickbase.b-cdn.net/pool/playersbig/3350.png,43.0,1,,,"[{""hasPlayed"": false, ""points"": null}, {""hasPlayed"": false, ""points"": null}, {""hasPlayed"": false, ""points"": null}, {""hasPlayed"": false, ""points"": null}, {""hasPlayed"": false, ""points"": null}]",Felix Keidel,326347.0
6148,77,Lukas,Pinckert,8706812.0,,,,,,,0,2,https://kickbase.b-cdn.net/pool/playersbig/6148.png,19.0,1,,,"[{""hasPlayed"": false, ""points"": null}, {""hasPlayed"": false, ""points"": null}, {""hasPlayed"": false, ""points"": null}, {""hasPlayed"": false, ""points"": null}, {""hasPlayed"": false, ""points"": null}]",Lukas Pinckert,195675.0
6149,77,Frank,Lehmann,2253759.0,,,,,,,2,1,https://kickbase.b-cdn.net/pool/playersbig/6149.png,1.0,1,,,"[{""hasPlayed"": false, ""points"": null}, {""hasPlayed"": false, ""points"": null}, {""hasPlayed"": false, ""points"": null}, {""hasPlayed"": false, ""points"": null}, {""hasPlayed"": false, ""points"": null}]",Frank Lehmann,178990.0
6158,77,Luca,Schnellbacher,1943244.0,,,,,,,0,4,https://kickbase.b-cdn.net/pool/playersbig/6158.png,24.0,1,,,"[{""hasPlayed"": false, ""points"": null}, {""hasPlayed"": false, ""points"": null}, {""hasPlayed"": false, ""points"": null}, {""hasPlayed"": false, ""points"": null}, {""hasPlayed"": false, ""points"": null}]",Luca Schnellbacher,325568.0
6160,77,Nicolas,Kristof,11645865.0,,,,,,,0,1,https://kickbase.b-cdn.net/pool/playersbig/6160.png,20.0,1,,,"[{""hasPlayed"": false, ""points"": null}, {""hasPlayed"": false, ""points"": null}, {""hasPlayed"": false, ""points"": null}, {""hasPlayed"": false, ""points"": null}, {""hasPlayed"": false, ""points"": null}]",Nicolas Kristof,160166.0
7278,77,Lukasz,Poreba,8542558.0,,,,,,,0,3,https://kickbase.b-cdn.net/pool/playersbig/7278.png,8.0,1,,,"[{""hasPlayed"": false, ""points"": null}, {""hasPlayed"": false, ""points"": null}, {""hasPlayed"": false, ""points"": null}, {""hasPlayed"": false, ""points"": null}, {""hasPlayed"": false, ""points"": null}]",Lukasz Poreba,179315.0
7441,77,Cole,Campbell,4570098.0,11.0,6.0,6.0,0.0,6994.0,66.0,2,3,https://kickbase.b-cdn.net/pool/playersbig/7441.png,39.0,2,14.0,,"[{""hasPlayed"": true, ""points"": 1}, {""hasPlayed"": true, ""points"": 35}, {""hasPlayed"": false, ""points"": null}, {""hasPlayed"": true, ""points"": 27}, {""hasPlayed"": false, ""points"": null}]",Cole Campbell,-116958.0
7463,77,Francis,Onyeka,10665719.0,,,,,,,0,3,https://kickbase.b-cdn.net/pool/playersbig/7463.png,40.0,1,,,"[{""hasPlayed"": false, ""points"": null}, {""hasPlayed"": false, ""points"": null}, {""hasPlayed"": false, ""points"": null}, {""hasPlayed"": false, ""points"": null}, {""hasPlayed"": false, ""points"": null}]",Francis Onyeka,45395.0
7514,77,Florian,Le Joncour,3751880.0,,,,,,,0,2,https://kickbase.b-cdn.net/pool/playersbig/7514.png,3.0,2,,,"[{""hasPlayed"": false, ""points"": null}, {""hasPlayed"": false, ""points"": null}, {""hasPlayed"": false, ""points"": null}, {""hasPlayed"": false, ""points"": null}, {""hasPlayed"": false, ""points"": null}]",Florian Le Joncour,-145088.0
8252,77,Maurice,Krattenmacher,4081310.0,,,,,,,0,3,https://kickbase.b-cdn.net/pool/playersbig/8252.png,7.0,2,,,"[{""hasPlayed"": false, ""points"": null}, {""hasPlayed"": false, ""points"": null}, {""hasPlayed"": false, ""points"": null}, {""hasPlayed"": false, ""points"": null}, {""hasPlayed"": false, ""points"": null}]",Maurice Krattenmacher,-110292.0
8296,77,Frederik,Schmahl,3117716.0,,,,,,,0,3,https://kickbase.b-cdn.net/pool/playersbig/8296.png,17.0,1,,,"[{""hasPlayed"": false, ""points"": null}, {""hasPlayed"": false, ""points"": null}, {""hasPlayed"": false, ""points"": null}, {""hasPlayed"": false, ""points"": null}, {""hasPlayed"": false, ""points"": null}]",Frederik Schmahl,299211.0
8301,77,Luca,Sirch,5820028.0,,,,,,,0,2,https://kickbase.b-cdn.net/pool/playersbig/8301.png,0.0,1,,,"[{""hasPlayed"": false, ""points"": null}, {""hasPlayed"": false, ""points"": null}, {""hasPlayed"": false, ""points"": null}, {""hasPlayed"": false, ""points"": null}, {""hasPlayed"": false, ""points"": null}]",Luca Sirch,180055.0
9224,77,Tom,Zimmerschied,6794990.0,,,,,,,2,3,https://kickbase.b-cdn.net/pool/playersbig/9224.png,29.0,2,,,"[{""hasPlayed"": false, ""points"": null}, {""hasPlayed"": false, ""points"": null}, {""hasPlayed"": false, ""points"": null}, {""hasPlayed"": false, ""points"": null}, {""hasPlayed"": false, ""points"": null}]",Tom Zimmerschied,-347631.0
9384,77,Noah,Darvich,5783451.0,,,,,,,0,3,https://kickbase.b-cdn.net/pool/playersbig/9384.png,10.0,2,,,"[{""hasPlayed"": false, ""points"": null}, {""hasPlayed"": false, ""points"": null}, {""hasPlayed"": false, ""points"": null}, {""hasPlayed"": false, ""points"": null}, {""hasPlayed"": false, ""points"": null}]",Noah Darvich,-274054.0
9995,77,David,Mokwa,4122480.0,,,,,,,0,4,https://kickbase.b-cdn.net/pool/playersbig/9995.png,42.0,2,,,"[{""hasPlayed"": false, ""points"": null}, {""hasPlayed"": false, ""points"": null}, {""hasPlayed"": false, ""points"": null}, {""hasPlayed"": false, ""points"": null}, {""hasPlayed"": false, ""points"": null}]",David Mokwa,-93658.0
11253,77,Nicholas,Mickelson,625220.0,,,,,,,0,2,https://kickbase.b-cdn.net/pool/playersbig/11253.png,2.0,1,,,"[{""hasPlayed"": false, ""points"": null}, {""hasPlayed"": false, ""points"": null}, {""hasPlayed"": false, ""points"": null}, {""hasPlayed"": false, ""points"": null}, {""hasPlayed"": false, ""points"": null}]",Nicholas Mickelson,96271.0
12317,77,Raif,Adam,3623682.0,,,,,,,0,4,https://kickbase.b-cdn.net/pool/playersbig/12317.png,15.0,1,,,"[{""hasPlayed"": false, ""points"": null}, {""hasPlayed"": false, ""points"": null}, {""hasPlayed"": false, ""points"": null}, {""hasPlayed"": false, ""points"": null}, {""hasPlayed"": false, ""points"": null}]",Raif Adam,298173.0
4,7,Janis,Blaswich,2002003.0,111.0,11.0,11.0,10.0,62668.0,1222.0,0,1,https://kickbase.b-cdn.net/pool/playersbig/4.png,28.0,2,610.0,,"[{""hasPlayed"": false, ""points"": null}, {""hasPlayed"": false, ""points"": null}, {""hasPlayed"": false, ""points"": null}, {""hasPlayed"": true, ""points"": 177}, {""hasPlayed"": false, ""points"": null}]",Janis Blaswich,-119376.0
72,7,Mark,Flekken,13747628.0,93.0,24.0,24.0,24.0,141251.0,2230.0,0,1,https://kickbase.b-cdn.net/pool/playersbig/72.png,1.0,1,162.0,,"[{""hasPlayed"": true, ""points"": 110}, {""hasPlayed"": true, ""points"": 77}, {""hasPlayed"": true, ""points"": 111}, {""hasPlayed"": false, ""points"": null}, {""hasPlayed"": true, ""points"": 75}]",Mark Flekken,135315.0
78,7,Jonas,Hofmann,2262507.0,58.0,23.0,23.0,11.0,68545.0,1338.0,0,3,https://kickbase.b-cdn.net/pool/playersbig/78.png,7.0,2,591.0,,"[{""hasPlayed"": true, ""points"": 34}, {""hasPlayed"": false, ""points"": null}, {""hasPlayed"": false, ""points"": null}, {""hasPlayed"": false, ""points"": null}, {""hasPlayed"": true, ""points"": 10}]",Jonas Hofmann,-109092.0
663,7,Robert,Andrich,10637845.0,82.0,32.0,32.0,29.0,168594.0,2610.0,2,2,https://kickbase.b-cdn.net/pool/playersbig/663.png,8.0,2,245.0,,"[{""hasPlayed"": true, ""points"": 52}, {""hasPlayed"": true, ""points"": 44}, {""hasPlayed"": true, ""points"": 99}, {""hasPlayed"": true, ""points"": 43}, {""hasPlayed"": false, ""points"": null}]",Robert Andrich,-399538.0
2746,7,Patrik,Schick,29026293.0,103.0,28.0,28.0,23.0,130835.0,2889.0,0,4,https://kickbase.b-cdn.net/pool/playersbig/2746.png,14.0,1,99.0,,"[{""hasPlayed"": true, ""points"": 42}, {""hasPlayed"": true, ""points"": 23}, {""hasPlayed"": true, ""points"": 367}, {""hasPlayed"": true, ""points"": 227}, {""hasPlayed"": true, ""points"": 161}]",Patrik Schick,56372.0
2766,7,Exequiel,Palacios,22456926.0,93.0,18.0,18.0,12.0,73391.0,1672.0,0,3,https://kickbase.b-cdn.net/pool/playersbig/2766.png,25.0,1,74.0,,"[{""hasPlayed"": true, ""points"": 174}, {""hasPlayed"": true, ""points"": 28}, {""hasPlayed"": true, ""points"": 109}, {""hasPlayed"": true, ""points"": 91}, {""hasPlayed"": true, ""points"": 125}]",Exequiel Palacios,100400.0
2783,7,Edmond,Tapsoba,31829100.0,136.0,29.0,29.0,29.0,171644.0,3941.0,0,2,https://kickbase.b-cdn.net/pool/playersbig/2783.png,12.0,1,123.0,,"[{""hasPlayed"": true, ""points"": 111}, {""hasPlayed"": true, ""points"": 6}, {""hasPlayed"": true, ""points"": 135}, {""hasPlayed"": true, ""points"": 93}, {""hasPlayed"": true, ""points"": 194}]",Edmond Tapsoba,76634.0
2846,7,Malik,Tillman,15305384.0,82.0,29.0,29.0,18.0,111183.0,2380.0,0,3,https://kickbase.b-cdn.net/pool/playersbig/2846.png,10.0,2,155.0,,"[{""hasPlayed"": true, ""points"": 87}, {""hasPlayed"": true, ""points"": 6}, {""hasPlayed"": true, ""points"": 16}, {""hasPlayed"": true, ""points"": 4}, {""hasPlayed"": true, ""points"": -13}]",Malik Tillman,-379122.0
3754,7,,Vázquez,3365529.0,69.0,12.0,12.0,6.0,33531.0,824.0,0,2,https://kickbase.b-cdn.net/pool/playersbig/3754.png,21.0,2,244.0,,"[{""hasPlayed"": true, ""points"": 31}, {""hasPlayed"": false, ""points"": null}, {""hasPlayed"": false, ""points"": null}, {""hasPlayed"": false, ""points"": null}, {""hasPlayed"": true, ""points"": 49}]",Vázquez,-107129.0
3759,7,Miguel,Gutiérrez,18085847.0,,,,,,,0,2,https://kickbase.b-cdn.net/pool/playersbig/3759.png,3.0,1,,,"[{""hasPlayed"": false, ""points"": null}, {""hasPlayed"": false, ""points"": null}, {""hasPlayed"": false, ""points"": null}, {""hasPlayed"": false, ""points"": null}, {""hasPlayed"": false, ""points"": null}]",Miguel Gutiérrez,195830.0
4199,7,Aleix,García,37428950.0,142.0,33.0,33.0,31.0,175200.0,4684.0,0,3,https://kickbase.b-cdn.net/pool/playersbig/4199.png,24.0,1,125.0,,"[{""hasPlayed"": true, ""points"": 229}, {""hasPlayed"": true, ""points"": 121}, {""hasPlayed"": true, ""points"": 214}, {""hasPlayed"": true, ""points"": 93}, {""hasPlayed"": true, ""points"": 181}]",Aleix García,114427.0
4318,7,Tim,Oermann,3937761.0,2.0,2.0,2.0,0.0,1774.0,3.0,0,2,https://kickbase.b-cdn.net/pool/playersbig/4318.png,15.0,1,0.0,,"[{""hasPlayed"": false, ""points"": null}, {""hasPlayed"": false, ""points"": null}, {""hasPlayed"": false, ""points"": null}, {""hasPlayed"": false, ""points"": null}, {""hasPlayed"": false, ""points"": null}]",Tim Oermann,301745.0
4563,7,Loïc,Badé,14178022.0,95.0,23.0,23.0,19.0,110581.0,2192.0,0,2,https://kickbase.b-cdn.net/pool/playersbig/4563.png,5.0,1,154.0,,"[{""hasPlayed"": false, ""points"": null}, {""hasPlayed"": false, ""points"": null}, {""hasPlayed"": false, ""points"": null}, {""hasPlayed"": true, ""points"": 50}, {""hasPlayed"": true, ""points"": 121}]",Loïc Badé,86636.0
6061,7,Ibrahim,Maza,28810032.0,98.0,28.0,28.0,20.0,121679.0,2743.0,0,3,https://kickbase.b-cdn.net/pool/playersbig/6061.png,30.0,1,95.0,,"[{""hasPlayed"": true, ""points"": 85}, {""hasPlayed"": true, ""points"": 34}, {""hasPlayed"": true, ""points"": 182}, {""hasPlayed"": true, ""points"": 40}, {""hasPlayed"": true, ""points"": 79}]",Ibrahim Maza,84259.0
6174,7,,Arthur,5818046.0,64.0,20.0,20.0,13.0,75109.0,1284.0,0,2,https://kickbase.b-cdn.net/pool/playersbig/6174.png,13.0,2,220.0,,"[{""hasPlayed"": true, ""points"": 36}, {""hasPlayed"": true, ""points"": 17}, {""hasPlayed"": true, ""points"": 24}, {""hasPlayed"": true, ""points"": 25}, {""hasPlayed"": false, ""points"": null}]",Arthur,-379900.0
6745,7,Victor,Boniface,4882614.0,43.0,11.0,11.0,2.0,23116.0,468.0,0,4,https://kickbase.b-cdn.net/pool/playersbig/6745.png,22.0,2,95.0,,"[{""hasPlayed"": false, ""points"": null}, {""hasPlayed"": false, ""points"": null}, {""hasPlayed"": false, ""points"": null}, {""hasPlayed"": false, ""points"": null}, {""hasPlayed"": false, ""points"": null}]",Victor Boniface,-312443.0
7269,7,Nathan,Tella,8791032.0,68.0,17.0,17.0,10.0,56629.0,1149.0,0,3,https://kickbase.b-cdn.net/pool/playersbig/7269.png,23.0,2,130.0,,"[{""hasPlayed"": false, ""points"": null}, {""hasPlayed"": false, ""points"": null}, {""hasPlayed"": true, ""points"": 277}, {""hasPlayed"": true, ""points"": 153}, {""hasPlayed"": true, ""points"": 83}]",Nathan Tella,-315107.0
7963,7,Jarell,Quansah,21276597.0,102.0,28.0,28.0,25.0,152471.0,2867.0,0,2,https://kickbase.b-cdn.net/pool/playersbig/7963.png,4.0,1,134.0,,"[{""hasPlayed"": true, ""points"": 223}, {""hasPlayed"": true, ""points"": 35}, {""hasPlayed"": true, ""points"": 85}, {""hasPlayed"": true, ""points"": 72}, {""hasPlayed"": true, ""points"": 74}]",Jarell Quansah,151933.0
8225,7,Jeanuël,Belocian,4834719.0,54.0,22.0,22.0,17.0,102511.0,1194.0,0,2,https://kickbase.b-cdn.net/pool/playersbig/8225.png,44.0,2,246.0,,"[{""hasPlayed"": true, ""points"": 110}, {""hasPlayed"": true, ""points"": 64}, {""hasPlayed"": true, ""points"": 70}, {""hasPlayed"": true, ""points"": 78}, {""hasPlayed"": true, ""points"": 89}]",Jeanuël Belocian,-138982.0
8374,7,Martin,Terrier,3351439.0,54.0,18.0,18.0,7.0,45086.0,963.0,4,4,https://kickbase.b-cdn.net/pool/playersbig/8374.png,11.0,2,287.0,,"[{""hasPlayed"": false, ""points"": null}, {""hasPlayed"": false, ""points"": null}, {""hasPlayed"": false, ""points"": null}, {""hasPlayed"": false, ""points"": null}, {""hasPlayed"": false, ""points"": null}]",Martin Terrier,-132103.0
11181,7,Axel,Tape,4440898.0,20.0,6.0,6.0,2.0,15970.0,121.0,0,2,https://kickbase.b-cdn.net/pool/playersbig/11181.png,16.0,2,27.0,,"[{""hasPlayed"": false, ""points"": null}, {""hasPlayed"": false, ""points"": null}, {""hasPlayed"": false, ""points"": null}, {""hasPlayed"": false, ""points"": null}, {""hasPlayed"": false, ""points"": null}]",Axel Tape,-179578.0
11513,7,Christian,Kofane,11265844.0,58.0,29.0,29.0,12.0,85285.0,1677.0,0,4,https://kickbase.b-cdn.net/pool/playersbig/11513.png,35.0,1,148.0,,"[{""hasPlayed"": false, ""points"": null}, {""hasPlayed"": true, ""points"": 76}, {""hasPlayed"": true, ""points"": 17}, {""hasPlayed"": false, ""points"": null}, {""hasPlayed"": true, ""points"": 16}]",Christian Kofane,77653.0
11680,7,Kennet,Eichhorn,7920089.0,,,,,,,1,3,https://kickbase.b-cdn.net/pool/playersbig/11680.png,18.0,2,,,"[{""hasPlayed"": false, ""points"": null}, {""hasPlayed"": false, ""points"": null}, {""hasPlayed"": false, ""points"": null}, {""hasPlayed"": false, ""points"": null}, {""hasPlayed"": false, ""points"": null}]",Kennet Eichhorn,-335306.0
11756,7,Montrell,Culbreath,5825137.0,61.0,12.0,12.0,9.0,48534.0,737.0,1,3,https://kickbase.b-cdn.net/pool/playersbig/11756.png,42.0,2,126.0,,"[{""hasPlayed"": true, ""points"": 50}, {""hasPlayed"": true, ""points"": 11}, {""hasPlayed"": true, ""points"": 114}, {""hasPlayed"": true, ""points"": 81}, {""hasPlayed"": true, ""points"": -19}]",Montrell Culbreath,-407315.0
11867,7,Ernest,Poku,8505801.0,72.0,29.0,29.0,16.0,97546.0,2099.0,0,3,https://kickbase.b-cdn.net/pool/playersbig/11867.png,19.0,1,246.0,,"[{""hasPlayed"": false, ""points"": null}, {""hasPlayed"": true, ""points"": -14}, {""hasPlayed"": true, ""points"": 21}, {""hasPlayed"": false, ""points"": null}, {""hasPlayed"": false, ""points"": null}]",Ernest Poku,-46058.0
11956,7,Ezequiél,Fernández,3643871.0,58.0,20.0,20.0,12.0,67020.0,1168.0,0,3,https://kickbase.b-cdn.net/pool/playersbig/11956.png,6.0,2,320.0,,"[{""hasPlayed"": false, ""points"": null}, {""hasPlayed"": false, ""points"": null}, {""hasPlayed"": true, ""points"": 22}, {""hasPlayed"": true, ""points"": 43}, {""hasPlayed"": false, ""points"": null}]",Ezequiél Fernández,-31370.0
11957,7,Eliesse,Ben Seghir,2532635.0,35.0,10.0,10.0,2.0,18106.0,354.0,1,3,https://kickbase.b-cdn.net/pool/playersbig/11957.png,17.0,2,139.0,,"[{""hasPlayed"": true, ""points"": 48}, {""hasPlayed"": true, ""points"": -8}, {""hasPlayed"": false, ""points"": null}, {""hasPlayed"": true, ""points"": 17}, {""hasPlayed"": false, ""points"": null}]",Eliesse Ben Seghir,-133465.0
14893,7,Aleksa,Damjanovic,8251373.0,,,,,,,0,4,https://kickbase.b-cdn.net/pool/playersbig/14893.png,0.0,1,,,"[{""hasPlayed"": false, ""points"": null}, {""hasPlayed"": false, ""points"": null}, {""hasPlayed"": false, ""points"": null}, {""hasPlayed"": false, ""points"": null}, {""hasPlayed"": false, ""points"": null}]",Aleksa Damjanovic,134137.0
15199,7,Afonso,Moreira,20940868.0,,,,,,,0,4,https://kickbase.b-cdn.net/pool/playersbig/15199.png,0.0,1,,,"[{""hasPlayed"": false, ""points"": null}, {""hasPlayed"": false, ""points"": null}, {""hasPlayed"": false, ""points"": null}, {""hasPlayed"": false, ""points"": null}, {""hasPlayed"": false, ""points"": null}]",Afonso Moreira,246223.0
417,28,Ron-Robert,Zieler,2419230.0,,,,,,,0,1,https://kickbase.b-cdn.net/pool/playersbig/417.png,20.0,1,,,"[{""hasPlayed"": false, ""points"": null}, {""hasPlayed"": false, ""points"": null}, {""hasPlayed"": false, ""points"": null}, {""hasPlayed"": false, ""points"": null}, {""hasPlayed"": false, ""points"": null}]",Ron-Robert Zieler,158909.0
737,28,Luca,Waldschmidt,3742875.0,50.0,24.0,24.0,7.0,49454.0,1192.0,0,3,https://kickbase.b-cdn.net/pool/playersbig/737.png,7.0,1,318.0,,"[{""hasPlayed"": false, ""points"": null}, {""hasPlayed"": true, ""points"": 46}, {""hasPlayed"": true, ""points"": 120}, {""hasPlayed"": true, ""points"": 116}, {""hasPlayed"": true, ""points"": 96}]",Luca Waldschmidt,295945.0
1580,28,Marvin,Schwäbe,13230768.0,96.0,34.0,34.0,34.0,205397.0,3249.0,0,1,https://kickbase.b-cdn.net/pool/playersbig/1580.png,1.0,1,245.0,,"[{""hasPlayed"": true, ""points"": 60}, {""hasPlayed"": true, ""points"": 75}, {""hasPlayed"": true, ""points"": 3}, {""hasPlayed"": true, ""points"": 50}, {""hasPlayed"": true, ""points"": 130}]",Marvin Schwäbe,136666.0
2069,28,Timo,Hübers,3318318.0,92.0,8.0,8.0,8.0,45515.0,737.0,4,2,https://kickbase.b-cdn.net/pool/playersbig/2069.png,4.0,2,222.0,,"[{""hasPlayed"": false, ""points"": null}, {""hasPlayed"": false, ""points"": null}, {""hasPlayed"": false, ""points"": null}, {""hasPlayed"": false, ""points"": null}, {""hasPlayed"": false, ""points"": null}]",Timo Hübers,-124500.0
2201,28,Linton,Maina,4376294.0,40.0,24.0,24.0,9.0,69909.0,960.0,0,4,https://kickbase.b-cdn.net/pool/playersbig/2201.png,37.0,2,219.0,,"[{""hasPlayed"": true, ""points"": -1}, {""hasPlayed"": true, ""points"": 47}, {""hasPlayed"": true, ""points"": 4}, {""hasPlayed"": true, ""points"": 48}, {""hasPlayed"": true, ""points"": 34}]",Linton Maina,-85397.0
2358,28,Tom,Krauß,7414905.0,56.0,26.0,26.0,19.0,116693.0,1461.0,0,3,https://kickbase.b-cdn.net/pool/playersbig/2358.png,5.0,1,197.0,,"[{""hasPlayed"": false, ""points"": null}, {""hasPlayed"": true, ""points"": 91}, {""hasPlayed"": true, ""points"": 59}, {""hasPlayed"": false, ""points"": null}, {""hasPlayed"": false, ""points"": null}]",Tom Krauß,132990.0
2536,28,Matthias,Köbbing,500000.0,,,,,,,0,1,https://kickbase.b-cdn.net/pool/playersbig/2536.png,44.0,0,,,"[{""hasPlayed"": false, ""points"": null}, {""hasPlayed"": false, ""points"": null}, {""hasPlayed"": false, ""points"": null}, {""hasPlayed"": false, ""points"": null}, {""hasPlayed"": false, ""points"": null}]",Matthias Köbbing,0.0
2552,28,Marius,Bülter,5185950.0,53.0,32.0,32.0,18.0,109316.0,1701.0,0,4,https://kickbase.b-cdn.net/pool/playersbig/2552.png,30.0,1,328.0,,"[{""hasPlayed"": true, ""points"": 13}, {""hasPlayed"": true, ""points"": 155}, {""hasPlayed"": true, ""points"": 152}, {""hasPlayed"": true, ""points"": 4}, {""hasPlayed"": true, ""points"": 42}]",Marius Bülter,174751.0
2765,28,Jan,Thielmann,4746083.0,52.0,26.0,26.0,20.0,100549.0,1355.0,0,3,https://kickbase.b-cdn.net/pool/playersbig/2765.png,29.0,1,285.0,,"[{""hasPlayed"": true, ""points"": -14}, {""hasPlayed"": false, ""points"": null}, {""hasPlayed"": true, ""points"": 3}, {""hasPlayed"": true, ""points"": 78}, {""hasPlayed"": true, ""points"": 39}]",Jan Thielmann,333542.0
2855,28,Ragnar,Ache,12441878.0,67.0,29.0,29.0,18.0,113020.0,1937.0,0,4,https://kickbase.b-cdn.net/pool/playersbig/2855.png,9.0,1,155.0,,"[{""hasPlayed"": false, ""points"": null}, {""hasPlayed"": false, ""points"": null}, {""hasPlayed"": false, ""points"": null}, {""hasPlayed"": false, ""points"": null}, {""hasPlayed"": true, ""points"": 19}]",Ragnar Ache,170806.0
7219,28,Ísak,Jóhannesson,7259829.0,48.0,31.0,31.0,21.0,119771.0,1473.0,0,3,https://kickbase.b-cdn.net/pool/playersbig/7219.png,8.0,1,202.0,,"[{""hasPlayed"": true, ""points"": -10}, {""hasPlayed"": true, ""points"": 59}, {""hasPlayed"": false, ""points"": null}, {""hasPlayed"": true, ""points"": 7}, {""hasPlayed"": true, ""points"": 55}]",Ísak Jóhannesson,213264.0
8001,28,Luka,Lochoshvili,8230541.0,,,,,,,0,2,https://kickbase.b-cdn.net/pool/playersbig/8001.png,24.0,1,,,"[{""hasPlayed"": false, ""points"": null}, {""hasPlayed"": false, ""points"": null}, {""hasPlayed"": false, ""points"": null}, {""hasPlayed"": false, ""points"": null}, {""hasPlayed"": false, ""points"": null}]",Luka Lochoshvili,193206.0
8274,28,Said,El Mala,25284711.0,71.0,34.0,34.0,20.0,130276.0,2418.0,0,3,https://kickbase.b-cdn.net/pool/playersbig/8274.png,13.0,1,95.0,,"[{""hasPlayed"": true, ""points"": 89}, {""hasPlayed"": true, ""points"": 1}, {""hasPlayed"": true, ""points"": 169}, {""hasPlayed"": true, ""points"": 119}, {""hasPlayed"": true, ""points"": 55}]",Said El Mala,90651.0
8385,28,Julian,Pauli,3769192.0,,,,,,,0,2,https://kickbase.b-cdn.net/pool/playersbig/8385.png,3.0,2,,,"[{""hasPlayed"": false, ""points"": null}, {""hasPlayed"": false, ""points"": null}, {""hasPlayed"": false, ""points"": null}, {""hasPlayed"": false, ""points"": null}, {""hasPlayed"": false, ""points"": null}]",Julian Pauli,-156948.0
10024,28,Joël,Schmied,3772761.0,40.0,16.0,16.0,13.0,73506.0,635.0,0,2,https://kickbase.b-cdn.net/pool/playersbig/10024.png,2.0,2,168.0,,"[{""hasPlayed"": true, ""points"": -15}, {""hasPlayed"": true, ""points"": 48}, {""hasPlayed"": true, ""points"": -2}, {""hasPlayed"": false, ""points"": null}, {""hasPlayed"": false, ""points"": null}]",Joël Schmied,-150408.0
11570,28,Sebastian,Sebulonsen,6012189.0,46.0,31.0,31.0,28.0,165693.0,1413.0,1,2,https://kickbase.b-cdn.net/pool/playersbig/11570.png,28.0,2,235.0,,"[{""hasPlayed"": true, ""points"": 7}, {""hasPlayed"": true, ""points"": 71}, {""hasPlayed"": true, ""points"": 72}, {""hasPlayed"": true, ""points"": 29}, {""hasPlayed"": true, ""points"": 45}]",Sebastian Sebulonsen,-545337.0
11875,28,Rav,van den Berg,3715083.0,58.0,14.0,14.0,12.0,74399.0,805.0,0,2,https://kickbase.b-cdn.net/pool/playersbig/11875.png,33.0,1,216.0,,"[{""hasPlayed"": false, ""points"": null}, {""hasPlayed"": false, ""points"": null}, {""hasPlayed"": false, ""points"": null}, {""hasPlayed"": false, ""points"": null}, {""hasPlayed"": false, ""points"": null}]",Rav van den Berg,22215.0
11958,28,Alessio,Castro-Montes,3073381.0,64.0,14.0,14.0,7.0,46040.0,892.0,0,3,https://kickbase.b-cdn.net/pool/playersbig/11958.png,17.0,2,290.0,,"[{""hasPlayed"": true, ""points"": 15}, {""hasPlayed"": true, ""points"": 6}, {""hasPlayed"": false, ""points"": null}, {""hasPlayed"": true, ""points"": 19}, {""hasPlayed"": true, ""points"": 40}]",Alessio Castro-Montes,71903.0
12321,28,Jahmai,Simpson-Pusey,10325238.0,61.0,11.0,11.0,10.0,57539.0,669.0,0,2,https://kickbase.b-cdn.net/pool/playersbig/12321.png,22.0,1,64.0,,"[{""hasPlayed"": true, ""points"": 31}, {""hasPlayed"": false, ""points"": null}, {""hasPlayed"": true, ""points"": 82}, {""hasPlayed"": true, ""points"": 76}, {""hasPlayed"": true, ""points"": 88}]",Jahmai Simpson-Pusey,143046.0
12333,28,Youssoupha,Niang,4716015.0,6.0,10.0,10.0,2.0,14606.0,55.0,0,4,https://kickbase.b-cdn.net/pool/playersbig/12333.png,38.0,1,11.0,,"[{""hasPlayed"": true, ""points"": -21}, {""hasPlayed"": true, ""points"": -2}, {""hasPlayed"": true, ""points"": 11}, {""hasPlayed"": true, ""points"": -11}, {""hasPlayed"": false, ""points"": null}]",Youssoupha Niang,277854.0
14140,28,Gideon,Mensah,8716739.0,,,,,,,0,2,https://kickbase.b-cdn.net/pool/playersbig/14140.png,14.0,1,,,"[{""hasPlayed"": false, ""points"": null}, {""hasPlayed"": false, ""points"": null}, {""hasPlayed"": false, ""points"": null}, {""hasPlayed"": false, ""points"": null}, {""hasPlayed"": false, ""points"": null}]",Gideon Mensah,161217.0
14300,28,Paul,Okon-Engstler,2810398.0,,,,,,,0,3,https://kickbase.b-cdn.net/pool/playersbig/14300.png,23.0,1,,,"[{""hasPlayed"": false, ""points"": null}, {""hasPlayed"": false, ""points"": null}, {""hasPlayed"": false, ""points"": null}, {""hasPlayed"": false, ""points"": null}, {""hasPlayed"": false, ""points"": null}]",Paul Okon-Engstler,2310398.0
15373,28,Reigan,Heskey,8959576.0,,,,,,,0,3,https://kickbase.b-cdn.net/pool/playersbig/15373.png,11.0,1,,,"[{""hasPlayed"": false, ""points"": null}, {""hasPlayed"": false, ""points"": null}, {""hasPlayed"": false, ""points"": null}, {""hasPlayed"": false, ""points"": null}, {""hasPlayed"": false, ""points"": null}]",Reigan Heskey,275388.0
524,14,Oliver,Baumann,20135933.0,99.0,34.0,34.0,34.0,203483.0,3366.0,0,1,https://kickbase.b-cdn.net/pool/playersbig/524.png,1.0,1,167.0,,"[{""hasPlayed"": true, ""points"": 22}, {""hasPlayed"": true, ""points"": 161}, {""hasPlayed"": true, ""points"": 112}, {""hasPlayed"": true, ""points"": 57}, {""hasPlayed"": true, ""points"": 119}]",Oliver Baumann,17626.0
1815,14,Andrej,Kramarić,23347024.0,111.0,34.0,34.0,26.0,143136.0,3757.0,4,3,https://kickbase.b-cdn.net/pool/playersbig/1815.png,27.0,2,160.0,,"[{""hasPlayed"": true, ""points"": 4}, {""hasPlayed"": true, ""points"": 180}, {""hasPlayed"": true, ""points"": 245}, {""hasPlayed"": true, ""points"": 62}, {""hasPlayed"": true, ""points"": 239}]",Andrej Kramarić,-434143.0
1954,14,,Bernardo,10487858.0,82.0,29.0,29.0,26.0,152866.0,2381.0,0,2,https://kickbase.b-cdn.net/pool/playersbig/1954.png,13.0,1,227.0,,"[{""hasPlayed"": true, ""points"": 47}, {""hasPlayed"": true, ""points"": 129}, {""hasPlayed"": true, ""points"": 53}, {""hasPlayed"": true, ""points"": 70}, {""hasPlayed"": true, ""points"": 80}]",Bernardo,5563.0
2373,14,Ozan,Kabak,20174780.0,105.0,25.0,25.0,18.0,117698.0,2629.0,0,2,https://kickbase.b-cdn.net/pool/playersbig/2373.png,5.0,1,130.0,,"[{""hasPlayed"": true, ""points"": 29}, {""hasPlayed"": true, ""points"": 198}, {""hasPlayed"": true, ""points"": 34}, {""hasPlayed"": true, ""points"": 100}, {""hasPlayed"": true, ""points"": 150}]",Ozan Kabak,180613.0
2803,14,Tim,Lemperle,12341456.0,74.0,29.0,29.0,24.0,124309.0,2154.0,16,4,https://kickbase.b-cdn.net/pool/playersbig/2803.png,19.0,1,174.0,,"[{""hasPlayed"": true, ""points"": -62}, {""hasPlayed"": true, ""points"": 60}, {""hasPlayed"": true, ""points"": 60}, {""hasPlayed"": true, ""points"": 158}, {""hasPlayed"": true, ""points"": 72}]",Tim Lemperle,-30220.0
2852,14,Luca,Philipp,500000.0,,,,,,,0,1,https://kickbase.b-cdn.net/pool/playersbig/2852.png,37.0,0,,,"[{""hasPlayed"": false, ""points"": null}, {""hasPlayed"": false, ""points"": null}, {""hasPlayed"": false, ""points"": null}, {""hasPlayed"": false, ""points"": null}, {""hasPlayed"": false, ""points"": null}]",Luca Philipp,0.0
3124,14,Patrick,Wimmer,8922876.0,59.0,25.0,25.0,21.0,105411.0,1466.0,0,3,https://kickbase.b-cdn.net/pool/playersbig/3124.png,8.0,2,164.0,,"[{""hasPlayed"": false, ""points"": null}, {""hasPlayed"": true, ""points"": 35}, {""hasPlayed"": true, ""points"": 73}, {""hasPlayed"": true, ""points"": 55}, {""hasPlayed"": true, ""points"": 204}]",Patrick Wimmer,-257173.0
3158,14,Fisnik,Asllani,26627059.0,90.0,33.0,33.0,31.0,150494.0,2966.0,0,4,https://kickbase.b-cdn.net/pool/playersbig/3158.png,11.0,1,111.0,,"[{""hasPlayed"": true, ""points"": 42}, {""hasPlayed"": true, ""points"": 83}, {""hasPlayed"": true, ""points"": 91}, {""hasPlayed"": true, ""points"": 151}, {""hasPlayed"": true, ""points"": 57}]",Fisnik Asllani,48516.0
3204,14,Bambasé,Conté,10747511.0,,,,,,,0,4,https://kickbase.b-cdn.net/pool/playersbig/3204.png,20.0,1,,,"[{""hasPlayed"": false, ""points"": null}, {""hasPlayed"": false, ""points"": null}, {""hasPlayed"": false, ""points"": null}, {""hasPlayed"": false, ""points"": null}, {""hasPlayed"": false, ""points"": null}]",Bambasé Conté,144759.0
3471,14,Adam,Hložek,6596350.0,1.0,5.0,5.0,0.0,3674.0,4.0,0,4,https://kickbase.b-cdn.net/pool/playersbig/3471.png,23.0,1,0.0,,"[{""hasPlayed"": true, ""points"": -17}, {""hasPlayed"": true, ""points"": 22}, {""hasPlayed"": false, ""points"": null}, {""hasPlayed"": false, ""points"": null}, {""hasPlayed"": false, ""points"": null}]",Adam Hložek,221481.0
7543,14,Max,Moerstedt,5808754.0,23.0,22.0,22.0,1.0,32693.0,495.0,0,4,https://kickbase.b-cdn.net/pool/playersbig/7543.png,9.0,1,85.0,,"[{""hasPlayed"": false, ""points"": null}, {""hasPlayed"": false, ""points"": null}, {""hasPlayed"": true, ""points"": 9}, {""hasPlayed"": true, ""points"": 21}, {""hasPlayed"": true, ""points"": 13}]",Max Moerstedt,229224.0
7673,14,Albian,Hajdari,16555626.0,97.0,30.0,30.0,28.0,160153.0,2924.0,0,2,https://kickbase.b-cdn.net/pool/playersbig/7673.png,21.0,1,176.0,,"[{""hasPlayed"": true, ""points"": -7}, {""hasPlayed"": true, ""points"": 245}, {""hasPlayed"": true, ""points"": 81}, {""hasPlayed"": true, ""points"": 171}, {""hasPlayed"": true, ""points"": 120}]",Albian Hajdari,188558.0
7717,14,Alexander,Prass,4879922.0,50.0,32.0,32.0,12.0,90108.0,1591.0,0,3,https://kickbase.b-cdn.net/pool/playersbig/7717.png,22.0,2,326.0,,"[{""hasPlayed"": true, ""points"": -18}, {""hasPlayed"": true, ""points"": 51}, {""hasPlayed"": true, ""points"": 1}, {""hasPlayed"": true, ""points"": 17}, {""hasPlayed"": true, ""points"": 19}]",Alexander Prass,-324098.0
7745,14,Vladimír,Coufal,24827989.0,115.0,34.0,34.0,34.0,198844.0,3918.0,0,2,https://kickbase.b-cdn.net/pool/playersbig/7745.png,34.0,1,157.0,,"[{""hasPlayed"": true, ""points"": 52}, {""hasPlayed"": true, ""points"": 235}, {""hasPlayed"": true, ""points"": 76}, {""hasPlayed"": true, ""points"": 152}, {""hasPlayed"": true, ""points"": 112}]",Vladimír Coufal,152277.0
7750,14,Robin,Hranác,4760813.0,79.0,29.0,29.0,26.0,150328.0,2290.0,0,2,https://kickbase.b-cdn.net/pool/playersbig/7750.png,2.0,2,481.0,,"[{""hasPlayed"": false, ""points"": null}, {""hasPlayed"": true, ""points"": 40}, {""hasPlayed"": false, ""points"": null}, {""hasPlayed"": true, ""points"": 38}, {""hasPlayed"": true, ""points"": 17}]",Robin Hranác,-278601.0
8289,14,Lúkas,Petersson,500000.0,,,,,,,0,1,https://kickbase.b-cdn.net/pool/playersbig/8289.png,36.0,0,,,"[{""hasPlayed"": false, ""points"": null}, {""hasPlayed"": false, ""points"": null}, {""hasPlayed"": false, ""points"": null}, {""hasPlayed"": false, ""points"": null}, {""hasPlayed"": false, ""points"": null}]",Lúkas Petersson,0.0
9598,14,Valentin,Gendrey,4555093.0,36.0,8.0,8.0,0.0,5564.0,287.0,0,2,https://kickbase.b-cdn.net/pool/playersbig/9598.png,15.0,1,63.0,,"[{""hasPlayed"": false, ""points"": null}, {""hasPlayed"": false, ""points"": null}, {""hasPlayed"": false, ""points"": null}, {""hasPlayed"": false, ""points"": null}, {""hasPlayed"": false, ""points"": null}]",Valentin Gendrey,189839.0
9682,14,Arthur,Chaves,3863120.0,69.0,15.0,15.0,11.0,70866.0,1040.0,0,2,https://kickbase.b-cdn.net/pool/playersbig/9682.png,35.0,2,269.0,,"[{""hasPlayed"": false, ""points"": null}, {""hasPlayed"": false, ""points"": null}, {""hasPlayed"": true, ""points"": 33}, {""hasPlayed"": true, ""points"": 124}, {""hasPlayed"": true, ""points"": 128}]",Arthur Chaves,-123160.0
11161,14,Koki,Machida,2880990.0,42.0,1.0,1.0,1.0,2718.0,42.0,1,2,https://kickbase.b-cdn.net/pool/playersbig/11161.png,28.0,2,14.0,,"[{""hasPlayed"": false, ""points"": null}, {""hasPlayed"": false, ""points"": null}, {""hasPlayed"": false, ""points"": null}, {""hasPlayed"": false, ""points"": null}, {""hasPlayed"": false, ""points"": null}]",Koki Machida,-160248.0
11162,14,Leon,Avdullahu,14219591.0,85.0,33.0,33.0,32.0,187386.0,2805.0,0,3,https://kickbase.b-cdn.net/pool/playersbig/11162.png,7.0,1,197.0,,"[{""hasPlayed"": true, ""points"": -32}, {""hasPlayed"": true, ""points"": 246}, {""hasPlayed"": true, ""points"": 93}, {""hasPlayed"": true, ""points"": 89}, {""hasPlayed"": true, ""points"": 88}]",Leon Avdullahu,186753.0
11591,14,Cajetan,Lenz,5006526.0,,,,,,,0,3,https://kickbase.b-cdn.net/pool/playersbig/11591.png,32.0,2,,,"[{""hasPlayed"": false, ""points"": null}, {""hasPlayed"": false, ""points"": null}, {""hasPlayed"": false, ""points"": null}, {""hasPlayed"": false, ""points"": null}, {""hasPlayed"": false, ""points"": null}]",Cajetan Lenz,-395975.0
11631,14,Wouter,Burger,21841128.0,114.0,30.0,30.0,30.0,159518.0,3425.0,0,3,https://kickbase.b-cdn.net/pool/playersbig/11631.png,18.0,1,156.0,,"[{""hasPlayed"": true, ""points"": 65}, {""hasPlayed"": true, ""points"": 206}, {""hasPlayed"": true, ""points"": 105}, {""hasPlayed"": true, ""points"": 72}, {""hasPlayed"": true, ""points"": 85}]",Wouter Burger,169316.0
11959,14,Adam,Daghim,2672251.0,41.0,27.0,27.0,12.0,92265.0,1115.0,0,4,https://kickbase.b-cdn.net/pool/playersbig/11959.png,0.0,1,417.0,,"[{""hasPlayed"": true, ""points"": 40}, {""hasPlayed"": true, ""points"": 31}, {""hasPlayed"": true, ""points"": 62}, {""hasPlayed"": true, ""points"": -1}, {""hasPlayed"": true, ""points"": 21}]",Adam Daghim,434246.0
14890,14,Alessandro,Vogt,2794097.0,,,,,,,0,4,https://kickbase.b-cdn.net/pool/playersbig/14890.png,24.0,2,,,"[{""hasPlayed"": false, ""points"": null}, {""hasPlayed"": false, ""points"": null}, {""hasPlayed"": false, ""points"": null}, {""hasPlayed"": false, ""points"": null}, {""hasPlayed"": false, ""points"": null}]",Alessandro Vogt,-138585.0
15193,14,Mats,Rots,10492679.0,,,,,,,0,2,https://kickbase.b-cdn.net/pool/playersbig/15193.png,39.0,1,,,"[{""hasPlayed"": false, ""points"": null}, {""hasPlayed"": false, ""points"": null}, {""hasPlayed"": false, ""points"": null}, {""hasPlayed"": false, ""points"": null}, {""hasPlayed"": false, ""points"": null}]",Mats Rots,27344.0
15262,14,Nathan,De Cat,15275991.0,,,,,,,0,3,https://kickbase.b-cdn.net/pool/playersbig/15262.png,17.0,1,,,"[{""hasPlayed"": false, ""points"": null}, {""hasPlayed"": false, ""points"": null}, {""hasPlayed"": false, ""points"": null}, {""hasPlayed"": false, ""points"": null}, {""hasPlayed"": false, ""points"": null}]",Nathan De Cat,222706.0
51,40,Rani,Khedira,4837359.0,61.0,32.0,32.0,32.0,188165.0,1956.0,0,3,https://kickbase.b-cdn.net/pool/playersbig/51.png,8.0,1,404.0,,"[{""hasPlayed"": false, ""points"": null}, {""hasPlayed"": true, ""points"": 44}, {""hasPlayed"": true, ""points"": 44}, {""hasPlayed"": true, ""points"": 6}, {""hasPlayed"": true, ""points"": 6}]",Rani Khedira,104500.0
1223,40,Marvin,Friedrich,1632942.0,29.0,6.0,6.0,1.0,11653.0,173.0,0,2,https://kickbase.b-cdn.net/pool/playersbig/1223.png,5.0,2,105.0,,"[{""hasPlayed"": false, ""points"": null}, {""hasPlayed"": false, ""points"": null}, {""hasPlayed"": false, ""points"": null}, {""hasPlayed"": false, ""points"": null}, {""hasPlayed"": false, ""points"": null}]",Marvin Friedrich,-119434.0
1553,40,Janik,Haberer,4497458.0,31.0,28.0,28.0,20.0,109158.0,870.0,0,3,https://kickbase.b-cdn.net/pool/playersbig/1553.png,19.0,1,193.0,,"[{""hasPlayed"": false, ""points"": null}, {""hasPlayed"": false, ""points"": null}, {""hasPlayed"": false, ""points"": null}, {""hasPlayed"": true, ""points"": 6}, {""hasPlayed"": true, ""points"": 6}]",Janik Haberer,147147.0
1955,40,Oliver,Burke,4249054.0,49.0,29.0,29.0,21.0,110171.0,1410.0,2,4,https://kickbase.b-cdn.net/pool/playersbig/1955.png,7.0,1,331.0,,"[{""hasPlayed"": true, ""points"": 139}, {""hasPlayed"": true, ""points"": 174}, {""hasPlayed"": true, ""points"": 61}, {""hasPlayed"": true, ""points"": -18}, {""hasPlayed"": true, ""points"": 139}]",Oliver Burke,222998.0
2279,40,Frederik,Rönnow,9735809.0,75.0,30.0,30.0,30.0,176714.0,2245.0,4,1,https://kickbase.b-cdn.net/pool/playersbig/2279.png,1.0,1,230.0,,"[{""hasPlayed"": false, ""points"": null}, {""hasPlayed"": false, ""points"": null}, {""hasPlayed"": false, ""points"": null}, {""hasPlayed"": true, ""points"": -19}, {""hasPlayed"": true, ""points"": 79}]",Frederik Rönnow,159859.0
2302,40,Woo-Yeong,Jeong,4657705.0,36.0,28.0,28.0,13.0,81482.0,994.0,0,3,https://kickbase.b-cdn.net/pool/playersbig/2302.png,11.0,2,213.0,,"[{""hasPlayed"": true, ""points"": 125}, {""hasPlayed"": true, ""points"": 33}, {""hasPlayed"": false, ""points"": null}, {""hasPlayed"": false, ""points"": null}, {""hasPlayed"": false, ""points"": null}]",Woo-Yeong Jeong,-458877.0
2400,40,Christopher,Trimmel,5630983.0,60.0,29.0,29.0,22.0,122793.0,1732.0,0,2,https://kickbase.b-cdn.net/pool/playersbig/2400.png,28.0,1,307.0,,"[{""hasPlayed"": true, ""points"": 133}, {""hasPlayed"": true, ""points"": 139}, {""hasPlayed"": true, ""points"": 104}, {""hasPlayed"": true, ""points"": 14}, {""hasPlayed"": true, ""points"": 107}]",Christopher Trimmel,212903.0
2491,40,Tim,Skarke,4340096.0,26.0,22.0,22.0,4.0,44836.0,579.0,0,3,https://kickbase.b-cdn.net/pool/playersbig/2491.png,21.0,1,133.0,,"[{""hasPlayed"": true, ""points"": 59}, {""hasPlayed"": true, ""points"": 101}, {""hasPlayed"": true, ""points"": 28}, {""hasPlayed"": false, ""points"": null}, {""hasPlayed"": true, ""points"": 11}]",Tim Skarke,215942.0
2717,40,Robert,Skov,3968048.0,35.0,3.0,3.0,3.0,14206.0,104.0,0,3,https://kickbase.b-cdn.net/pool/playersbig/2717.png,24.0,1,26.0,,"[{""hasPlayed"": false, ""points"": null}, {""hasPlayed"": false, ""points"": null}, {""hasPlayed"": false, ""points"": null}, {""hasPlayed"": false, ""points"": null}, {""hasPlayed"": false, ""points"": null}]",Robert Skov,90833.0
3102,40,Tom,Rothe,5825149.0,41.0,21.0,21.0,10.0,71469.0,863.0,0,2,https://kickbase.b-cdn.net/pool/playersbig/3102.png,15.0,1,148.0,,"[{""hasPlayed"": true, ""points"": 146}, {""hasPlayed"": true, ""points"": 62}, {""hasPlayed"": true, ""points"": 155}, {""hasPlayed"": true, ""points"": 0}, {""hasPlayed"": true, ""points"": 18}]",Tom Rothe,226597.0
3187,40,András,Schäfer,3481339.0,42.0,28.0,28.0,16.0,96106.0,1177.0,0,3,https://kickbase.b-cdn.net/pool/playersbig/3187.png,13.0,2,338.0,,"[{""hasPlayed"": true, ""points"": 293}, {""hasPlayed"": true, ""points"": 52}, {""hasPlayed"": true, ""points"": 56}, {""hasPlayed"": true, ""points"": 33}, {""hasPlayed"": true, ""points"": 21}]",András Schäfer,-91627.0
3364,40,Carl,Klaus,500000.0,117.0,4.0,4.0,3.0,22461.0,466.0,0,1,https://kickbase.b-cdn.net/pool/playersbig/3364.png,25.0,0,932.0,,"[{""hasPlayed"": true, ""points"": 154}, {""hasPlayed"": true, ""points"": 124}, {""hasPlayed"": true, ""points"": 85}, {""hasPlayed"": true, ""points"": 103}, {""hasPlayed"": false, ""points"": null}]",Carl Klaus,0.0
3419,40,Matheo,Raab,2097204.0,214.0,1.0,1.0,1.0,6311.0,214.0,0,1,https://kickbase.b-cdn.net/pool/playersbig/3419.png,31.0,1,102.0,,"[{""hasPlayed"": false, ""points"": null}, {""hasPlayed"": false, ""points"": null}, {""hasPlayed"": false, ""points"": null}, {""hasPlayed"": false, ""points"": null}, {""hasPlayed"": false, ""points"": null}]",Matheo Raab,-54056.0
3453,40,Derrick,Köhn,3215201.0,48.0,29.0,29.0,21.0,125830.0,1387.0,0,2,https://kickbase.b-cdn.net/pool/playersbig/3453.png,17.0,2,431.0,,"[{""hasPlayed"": false, ""points"": null}, {""hasPlayed"": true, ""points"": 60}, {""hasPlayed"": false, ""points"": null}, {""hasPlayed"": false, ""points"": null}, {""hasPlayed"": true, ""points"": 16}]",Derrick Köhn,-97318.0
4352,40,Stanley,Nsoki,3631665.0,55.0,13.0,13.0,10.0,54082.0,718.0,2,2,https://kickbase.b-cdn.net/pool/playersbig/4352.png,34.0,1,197.0,,"[{""hasPlayed"": false, ""points"": null}, {""hasPlayed"": false, ""points"": null}, {""hasPlayed"": true, ""points"": 52}, {""hasPlayed"": false, ""points"": null}, {""hasPlayed"": false, ""points"": null}]",Stanley Nsoki,247619.0
4446,40,Aljoscha,Kemlein,6902787.0,48.0,30.0,30.0,23.0,129466.0,1437.0,0,3,https://kickbase.b-cdn.net/pool/playersbig/4446.png,6.0,1,208.0,,"[{""hasPlayed"": true, ""points"": 109}, {""hasPlayed"": true, ""points"": 175}, {""hasPlayed"": true, ""points"": 67}, {""hasPlayed"": true, ""points"": 3}, {""hasPlayed"": true, ""points"": 34}]",Aljoscha Kemlein,213055.0
4598,40,Josip,Juranović,4684557.0,50.0,11.0,11.0,3.0,23550.0,554.0,0,2,https://kickbase.b-cdn.net/pool/playersbig/4598.png,18.0,2,118.0,,"[{""hasPlayed"": true, ""points"": 62}, {""hasPlayed"": true, ""points"": 119}, {""hasPlayed"": true, ""points"": 25}, {""hasPlayed"": true, ""points"": 65}, {""hasPlayed"": false, ""points"": null}]",Josip Juranović,-156787.0
6750,40,Ilyas,Ansah,9777172.0,40.0,33.0,33.0,23.0,125016.0,1305.0,0,4,https://kickbase.b-cdn.net/pool/playersbig/6750.png,10.0,1,133.0,,"[{""hasPlayed"": true, ""points"": 80}, {""hasPlayed"": true, ""points"": 61}, {""hasPlayed"": true, ""points"": -8}, {""hasPlayed"": true, ""points"": -11}, {""hasPlayed"": true, ""points"": 21}]",Ilyas Ansah,169776.0
7723,40,Leopold,Querfeld,13120107.0,90.0,31.0,31.0,30.0,181108.0,2789.0,0,2,https://kickbase.b-cdn.net/pool/playersbig/7723.png,14.0,1,212.0,,"[{""hasPlayed"": true, ""points"": 53}, {""hasPlayed"": false, ""points"": null}, {""hasPlayed"": false, ""points"": null}, {""hasPlayed"": true, ""points"": 38}, {""hasPlayed"": true, ""points"": 90}]",Leopold Querfeld,86928.0
8381,40,Livan,Burcu,6823950.0,28.0,18.0,18.0,6.0,45477.0,504.0,0,3,https://kickbase.b-cdn.net/pool/playersbig/8381.png,9.0,1,73.0,,"[{""hasPlayed"": true, ""points"": 139}, {""hasPlayed"": true, ""points"": 35}, {""hasPlayed"": true, ""points"": 109}, {""hasPlayed"": true, ""points"": -6}, {""hasPlayed"": true, ""points"": -11}]",Livan Burcu,125862.0
9683,40,Andrej,Ilic,9377483.0,69.0,32.0,32.0,24.0,151642.0,2204.0,2,4,https://kickbase.b-cdn.net/pool/playersbig/9683.png,23.0,1,235.0,,"[{""hasPlayed"": true, ""points"": 271}, {""hasPlayed"": true, ""points"": 255}, {""hasPlayed"": true, ""points"": 35}, {""hasPlayed"": true, ""points"": 24}, {""hasPlayed"": true, ""points"": 115}]",Andrej Ilic,135816.0
12763,40,Emmanuel,Latte Lath,6768292.0,,,,,,,0,4,https://kickbase.b-cdn.net/pool/playersbig/12763.png,0.0,1,,,"[{""hasPlayed"": false, ""points"": null}, {""hasPlayed"": false, ""points"": null}, {""hasPlayed"": false, ""points"": null}, {""hasPlayed"": false, ""points"": null}, {""hasPlayed"": false, ""points"": null}]",Emmanuel Latte Lath,26956.0
13629,40,Linus,Güther,500000.0,-31.0,1.0,1.0,0.0,849.0,-31.0,0,3,https://kickbase.b-cdn.net/pool/playersbig/13629.png,49.0,0,,,"[{""hasPlayed"": false, ""points"": null}, {""hasPlayed"": false, ""points"": null}, {""hasPlayed"": false, ""points"": null}, {""hasPlayed"": false, ""points"": null}, {""hasPlayed"": false, ""points"": null}]",Linus Güther,0.0
14917,40,Zeno,Van den Bosch,12087440.0,,,,,,,0,2,https://kickbase.b-cdn.net/pool/playersbig/14917.png,4.0,1,,,"[{""hasPlayed"": false, ""points"": null}, {""hasPlayed"": false, ""points"": null}, {""hasPlayed"": false, ""points"": null}, {""hasPlayed"": false, ""points"": null}, {""hasPlayed"": false, ""points"": null}]",Zeno Van den Bosch,139747.0
357,4,Jens,Grahl,500000.0,,,,,,,0,1,https://kickbase.b-cdn.net/pool/playersbig/357.png,33.0,0,,,"[{""hasPlayed"": false, ""points"": null}, {""hasPlayed"": false, ""points"": null}, {""hasPlayed"": false, ""points"": null}, {""hasPlayed"": false, ""points"": null}, {""hasPlayed"": false, ""points"": null}]",Jens Grahl,0.0
461,4,Timothy,Chandler,500000.0,31.0,1.0,1.0,0.0,932.0,31.0,2,2,https://kickbase.b-cdn.net/pool/playersbig/461.png,22.0,0,62.0,,"[{""hasPlayed"": true, ""points"": 31}, {""hasPlayed"": false, ""points"": null}, {""hasPlayed"": false, ""points"": null}, {""hasPlayed"": false, ""points"": null}, {""hasPlayed"": false, ""points"": null}]",Timothy Chandler,0.0
513,4,Mario,Götze,3890718.0,33.0,21.0,21.0,8.0,60719.0,696.0,0,3,https://kickbase.b-cdn.net/pool/playersbig/513.png,27.0,1,178.0,,"[{""hasPlayed"": true, ""points"": 38}, {""hasPlayed"": true, ""points"": -1}, {""hasPlayed"": false, ""points"": null}, {""hasPlayed"": false, ""points"": null}, {""hasPlayed"": false, ""points"": null}]",Mario Götze,249449.0
1655,4,Michael,Zetterer,7109109.0,94.0,22.0,22.0,21.0,131394.0,2075.0,0,1,https://kickbase.b-cdn.net/pool/playersbig/1655.png,23.0,2,291.0,,"[{""hasPlayed"": true, ""points"": 133}, {""hasPlayed"": true, ""points"": 105}, {""hasPlayed"": true, ""points"": 66}, {""hasPlayed"": true, ""points"": 95}, {""hasPlayed"": true, ""points"": 47}]",Michael Zetterer,-252576.0
2144,4,Robin,Koch,22682813.0,107.0,32.0,32.0,32.0,188534.0,3419.0,0,2,https://kickbase.b-cdn.net/pool/playersbig/2144.png,4.0,1,150.0,,"[{""hasPlayed"": true, ""points"": 94}, {""hasPlayed"": true, ""points"": 42}, {""hasPlayed"": true, ""points"": 81}, {""hasPlayed"": true, ""points"": 108}, {""hasPlayed"": true, ""points"": 89}]",Robin Koch,156219.0
2190,4,Michy,Batshuayi,1994121.0,17.0,6.0,6.0,1.0,10960.0,104.0,0,4,https://kickbase.b-cdn.net/pool/playersbig/2190.png,30.0,1,52.0,,"[{""hasPlayed"": false, ""points"": null}, {""hasPlayed"": false, ""points"": null}, {""hasPlayed"": false, ""points"": null}, {""hasPlayed"": false, ""points"": null}, {""hasPlayed"": false, ""points"": null}]",Michy Batshuayi,291003.0
2255,4,Jonathan,Burkardt,25536453.0,87.0,22.0,22.0,15.0,87110.0,1912.0,0,4,https://kickbase.b-cdn.net/pool/playersbig/2255.png,9.0,1,74.0,,"[{""hasPlayed"": true, ""points"": 227}, {""hasPlayed"": true, ""points"": 95}, {""hasPlayed"": true, ""points"": 63}, {""hasPlayed"": true, ""points"": -14}, {""hasPlayed"": true, ""points"": -6}]",Jonathan Burkardt,98046.0
2718,4,Ellyes,Skhiri,3695161.0,41.0,25.0,25.0,16.0,96669.0,1030.0,0,3,https://kickbase.b-cdn.net/pool/playersbig/2718.png,15.0,2,278.0,,"[{""hasPlayed"": true, ""points"": 87}, {""hasPlayed"": true, ""points"": 35}, {""hasPlayed"": true, ""points"": 37}, {""hasPlayed"": true, ""points"": 113}, {""hasPlayed"": true, ""points"": 2}]",Ellyes Skhiri,-130213.0
2863,4,Ansgar,Knauff,4777520.0,46.0,28.0,28.0,12.0,88199.0,1284.0,0,3,https://kickbase.b-cdn.net/pool/playersbig/2863.png,7.0,2,268.0,,"[{""hasPlayed"": true, ""points"": 27}, {""hasPlayed"": true, ""points"": 14}, {""hasPlayed"": true, ""points"": 38}, {""hasPlayed"": true, ""points"": 25}, {""hasPlayed"": true, ""points"": 8}]",Ansgar Knauff,-92736.0
2864,4,Nnamdi,Collins,12959936.0,71.0,23.0,23.0,16.0,101407.0,1622.0,2,2,https://kickbase.b-cdn.net/pool/playersbig/2864.png,34.0,1,125.0,,"[{""hasPlayed"": false, ""points"": null}, {""hasPlayed"": false, ""points"": null}, {""hasPlayed"": false, ""points"": null}, {""hasPlayed"": false, ""points"": null}, {""hasPlayed"": false, ""points"": null}]",Nnamdi Collins,159812.0
2887,4,Ritsu,Dōan,19790637.0,90.0,31.0,31.0,28.0,154093.0,2793.0,0,3,https://kickbase.b-cdn.net/pool/playersbig/2887.png,20.0,1,141.0,,"[{""hasPlayed"": true, ""points"": 89}, {""hasPlayed"": true, ""points"": 18}, {""hasPlayed"": false, ""points"": null}, {""hasPlayed"": true, ""points"": 138}, {""hasPlayed"": false, ""points"": null}]",Ritsu Dōan,175967.0
6081,4,Can,Uzun,26965494.0,106.0,21.0,21.0,15.0,76576.0,2232.0,0,3,https://kickbase.b-cdn.net/pool/playersbig/6081.png,42.0,1,82.0,,"[{""hasPlayed"": true, ""points"": 31}, {""hasPlayed"": true, ""points"": 143}, {""hasPlayed"": true, ""points"": 218}, {""hasPlayed"": true, ""points"": 220}, {""hasPlayed"": true, ""points"": 9}]",Can Uzun,81854.0
6183,4,Noel,Futkeu,9450497.0,,,,,,,0,4,https://kickbase.b-cdn.net/pool/playersbig/6183.png,0.0,2,,,"[{""hasPlayed"": false, ""points"": null}, {""hasPlayed"": false, ""points"": null}, {""hasPlayed"": false, ""points"": null}, {""hasPlayed"": false, ""points"": null}, {""hasPlayed"": false, ""points"": null}]",Noel Futkeu,-609634.0
6185,4,Hugo,Larsson,11689966.0,71.0,25.0,25.0,21.0,117957.0,1779.0,0,3,https://kickbase.b-cdn.net/pool/playersbig/6185.png,16.0,1,152.0,,"[{""hasPlayed"": false, ""points"": null}, {""hasPlayed"": false, ""points"": null}, {""hasPlayed"": true, ""points"": 60}, {""hasPlayed"": true, ""points"": 166}, {""hasPlayed"": true, ""points"": 115}]",Hugo Larsson,15990.0
7275,4,,Santos,9268549.0,65.0,13.0,13.0,13.0,72952.0,849.0,0,1,https://kickbase.b-cdn.net/pool/playersbig/7275.png,40.0,1,91.0,,"[{""hasPlayed"": false, ""points"": null}, {""hasPlayed"": false, ""points"": null}, {""hasPlayed"": false, ""points"": null}, {""hasPlayed"": false, ""points"": null}, {""hasPlayed"": false, ""points"": null}]",Santos,140622.0
7277,4,Farès,Chaïbi,12616859.0,83.0,28.0,28.0,21.0,118583.0,2334.0,0,3,https://kickbase.b-cdn.net/pool/playersbig/7277.png,8.0,1,184.0,,"[{""hasPlayed"": true, ""points"": 52}, {""hasPlayed"": true, ""points"": 11}, {""hasPlayed"": true, ""points"": 26}, {""hasPlayed"": true, ""points"": 1}, {""hasPlayed"": true, ""points"": 58}]",Farès Chaïbi,964.0
7325,4,Elias,Baum,8235401.0,6.0,5.0,5.0,0.0,6016.0,32.0,0,2,https://kickbase.b-cdn.net/pool/playersbig/7325.png,2.0,1,3.0,,"[{""hasPlayed"": false, ""points"": null}, {""hasPlayed"": false, ""points"": null}, {""hasPlayed"": false, ""points"": null}, {""hasPlayed"": false, ""points"": null}, {""hasPlayed"": true, ""points"": -10}]",Elias Baum,258640.0
7417,4,Noël,Aséko,10404877.0,,,,,,,2,3,https://kickbase.b-cdn.net/pool/playersbig/7417.png,0.0,1,,,"[{""hasPlayed"": false, ""points"": null}, {""hasPlayed"": false, ""points"": null}, {""hasPlayed"": false, ""points"": null}, {""hasPlayed"": false, ""points"": null}, {""hasPlayed"": false, ""points"": null}]",Noël Aséko,184975.0
7491,4,Jean-Mattéo,Bahoya,10553294.0,64.0,27.0,27.0,15.0,89358.0,1718.0,0,4,https://kickbase.b-cdn.net/pool/playersbig/7491.png,19.0,1,162.0,,"[{""hasPlayed"": true, ""points"": 12}, {""hasPlayed"": true, ""points"": 37}, {""hasPlayed"": true, ""points"": 12}, {""hasPlayed"": false, ""points"": null}, {""hasPlayed"": false, ""points"": null}]",Jean-Mattéo Bahoya,28349.0
8057,4,Arthur,Theate,15300090.0,93.0,24.0,24.0,24.0,142350.0,2226.0,0,2,https://kickbase.b-cdn.net/pool/playersbig/8057.png,3.0,1,145.0,,"[{""hasPlayed"": false, ""points"": null}, {""hasPlayed"": true, ""points"": 23}, {""hasPlayed"": false, ""points"": null}, {""hasPlayed"": false, ""points"": null}, {""hasPlayed"": true, ""points"": 67}]",Arthur Theate,16509.0
8351,4,Oscar,Højlund,4163099.0,32.0,24.0,24.0,12.0,72520.0,772.0,0,3,https://kickbase.b-cdn.net/pool/playersbig/8351.png,6.0,2,185.0,,"[{""hasPlayed"": false, ""points"": null}, {""hasPlayed"": false, ""points"": null}, {""hasPlayed"": true, ""points"": -1}, {""hasPlayed"": true, ""points"": 79}, {""hasPlayed"": true, ""points"": 32}]",Oscar Højlund,-113972.0
10004,4,Younes,Ebnoutalib,9792107.0,25.0,5.0,5.0,2.0,10174.0,126.0,0,4,https://kickbase.b-cdn.net/pool/playersbig/10004.png,11.0,2,12.0,,"[{""hasPlayed"": false, ""points"": null}, {""hasPlayed"": false, ""points"": null}, {""hasPlayed"": true, ""points"": -2}, {""hasPlayed"": false, ""points"": null}, {""hasPlayed"": false, ""points"": null}]",Younes Ebnoutalib,-177169.0
12284,4,Keita,Kosugi,4991672.0,,,,,,,0,2,https://kickbase.b-cdn.net/pool/playersbig/12284.png,26.0,1,,,"[{""hasPlayed"": false, ""points"": null}, {""hasPlayed"": false, ""points"": null}, {""hasPlayed"": false, ""points"": null}, {""hasPlayed"": false, ""points"": null}, {""hasPlayed"": false, ""points"": null}]",Keita Kosugi,319696.0
12285,4,Love,Arrhov,5118788.0,14.0,5.0,5.0,1.0,5265.0,70.0,0,3,https://kickbase.b-cdn.net/pool/playersbig/12285.png,31.0,1,13.0,,"[{""hasPlayed"": false, ""points"": null}, {""hasPlayed"": false, ""points"": null}, {""hasPlayed"": false, ""points"": null}, {""hasPlayed"": true, ""points"": 19}, {""hasPlayed"": false, ""points"": null}]",Love Arrhov,176631.0
12294,4,Ayoube,Amaimouni,4764195.0,40.0,17.0,17.0,6.0,40230.0,679.0,0,3,https://kickbase.b-cdn.net/pool/playersbig/12294.png,29.0,2,142.0,,"[{""hasPlayed"": false, ""points"": null}, {""hasPlayed"": true, ""points"": 1}, {""hasPlayed"": true, ""points"": -6}, {""hasPlayed"": true, ""points"": 44}, {""hasPlayed"": true, ""points"": 79}]",Ayoube Amaimouni,-331607.0
14920,4,Malik,Pimpong,6562215.0,,,,,,,0,4,https://kickbase.b-cdn.net/pool/playersbig/14920.png,35.0,2,,,"[{""hasPlayed"": false, ""points"": null}, {""hasPlayed"": false, ""points"": null}, {""hasPlayed"": false, ""points"": null}, {""hasPlayed"": false, ""points"": null}, {""hasPlayed"": false, ""points"": null}]",Malik Pimpong,-402303.0
15589,4,,Galdino Fernandes,5206977.0,,,,,,,0,2,https://kickbase.b-cdn.net/pool/playersbig/15589.png,5.0,1,,,"[{""hasPlayed"": false, ""points"": null}, {""hasPlayed"": false, ""points"": null}, {""hasPlayed"": false, ""points"": null}, {""hasPlayed"": false, ""points"": null}, {""hasPlayed"": false, ""points"": null}]",Galdino Fernandes,373116.0
16369,4,Raphael,Onyedika,11875848.0,,,,,,,0,3,https://kickbase.b-cdn.net/pool/playersbig/16369.png,25.0,1,,,"[{""hasPlayed"": false, ""points"": null}, {""hasPlayed"": false, ""points"": null}, {""hasPlayed"": false, ""points"": null}, {""hasPlayed"": false, ""points"": null}, {""hasPlayed"": false, ""points"": null}]",Raphael Onyedika,171549.0
60,18,Dominik,Kohr,7595280.0,71.0,29.0,29.0,28.0,153973.0,2070.0,0,2,https://kickbase.b-cdn.net/pool/playersbig/60.png,31.0,1,272.0,,"[{""hasPlayed"": true, ""points"": 146}, {""hasPlayed"": true, ""points"": 17}, {""hasPlayed"": true, ""points"": 24}, {""hasPlayed"": true, ""points"": 148}, {""hasPlayed"": true, ""points"": 112}]",Dominik Kohr,141437.0
550,18,Stefan,Bell,3302469.0,73.0,18.0,18.0,13.0,69705.0,1313.0,0,2,https://kickbase.b-cdn.net/pool/playersbig/550.png,16.0,2,397.0,,"[{""hasPlayed"": false, ""points"": null}, {""hasPlayed"": false, ""points"": null}, {""hasPlayed"": false, ""points"": null}, {""hasPlayed"": false, ""points"": null}, {""hasPlayed"": false, ""points"": null}]",Stefan Bell,-110445.0
620,18,Alexander,Schwolow,2861697.0,,,,,,,0,1,https://kickbase.b-cdn.net/pool/playersbig/620.png,0.0,1,,,"[{""hasPlayed"": false, ""points"": null}, {""hasPlayed"": false, ""points"": null}, {""hasPlayed"": false, ""points"": null}, {""hasPlayed"": false, ""points"": null}, {""hasPlayed"": false, ""points"": null}]",Alexander Schwolow,322975.0
1540,18,Danny,Da Costa,7812163.0,73.0,34.0,34.0,30.0,178678.0,2498.0,0,2,https://kickbase.b-cdn.net/pool/playersbig/1540.png,21.0,1,319.0,,"[{""hasPlayed"": true, ""points"": 72}, {""hasPlayed"": true, ""points"": -4}, {""hasPlayed"": true, ""points"": 91}, {""hasPlayed"": true, ""points"": 38}, {""hasPlayed"": true, ""points"": 86}]",Danny Da Costa,139140.0
1590,18,Robin,Zentner,11827397.0,73.0,10.0,10.0,10.0,59055.0,728.0,0,1,https://kickbase.b-cdn.net/pool/playersbig/1590.png,27.0,1,61.0,,"[{""hasPlayed"": false, ""points"": null}, {""hasPlayed"": true, ""points"": 96}, {""hasPlayed"": false, ""points"": null}, {""hasPlayed"": false, ""points"": null}, {""hasPlayed"": false, ""points"": null}]",Robin Zentner,146001.0
1639,18,Nadiem,Amiri,32223555.0,134.0,26.0,26.0,24.0,136794.0,3493.0,0,3,https://kickbase.b-cdn.net/pool/playersbig/1639.png,10.0,1,108.0,,"[{""hasPlayed"": true, ""points"": 254}, {""hasPlayed"": true, ""points"": 98}, {""hasPlayed"": true, ""points"": 168}, {""hasPlayed"": true, ""points"": 93}, {""hasPlayed"": true, ""points"": 229}]",Nadiem Amiri,108443.0
2030,18,Phillip,Tietz,11098607.0,56.0,29.0,29.0,19.0,120672.0,1612.0,0,4,https://kickbase.b-cdn.net/pool/playersbig/2030.png,20.0,1,145.0,,"[{""hasPlayed"": true, ""points"": 240}, {""hasPlayed"": true, ""points"": 30}, {""hasPlayed"": true, ""points"": 198}, {""hasPlayed"": true, ""points"": 35}, {""hasPlayed"": true, ""points"": 49}]",Phillip Tietz,161058.0
2232,18,Philipp,Mwene,8030355.0,49.0,29.0,29.0,24.0,136771.0,1428.0,0,2,https://kickbase.b-cdn.net/pool/playersbig/2232.png,2.0,1,177.0,,"[{""hasPlayed"": true, ""points"": 181}, {""hasPlayed"": true, ""points"": 41}, {""hasPlayed"": true, ""points"": 233}, {""hasPlayed"": true, ""points"": 16}, {""hasPlayed"": true, ""points"": 57}]",Philipp Mwene,193088.0
2399,18,Lennard,Maloney,2835537.0,16.0,21.0,21.0,4.0,36109.0,339.0,0,3,https://kickbase.b-cdn.net/pool/playersbig/2399.png,15.0,2,119.0,,"[{""hasPlayed"": true, ""points"": 23}, {""hasPlayed"": false, ""points"": null}, {""hasPlayed"": true, ""points"": 16}, {""hasPlayed"": true, ""points"": 9}, {""hasPlayed"": false, ""points"": null}]",Lennard Maloney,-207815.0
2476,18,Jae-Sung,Lee,7647600.0,65.0,28.0,28.0,26.0,141332.0,1824.0,0,3,https://kickbase.b-cdn.net/pool/playersbig/2476.png,7.0,1,238.0,,"[{""hasPlayed"": true, ""points"": 43}, {""hasPlayed"": true, ""points"": -22}, {""hasPlayed"": false, ""points"": null}, {""hasPlayed"": false, ""points"": null}, {""hasPlayed"": false, ""points"": null}]",Jae-Sung Lee,185823.0
2646,18,Sheraldo,Becker,12282196.0,76.0,14.0,14.0,11.0,61084.0,1065.0,0,4,https://kickbase.b-cdn.net/pool/playersbig/2646.png,23.0,1,86.0,,"[{""hasPlayed"": true, ""points"": 115}, {""hasPlayed"": true, ""points"": 114}, {""hasPlayed"": true, ""points"": 120}, {""hasPlayed"": true, ""points"": 136}, {""hasPlayed"": true, ""points"": 20}]",Sheraldo Becker,155679.0
2702,18,Eric,Martel,7568781.0,77.0,31.0,31.0,30.0,170710.0,2378.0,1,3,https://kickbase.b-cdn.net/pool/playersbig/2702.png,5.0,2,314.0,,"[{""hasPlayed"": true, ""points"": 43}, {""hasPlayed"": false, ""points"": null}, {""hasPlayed"": true, ""points"": 73}, {""hasPlayed"": true, ""points"": 13}, {""hasPlayed"": true, ""points"": 115}]",Eric Martel,-362250.0
2822,18,,Silas,829284.0,30.0,8.0,8.0,4.0,22414.0,241.0,1,4,https://kickbase.b-cdn.net/pool/playersbig/2822.png,26.0,2,290.0,,"[{""hasPlayed"": false, ""points"": null}, {""hasPlayed"": false, ""points"": null}, {""hasPlayed"": false, ""points"": null}, {""hasPlayed"": false, ""points"": null}, {""hasPlayed"": false, ""points"": null}]",Silas,-135481.0
2895,18,Paul,Nebel,10335697.0,67.0,30.0,30.0,24.0,136191.0,2011.0,1,3,https://kickbase.b-cdn.net/pool/playersbig/2895.png,8.0,2,194.0,,"[{""hasPlayed"": true, ""points"": 99}, {""hasPlayed"": true, ""points"": 95}, {""hasPlayed"": true, ""points"": 83}, {""hasPlayed"": true, ""points"": 115}, {""hasPlayed"": true, ""points"": 89}]",Paul Nebel,-621500.0
3041,18,Silvan Dominic,Widmer,3622584.0,54.0,27.0,27.0,22.0,117652.0,1463.0,0,2,https://kickbase.b-cdn.net/pool/playersbig/3041.png,30.0,2,403.0,,"[{""hasPlayed"": true, ""points"": 84}, {""hasPlayed"": false, ""points"": null}, {""hasPlayed"": true, ""points"": 147}, {""hasPlayed"": true, ""points"": 51}, {""hasPlayed"": true, ""points"": 26}]",Silvan Dominic Widmer,-103367.0
3318,18,Ransford,Königsdörffer,6223070.0,45.0,33.0,33.0,29.0,149854.0,1498.0,0,4,https://kickbase.b-cdn.net/pool/playersbig/3318.png,0.0,2,240.0,,"[{""hasPlayed"": false, ""points"": null}, {""hasPlayed"": true, ""points"": 61}, {""hasPlayed"": true, ""points"": 53}, {""hasPlayed"": true, ""points"": 63}, {""hasPlayed"": true, ""points"": 0}]",Ransford Königsdörffer,-238268.0
3470,18,Anthony,Caci,6924660.0,54.0,10.0,10.0,6.0,35021.0,535.0,0,2,https://kickbase.b-cdn.net/pool/playersbig/3470.png,19.0,1,77.0,,"[{""hasPlayed"": true, ""points"": 28}, {""hasPlayed"": true, ""points"": 56}, {""hasPlayed"": true, ""points"": 25}, {""hasPlayed"": true, ""points"": -1}, {""hasPlayed"": true, ""points"": 112}]",Anthony Caci,193582.0
4576,18,Andreas,Hanche-Olsen,5176564.0,57.0,13.0,13.0,8.0,56559.0,736.0,0,2,https://kickbase.b-cdn.net/pool/playersbig/4576.png,25.0,1,142.0,,"[{""hasPlayed"": false, ""points"": null}, {""hasPlayed"": false, ""points"": null}, {""hasPlayed"": false, ""points"": null}, {""hasPlayed"": false, ""points"": null}, {""hasPlayed"": false, ""points"": null}]",Andreas Hanche-Olsen,53691.0
6111,18,Benedict,Hollerbach,3907571.0,36.0,14.0,14.0,13.0,55268.0,500.0,2,4,https://kickbase.b-cdn.net/pool/playersbig/6111.png,17.0,1,127.0,,"[{""hasPlayed"": false, ""points"": null}, {""hasPlayed"": false, ""points"": null}, {""hasPlayed"": false, ""points"": null}, {""hasPlayed"": false, ""points"": null}, {""hasPlayed"": false, ""points"": null}]",Benedict Hollerbach,281475.0
8307,18,Kaishu,Sano,13640541.0,83.0,34.0,34.0,34.0,203515.0,2817.0,0,3,https://kickbase.b-cdn.net/pool/playersbig/8307.png,6.0,1,206.0,,"[{""hasPlayed"": true, ""points"": 115}, {""hasPlayed"": true, ""points"": 55}, {""hasPlayed"": true, ""points"": 88}, {""hasPlayed"": true, ""points"": 149}, {""hasPlayed"": true, ""points"": 90}]",Kaishu Sano,130050.0
10122,18,Fabio,Gruber,12102082.0,,,,,,,0,2,https://kickbase.b-cdn.net/pool/playersbig/10122.png,3.0,1,,,"[{""hasPlayed"": false, ""points"": null}, {""hasPlayed"": false, ""points"": null}, {""hasPlayed"": false, ""points"": null}, {""hasPlayed"": false, ""points"": null}, {""hasPlayed"": false, ""points"": null}]",Fabio Gruber,202053.0
11261,18,Sota,Kawasaki,4038020.0,15.0,10.0,10.0,3.0,21929.0,146.0,0,3,https://kickbase.b-cdn.net/pool/playersbig/11261.png,24.0,1,36.0,,"[{""hasPlayed"": false, ""points"": null}, {""hasPlayed"": false, ""points"": null}, {""hasPlayed"": false, ""points"": null}, {""hasPlayed"": false, ""points"": null}, {""hasPlayed"": false, ""points"": null}]",Sota Kawasaki,249884.0
11665,18,Kacper,Potulski,7905931.0,80.0,15.0,15.0,9.0,71592.0,1206.0,0,2,https://kickbase.b-cdn.net/pool/playersbig/11665.png,48.0,1,152.0,,"[{""hasPlayed"": true, ""points"": 160}, {""hasPlayed"": true, ""points"": 31}, {""hasPlayed"": true, ""points"": 87}, {""hasPlayed"": false, ""points"": null}, {""hasPlayed"": false, ""points"": null}]",Kacper Potulski,137877.0
11954,18,William,Bøving,4080472.0,16.0,9.0,9.0,2.0,16311.0,145.0,0,3,https://kickbase.b-cdn.net/pool/playersbig/11954.png,14.0,1,35.0,,"[{""hasPlayed"": false, ""points"": null}, {""hasPlayed"": false, ""points"": null}, {""hasPlayed"": false, ""points"": null}, {""hasPlayed"": true, ""points"": -4}, {""hasPlayed"": true, ""points"": 24}]",William Bøving,270735.0
13438,18,Otto,Ruoppi,5256645.0,,,,,,,0,3,https://kickbase.b-cdn.net/pool/playersbig/13438.png,0.0,2,,,"[{""hasPlayed"": false, ""points"": null}, {""hasPlayed"": false, ""points"": null}, {""hasPlayed"": false, ""points"": null}, {""hasPlayed"": false, ""points"": null}, {""hasPlayed"": false, ""points"": null}]",Otto Ruoppi,-537895.0
168,29,Sven,Michel,3630848.0,,,,,,,1,4,https://kickbase.b-cdn.net/pool/playersbig/168.png,11.0,2,,,"[{""hasPlayed"": false, ""points"": null}, {""hasPlayed"": false, ""points"": null}, {""hasPlayed"": false, ""points"": null}, {""hasPlayed"": false, ""points"": null}, {""hasPlayed"": false, ""points"": null}]",Sven Michel,-161113.0
1964,29,Felix,Götze,7007760.0,,,,,,,0,2,https://kickbase.b-cdn.net/pool/playersbig/1964.png,20.0,1,,,"[{""hasPlayed"": false, ""points"": null}, {""hasPlayed"": false, ""points"": null}, {""hasPlayed"": false, ""points"": null}, {""hasPlayed"": false, ""points"": null}, {""hasPlayed"": false, ""points"": null}]",Felix Götze,203756.0
2015,29,Raphael,Obermair,8769064.0,,,,,,,0,3,https://kickbase.b-cdn.net/pool/playersbig/2015.png,23.0,1,,,"[{""hasPlayed"": false, ""points"": null}, {""hasPlayed"": false, ""points"": null}, {""hasPlayed"": false, ""points"": null}, {""hasPlayed"": false, ""points"": null}, {""hasPlayed"": false, ""points"": null}]",Raphael Obermair,216666.0
2301,29,Oliver,Batista Meier,5794539.0,,,,,,,0,3,https://kickbase.b-cdn.net/pool/playersbig/2301.png,0.0,2,,,"[{""hasPlayed"": false, ""points"": null}, {""hasPlayed"": false, ""points"": null}, {""hasPlayed"": false, ""points"": null}, {""hasPlayed"": false, ""points"": null}, {""hasPlayed"": false, ""points"": null}]",Oliver Batista Meier,-281966.0
2471,29,Markus,Schubert,4220672.0,,,,,,,0,1,https://kickbase.b-cdn.net/pool/playersbig/2471.png,1.0,1,,,"[{""hasPlayed"": false, ""points"": null}, {""hasPlayed"": false, ""points"": null}, {""hasPlayed"": false, ""points"": null}, {""hasPlayed"": false, ""points"": null}, {""hasPlayed"": false, ""points"": null}]",Markus Schubert,251788.0
2498,29,Tom,Baack,5346955.0,,,,,,,0,3,https://kickbase.b-cdn.net/pool/playersbig/2498.png,6.0,1,,,"[{""hasPlayed"": false, ""points"": null}, {""hasPlayed"": false, ""points"": null}, {""hasPlayed"": false, ""points"": null}, {""hasPlayed"": false, ""points"": null}, {""hasPlayed"": false, ""points"": null}]",Tom Baack,230909.0
2749,29,Steffen,Tigges,874475.0,,,,,,,0,4,https://kickbase.b-cdn.net/pool/playersbig/2749.png,27.0,2,,,"[{""hasPlayed"": false, ""points"": null}, {""hasPlayed"": false, ""points"": null}, {""hasPlayed"": false, ""points"": null}, {""hasPlayed"": false, ""points"": null}, {""hasPlayed"": false, ""points"": null}]",Steffen Tigges,-97366.0
2977,29,Nahuel,Noll,11417723.0,,,,,,,0,1,https://kickbase.b-cdn.net/pool/playersbig/2977.png,15.0,1,,,"[{""hasPlayed"": false, ""points"": null}, {""hasPlayed"": false, ""points"": null}, {""hasPlayed"": false, ""points"": null}, {""hasPlayed"": false, ""points"": null}, {""hasPlayed"": false, ""points"": null}]",Nahuel Noll,139494.0
3336,29,Stefano,Marino,8067059.0,,,,,,,0,4,https://kickbase.b-cdn.net/pool/playersbig/3336.png,30.0,1,,,"[{""hasPlayed"": false, ""points"": null}, {""hasPlayed"": false, ""points"": null}, {""hasPlayed"": false, ""points"": null}, {""hasPlayed"": false, ""points"": null}, {""hasPlayed"": false, ""points"": null}]",Stefano Marino,177856.0
3491,29,Sebastian,Klaas,500000.0,,,,,,,1,3,https://kickbase.b-cdn.net/pool/playersbig/3491.png,26.0,0,,,"[{""hasPlayed"": false, ""points"": null}, {""hasPlayed"": false, ""points"": null}, {""hasPlayed"": false, ""points"": null}, {""hasPlayed"": false, ""points"": null}, {""hasPlayed"": false, ""points"": null}]",Sebastian Klaas,0.0
3492,29,Marcel,Hoffmeier,6370689.0,,,,,,,0,2,https://kickbase.b-cdn.net/pool/playersbig/3492.png,33.0,1,,,"[{""hasPlayed"": false, ""points"": null}, {""hasPlayed"": false, ""points"": null}, {""hasPlayed"": false, ""points"": null}, {""hasPlayed"": false, ""points"": null}, {""hasPlayed"": false, ""points"": null}]",Marcel Hoffmeier,90659.0
6197,29,Laurin,Curda,11520866.0,,,,,,,0,2,https://kickbase.b-cdn.net/pool/playersbig/6197.png,17.0,1,,,"[{""hasPlayed"": false, ""points"": null}, {""hasPlayed"": false, ""points"": null}, {""hasPlayed"": false, ""points"": null}, {""hasPlayed"": false, ""points"": null}, {""hasPlayed"": false, ""points"": null}]",Laurin Curda,59929.0
6290,29,Nick,Bätzner,3626557.0,,,,,,,2,3,https://kickbase.b-cdn.net/pool/playersbig/6290.png,9.0,1,,,"[{""hasPlayed"": false, ""points"": null}, {""hasPlayed"": false, ""points"": null}, {""hasPlayed"": false, ""points"": null}, {""hasPlayed"": false, ""points"": null}, {""hasPlayed"": false, ""points"": null}]",Nick Bätzner,97504.0
6292,29,Mattes,Hansen,3187265.0,,,,,,,2,2,https://kickbase.b-cdn.net/pool/playersbig/6292.png,22.0,1,,,"[{""hasPlayed"": false, ""points"": null}, {""hasPlayed"": false, ""points"": null}, {""hasPlayed"": false, ""points"": null}, {""hasPlayed"": false, ""points"": null}, {""hasPlayed"": false, ""points"": null}]",Mattes Hansen,299780.0
6751,29,Florian,Pruhs,2209659.0,,,,,,,0,1,https://kickbase.b-cdn.net/pool/playersbig/6751.png,31.0,1,,,"[{""hasPlayed"": false, ""points"": null}, {""hasPlayed"": false, ""points"": null}, {""hasPlayed"": false, ""points"": null}, {""hasPlayed"": false, ""points"": null}, {""hasPlayed"": false, ""points"": null}]",Florian Pruhs,286526.0
7235,29,Mika,Baur,9251824.0,,,,,,,0,3,https://kickbase.b-cdn.net/pool/playersbig/7235.png,14.0,1,,,"[{""hasPlayed"": false, ""points"": null}, {""hasPlayed"": false, ""points"": null}, {""hasPlayed"": false, ""points"": null}, {""hasPlayed"": false, ""points"": null}, {""hasPlayed"": false, ""points"": null}]",Mika Baur,149086.0
7320,29,Tjark,Scheller,7452719.0,,,,,,,0,2,https://kickbase.b-cdn.net/pool/playersbig/7320.png,25.0,1,,,"[{""hasPlayed"": false, ""points"": null}, {""hasPlayed"": false, ""points"": null}, {""hasPlayed"": false, ""points"": null}, {""hasPlayed"": false, ""points"": null}, {""hasPlayed"": false, ""points"": null}]",Tjark Scheller,128640.0
7616,29,Jano,ter Horst,5487360.0,,,,,,,0,2,https://kickbase.b-cdn.net/pool/playersbig/7616.png,21.0,2,,,"[{""hasPlayed"": false, ""points"": null}, {""hasPlayed"": false, ""points"": null}, {""hasPlayed"": false, ""points"": null}, {""hasPlayed"": false, ""points"": null}, {""hasPlayed"": false, ""points"": null}]",Jano ter Horst,-475789.0
8292,29,Santiago,Castañeda,8765185.0,,,,,,,0,3,https://kickbase.b-cdn.net/pool/playersbig/8292.png,5.0,1,,,"[{""hasPlayed"": false, ""points"": null}, {""hasPlayed"": false, ""points"": null}, {""hasPlayed"": false, ""points"": null}, {""hasPlayed"": false, ""points"": null}, {""hasPlayed"": false, ""points"": null}]",Santiago Castañeda,191074.0
8872,29,Jonah,Sticker,3581986.0,,,,,,,0,2,https://kickbase.b-cdn.net/pool/playersbig/8872.png,3.0,1,,,"[{""hasPlayed"": false, ""points"": null}, {""hasPlayed"": false, ""points"": null}, {""hasPlayed"": false, ""points"": null}, {""hasPlayed"": false, ""points"": null}, {""hasPlayed"": false, ""points"": null}]",Jonah Sticker,306192.0
8984,29,Nyamekye,Awortwie-Grant,632179.0,,,,,,,1,2,https://kickbase.b-cdn.net/pool/playersbig/8984.png,4.0,2,,,"[{""hasPlayed"": false, ""points"": null}, {""hasPlayed"": false, ""points"": null}, {""hasPlayed"": false, ""points"": null}, {""hasPlayed"": false, ""points"": null}, {""hasPlayed"": false, ""points"": null}]",Nyamekye Awortwie-Grant,-189267.0
10048,29,Luka,Duric,5298651.0,-6.0,1.0,1.0,0.0,797.0,-6.0,0,3,https://kickbase.b-cdn.net/pool/playersbig/10048.png,8.0,1,,,"[{""hasPlayed"": false, ""points"": null}, {""hasPlayed"": false, ""points"": null}, {""hasPlayed"": false, ""points"": null}, {""hasPlayed"": false, ""points"": null}, {""hasPlayed"": false, ""points"": null}]",Luka Duric,239669.0
11170,29,Ruben,Müller,1954948.0,,,,,,,0,3,https://kickbase.b-cdn.net/pool/playersbig/11170.png,2.0,1,,,"[{""hasPlayed"": false, ""points"": null}, {""hasPlayed"": false, ""points"": null}, {""hasPlayed"": false, ""points"": null}, {""hasPlayed"": false, ""points"": null}, {""hasPlayed"": false, ""points"": null}]",Ruben Müller,297968.0
12262,29,Albert Frank,Millgramm,5699732.0,,,,,,,0,4,https://kickbase.b-cdn.net/pool/playersbig/12262.png,19.0,1,,,"[{""hasPlayed"": false, ""points"": null}, {""hasPlayed"": false, ""points"": null}, {""hasPlayed"": false, ""points"": null}, {""hasPlayed"": false, ""points"": null}, {""hasPlayed"": false, ""points"": null}]",Albert Frank Millgramm,269544.0
12296,29,Kennedy,Okpala,4016507.0,,,,,,,0,4,https://kickbase.b-cdn.net/pool/playersbig/12296.png,10.0,2,,,"[{""hasPlayed"": false, ""points"": null}, {""hasPlayed"": false, ""points"": null}, {""hasPlayed"": false, ""points"": null}, {""hasPlayed"": false, ""points"": null}, {""hasPlayed"": false, ""points"": null}]",Kennedy Okpala,-147755.0
14911,29,Clemens,Lippmann,3373391.0,,,,,,,0,2,https://kickbase.b-cdn.net/pool/playersbig/14911.png,29.0,2,,,"[{""hasPlayed"": false, ""points"": null}, {""hasPlayed"": false, ""points"": null}, {""hasPlayed"": false, ""points"": null}, {""hasPlayed"": false, ""points"": null}, {""hasPlayed"": false, ""points"": null}]",Clemens Lippmann,-156723.0
14914,29,Timur,Gayret,500000.0,,,,,,,1,3,https://kickbase.b-cdn.net/pool/playersbig/14914.png,44.0,0,,,"[{""hasPlayed"": false, ""points"": null}, {""hasPlayed"": false, ""points"": null}, {""hasPlayed"": false, ""points"": null}, {""hasPlayed"": false, ""points"": null}, {""hasPlayed"": false, ""points"": null}]",Timur Gayret,0.0
1225,43,Leopold,Zingerle,500000.0,,,,,,,0,1,https://kickbase.b-cdn.net/pool/playersbig/1225.png,25.0,0,,,"[{""hasPlayed"": false, ""points"": null}, {""hasPlayed"": false, ""points"": null}, {""hasPlayed"": false, ""points"": null}, {""hasPlayed"": false, ""points"": null}, {""hasPlayed"": false, ""points"": null}]",Leopold Zingerle,0.0
1246,43,Willi,Orban,30642088.0,131.0,33.0,33.0,33.0,193712.0,4323.0,0,2,https://kickbase.b-cdn.net/pool/playersbig/1246.png,4.0,1,141.0,,"[{""hasPlayed"": true, ""points"": 110}, {""hasPlayed"": true, ""points"": 313}, {""hasPlayed"": true, ""points"": 82}, {""hasPlayed"": true, ""points"": 131}, {""hasPlayed"": false, ""points"": null}]",Willi Orban,76630.0
1333,43,Lukas,Klostermann,3726646.0,40.0,5.0,5.0,1.0,7355.0,201.0,2,2,https://kickbase.b-cdn.net/pool/playersbig/1333.png,16.0,2,53.0,,"[{""hasPlayed"": false, ""points"": null}, {""hasPlayed"": false, ""points"": null}, {""hasPlayed"": false, ""points"": null}, {""hasPlayed"": false, ""points"": null}, {""hasPlayed"": true, ""points"": 148}]",Lukas Klostermann,-176013.0
1689,43,Benjamin,Henrichs,5871322.0,26.0,17.0,17.0,3.0,22181.0,447.0,0,2,https://kickbase.b-cdn.net/pool/playersbig/1689.png,39.0,1,76.0,,"[{""hasPlayed"": true, ""points"": -5}, {""hasPlayed"": true, ""points"": 17}, {""hasPlayed"": true, ""points"": -21}, {""hasPlayed"": true, ""points"": 27}, {""hasPlayed"": true, ""points"": 17}]",Benjamin Henrichs,234767.0
1728,43,Örjan,Nyland,1874291.0,,,,,,,0,1,https://kickbase.b-cdn.net/pool/playersbig/1728.png,1.0,1,,,"[{""hasPlayed"": false, ""points"": null}, {""hasPlayed"": false, ""points"": null}, {""hasPlayed"": false, ""points"": null}, {""hasPlayed"": false, ""points"": null}, {""hasPlayed"": false, ""points"": null}]",Örjan Nyland,341830.0
2141,43,Ridle ,Baku,19509016.0,102.0,32.0,32.0,28.0,162435.0,3278.0,0,2,https://kickbase.b-cdn.net/pool/playersbig/2141.png,17.0,1,168.0,,"[{""hasPlayed"": true, ""points"": -4}, {""hasPlayed"": true, ""points"": 95}, {""hasPlayed"": true, ""points"": 38}, {""hasPlayed"": true, ""points"": 224}, {""hasPlayed"": true, ""points"": 124}]",Ridle  Baku,61865.0
2275,43,Christoph,Baumgartner,19758023.0,117.0,33.0,33.0,32.0,179653.0,3846.0,4,3,https://kickbase.b-cdn.net/pool/playersbig/2275.png,14.0,1,194.0,,"[{""hasPlayed"": true, ""points"": 8}, {""hasPlayed"": true, ""points"": 114}, {""hasPlayed"": true, ""points"": 129}, {""hasPlayed"": true, ""points"": 47}, {""hasPlayed"": true, ""points"": 130}]",Christoph Baumgartner,123258.0
2522,43,David,Raum,32837493.0,148.0,30.0,30.0,29.0,167920.0,4445.0,0,2,https://kickbase.b-cdn.net/pool/playersbig/2522.png,22.0,1,135.0,,"[{""hasPlayed"": false, ""points"": null}, {""hasPlayed"": true, ""points"": 152}, {""hasPlayed"": false, ""points"": null}, {""hasPlayed"": false, ""points"": null}, {""hasPlayed"": true, ""points"": 28}]",David Raum,107504.0
2897,43,Rocco,Reitz,13739845.0,74.0,31.0,31.0,31.0,170280.0,2301.0,2,3,https://kickbase.b-cdn.net/pool/playersbig/2897.png,20.0,1,167.0,,"[{""hasPlayed"": false, ""points"": null}, {""hasPlayed"": true, ""points"": 131}, {""hasPlayed"": true, ""points"": 210}, {""hasPlayed"": true, ""points"": 100}, {""hasPlayed"": true, ""points"": 75}]",Rocco Reitz,87233.0
4596,43,Brajan,Gruda,16027521.0,98.0,13.0,13.0,8.0,49007.0,1270.0,0,3,https://kickbase.b-cdn.net/pool/playersbig/4596.png,10.0,1,79.0,,"[{""hasPlayed"": true, ""points"": 28}, {""hasPlayed"": true, ""points"": 68}, {""hasPlayed"": true, ""points"": 89}, {""hasPlayed"": true, ""points"": 24}, {""hasPlayed"": true, ""points"": 48}]",Brajan Gruda,258558.0
6176,43,Nicolas,Seiwald,15446504.0,86.0,33.0,33.0,31.0,174575.0,2839.0,0,3,https://kickbase.b-cdn.net/pool/playersbig/6176.png,13.0,1,183.0,,"[{""hasPlayed"": true, ""points"": 44}, {""hasPlayed"": true, ""points"": 20}, {""hasPlayed"": true, ""points"": 60}, {""hasPlayed"": false, ""points"": null}, {""hasPlayed"": true, ""points"": 115}]",Nicolas Seiwald,184067.0
6300,43,Assan,Ouédraogo,20561383.0,90.0,19.0,19.0,13.0,61254.0,1705.0,1,3,https://kickbase.b-cdn.net/pool/playersbig/6300.png,8.0,2,82.0,,"[{""hasPlayed"": true, ""points"": 127}, {""hasPlayed"": true, ""points"": 75}, {""hasPlayed"": true, ""points"": -16}, {""hasPlayed"": true, ""points"": 87}, {""hasPlayed"": true, ""points"": 47}]",Assan Ouédraogo,-683816.0
6667,43,El Chadaille,Bitshiabu,4308211.0,74.0,11.0,11.0,8.0,43528.0,815.0,0,2,https://kickbase.b-cdn.net/pool/playersbig/6667.png,5.0,2,189.0,,"[{""hasPlayed"": false, ""points"": null}, {""hasPlayed"": false, ""points"": null}, {""hasPlayed"": true, ""points"": 106}, {""hasPlayed"": true, ""points"": 109}, {""hasPlayed"": true, ""points"": 120}]",El Chadaille Bitshiabu,-119558.0
7224,43,Lukeba,Castello Jr.,20797012.0,106.0,26.0,26.0,24.0,142996.0,2765.0,0,2,https://kickbase.b-cdn.net/pool/playersbig/7224.png,23.0,1,132.0,,"[{""hasPlayed"": true, ""points"": 66}, {""hasPlayed"": true, ""points"": 116}, {""hasPlayed"": true, ""points"": 28}, {""hasPlayed"": false, ""points"": null}, {""hasPlayed"": false, ""points"": null}]",Lukeba Castello Jr.,26628.0
7239,43,Max,Finkgräfe,3219932.0,55.0,13.0,13.0,5.0,33441.0,718.0,0,2,https://kickbase.b-cdn.net/pool/playersbig/7239.png,35.0,1,222.0,,"[{""hasPlayed"": true, ""points"": 17}, {""hasPlayed"": true, ""points"": 37}, {""hasPlayed"": true, ""points"": 39}, {""hasPlayed"": true, ""points"": 214}, {""hasPlayed"": true, ""points"": 124}]",Max Finkgräfe,275658.0
7493,43,Arthur,Vermeeren,4159974.0,,,,,,,0,3,https://kickbase.b-cdn.net/pool/playersbig/7493.png,48.0,1,,,"[{""hasPlayed"": false, ""points"": null}, {""hasPlayed"": false, ""points"": null}, {""hasPlayed"": false, ""points"": null}, {""hasPlayed"": false, ""points"": null}, {""hasPlayed"": false, ""points"": null}]",Arthur Vermeeren,338095.0
8061,43,Johan,Bakayoko,7354495.0,49.0,20.0,20.0,8.0,51925.0,982.0,0,4,https://kickbase.b-cdn.net/pool/playersbig/8061.png,11.0,1,133.0,,"[{""hasPlayed"": true, ""points"": 16}, {""hasPlayed"": false, ""points"": null}, {""hasPlayed"": false, ""points"": null}, {""hasPlayed"": true, ""points"": 43}, {""hasPlayed"": true, ""points"": 16}]",Johan Bakayoko,138851.0
8227,43,Maarten,Vandevoordt,14427579.0,109.0,12.0,12.0,11.0,69295.0,1313.0,0,1,https://kickbase.b-cdn.net/pool/playersbig/8227.png,26.0,1,91.0,,"[{""hasPlayed"": false, ""points"": null}, {""hasPlayed"": true, ""points"": 77}, {""hasPlayed"": true, ""points"": 87}, {""hasPlayed"": true, ""points"": 96}, {""hasPlayed"": true, ""points"": 135}]",Maarten Vandevoordt,166455.0
9507,43,Antonio,Nusa,24590156.0,91.0,31.0,31.0,24.0,129764.0,2835.0,0,3,https://kickbase.b-cdn.net/pool/playersbig/9507.png,7.0,1,115.0,,"[{""hasPlayed"": true, ""points"": 20}, {""hasPlayed"": true, ""points"": 42}, {""hasPlayed"": true, ""points"": 25}, {""hasPlayed"": true, ""points"": 95}, {""hasPlayed"": true, ""points"": 265}]",Antonio Nusa,163169.0
9776,43,Andrija,Maksimovic,4242816.0,18.0,8.0,8.0,0.0,7579.0,140.0,0,3,https://kickbase.b-cdn.net/pool/playersbig/9776.png,30.0,1,32.0,,"[{""hasPlayed"": false, ""points"": null}, {""hasPlayed"": false, ""points"": null}, {""hasPlayed"": false, ""points"": null}, {""hasPlayed"": false, ""points"": null}, {""hasPlayed"": false, ""points"": null}]",Andrija Maksimovic,280371.0
10113,43,Tidiam,Gomis,5482555.0,23.0,18.0,18.0,2.0,25742.0,405.0,0,4,https://kickbase.b-cdn.net/pool/playersbig/10113.png,27.0,1,73.0,,"[{""hasPlayed"": true, ""points"": -18}, {""hasPlayed"": false, ""points"": null}, {""hasPlayed"": false, ""points"": null}, {""hasPlayed"": true, ""points"": 58}, {""hasPlayed"": false, ""points"": null}]",Tidiam Gomis,126059.0
10530,43,Conrad,Harder,4094459.0,39.0,29.0,29.0,8.0,64737.0,1119.0,0,4,https://kickbase.b-cdn.net/pool/playersbig/10530.png,9.0,2,273.0,,"[{""hasPlayed"": true, ""points"": 16}, {""hasPlayed"": false, ""points"": null}, {""hasPlayed"": true, ""points"": -11}, {""hasPlayed"": true, ""points"": 46}, {""hasPlayed"": true, ""points"": 109}]",Conrad Harder,-106218.0
11008,43,Ezechiel,Banzuzi,4027299.0,36.0,24.0,24.0,2.0,43182.0,871.0,0,3,https://kickbase.b-cdn.net/pool/playersbig/11008.png,6.0,1,216.0,,"[{""hasPlayed"": false, ""points"": null}, {""hasPlayed"": false, ""points"": null}, {""hasPlayed"": false, ""points"": null}, {""hasPlayed"": false, ""points"": null}, {""hasPlayed"": false, ""points"": null}]",Ezechiel Banzuzi,199430.0
11886,43,,Rômulo,19664010.0,83.0,30.0,30.0,27.0,139633.0,2488.0,0,4,https://kickbase.b-cdn.net/pool/playersbig/11886.png,40.0,1,126.0,,"[{""hasPlayed"": true, ""points"": -25}, {""hasPlayed"": true, ""points"": 50}, {""hasPlayed"": true, ""points"": 26}, {""hasPlayed"": true, ""points"": 136}, {""hasPlayed"": true, ""points"": 41}]",Rômulo,199588.0
12337,43,Sani,Suleiman,5803765.0,,,,,,,0,4,https://kickbase.b-cdn.net/pool/playersbig/12337.png,18.0,2,,,"[{""hasPlayed"": false, ""points"": null}, {""hasPlayed"": false, ""points"": null}, {""hasPlayed"": false, ""points"": null}, {""hasPlayed"": false, ""points"": null}, {""hasPlayed"": false, ""points"": null}]",Sani Suleiman,-462970.0
14896,43,Abdoul,Koné,6088904.0,,,,,,,4,2,https://kickbase.b-cdn.net/pool/playersbig/14896.png,2.0,2,,,"[{""hasPlayed"": false, ""points"": null}, {""hasPlayed"": false, ""points"": null}, {""hasPlayed"": false, ""points"": null}, {""hasPlayed"": false, ""points"": null}, {""hasPlayed"": false, ""points"": null}]",Abdoul Koné,-354851.0
15376,43,Maxime,Estève,17743658.0,,,,,,,0,2,https://kickbase.b-cdn.net/pool/playersbig/15376.png,3.0,1,,,"[{""hasPlayed"": false, ""points"": null}, {""hasPlayed"": false, ""points"": null}, {""hasPlayed"": false, ""points"": null}, {""hasPlayed"": false, ""points"": null}, {""hasPlayed"": false, ""points"": null}]",Maxime Estève,162460.0
577,15,Daniel,Batz,3927055.0,111.0,21.0,21.0,21.0,125022.0,2331.0,0,1,https://kickbase.b-cdn.net/pool/playersbig/577.png,33.0,2,593.0,,"[{""hasPlayed"": true, ""points"": 282}, {""hasPlayed"": false, ""points"": null}, {""hasPlayed"": true, ""points"": 45}, {""hasPlayed"": true, ""points"": 37}, {""hasPlayed"": true, ""points"": 95}]",Daniel Batz,-118924.0
619,15,Kevin,Stöger,4932462.0,43.0,29.0,29.0,15.0,86591.0,1239.0,0,3,https://kickbase.b-cdn.net/pool/playersbig/619.png,7.0,1,251.0,,"[{""hasPlayed"": true, ""points"": 80}, {""hasPlayed"": true, ""points"": 21}, {""hasPlayed"": true, ""points"": 104}, {""hasPlayed"": true, ""points"": 78}, {""hasPlayed"": true, ""points"": 81}]",Kevin Stöger,343589.0
849,15,Tim,Kleindienst,15847393.0,20.0,3.0,3.0,0.0,1186.0,61.0,0,4,https://kickbase.b-cdn.net/pool/playersbig/849.png,11.0,1,3.0,,"[{""hasPlayed"": true, ""points"": 25}, {""hasPlayed"": false, ""points"": null}, {""hasPlayed"": false, ""points"": null}, {""hasPlayed"": false, ""points"": null}, {""hasPlayed"": false, ""points"": null}]",Tim Kleindienst,190734.0
1686,15,Nico,Elvedi,18722451.0,106.0,33.0,33.0,33.0,194378.0,3508.0,0,2,https://kickbase.b-cdn.net/pool/playersbig/1686.png,30.0,1,187.0,,"[{""hasPlayed"": true, ""points"": 298}, {""hasPlayed"": false, ""points"": null}, {""hasPlayed"": true, ""points"": 77}, {""hasPlayed"": true, ""points"": 130}, {""hasPlayed"": true, ""points"": 133}]",Nico Elvedi,160150.0
1883,15,Moritz,Nicolas,18511013.0,111.0,34.0,34.0,34.0,200791.0,3766.0,0,1,https://kickbase.b-cdn.net/pool/playersbig/1883.png,1.0,1,203.0,,"[{""hasPlayed"": true, ""points"": 135}, {""hasPlayed"": true, ""points"": 151}, {""hasPlayed"": true, ""points"": 111}, {""hasPlayed"": true, ""points"": 166}, {""hasPlayed"": true, ""points"": 81}]",Moritz Nicolas,107498.0
2074,15,Robin,Hack,7750459.0,59.0,8.0,8.0,3.0,21645.0,469.0,0,3,https://kickbase.b-cdn.net/pool/playersbig/2074.png,25.0,1,60.0,,"[{""hasPlayed"": true, ""points"": 137}, {""hasPlayed"": true, ""points"": 54}, {""hasPlayed"": true, ""points"": 22}, {""hasPlayed"": true, ""points"": -3}, {""hasPlayed"": false, ""points"": null}]",Robin Hack,166876.0
2261,15,Florian,Neuhaus,2919348.0,53.0,17.0,17.0,11.0,59787.0,909.0,0,3,https://kickbase.b-cdn.net/pool/playersbig/2261.png,10.0,2,311.0,,"[{""hasPlayed"": false, ""points"": null}, {""hasPlayed"": false, ""points"": null}, {""hasPlayed"": false, ""points"": null}, {""hasPlayed"": false, ""points"": null}, {""hasPlayed"": false, ""points"": null}]",Florian Neuhaus,-130968.0
2560,15,Philipp,Sander,10712960.0,80.0,30.0,30.0,29.0,158337.0,2386.0,0,3,https://kickbase.b-cdn.net/pool/playersbig/2560.png,16.0,1,222.0,,"[{""hasPlayed"": true, ""points"": 92}, {""hasPlayed"": true, ""points"": 77}, {""hasPlayed"": true, ""points"": 92}, {""hasPlayed"": true, ""points"": 99}, {""hasPlayed"": true, ""points"": 55}]",Philipp Sander,105842.0
2850,15,Jan,Olschowsky,500000.0,,,,,,,0,1,https://kickbase.b-cdn.net/pool/playersbig/2850.png,23.0,0,,,"[{""hasPlayed"": false, ""points"": null}, {""hasPlayed"": false, ""points"": null}, {""hasPlayed"": false, ""points"": null}, {""hasPlayed"": false, ""points"": null}, {""hasPlayed"": false, ""points"": null}]",Jan Olschowsky,0.0
2862,15,Jens,Castrop,7232984.0,49.0,26.0,26.0,20.0,102167.0,1278.0,1,3,https://kickbase.b-cdn.net/pool/playersbig/2862.png,17.0,2,176.0,,"[{""hasPlayed"": false, ""points"": null}, {""hasPlayed"": false, ""points"": null}, {""hasPlayed"": false, ""points"": null}, {""hasPlayed"": true, ""points"": 10}, {""hasPlayed"": true, ""points"": 51}]",Jens Castrop,-418773.0
2941,15,Joseph,Scally,6636166.0,62.0,32.0,32.0,29.0,170347.0,1983.0,0,2,https://kickbase.b-cdn.net/pool/playersbig/2941.png,29.0,2,298.0,,"[{""hasPlayed"": true, ""points"": 103}, {""hasPlayed"": true, ""points"": -6}, {""hasPlayed"": true, ""points"": 120}, {""hasPlayed"": true, ""points"": 86}, {""hasPlayed"": true, ""points"": 137}]",Joseph Scally,-263241.0
3063,15,Fabio,Chiarodia,1958896.0,33.0,15.0,15.0,8.0,44040.0,490.0,1,2,https://kickbase.b-cdn.net/pool/playersbig/3063.png,2.0,2,250.0,,"[{""hasPlayed"": false, ""points"": null}, {""hasPlayed"": true, ""points"": 13}, {""hasPlayed"": true, ""points"": 72}, {""hasPlayed"": true, ""points"": 59}, {""hasPlayed"": true, ""points"": 19}]",Fabio Chiarodia,-152539.0
3516,15,Enzo,Leopold,13966824.0,,,,,,,0,3,https://kickbase.b-cdn.net/pool/playersbig/3516.png,8.0,1,,,"[{""hasPlayed"": false, ""points"": null}, {""hasPlayed"": false, ""points"": null}, {""hasPlayed"": false, ""points"": null}, {""hasPlayed"": false, ""points"": null}, {""hasPlayed"": false, ""points"": null}]",Enzo Leopold,208595.0
4292,15,David,Herold,10314413.0,,,,,,,0,2,https://kickbase.b-cdn.net/pool/playersbig/4292.png,20.0,1,,,"[{""hasPlayed"": false, ""points"": null}, {""hasPlayed"": false, ""points"": null}, {""hasPlayed"": false, ""points"": null}, {""hasPlayed"": false, ""points"": null}, {""hasPlayed"": false, ""points"": null}]",David Herold,30027.0
4333,15,Lukas,Ullrich,4636157.0,33.0,23.0,23.0,14.0,85790.0,766.0,0,2,https://kickbase.b-cdn.net/pool/playersbig/4333.png,26.0,1,165.0,,"[{""hasPlayed"": true, ""points"": 105}, {""hasPlayed"": true, ""points"": 3}, {""hasPlayed"": false, ""points"": null}, {""hasPlayed"": false, ""points"": null}, {""hasPlayed"": true, ""points"": 11}]",Lukas Ullrich,294444.0
4419,15,Nathan,Ngoumou,4805493.0,,,,,,,0,3,https://kickbase.b-cdn.net/pool/playersbig/4419.png,19.0,1,,,"[{""hasPlayed"": false, ""points"": null}, {""hasPlayed"": false, ""points"": null}, {""hasPlayed"": false, ""points"": null}, {""hasPlayed"": false, ""points"": null}, {""hasPlayed"": false, ""points"": null}]",Nathan Ngoumou,225246.0
6199,15,Shuto,Machino,1064689.0,23.0,32.0,32.0,9.0,74463.0,742.0,0,4,https://kickbase.b-cdn.net/pool/playersbig/6199.png,18.0,2,696.0,,"[{""hasPlayed"": true, ""points"": 28}, {""hasPlayed"": true, ""points"": -6}, {""hasPlayed"": true, ""points"": 17}, {""hasPlayed"": true, ""points"": 6}, {""hasPlayed"": false, ""points"": null}]",Shuto Machino,-99707.0
6319,15,Franck,Honorat,9839216.0,68.0,28.0,28.0,24.0,126507.0,1898.0,0,3,https://kickbase.b-cdn.net/pool/playersbig/6319.png,9.0,1,192.0,,"[{""hasPlayed"": true, ""points"": 36}, {""hasPlayed"": true, ""points"": -3}, {""hasPlayed"": true, ""points"": 137}, {""hasPlayed"": true, ""points"": 32}, {""hasPlayed"": true, ""points"": 2}]",Franck Honorat,108342.0
7774,15,Yukhym,Konoplia,4194237.0,,,,,,,1,2,https://kickbase.b-cdn.net/pool/playersbig/7774.png,22.0,2,,,"[{""hasPlayed"": false, ""points"": null}, {""hasPlayed"": false, ""points"": null}, {""hasPlayed"": false, ""points"": null}, {""hasPlayed"": false, ""points"": null}, {""hasPlayed"": false, ""points"": null}]",Yukhym Konoplia,-154259.0
9540,15,Isac,Lidberg,11347884.0,,,,,,,0,4,https://kickbase.b-cdn.net/pool/playersbig/9540.png,3.0,1,,,"[{""hasPlayed"": false, ""points"": null}, {""hasPlayed"": false, ""points"": null}, {""hasPlayed"": false, ""points"": null}, {""hasPlayed"": false, ""points"": null}, {""hasPlayed"": false, ""points"": null}]",Isac Lidberg,64153.0
11010,15,Kevin,Diks,14955686.0,95.0,30.0,30.0,28.0,161173.0,2844.0,0,2,https://kickbase.b-cdn.net/pool/playersbig/11010.png,4.0,1,190.0,,"[{""hasPlayed"": true, ""points"": 241}, {""hasPlayed"": true, ""points"": 71}, {""hasPlayed"": true, ""points"": 33}, {""hasPlayed"": false, ""points"": null}, {""hasPlayed"": true, ""points"": 72}]",Kevin Diks,179489.0
11748,15,Wael,Mohya,8923687.0,34.0,15.0,15.0,6.0,36598.0,507.0,0,3,https://kickbase.b-cdn.net/pool/playersbig/11748.png,36.0,1,56.0,,"[{""hasPlayed"": true, ""points"": 87}, {""hasPlayed"": true, ""points"": 24}, {""hasPlayed"": true, ""points"": 46}, {""hasPlayed"": false, ""points"": null}, {""hasPlayed"": false, ""points"": null}]",Wael Mohya,84570.0
13442,15,Hugo,Bolin,6249738.0,40.0,13.0,13.0,5.0,35891.0,517.0,0,3,https://kickbase.b-cdn.net/pool/playersbig/13442.png,38.0,1,82.0,,"[{""hasPlayed"": true, ""points"": 183}, {""hasPlayed"": true, ""points"": 3}, {""hasPlayed"": true, ""points"": 39}, {""hasPlayed"": false, ""points"": null}, {""hasPlayed"": true, ""points"": 78}]",Hugo Bolin,184104.0
15181,15,Jan,Leszczynski,4872964.0,,,,,,,0,2,https://kickbase.b-cdn.net/pool/playersbig/15181.png,5.0,2,,,"[{""hasPlayed"": false, ""points"": null}, {""hasPlayed"": false, ""points"": null}, {""hasPlayed"": false, ""points"": null}, {""hasPlayed"": false, ""points"": null}, {""hasPlayed"": false, ""points"": null}]",Jan Leszczynski,-376067.0
15202,15,Zento,Uno,3913797.0,,,,,,,2,3,https://kickbase.b-cdn.net/pool/playersbig/15202.png,47.0,2,,,"[{""hasPlayed"": false, ""points"": null}, {""hasPlayed"": false, ""points"": null}, {""hasPlayed"": false, ""points"": null}, {""hasPlayed"": false, ""points"": null}, {""hasPlayed"": false, ""points"": null}]",Zento Uno,-148429.0
15613,15,Daiki,Hashioka,6201591.0,,,,,,,0,2,https://kickbase.b-cdn.net/pool/playersbig/15613.png,0.0,1,,,"[{""hasPlayed"": false, ""points"": null}, {""hasPlayed"": false, ""points"": null}, {""hasPlayed"": false, ""points"": null}, {""hasPlayed"": false, ""points"": null}, {""hasPlayed"": false, ""points"": null}]",Daiki Hashioka,320896.0
54,3,Emre,Can,2272069.0,114.0,9.0,9.0,7.0,41373.0,1026.0,1,2,https://kickbase.b-cdn.net/pool/playersbig/54.png,23.0,2,451.0,,"[{""hasPlayed"": false, ""points"": null}, {""hasPlayed"": false, ""points"": null}, {""hasPlayed"": false, ""points"": null}, {""hasPlayed"": false, ""points"": null}, {""hasPlayed"": false, ""points"": null}]",Emre Can,-116158.0
75,3,Patrick,Drewes,500000.0,,,,,,,0,1,https://kickbase.b-cdn.net/pool/playersbig/75.png,30.0,0,,,"[{""hasPlayed"": false, ""points"": null}, {""hasPlayed"": false, ""points"": null}, {""hasPlayed"": false, ""points"": null}, {""hasPlayed"": false, ""points"": null}, {""hasPlayed"": false, ""points"": null}]",Patrick Drewes,0.0
1704,3,Waldemar,Anton,33375505.0,126.0,32.0,32.0,32.0,190794.0,4034.0,0,2,https://kickbase.b-cdn.net/pool/playersbig/1704.png,3.0,1,120.0,,"[{""hasPlayed"": true, ""points"": 156}, {""hasPlayed"": true, ""points"": 123}, {""hasPlayed"": true, ""points"": 40}, {""hasPlayed"": true, ""points"": 153}, {""hasPlayed"": true, ""points"": 133}]",Waldemar Anton,76802.0
1856,3,Marcel,Sabitzer,10807813.0,83.0,26.0,26.0,21.0,119084.0,2146.0,0,3,https://kickbase.b-cdn.net/pool/playersbig/1856.png,20.0,1,198.0,,"[{""hasPlayed"": false, ""points"": null}, {""hasPlayed"": true, ""points"": 104}, {""hasPlayed"": true, ""points"": 68}, {""hasPlayed"": true, ""points"": 115}, {""hasPlayed"": true, ""points"": 29}]",Marcel Sabitzer,7104.0
1873,3,Gregor,Kobel,23124578.0,104.0,34.0,34.0,34.0,202740.0,3530.0,0,1,https://kickbase.b-cdn.net/pool/playersbig/1873.png,1.0,1,152.0,,"[{""hasPlayed"": true, ""points"": 154}, {""hasPlayed"": true, ""points"": 81}, {""hasPlayed"": true, ""points"": 82}, {""hasPlayed"": true, ""points"": 160}, {""hasPlayed"": true, ""points"": 65}]",Gregor Kobel,52024.0
1920,3,Serhou,Guirassy,28186271.0,102.0,33.0,33.0,27.0,151810.0,3356.0,0,4,https://kickbase.b-cdn.net/pool/playersbig/1920.png,9.0,1,119.0,,"[{""hasPlayed"": true, ""points"": 155}, {""hasPlayed"": true, ""points"": 134}, {""hasPlayed"": true, ""points"": 26}, {""hasPlayed"": true, ""points"": 187}, {""hasPlayed"": true, ""points"": 101}]",Serhou Guirassy,107084.0
2148,3,Alexander,Meyer,2203037.0,,,,,,,0,1,https://kickbase.b-cdn.net/pool/playersbig/2148.png,33.0,2,,,"[{""hasPlayed"": false, ""points"": null}, {""hasPlayed"": false, ""points"": null}, {""hasPlayed"": false, ""points"": null}, {""hasPlayed"": false, ""points"": null}, {""hasPlayed"": false, ""points"": null}]",Alexander Meyer,-180707.0
2383,3,Nico,Schlotterbeck,33650065.0,148.0,28.0,28.0,28.0,166561.0,4142.0,1,2,https://kickbase.b-cdn.net/pool/playersbig/2383.png,4.0,2,123.0,,"[{""hasPlayed"": true, ""points"": 142}, {""hasPlayed"": true, ""points"": 250}, {""hasPlayed"": true, ""points"": 72}, {""hasPlayed"": true, ""points"": 146}, {""hasPlayed"": true, ""points"": 67}]",Nico Schlotterbeck,-655674.0
2395,3,Julian,Ryerson,25596287.0,105.0,31.0,31.0,26.0,148097.0,3246.0,2,2,https://kickbase.b-cdn.net/pool/playersbig/2395.png,26.0,1,126.0,,"[{""hasPlayed"": true, ""points"": 141}, {""hasPlayed"": true, ""points"": 127}, {""hasPlayed"": true, ""points"": 41}, {""hasPlayed"": true, ""points"": 171}, {""hasPlayed"": true, ""points"": 3}]",Julian Ryerson,41396.0
2714,3,Maximilian,Beier,25659669.0,94.0,32.0,32.0,24.0,132156.0,3023.0,0,4,https://kickbase.b-cdn.net/pool/playersbig/2714.png,14.0,1,117.0,,"[{""hasPlayed"": true, ""points"": 52}, {""hasPlayed"": true, ""points"": 207}, {""hasPlayed"": true, ""points"": 17}, {""hasPlayed"": true, ""points"": 241}, {""hasPlayed"": true, ""points"": 13}]",Maximilian Beier,67096.0
2736,3,Ramy,Bensebaini,19442970.0,128.0,21.0,21.0,15.0,102687.0,2683.0,0,2,https://kickbase.b-cdn.net/pool/playersbig/2736.png,5.0,1,137.0,,"[{""hasPlayed"": false, ""points"": null}, {""hasPlayed"": false, ""points"": null}, {""hasPlayed"": false, ""points"": null}, {""hasPlayed"": true, ""points"": 364}, {""hasPlayed"": true, ""points"": 106}]",Ramy Bensebaini,174547.0
3069,3,Felix,Nmecha,25462676.0,94.0,29.0,29.0,25.0,141393.0,2730.0,0,3,https://kickbase.b-cdn.net/pool/playersbig/3069.png,8.0,1,107.0,,"[{""hasPlayed"": true, ""points"": 126}, {""hasPlayed"": true, ""points"": 14}, {""hasPlayed"": false, ""points"": null}, {""hasPlayed"": false, ""points"": null}, {""hasPlayed"": false, ""points"": null}]",Felix Nmecha,131229.0
9440,3,Filippo,Mane,4607346.0,12.0,4.0,4.0,2.0,8570.0,46.0,0,2,https://kickbase.b-cdn.net/pool/playersbig/9440.png,39.0,2,9.0,,"[{""hasPlayed"": false, ""points"": null}, {""hasPlayed"": false, ""points"": null}, {""hasPlayed"": false, ""points"": null}, {""hasPlayed"": false, ""points"": null}, {""hasPlayed"": false, ""points"": null}]",Filippo Mane,-191987.0
9698,3,,Fábio Silva,8610180.0,51.0,28.0,28.0,7.0,57551.0,1414.0,0,4,https://kickbase.b-cdn.net/pool/playersbig/9698.png,21.0,2,164.0,,"[{""hasPlayed"": true, ""points"": 44}, {""hasPlayed"": true, ""points"": 6}, {""hasPlayed"": true, ""points"": -10}, {""hasPlayed"": true, ""points"": 112}, {""hasPlayed"": true, ""points"": -14}]",Fábio Silva,-164786.0
10114,3,Carney,Chukwuemeka,4793165.0,47.0,28.0,28.0,8.0,63437.0,1307.0,0,3,https://kickbase.b-cdn.net/pool/playersbig/10114.png,17.0,2,272.0,,"[{""hasPlayed"": true, ""points"": 30}, {""hasPlayed"": false, ""points"": null}, {""hasPlayed"": true, ""points"": -14}, {""hasPlayed"": true, ""points"": 32}, {""hasPlayed"": true, ""points"": 3}]",Carney Chukwuemeka,-264838.0
10115,3,Daniel,Svensson,19992370.0,82.0,33.0,33.0,27.0,162894.0,2705.0,0,2,https://kickbase.b-cdn.net/pool/playersbig/10115.png,24.0,1,135.0,,"[{""hasPlayed"": true, ""points"": 151}, {""hasPlayed"": false, ""points"": null}, {""hasPlayed"": true, ""points"": -11}, {""hasPlayed"": true, ""points"": 27}, {""hasPlayed"": true, ""points"": 34}]",Daniel Svensson,63010.0
11099,3,Jobe,Bellingham,18747941.0,68.0,32.0,32.0,20.0,119220.0,2172.0,0,3,https://kickbase.b-cdn.net/pool/playersbig/11099.png,7.0,1,115.0,,"[{""hasPlayed"": true, ""points"": 108}, {""hasPlayed"": true, ""points"": 80}, {""hasPlayed"": true, ""points"": 43}, {""hasPlayed"": true, ""points"": 124}, {""hasPlayed"": true, ""points"": 37}]",Jobe Bellingham,136902.0
11100,3,Samuele,Inácio,10376078.0,52.0,7.0,7.0,4.0,25406.0,365.0,0,3,https://kickbase.b-cdn.net/pool/playersbig/11100.png,40.0,2,35.0,,"[{""hasPlayed"": true, ""points"": 136}, {""hasPlayed"": true, ""points"": 119}, {""hasPlayed"": true, ""points"": 27}, {""hasPlayed"": true, ""points"": 88}, {""hasPlayed"": true, ""points"": -12}]",Samuele Inácio,-255141.0
13472,3,Luca,Reggiani,5162129.0,74.0,8.0,8.0,6.0,32656.0,592.0,0,2,https://kickbase.b-cdn.net/pool/playersbig/13472.png,49.0,2,114.0,,"[{""hasPlayed"": true, ""points"": 97}, {""hasPlayed"": true, ""points"": 48}, {""hasPlayed"": true, ""points"": 56}, {""hasPlayed"": false, ""points"": null}, {""hasPlayed"": false, ""points"": null}]",Luca Reggiani,-315047.0
14662,3,Justin,Lerma,9814220.0,,,,,,,0,3,https://kickbase.b-cdn.net/pool/playersbig/14662.png,28.0,1,,,"[{""hasPlayed"": false, ""points"": null}, {""hasPlayed"": false, ""points"": null}, {""hasPlayed"": false, ""points"": null}, {""hasPlayed"": false, ""points"": null}, {""hasPlayed"": false, ""points"": null}]",Justin Lerma,16064.0
14899,3,Kauã,Prates,4332456.0,,,,,,,4,2,https://kickbase.b-cdn.net/pool/playersbig/14899.png,0.0,2,,,"[{""hasPlayed"": false, ""points"": null}, {""hasPlayed"": false, ""points"": null}, {""hasPlayed"": false, ""points"": null}, {""hasPlayed"": false, ""points"": null}, {""hasPlayed"": false, ""points"": null}]",Kauã Prates,-113454.0
15211,3,Joane,Gadou,22291904.0,,,,,,,0,2,https://kickbase.b-cdn.net/pool/playersbig/15211.png,22.0,1,,,"[{""hasPlayed"": false, ""points"": null}, {""hasPlayed"": false, ""points"": null}, {""hasPlayed"": false, ""points"": null}, {""hasPlayed"": false, ""points"": null}, {""hasPlayed"": false, ""points"": null}]",Joane Gadou,192038.0
16378,3,Konstantinos,Karetsas,20085385.0,,,,,,,0,3,https://kickbase.b-cdn.net/pool/playersbig/16378.png,0.0,1,,,"[{""hasPlayed"": false, ""points"": null}, {""hasPlayed"": false, ""points"": null}, {""hasPlayed"": false, ""points"": null}, {""hasPlayed"": false, ""points"": null}, {""hasPlayed"": false, ""points"": null}]",Konstantinos Karetsas,289041.0
1863,6,Daniel,Heuer Fernandes,13091774.0,92.0,33.0,33.0,33.0,199082.0,3051.0,0,1,https://kickbase.b-cdn.net/pool/playersbig/1863.png,1.0,1,233.0,,"[{""hasPlayed"": false, ""points"": null}, {""hasPlayed"": true, ""points"": 100}, {""hasPlayed"": true, ""points"": 119}, {""hasPlayed"": true, ""points"": 92}, {""hasPlayed"": true, ""points"": 54}]",Daniel Heuer Fernandes,149136.0
1865,6,Yussuf,Poulsen,4572196.0,23.0,15.0,15.0,1.0,26304.0,340.0,0,4,https://kickbase.b-cdn.net/pool/playersbig/1865.png,15.0,1,74.0,,"[{""hasPlayed"": true, ""points"": 13}, {""hasPlayed"": true, ""points"": 25}, {""hasPlayed"": true, ""points"": 17}, {""hasPlayed"": false, ""points"": null}, {""hasPlayed"": false, ""points"": null}]",Yussuf Poulsen,103038.0
1889,6,Bakery,Jatta,5249276.0,47.0,15.0,15.0,12.0,59140.0,710.0,0,3,https://kickbase.b-cdn.net/pool/playersbig/1889.png,18.0,1,135.0,,"[{""hasPlayed"": false, ""points"": null}, {""hasPlayed"": true, ""points"": 178}, {""hasPlayed"": true, ""points"": 25}, {""hasPlayed"": true, ""points"": 8}, {""hasPlayed"": true, ""points"": -16}]",Bakery Jatta,42692.0
1978,6,Jordan,Torunarigha,10677618.0,73.0,24.0,24.0,21.0,129230.0,1753.0,0,2,https://kickbase.b-cdn.net/pool/playersbig/1978.png,25.0,1,164.0,,"[{""hasPlayed"": true, ""points"": -4}, {""hasPlayed"": false, ""points"": null}, {""hasPlayed"": true, ""points"": 128}, {""hasPlayed"": true, ""points"": 99}, {""hasPlayed"": true, ""points"": 38}]",Jordan Torunarigha,85279.0
3277,6,Miro,Muheim,8492275.0,67.0,29.0,29.0,27.0,162140.0,1929.0,0,2,https://kickbase.b-cdn.net/pool/playersbig/3277.png,28.0,1,227.0,,"[{""hasPlayed"": true, ""points"": 17}, {""hasPlayed"": false, ""points"": null}, {""hasPlayed"": false, ""points"": null}, {""hasPlayed"": false, ""points"": null}, {""hasPlayed"": true, ""points"": 17}]",Miro Muheim,250808.0
3521,6,Daniel,Elfadli,4828760.0,37.0,21.0,21.0,15.0,84859.0,767.0,0,2,https://kickbase.b-cdn.net/pool/playersbig/3521.png,8.0,1,158.0,,"[{""hasPlayed"": false, ""points"": null}, {""hasPlayed"": false, ""points"": null}, {""hasPlayed"": true, ""points"": 22}, {""hasPlayed"": false, ""points"": null}, {""hasPlayed"": false, ""points"": null}]",Daniel Elfadli,125918.0
4404,6,Jean-Luc,Dompé,1972214.0,64.0,20.0,20.0,12.0,75809.0,1279.0,256,4,https://kickbase.b-cdn.net/pool/playersbig/4404.png,7.0,2,648.0,,"[{""hasPlayed"": false, ""points"": null}, {""hasPlayed"": false, ""points"": null}, {""hasPlayed"": false, ""points"": null}, {""hasPlayed"": false, ""points"": null}, {""hasPlayed"": false, ""points"": null}]",Jean-Luc Dompé,-140970.0
6201,6,Nicolai,Remberg,10945578.0,70.0,32.0,32.0,32.0,193422.0,2243.0,0,3,https://kickbase.b-cdn.net/pool/playersbig/6201.png,21.0,1,204.0,,"[{""hasPlayed"": true, ""points"": 80}, {""hasPlayed"": true, ""points"": 185}, {""hasPlayed"": true, ""points"": 64}, {""hasPlayed"": true, ""points"": 68}, {""hasPlayed"": true, ""points"": 45}]",Nicolai Remberg,116691.0
6217,6,Rayan,Philippe,4217629.0,35.0,28.0,28.0,13.0,85138.0,971.0,0,4,https://kickbase.b-cdn.net/pool/playersbig/6217.png,14.0,2,230.0,,"[{""hasPlayed"": true, ""points"": 74}, {""hasPlayed"": true, ""points"": 10}, {""hasPlayed"": false, ""points"": null}, {""hasPlayed"": true, ""points"": -16}, {""hasPlayed"": false, ""points"": null}]",Rayan Philippe,-109140.0
7350,6,Otto,Stange,3480579.0,5.0,10.0,10.0,2.0,20981.0,51.0,0,4,https://kickbase.b-cdn.net/pool/playersbig/7350.png,49.0,2,14.0,,"[{""hasPlayed"": true, ""points"": 28}, {""hasPlayed"": true, ""points"": 46}, {""hasPlayed"": false, ""points"": null}, {""hasPlayed"": true, ""points"": -2}, {""hasPlayed"": true, ""points"": -5}]",Otto Stange,-99490.0
7394,6,Kofi,Amoako,4732082.0,,,,,,,0,3,https://kickbase.b-cdn.net/pool/playersbig/7394.png,0.0,2,,,"[{""hasPlayed"": false, ""points"": null}, {""hasPlayed"": false, ""points"": null}, {""hasPlayed"": false, ""points"": null}, {""hasPlayed"": false, ""points"": null}, {""hasPlayed"": false, ""points"": null}]",Kofi Amoako,-138994.0
8367,6,Albert,Sambi Lokonga,9903082.0,68.0,26.0,26.0,20.0,112966.0,1759.0,0,3,https://kickbase.b-cdn.net/pool/playersbig/8367.png,6.0,1,177.0,,"[{""hasPlayed"": true, ""points"": 120}, {""hasPlayed"": true, ""points"": 57}, {""hasPlayed"": true, ""points"": 79}, {""hasPlayed"": true, ""points"": -11}, {""hasPlayed"": false, ""points"": null}]",Albert Sambi Lokonga,223756.0
9413,6,Fabio,Baldé,500000.0,22.0,16.0,16.0,3.0,31901.0,349.0,2,3,https://kickbase.b-cdn.net/pool/playersbig/9413.png,45.0,0,698.0,,"[{""hasPlayed"": true, ""points"": 20}, {""hasPlayed"": true, ""points"": 130}, {""hasPlayed"": false, ""points"": null}, {""hasPlayed"": false, ""points"": null}, {""hasPlayed"": false, ""points"": null}]",Fabio Baldé,0.0
9605,6,Albert,Grønbæk,10539234.0,74.0,7.0,7.0,6.0,31737.0,520.0,2,3,https://kickbase.b-cdn.net/pool/playersbig/9605.png,23.0,1,49.0,,"[{""hasPlayed"": true, ""points"": 39}, {""hasPlayed"": true, ""points"": 158}, {""hasPlayed"": true, ""points"": 266}, {""hasPlayed"": true, ""points"": 30}, {""hasPlayed"": true, ""points"": 28}]",Albert Grønbæk,77350.0
10120,6,Alexander,Røssing-Lelesiit,3194677.0,10.0,11.0,11.0,5.0,23037.0,114.0,4,4,https://kickbase.b-cdn.net/pool/playersbig/10120.png,38.0,2,35.0,,"[{""hasPlayed"": false, ""points"": null}, {""hasPlayed"": false, ""points"": null}, {""hasPlayed"": false, ""points"": null}, {""hasPlayed"": false, ""points"": null}, {""hasPlayed"": false, ""points"": null}]",Alexander Røssing-Lelesiit,-178029.0
11512,6,Nicolás,Capaldo,10210433.0,65.0,26.0,26.0,24.0,130826.0,1682.0,0,2,https://kickbase.b-cdn.net/pool/playersbig/11512.png,24.0,1,164.0,,"[{""hasPlayed"": true, ""points"": 136}, {""hasPlayed"": true, ""points"": 101}, {""hasPlayed"": true, ""points"": 64}, {""hasPlayed"": true, ""points"": 53}, {""hasPlayed"": true, ""points"": 90}]",Nicolás Capaldo,74494.0
11752,6,Warmed,Omari,6072216.0,60.0,20.0,20.0,17.0,106595.0,1204.0,0,2,https://kickbase.b-cdn.net/pool/playersbig/11752.png,17.0,2,198.0,,"[{""hasPlayed"": true, ""points"": 86}, {""hasPlayed"": true, ""points"": 85}, {""hasPlayed"": true, ""points"": 151}, {""hasPlayed"": true, ""points"": 82}, {""hasPlayed"": true, ""points"": 57}]",Warmed Omari,-291504.0
12368,6,Sander,Tangvik,1238968.0,220.0,1.0,1.0,1.0,6034.0,220.0,0,1,https://kickbase.b-cdn.net/pool/playersbig/12368.png,12.0,2,177.0,,"[{""hasPlayed"": true, ""points"": 220}, {""hasPlayed"": false, ""points"": null}, {""hasPlayed"": false, ""points"": null}, {""hasPlayed"": false, ""points"": null}, {""hasPlayed"": false, ""points"": null}]",Sander Tangvik,-119806.0
13433,6,Louis,Lemke,500000.0,20.0,1.0,1.0,0.0,67.0,20.0,0,2,https://kickbase.b-cdn.net/pool/playersbig/13433.png,37.0,0,40.0,,"[{""hasPlayed"": false, ""points"": null}, {""hasPlayed"": true, ""points"": 20}, {""hasPlayed"": false, ""points"": null}, {""hasPlayed"": false, ""points"": null}, {""hasPlayed"": false, ""points"": null}]",Louis Lemke,0.0
15283,6,Martin,Adeline,9112932.0,,,,,,,0,3,https://kickbase.b-cdn.net/pool/playersbig/15283.png,0.0,2,,,"[{""hasPlayed"": false, ""points"": null}, {""hasPlayed"": false, ""points"": null}, {""hasPlayed"": false, ""points"": null}, {""hasPlayed"": false, ""points"": null}, {""hasPlayed"": false, ""points"": null}]",Martin Adeline,-359178.0
15472,6,Patson,Daka,10088685.0,,,,,,,0,4,https://kickbase.b-cdn.net/pool/playersbig/15472.png,0.0,1,,,"[{""hasPlayed"": false, ""points"": null}, {""hasPlayed"": false, ""points"": null}, {""hasPlayed"": false, ""points"": null}, {""hasPlayed"": false, ""points"": null}, {""hasPlayed"": false, ""points"": null}]",Patson Daka,386580.0
15478,6,Bilal,Nadir,5893612.0,,,,,,,2,3,https://kickbase.b-cdn.net/pool/playersbig/15478.png,0.0,2,,,"[{""hasPlayed"": false, ""points"": null}, {""hasPlayed"": false, ""points"": null}, {""hasPlayed"": false, ""points"": null}, {""hasPlayed"": false, ""points"": null}, {""hasPlayed"": false, ""points"": null}]",Bilal Nadir,-482675.0
49,5,Matthias,Ginter,26220584.0,114.0,32.0,32.0,32.0,188048.0,3663.0,0,2,https://kickbase.b-cdn.net/pool/playersbig/49.png,28.0,1,139.0,,"[{""hasPlayed"": true, ""points"": 243}, {""hasPlayed"": true, ""points"": 39}, {""hasPlayed"": true, ""points"": 72}, {""hasPlayed"": false, ""points"": null}, {""hasPlayed"": true, ""points"": 146}]",Matthias Ginter,53023.0
89,5,Christian,Günter,2995137.0,48.0,24.0,24.0,18.0,102008.0,1161.0,0,2,https://kickbase.b-cdn.net/pool/playersbig/89.png,30.0,2,387.0,,"[{""hasPlayed"": false, ""points"": null}, {""hasPlayed"": false, ""points"": null}, {""hasPlayed"": true, ""points"": 25}, {""hasPlayed"": true, ""points"": -22}, {""hasPlayed"": true, ""points"": 56}]",Christian Günter,-80763.0
118,5,Vincenzo,Grifo,11190438.0,71.0,33.0,33.0,21.0,113451.0,2332.0,0,3,https://kickbase.b-cdn.net/pool/playersbig/118.png,32.0,1,208.0,,"[{""hasPlayed"": true, ""points"": 38}, {""hasPlayed"": true, ""points"": 57}, {""hasPlayed"": true, ""points"": 60}, {""hasPlayed"": true, ""points"": -1}, {""hasPlayed"": true, ""points"": 205}]",Vincenzo Grifo,104952.0
1257,5,Lukas,Kübler,4839680.0,82.0,23.0,23.0,19.0,105359.0,1875.0,0,2,https://kickbase.b-cdn.net/pool/playersbig/1257.png,17.0,2,387.0,,"[{""hasPlayed"": true, ""points"": 40}, {""hasPlayed"": true, ""points"": 118}, {""hasPlayed"": true, ""points"": 17}, {""hasPlayed"": true, ""points"": 50}, {""hasPlayed"": true, ""points"": 62}]",Lukas Kübler,-101191.0
1645,5,Maximilian,Eggestein,13854711.0,84.0,34.0,34.0,34.0,203699.0,2849.0,0,3,https://kickbase.b-cdn.net/pool/playersbig/1645.png,8.0,1,205.0,,"[{""hasPlayed"": true, ""points"": 76}, {""hasPlayed"": true, ""points"": 38}, {""hasPlayed"": true, ""points"": 78}, {""hasPlayed"": true, ""points"": -19}, {""hasPlayed"": true, ""points"": 171}]",Maximilian Eggestein,170937.0
1767,5,Jannik,Huth,500000.0,,,,,,,0,1,https://kickbase.b-cdn.net/pool/playersbig/1767.png,24.0,0,,,"[{""hasPlayed"": false, ""points"": null}, {""hasPlayed"": false, ""points"": null}, {""hasPlayed"": false, ""points"": null}, {""hasPlayed"": false, ""points"": null}, {""hasPlayed"": false, ""points"": null}]",Jannik Huth,0.0
1858,5,Anthony,Jung,3013895.0,37.0,12.0,12.0,4.0,36970.0,441.0,0,2,https://kickbase.b-cdn.net/pool/playersbig/1858.png,5.0,2,146.0,,"[{""hasPlayed"": false, ""points"": null}, {""hasPlayed"": true, ""points"": 16}, {""hasPlayed"": false, ""points"": null}, {""hasPlayed"": true, ""points"": 5}, {""hasPlayed"": false, ""points"": null}]",Anthony Jung,-208564.0
1910,5,Florian,Müller,500000.0,,,,,,,2,1,https://kickbase.b-cdn.net/pool/playersbig/1910.png,21.0,0,,,"[{""hasPlayed"": false, ""points"": null}, {""hasPlayed"": false, ""points"": null}, {""hasPlayed"": false, ""points"": null}, {""hasPlayed"": false, ""points"": null}, {""hasPlayed"": false, ""points"": null}]",Florian Müller,0.0
2084,5,Philipp,Lienhart,11242152.0,69.0,20.0,20.0,14.0,86712.0,1379.0,0,2,https://kickbase.b-cdn.net/pool/playersbig/2084.png,3.0,1,122.0,,"[{""hasPlayed"": true, ""points"": 80}, {""hasPlayed"": true, ""points"": 25}, {""hasPlayed"": true, ""points"": 152}, {""hasPlayed"": true, ""points"": 2}, {""hasPlayed"": true, ""points"": 15}]",Philipp Lienhart,160588.0
2125,5,Jan-Niklas,Beste,9743048.0,60.0,28.0,28.0,20.0,111405.0,1693.0,0,3,https://kickbase.b-cdn.net/pool/playersbig/2125.png,19.0,1,173.0,,"[{""hasPlayed"": true, ""points"": 150}, {""hasPlayed"": true, ""points"": 2}, {""hasPlayed"": true, ""points"": 63}, {""hasPlayed"": true, ""points"": 0}, {""hasPlayed"": true, ""points"": 55}]",Jan-Niklas Beste,271616.0
2176,5,Lucas,Höler,2971936.0,46.0,33.0,33.0,25.0,134301.0,1531.0,0,4,https://kickbase.b-cdn.net/pool/playersbig/2176.png,9.0,2,515.0,,"[{""hasPlayed"": true, ""points"": 43}, {""hasPlayed"": true, ""points"": -5}, {""hasPlayed"": true, ""points"": 16}, {""hasPlayed"": true, ""points"": 72}, {""hasPlayed"": true, ""points"": 94}]",Lucas Höler,-83764.0
2722,5,Patrick,Osterhage,4442947.0,47.0,20.0,20.0,13.0,78511.0,938.0,0,3,https://kickbase.b-cdn.net/pool/playersbig/2722.png,6.0,1,211.0,,"[{""hasPlayed"": false, ""points"": null}, {""hasPlayed"": false, ""points"": null}, {""hasPlayed"": false, ""points"": null}, {""hasPlayed"": false, ""points"": null}, {""hasPlayed"": false, ""points"": null}]",Patrick Osterhage,270897.0
2939,5,Eren Sami,Dinkçi,3909055.0,44.0,22.0,22.0,16.0,91259.0,965.0,2,3,https://kickbase.b-cdn.net/pool/playersbig/2939.png,18.0,2,246.0,,"[{""hasPlayed"": true, ""points"": 23}, {""hasPlayed"": true, ""points"": 87}, {""hasPlayed"": true, ""points"": 170}, {""hasPlayed"": true, ""points"": 203}, {""hasPlayed"": false, ""points"": null}]",Eren Sami Dinkçi,-125362.0
3019,5,Noah,Atubolu,9623459.0,97.0,34.0,34.0,34.0,203699.0,3299.0,0,1,https://kickbase.b-cdn.net/pool/playersbig/3019.png,1.0,2,342.0,,"[{""hasPlayed"": true, ""points"": 118}, {""hasPlayed"": true, ""points"": 51}, {""hasPlayed"": true, ""points"": 64}, {""hasPlayed"": true, ""points"": 23}, {""hasPlayed"": true, ""points"": 94}]",Noah Atubolu,-256349.0
3209,5,Yannik,Engelhardt,7926794.0,64.0,31.0,31.0,29.0,162513.0,1970.0,0,3,https://kickbase.b-cdn.net/pool/playersbig/3209.png,16.0,1,248.0,,"[{""hasPlayed"": true, ""points"": 135}, {""hasPlayed"": true, ""points"": 24}, {""hasPlayed"": true, ""points"": 86}, {""hasPlayed"": true, ""points"": 87}, {""hasPlayed"": true, ""points"": -10}]",Yannik Engelhardt,259333.0
3218,5,Mio,Backhaus,16132947.0,95.0,32.0,32.0,32.0,190988.0,3025.0,0,1,https://kickbase.b-cdn.net/pool/playersbig/3218.png,0.0,1,187.0,,"[{""hasPlayed"": true, ""points"": 179}, {""hasPlayed"": true, ""points"": 115}, {""hasPlayed"": true, ""points"": 74}, {""hasPlayed"": true, ""points"": 120}, {""hasPlayed"": true, ""points"": 67}]",Mio Backhaus,115400.0
3304,5,Igor,Matanović,17000839.0,68.0,31.0,31.0,14.0,106505.0,2099.0,0,4,https://kickbase.b-cdn.net/pool/playersbig/3304.png,31.0,1,123.0,,"[{""hasPlayed"": true, ""points"": 265}, {""hasPlayed"": true, ""points"": 207}, {""hasPlayed"": true, ""points"": 17}, {""hasPlayed"": true, ""points"": 5}, {""hasPlayed"": true, ""points"": 37}]",Igor Matanović,172306.0
4335,5,Derry,Scherhant,5147455.0,48.0,31.0,31.0,12.0,87953.0,1487.0,0,3,https://kickbase.b-cdn.net/pool/playersbig/4335.png,7.0,1,288.0,,"[{""hasPlayed"": true, ""points"": 183}, {""hasPlayed"": true, ""points"": 6}, {""hasPlayed"": true, ""points"": 6}, {""hasPlayed"": true, ""points"": 8}, {""hasPlayed"": true, ""points"": 59}]",Derry Scherhant,-8583.0
6209,5,Philipp,Treu,10539695.0,52.0,28.0,28.0,24.0,144527.0,1454.0,0,2,https://kickbase.b-cdn.net/pool/playersbig/6209.png,29.0,1,137.0,,"[{""hasPlayed"": true, ""points"": 47}, {""hasPlayed"": true, ""points"": 22}, {""hasPlayed"": true, ""points"": 60}, {""hasPlayed"": false, ""points"": null}, {""hasPlayed"": false, ""points"": null}]",Philipp Treu,131417.0
7215,5,Jordy,Makengo,2358492.0,42.0,20.0,20.0,12.0,79520.0,840.0,0,2,https://kickbase.b-cdn.net/pool/playersbig/7215.png,33.0,2,356.0,,"[{""hasPlayed"": true, ""points"": 188}, {""hasPlayed"": true, ""points"": 0}, {""hasPlayed"": false, ""points"": null}, {""hasPlayed"": false, ""points"": null}, {""hasPlayed"": true, ""points"": 28}]",Jordy Makengo,-120842.0
7216,5,Max,Rosenfelder,4525534.0,27.0,12.0,12.0,5.0,32955.0,318.0,0,2,https://kickbase.b-cdn.net/pool/playersbig/7216.png,37.0,2,70.0,,"[{""hasPlayed"": false, ""points"": null}, {""hasPlayed"": false, ""points"": null}, {""hasPlayed"": false, ""points"": null}, {""hasPlayed"": false, ""points"": null}, {""hasPlayed"": false, ""points"": null}]",Max Rosenfelder,-165691.0
8363,5,Berkay,Yilmaz,10097561.0,,,,,,,0,2,https://kickbase.b-cdn.net/pool/playersbig/8363.png,27.0,1,,,"[{""hasPlayed"": false, ""points"": null}, {""hasPlayed"": false, ""points"": null}, {""hasPlayed"": false, ""points"": null}, {""hasPlayed"": false, ""points"": null}, {""hasPlayed"": false, ""points"": null}]",Berkay Yilmaz,239096.0
8364,5,Bruno,Ogbus,2836923.0,52.0,18.0,18.0,14.0,78675.0,940.0,0,2,https://kickbase.b-cdn.net/pool/playersbig/8364.png,43.0,2,331.0,,"[{""hasPlayed"": true, ""points"": 38}, {""hasPlayed"": true, ""points"": -23}, {""hasPlayed"": true, ""points"": 50}, {""hasPlayed"": true, ""points"": 59}, {""hasPlayed"": true, ""points"": 110}]",Bruno Ogbus,-122171.0
11006,5,Yuito,Suzuki,11476557.0,63.0,25.0,25.0,18.0,107057.0,1570.0,0,3,https://kickbase.b-cdn.net/pool/playersbig/11006.png,14.0,1,136.0,,"[{""hasPlayed"": false, ""points"": null}, {""hasPlayed"": false, ""points"": null}, {""hasPlayed"": true, ""points"": 50}, {""hasPlayed"": false, ""points"": null}, {""hasPlayed"": true, ""points"": 62}]",Yuito Suzuki,120326.0
11007,5,Cyriaque,Irié,5170270.0,15.0,10.0,10.0,3.0,24064.0,150.0,0,3,https://kickbase.b-cdn.net/pool/playersbig/11007.png,22.0,1,29.0,,"[{""hasPlayed"": false, ""points"": null}, {""hasPlayed"": false, ""points"": null}, {""hasPlayed"": false, ""points"": null}, {""hasPlayed"": true, ""points"": -20}, {""hasPlayed"": false, ""points"": null}]",Cyriaque Irié,265137.0
14048,5,Keisuke,Goto,8996166.0,,,,,,,0,4,https://kickbase.b-cdn.net/pool/playersbig/14048.png,42.0,2,,,"[{""hasPlayed"": false, ""points"": null}, {""hasPlayed"": false, ""points"": null}, {""hasPlayed"": false, ""points"": null}, {""hasPlayed"": false, ""points"": null}, {""hasPlayed"": false, ""points"": null}]",Keisuke Goto,-369491.0
15196,5,Rihito,Yamamoto,9234384.0,,,,,,,0,3,https://kickbase.b-cdn.net/pool/playersbig/15196.png,20.0,2,,,"[{""hasPlayed"": false, ""points"": null}, {""hasPlayed"": false, ""points"": null}, {""hasPlayed"": false, ""points"": null}, {""hasPlayed"": false, ""points"": null}, {""hasPlayed"": false, ""points"": null}]",Rihito Yamamoto,-287562.0
43,10,Mitchell,Weiser,6561907.0,,,,,,,2,2,https://kickbase.b-cdn.net/pool/playersbig/43.png,8.0,2,,,"[{""hasPlayed"": false, ""points"": null}, {""hasPlayed"": false, ""points"": null}, {""hasPlayed"": false, ""points"": null}, {""hasPlayed"": false, ""points"": null}, {""hasPlayed"": false, ""points"": null}]",Mitchell Weiser,-331624.0
157,10,Niklas,Stark,3575592.0,36.0,14.0,14.0,9.0,46992.0,508.0,4,2,https://kickbase.b-cdn.net/pool/playersbig/157.png,4.0,2,142.0,,"[{""hasPlayed"": false, ""points"": null}, {""hasPlayed"": false, ""points"": null}, {""hasPlayed"": false, ""points"": null}, {""hasPlayed"": true, ""points"": 69}, {""hasPlayed"": true, ""points"": 29}]",Niklas Stark,-152896.0
1996,10,Marco,Friedl,11578641.0,78.0,30.0,30.0,29.0,167391.0,2349.0,0,2,https://kickbase.b-cdn.net/pool/playersbig/1996.png,32.0,1,202.0,,"[{""hasPlayed"": true, ""points"": 14}, {""hasPlayed"": true, ""points"": 21}, {""hasPlayed"": true, ""points"": 62}, {""hasPlayed"": false, ""points"": null}, {""hasPlayed"": false, ""points"": null}]",Marco Friedl,145655.0
2294,10,Amos,Pieper,8113363.0,80.0,19.0,19.0,19.0,99133.0,1529.0,0,2,https://kickbase.b-cdn.net/pool/playersbig/2294.png,5.0,1,188.0,,"[{""hasPlayed"": true, ""points"": 24}, {""hasPlayed"": true, ""points"": 44}, {""hasPlayed"": true, ""points"": 72}, {""hasPlayed"": true, ""points"": 80}, {""hasPlayed"": true, ""points"": 82}]",Amos Pieper,173874.0
2367,10,Romano,Schmid,16275202.0,98.0,34.0,34.0,34.0,195180.0,3325.0,256,3,https://kickbase.b-cdn.net/pool/playersbig/2367.png,10.0,2,204.0,,"[{""hasPlayed"": true, ""points"": 40}, {""hasPlayed"": true, ""points"": 16}, {""hasPlayed"": true, ""points"": 248}, {""hasPlayed"": true, ""points"": 96}, {""hasPlayed"": true, ""points"": 182}]",Romano Schmid,-230008.0
2842,10,Felix,Agu,5271779.0,46.0,11.0,11.0,9.0,48743.0,509.0,2,2,https://kickbase.b-cdn.net/pool/playersbig/2842.png,27.0,1,96.0,,"[{""hasPlayed"": false, ""points"": null}, {""hasPlayed"": false, ""points"": null}, {""hasPlayed"": false, ""points"": null}, {""hasPlayed"": false, ""points"": null}, {""hasPlayed"": false, ""points"": null}]",Felix Agu,289265.0
3139,10,Cédric,Itten,10758041.0,,,,,,,0,4,https://kickbase.b-cdn.net/pool/playersbig/3139.png,26.0,1,,,"[{""hasPlayed"": false, ""points"": null}, {""hasPlayed"": false, ""points"": null}, {""hasPlayed"": false, ""points"": null}, {""hasPlayed"": false, ""points"": null}, {""hasPlayed"": false, ""points"": null}]",Cédric Itten,86470.0
3166,10,Keke,Topp,620177.0,22.0,20.0,20.0,7.0,45051.0,438.0,1,4,https://kickbase.b-cdn.net/pool/playersbig/3166.png,9.0,2,706.0,,"[{""hasPlayed"": false, ""points"": null}, {""hasPlayed"": false, ""points"": null}, {""hasPlayed"": false, ""points"": null}, {""hasPlayed"": false, ""points"": null}, {""hasPlayed"": false, ""points"": null}]",Keke Topp,-152442.0
3228,10,Justin,Njinmah,6527471.0,43.0,33.0,33.0,22.0,126736.0,1409.0,0,4,https://kickbase.b-cdn.net/pool/playersbig/3228.png,11.0,1,215.0,,"[{""hasPlayed"": true, ""points"": 10}, {""hasPlayed"": true, ""points"": 33}, {""hasPlayed"": true, ""points"": 13}, {""hasPlayed"": true, ""points"": 12}, {""hasPlayed"": true, ""points"": 104}]",Justin Njinmah,51447.0
3450,10,Markus,Kolke,500000.0,,,,,,,0,1,https://kickbase.b-cdn.net/pool/playersbig/3450.png,25.0,0,,,"[{""hasPlayed"": false, ""points"": null}, {""hasPlayed"": false, ""points"": null}, {""hasPlayed"": false, ""points"": null}, {""hasPlayed"": false, ""points"": null}, {""hasPlayed"": false, ""points"": null}]",Markus Kolke,0.0
3481,10,Jens,Stage,18099425.0,100.0,29.0,29.0,29.0,160601.0,2895.0,0,3,https://kickbase.b-cdn.net/pool/playersbig/3481.png,6.0,1,159.0,,"[{""hasPlayed"": true, ""points"": 48}, {""hasPlayed"": true, ""points"": 12}, {""hasPlayed"": true, ""points"": 30}, {""hasPlayed"": true, ""points"": 157}, {""hasPlayed"": true, ""points"": 265}]",Jens Stage,153214.0
7167,10,Senne,Lynen,7779915.0,71.0,31.0,31.0,31.0,180555.0,2210.0,4,3,https://kickbase.b-cdn.net/pool/playersbig/7167.png,14.0,1,284.0,,"[{""hasPlayed"": true, ""points"": 33}, {""hasPlayed"": true, ""points"": 104}, {""hasPlayed"": true, ""points"": 103}, {""hasPlayed"": true, ""points"": 101}, {""hasPlayed"": true, ""points"": 87}]",Senne Lynen,214209.0
7282,10,Olivier,Deman,9416212.0,74.0,16.0,16.0,14.0,82852.0,1176.0,0,2,https://kickbase.b-cdn.net/pool/playersbig/7282.png,2.0,1,124.0,,"[{""hasPlayed"": true, ""points"": 51}, {""hasPlayed"": true, ""points"": 129}, {""hasPlayed"": true, ""points"": 106}, {""hasPlayed"": true, ""points"": 33}, {""hasPlayed"": true, ""points"": 87}]",Olivier Deman,251716.0
7469,10,Julián,Malatini,3993856.0,26.0,11.0,11.0,5.0,34567.0,288.0,0,2,https://kickbase.b-cdn.net/pool/playersbig/7469.png,22.0,1,72.0,,"[{""hasPlayed"": false, ""points"": null}, {""hasPlayed"": false, ""points"": null}, {""hasPlayed"": false, ""points"": null}, {""hasPlayed"": false, ""points"": null}, {""hasPlayed"": false, ""points"": null}]",Julián Malatini,280105.0
7721,10,Marco,Grüll,3465166.0,50.0,33.0,33.0,23.0,130955.0,1641.0,0,3,https://kickbase.b-cdn.net/pool/playersbig/7721.png,17.0,1,473.0,,"[{""hasPlayed"": true, ""points"": 28}, {""hasPlayed"": true, ""points"": -14}, {""hasPlayed"": true, ""points"": 19}, {""hasPlayed"": false, ""points"": null}, {""hasPlayed"": true, ""points"": 53}]",Marco Grüll,277103.0
8166,10,,Chuki,10274838.0,,,,,,,0,3,https://kickbase.b-cdn.net/pool/playersbig/8166.png,20.0,1,,,"[{""hasPlayed"": false, ""points"": null}, {""hasPlayed"": false, ""points"": null}, {""hasPlayed"": false, ""points"": null}, {""hasPlayed"": false, ""points"": null}, {""hasPlayed"": false, ""points"": null}]",Chuki,163963.0
9513,10,Karl,Hein,11759452.0,164.0,2.0,2.0,2.0,11560.0,327.0,0,1,https://kickbase.b-cdn.net/pool/playersbig/9513.png,1.0,1,27.0,,"[{""hasPlayed"": false, ""points"": null}, {""hasPlayed"": false, ""points"": null}, {""hasPlayed"": false, ""points"": null}, {""hasPlayed"": false, ""points"": null}, {""hasPlayed"": false, ""points"": null}]",Karl Hein,153571.0
9600,10,Alexander,Schlager,5968868.0,,,,,,,0,1,https://kickbase.b-cdn.net/pool/playersbig/9600.png,30.0,2,,,"[{""hasPlayed"": false, ""points"": null}, {""hasPlayed"": false, ""points"": null}, {""hasPlayed"": false, ""points"": null}, {""hasPlayed"": false, ""points"": null}, {""hasPlayed"": false, ""points"": null}]",Alexander Schlager,-396039.0
9923,10,Samuel,Mbangula,7497894.0,50.0,26.0,26.0,12.0,77710.0,1289.0,0,3,https://kickbase.b-cdn.net/pool/playersbig/9923.png,7.0,1,171.0,,"[{""hasPlayed"": true, ""points"": 9}, {""hasPlayed"": true, ""points"": -11}, {""hasPlayed"": true, ""points"": 36}, {""hasPlayed"": true, ""points"": 3}, {""hasPlayed"": false, ""points"": null}]",Samuel Mbangula,52536.0
9996,10,Patrice,Covic,5260710.0,18.0,15.0,15.0,2.0,25884.0,268.0,0,3,https://kickbase.b-cdn.net/pool/playersbig/9996.png,24.0,1,50.0,,"[{""hasPlayed"": true, ""points"": 9}, {""hasPlayed"": false, ""points"": null}, {""hasPlayed"": false, ""points"": null}, {""hasPlayed"": false, ""points"": null}, {""hasPlayed"": false, ""points"": null}]",Patrice Covic,209961.0
10131,10,Dariusz,Stalmach,4393604.0,,,,,,,1,3,https://kickbase.b-cdn.net/pool/playersbig/10131.png,23.0,2,,,"[{""hasPlayed"": false, ""points"": null}, {""hasPlayed"": false, ""points"": null}, {""hasPlayed"": false, ""points"": null}, {""hasPlayed"": false, ""points"": null}, {""hasPlayed"": false, ""points"": null}]",Dariusz Stalmach,-157251.0
10134,10,Mick,Schmetgens,4080715.0,40.0,2.0,2.0,0.0,2459.0,79.0,0,2,https://kickbase.b-cdn.net/pool/playersbig/10134.png,33.0,1,19.0,,"[{""hasPlayed"": false, ""points"": null}, {""hasPlayed"": false, ""points"": null}, {""hasPlayed"": false, ""points"": null}, {""hasPlayed"": false, ""points"": null}, {""hasPlayed"": false, ""points"": null}]",Mick Schmetgens,281998.0
10497,10,Abdoul-Karim,Coulibaly,7258580.0,52.0,27.0,27.0,24.0,139820.0,1401.0,0,2,https://kickbase.b-cdn.net/pool/playersbig/10497.png,31.0,2,193.0,,"[{""hasPlayed"": true, ""points"": 24}, {""hasPlayed"": false, ""points"": null}, {""hasPlayed"": true, ""points"": 7}, {""hasPlayed"": true, ""points"": 28}, {""hasPlayed"": true, ""points"": 108}]",Abdoul-Karim Coulibaly,-229545.0
11262,10,Salim Amani,Musah,4801490.0,17.0,8.0,8.0,2.0,13915.0,134.0,2,4,https://kickbase.b-cdn.net/pool/playersbig/11262.png,29.0,1,27.0,,"[{""hasPlayed"": true, ""points"": 19}, {""hasPlayed"": true, ""points"": -12}, {""hasPlayed"": true, ""points"": 20}, {""hasPlayed"": true, ""points"": 2}, {""hasPlayed"": false, ""points"": null}]",Salim Amani Musah,312323.0
14923,10,Kenny,Quetant,4558386.0,,,,,,,0,4,https://kickbase.b-cdn.net/pool/playersbig/14923.png,19.0,2,,,"[{""hasPlayed"": false, ""points"": null}, {""hasPlayed"": false, ""points"": null}, {""hasPlayed"": false, ""points"": null}, {""hasPlayed"": false, ""points"": null}, {""hasPlayed"": false, ""points"": null}]",Kenny Quetant,-142764.0
14926,10,Darwin,Soylu,4578288.0,,,,,,,0,3,https://kickbase.b-cdn.net/pool/playersbig/14926.png,34.0,2,,,"[{""hasPlayed"": false, ""points"": null}, {""hasPlayed"": false, ""points"": null}, {""hasPlayed"": false, ""points"": null}, {""hasPlayed"": false, ""points"": null}, {""hasPlayed"": false, ""points"": null}]",Darwin Soylu,-130689.0
15256,10,Oskar,Wójcik,8372391.0,,,,,,,0,2,https://kickbase.b-cdn.net/pool/playersbig/15256.png,3.0,1,,,"[{""hasPlayed"": false, ""points"": null}, {""hasPlayed"": false, ""points"": null}, {""hasPlayed"": false, ""points"": null}, {""hasPlayed"": false, ""points"": null}, {""hasPlayed"": false, ""points"": null}]",Oskar Wójcik,-55047.0
15313,10,Paul,Erevbenagie,866902.0,,,,,,,0,4,https://kickbase.b-cdn.net/pool/playersbig/15313.png,38.0,1,,,"[{""hasPlayed"": false, ""points"": null}, {""hasPlayed"": false, ""points"": null}, {""hasPlayed"": false, ""points"": null}, {""hasPlayed"": false, ""points"": null}, {""hasPlayed"": false, ""points"": null}]",Paul Erevbenagie,258383.0
493,13,Michael,Gregoritsch,8910509.0,74.0,17.0,17.0,11.0,60067.0,1251.0,0,4,https://kickbase.b-cdn.net/pool/playersbig/493.png,38.0,1,140.0,,"[{""hasPlayed"": true, ""points"": -15}, {""hasPlayed"": true, ""points"": 273}, {""hasPlayed"": true, ""points"": 132}, {""hasPlayed"": true, ""points"": 75}, {""hasPlayed"": false, ""points"": null}]",Michael Gregoritsch,169859.0
1809,13,Marius,Wolf,928397.0,24.0,29.0,29.0,12.0,69269.0,686.0,0,3,https://kickbase.b-cdn.net/pool/playersbig/1809.png,27.0,2,738.0,,"[{""hasPlayed"": true, ""points"": 8}, {""hasPlayed"": true, ""points"": 35}, {""hasPlayed"": true, ""points"": 94}, {""hasPlayed"": true, ""points"": 17}, {""hasPlayed"": true, ""points"": 15}]",Marius Wolf,-90015.0
1811,13,Jeffrey,Gouweleeuw,10322838.0,62.0,11.0,11.0,10.0,56368.0,684.0,2,2,https://kickbase.b-cdn.net/pool/playersbig/1811.png,6.0,1,66.0,,"[{""hasPlayed"": true, ""points"": 47}, {""hasPlayed"": true, ""points"": 78}, {""hasPlayed"": true, ""points"": 79}, {""hasPlayed"": true, ""points"": 62}, {""hasPlayed"": true, ""points"": 93}]",Jeffrey Gouweleeuw,111906.0
2195,13,Finn,Dahmen,15366270.0,90.0,34.0,34.0,34.0,203411.0,3060.0,0,1,https://kickbase.b-cdn.net/pool/playersbig/2195.png,1.0,1,199.0,,"[{""hasPlayed"": true, ""points"": 28}, {""hasPlayed"": true, ""points"": 77}, {""hasPlayed"": true, ""points"": 109}, {""hasPlayed"": true, ""points"": 87}, {""hasPlayed"": true, ""points"": 274}]",Finn Dahmen,101479.0
2274,13,Keven,Schlotterbeck,11784059.0,87.0,24.0,24.0,22.0,136251.0,2080.0,0,2,https://kickbase.b-cdn.net/pool/playersbig/2274.png,31.0,1,176.0,,"[{""hasPlayed"": false, ""points"": null}, {""hasPlayed"": false, ""points"": null}, {""hasPlayed"": true, ""points"": 31}, {""hasPlayed"": false, ""points"": null}, {""hasPlayed"": false, ""points"": null}]",Keven Schlotterbeck,21743.0
2651,13,Mads,Pedersen,3750914.0,10.0,7.0,7.0,1.0,14713.0,67.0,0,2,https://kickbase.b-cdn.net/pool/playersbig/2651.png,3.0,1,17.0,,"[{""hasPlayed"": true, ""points"": -4}, {""hasPlayed"": false, ""points"": null}, {""hasPlayed"": false, ""points"": null}, {""hasPlayed"": false, ""points"": null}, {""hasPlayed"": false, ""points"": null}]",Mads Pedersen,244317.0
2764,13,Yannik,Keitel,4992705.0,39.0,6.0,6.0,2.0,16772.0,233.0,0,3,https://kickbase.b-cdn.net/pool/playersbig/2764.png,14.0,1,46.0,,"[{""hasPlayed"": true, ""points"": -7}, {""hasPlayed"": true, ""points"": 33}, {""hasPlayed"": false, ""points"": null}, {""hasPlayed"": false, ""points"": null}, {""hasPlayed"": false, ""points"": null}]",Yannik Keitel,111470.0
3143,13,Kristijan,Jakić,2674391.0,56.0,26.0,26.0,18.0,110792.0,1450.0,0,3,https://kickbase.b-cdn.net/pool/playersbig/3143.png,17.0,2,542.0,,"[{""hasPlayed"": false, ""points"": null}, {""hasPlayed"": true, ""points"": 35}, {""hasPlayed"": true, ""points"": 181}, {""hasPlayed"": true, ""points"": 6}, {""hasPlayed"": false, ""points"": null}]",Kristijan Jakić,-120738.0
3183,13,Anton,Kade,10337845.0,64.0,28.0,28.0,18.0,114106.0,1783.0,0,4,https://kickbase.b-cdn.net/pool/playersbig/3183.png,30.0,1,172.0,,"[{""hasPlayed"": true, ""points"": 53}, {""hasPlayed"": true, ""points"": 108}, {""hasPlayed"": true, ""points"": 306}, {""hasPlayed"": true, ""points"": 147}, {""hasPlayed"": true, ""points"": 72}]",Anton Kade,177189.0
4654,13,Mert,Kömür,2863193.0,53.0,28.0,28.0,17.0,98463.0,1481.0,0,3,https://kickbase.b-cdn.net/pool/playersbig/4654.png,36.0,2,517.0,,"[{""hasPlayed"": true, ""points"": -5}, {""hasPlayed"": true, ""points"": 166}, {""hasPlayed"": false, ""points"": null}, {""hasPlayed"": true, ""points"": 1}, {""hasPlayed"": true, ""points"": 41}]",Mert Kömür,-92669.0
6168,13,Robin,Fellhauer,9133144.0,65.0,34.0,34.0,31.0,182393.0,2209.0,0,3,https://kickbase.b-cdn.net/pool/playersbig/6168.png,19.0,1,241.0,,"[{""hasPlayed"": true, ""points"": 30}, {""hasPlayed"": true, ""points"": 160}, {""hasPlayed"": true, ""points"": 54}, {""hasPlayed"": true, ""points"": 23}, {""hasPlayed"": true, ""points"": 93}]",Robin Fellhauer,261146.0
7283,13,Calvin,Brackelmann,7932574.0,,,,,,,0,2,https://kickbase.b-cdn.net/pool/playersbig/7283.png,0.0,2,,,"[{""hasPlayed"": false, ""points"": null}, {""hasPlayed"": false, ""points"": null}, {""hasPlayed"": false, ""points"": null}, {""hasPlayed"": false, ""points"": null}, {""hasPlayed"": false, ""points"": null}]",Calvin Brackelmann,-261894.0
7336,13,Sima,Suso,4665210.0,,,,,,,2,3,https://kickbase.b-cdn.net/pool/playersbig/7336.png,0.0,2,,,"[{""hasPlayed"": false, ""points"": null}, {""hasPlayed"": false, ""points"": null}, {""hasPlayed"": false, ""points"": null}, {""hasPlayed"": false, ""points"": null}, {""hasPlayed"": false, ""points"": null}]",Sima Suso,-165773.0
7676,13,Fabian,Rieder,11752981.0,71.0,32.0,32.0,28.0,153869.0,2269.0,0,3,https://kickbase.b-cdn.net/pool/playersbig/7676.png,32.0,1,193.0,,"[{""hasPlayed"": true, ""points"": 35}, {""hasPlayed"": true, ""points"": 134}, {""hasPlayed"": true, ""points"": 78}, {""hasPlayed"": true, ""points"": 77}, {""hasPlayed"": true, ""points"": 262}]",Fabian Rieder,183404.0
7696,13,Nediljko,Labrović,2866074.0,,,,,,,0,1,https://kickbase.b-cdn.net/pool/playersbig/7696.png,22.0,1,,,"[{""hasPlayed"": false, ""points"": null}, {""hasPlayed"": false, ""points"": null}, {""hasPlayed"": false, ""points"": null}, {""hasPlayed"": false, ""points"": null}, {""hasPlayed"": false, ""points"": null}]",Nediljko Labrović,167532.0
8355,13,Noahkai,Banks,6603268.0,73.0,23.0,23.0,20.0,114349.0,1668.0,0,2,https://kickbase.b-cdn.net/pool/playersbig/8355.png,40.0,1,252.0,,"[{""hasPlayed"": true, ""points"": 46}, {""hasPlayed"": false, ""points"": null}, {""hasPlayed"": false, ""points"": null}, {""hasPlayed"": false, ""points"": null}, {""hasPlayed"": false, ""points"": null}]",Noahkai Banks,160214.0
9642,13,Chrislain,Matsima,10290270.0,82.0,18.0,18.0,17.0,99447.0,1473.0,0,2,https://kickbase.b-cdn.net/pool/playersbig/9642.png,5.0,1,143.0,,"[{""hasPlayed"": true, ""points"": 9}, {""hasPlayed"": true, ""points"": 82}, {""hasPlayed"": true, ""points"": 65}, {""hasPlayed"": true, ""points"": 2}, {""hasPlayed"": false, ""points"": null}]",Chrislain Matsima,67305.0
9684,13,Alexis,Claude-Maurice,11873741.0,80.0,29.0,29.0,25.0,136499.0,2314.0,2,3,https://kickbase.b-cdn.net/pool/playersbig/9684.png,20.0,1,194.0,,"[{""hasPlayed"": false, ""points"": null}, {""hasPlayed"": true, ""points"": 24}, {""hasPlayed"": true, ""points"": 139}, {""hasPlayed"": true, ""points"": 91}, {""hasPlayed"": true, ""points"": 42}]",Alexis Claude-Maurice,131950.0
9965,13,Faik,Sakar,4129449.0,,,,,,,0,3,https://kickbase.b-cdn.net/pool/playersbig/9965.png,0.0,1,,,"[{""hasPlayed"": false, ""points"": null}, {""hasPlayed"": false, ""points"": null}, {""hasPlayed"": false, ""points"": null}, {""hasPlayed"": false, ""points"": null}, {""hasPlayed"": false, ""points"": null}]",Faik Sakar,315686.0
10049,13,Hennes,Behrens,7630497.0,68.0,16.0,16.0,15.0,87282.0,1093.0,0,2,https://kickbase.b-cdn.net/pool/playersbig/10049.png,0.0,1,143.0,,"[{""hasPlayed"": true, ""points"": 39}, {""hasPlayed"": true, ""points"": 103}, {""hasPlayed"": true, ""points"": 62}, {""hasPlayed"": true, ""points"": 123}, {""hasPlayed"": true, ""points"": 33}]",Hennes Behrens,267121.0
11556,13,Han-Noah,Massengo,8470872.0,59.0,33.0,33.0,29.0,158322.0,1949.0,0,3,https://kickbase.b-cdn.net/pool/playersbig/11556.png,4.0,1,230.0,,"[{""hasPlayed"": true, ""points"": -5}, {""hasPlayed"": true, ""points"": 22}, {""hasPlayed"": true, ""points"": 26}, {""hasPlayed"": true, ""points"": 64}, {""hasPlayed"": true, ""points"": 107}]",Han-Noah Massengo,175497.0
12341,13,Rodrigo,Ribeiro,4884616.0,38.0,14.0,14.0,6.0,41356.0,529.0,0,4,https://kickbase.b-cdn.net/pool/playersbig/12341.png,21.0,2,108.0,,"[{""hasPlayed"": true, ""points"": 11}, {""hasPlayed"": true, ""points"": 20}, {""hasPlayed"": true, ""points"": 21}, {""hasPlayed"": true, ""points"": 18}, {""hasPlayed"": true, ""points"": 66}]",Rodrigo Ribeiro,-422491.0
13479,13,Uchenna,Ogundu,4008136.0,18.0,5.0,5.0,0.0,4536.0,88.0,0,4,https://kickbase.b-cdn.net/pool/playersbig/13479.png,39.0,1,21.0,,"[{""hasPlayed"": true, ""points"": 22}, {""hasPlayed"": false, ""points"": null}, {""hasPlayed"": false, ""points"": null}, {""hasPlayed"": false, ""points"": null}, {""hasPlayed"": true, ""points"": 56}]",Uchenna Ogundu,286786.0
32,8,Loris,Karius,15434589.0,,,,,,,0,1,https://kickbase.b-cdn.net/pool/playersbig/32.png,1.0,1,,,"[{""hasPlayed"": false, ""points"": null}, {""hasPlayed"": false, ""points"": null}, {""hasPlayed"": false, ""points"": null}, {""hasPlayed"": false, ""points"": null}, {""hasPlayed"": false, ""points"": null}]",Loris Karius,176227.0
670,8,Kenan,Karaman,15151609.0,,,,,,,2,4,https://kickbase.b-cdn.net/pool/playersbig/670.png,19.0,1,,,"[{""hasPlayed"": false, ""points"": null}, {""hasPlayed"": false, ""points"": null}, {""hasPlayed"": false, ""points"": null}, {""hasPlayed"": false, ""points"": null}, {""hasPlayed"": false, ""points"": null}]",Kenan Karaman,159198.0
755,8,Kevin,Müller,1553538.0,,,,,,,0,1,https://kickbase.b-cdn.net/pool/playersbig/755.png,22.0,2,,,"[{""hasPlayed"": false, ""points"": null}, {""hasPlayed"": false, ""points"": null}, {""hasPlayed"": false, ""points"": null}, {""hasPlayed"": false, ""points"": null}, {""hasPlayed"": false, ""points"": null}]",Kevin Müller,-147691.0
1012,8,Edin,Džeko,7084261.0,,,,,,,2,4,https://kickbase.b-cdn.net/pool/playersbig/1012.png,0.0,1,,,"[{""hasPlayed"": false, ""points"": null}, {""hasPlayed"": false, ""points"": null}, {""hasPlayed"": false, ""points"": null}, {""hasPlayed"": false, ""points"": null}, {""hasPlayed"": false, ""points"": null}]",Edin Džeko,279552.0
1691,8,Finn,Porath,4848303.0,,,,,,,0,3,https://kickbase.b-cdn.net/pool/playersbig/1691.png,27.0,1,,,"[{""hasPlayed"": false, ""points"": null}, {""hasPlayed"": false, ""points"": null}, {""hasPlayed"": false, ""points"": null}, {""hasPlayed"": false, ""points"": null}, {""hasPlayed"": false, ""points"": null}]",Finn Porath,298905.0
1911,8,Anton,Donkor,5122271.0,,,,,,,0,2,https://kickbase.b-cdn.net/pool/playersbig/1911.png,30.0,1,,,"[{""hasPlayed"": false, ""points"": null}, {""hasPlayed"": false, ""points"": null}, {""hasPlayed"": false, ""points"": null}, {""hasPlayed"": false, ""points"": null}, {""hasPlayed"": false, ""points"": null}]",Anton Donkor,288163.0
2762,8,Timo,Becker,5894578.0,,,,,,,0,2,https://kickbase.b-cdn.net/pool/playersbig/2762.png,5.0,2,,,"[{""hasPlayed"": false, ""points"": null}, {""hasPlayed"": false, ""points"": null}, {""hasPlayed"": false, ""points"": null}, {""hasPlayed"": false, ""points"": null}, {""hasPlayed"": false, ""points"": null}]",Timo Becker,-250776.0
2876,8,Ron,Schallenberg,7319867.0,,,,,,,0,3,https://kickbase.b-cdn.net/pool/playersbig/2876.png,6.0,1,,,"[{""hasPlayed"": false, ""points"": null}, {""hasPlayed"": false, ""points"": null}, {""hasPlayed"": false, ""points"": null}, {""hasPlayed"": false, ""points"": null}, {""hasPlayed"": false, ""points"": null}]",Ron Schallenberg,265538.0
2967,8,Soufiane,El-Faouzi,13377788.0,,,,,,,0,3,https://kickbase.b-cdn.net/pool/playersbig/2967.png,23.0,1,,,"[{""hasPlayed"": false, ""points"": null}, {""hasPlayed"": false, ""points"": null}, {""hasPlayed"": false, ""points"": null}, {""hasPlayed"": false, ""points"": null}, {""hasPlayed"": false, ""points"": null}]",Soufiane El-Faouzi,184256.0
3029,8,Dejan,Ljubičić,8803173.0,,,,,,,0,3,https://kickbase.b-cdn.net/pool/playersbig/3029.png,21.0,1,,,"[{""hasPlayed"": false, ""points"": null}, {""hasPlayed"": false, ""points"": null}, {""hasPlayed"": false, ""points"": null}, {""hasPlayed"": false, ""points"": null}, {""hasPlayed"": false, ""points"": null}]",Dejan Ljubičić,-42057.0
3307,8,Janik,Bachmann,3334193.0,,,,,,,0,3,https://kickbase.b-cdn.net/pool/playersbig/3307.png,14.0,2,,,"[{""hasPlayed"": false, ""points"": null}, {""hasPlayed"": false, ""points"": null}, {""hasPlayed"": false, ""points"": null}, {""hasPlayed"": false, ""points"": null}, {""hasPlayed"": false, ""points"": null}]",Janik Bachmann,-151721.0
4406,8,Éric,Dina Ebimbe,6527610.0,,,,,,,2,3,https://kickbase.b-cdn.net/pool/playersbig/4406.png,0.0,1,,,"[{""hasPlayed"": false, ""points"": null}, {""hasPlayed"": false, ""points"": null}, {""hasPlayed"": false, ""points"": null}, {""hasPlayed"": false, ""points"": null}, {""hasPlayed"": false, ""points"": null}]",Éric Dina Ebimbe,6027610.0
4606,8,Hasan,Kuruçay,12112000.0,,,,,,,0,2,https://kickbase.b-cdn.net/pool/playersbig/4606.png,4.0,1,,,"[{""hasPlayed"": false, ""points"": null}, {""hasPlayed"": false, ""points"": null}, {""hasPlayed"": false, ""points"": null}, {""hasPlayed"": false, ""points"": null}, {""hasPlayed"": false, ""points"": null}]",Hasan Kuruçay,145536.0
6172,8,Junior,Adamu,9015777.0,47.0,9.0,9.0,7.0,28586.0,419.0,0,4,https://kickbase.b-cdn.net/pool/playersbig/6172.png,20.0,2,46.0,,"[{""hasPlayed"": false, ""points"": null}, {""hasPlayed"": false, ""points"": null}, {""hasPlayed"": false, ""points"": null}, {""hasPlayed"": false, ""points"": null}, {""hasPlayed"": false, ""points"": null}]",Junior Adamu,-262324.0
7156,8,Maximilian,Wöber,6060182.0,33.0,2.0,2.0,0.0,2759.0,66.0,2,2,https://kickbase.b-cdn.net/pool/playersbig/7156.png,39.0,1,10.0,,"[{""hasPlayed"": false, ""points"": null}, {""hasPlayed"": true, ""points"": 22}, {""hasPlayed"": false, ""points"": null}, {""hasPlayed"": true, ""points"": 44}, {""hasPlayed"": false, ""points"": null}]",Maximilian Wöber,174838.0
7242,8,Robin,Gosens,9258275.0,,,,,,,1,2,https://kickbase.b-cdn.net/pool/playersbig/7242.png,8.0,2,,,"[{""hasPlayed"": false, ""points"": null}, {""hasPlayed"": false, ""points"": null}, {""hasPlayed"": false, ""points"": null}, {""hasPlayed"": false, ""points"": null}, {""hasPlayed"": false, ""points"": null}]",Robin Gosens,-285854.0
8222,8,Moussa,Sylla,8259020.0,,,,,,,0,4,https://kickbase.b-cdn.net/pool/playersbig/8222.png,9.0,1,,,"[{""hasPlayed"": false, ""points"": null}, {""hasPlayed"": false, ""points"": null}, {""hasPlayed"": false, ""points"": null}, {""hasPlayed"": false, ""points"": null}, {""hasPlayed"": false, ""points"": null}]",Moussa Sylla,154796.0
8235,8,Adrian,Gantenbein,1002010.0,,,,,,,1,2,https://kickbase.b-cdn.net/pool/playersbig/8235.png,17.0,2,,,"[{""hasPlayed"": false, ""points"": null}, {""hasPlayed"": false, ""points"": null}, {""hasPlayed"": false, ""points"": null}, {""hasPlayed"": false, ""points"": null}, {""hasPlayed"": false, ""points"": null}]",Adrian Gantenbein,-156110.0
8277,8,Vitalie,Becker,6585300.0,,,,,,,0,2,https://kickbase.b-cdn.net/pool/playersbig/8277.png,33.0,1,,,"[{""hasPlayed"": false, ""points"": null}, {""hasPlayed"": false, ""points"": null}, {""hasPlayed"": false, ""points"": null}, {""hasPlayed"": false, ""points"": null}, {""hasPlayed"": false, ""points"": null}]",Vitalie Becker,292951.0
9390,8,Max,Grüger,3469545.0,,,,,,,0,3,https://kickbase.b-cdn.net/pool/playersbig/9390.png,37.0,2,,,"[{""hasPlayed"": false, ""points"": null}, {""hasPlayed"": false, ""points"": null}, {""hasPlayed"": false, ""points"": null}, {""hasPlayed"": false, ""points"": null}, {""hasPlayed"": false, ""points"": null}]",Max Grüger,-157152.0
10916,8,Mert Can,Ayhan,9235885.0,,,,,,,0,2,https://kickbase.b-cdn.net/pool/playersbig/10916.png,43.0,1,,,"[{""hasPlayed"": false, ""points"": null}, {""hasPlayed"": false, ""points"": null}, {""hasPlayed"": false, ""points"": null}, {""hasPlayed"": false, ""points"": null}, {""hasPlayed"": false, ""points"": null}]",Mert Can Ayhan,160096.0
11255,8,Nikola,Katic,13400032.0,,,,,,,0,2,https://kickbase.b-cdn.net/pool/playersbig/11255.png,25.0,1,,,"[{""hasPlayed"": false, ""points"": null}, {""hasPlayed"": false, ""points"": null}, {""hasPlayed"": false, ""points"": null}, {""hasPlayed"": false, ""points"": null}, {""hasPlayed"": false, ""points"": null}]",Nikola Katic,160655.0
11964,8,Christian,Gomis,4771807.0,,,,,,,0,4,https://kickbase.b-cdn.net/pool/playersbig/11964.png,7.0,2,,,"[{""hasPlayed"": false, ""points"": null}, {""hasPlayed"": false, ""points"": null}, {""hasPlayed"": false, ""points"": null}, {""hasPlayed"": false, ""points"": null}, {""hasPlayed"": false, ""points"": null}]",Christian Gomis,-159854.0
12297,8,Satoshi,Tanaka,8139617.0,,,,,,,0,3,https://kickbase.b-cdn.net/pool/playersbig/12297.png,13.0,2,,,"[{""hasPlayed"": false, ""points"": null}, {""hasPlayed"": false, ""points"": null}, {""hasPlayed"": false, ""points"": null}, {""hasPlayed"": false, ""points"": null}, {""hasPlayed"": false, ""points"": null}]",Satoshi Tanaka,-277889.0
13431,8,Johannes Simon,Siebeking,3403563.0,,,,,,,0,1,https://kickbase.b-cdn.net/pool/playersbig/13431.png,36.0,2,,,"[{""hasPlayed"": false, ""points"": null}, {""hasPlayed"": false, ""points"": null}, {""hasPlayed"": false, ""points"": null}, {""hasPlayed"": false, ""points"": null}, {""hasPlayed"": false, ""points"": null}]",Johannes Simon Siebeking,-206507.0
13448,8,Adil,Aouchiche,13691923.0,,,,,,,0,3,https://kickbase.b-cdn.net/pool/playersbig/13448.png,24.0,1,,,"[{""hasPlayed"": false, ""points"": null}, {""hasPlayed"": false, ""points"": null}, {""hasPlayed"": false, ""points"": null}, {""hasPlayed"": false, ""points"": null}, {""hasPlayed"": false, ""points"": null}]",Adil Aouchiche,176582.0
