id,teamId,firstName,lastName,marketValue,averagePoints,games,gamesPlayed,start11,totalPlaytimeS,totalPoints,status,position,playerImage,number,trend,pointsPerValue,pointsStdDev,history,startProbability,name,marketChangeToday,last5Points,last5PlayedSlots,last5AveragePoints,marketChange.today,marketChange.yesterday,marketChange.twoDays,marketChange.sevenDaysAvg,marketChange.thirtyDaysAvg
3120,2,Tom,Bischof,22168089.0,118.0,26.0,26.0,14.0,88493.0,3077.0,0,3,https://kickbase.b-cdn.net/content/file/f25237e8f3a640479c355850b4139da6.png,8.0,1,138.0,,"[{""hasPlayed"": true, ""points"": 268}, {""hasPlayed"": true, ""points"": 228}, {""hasPlayed"": false, ""points"": null}, {""hasPlayed"": false, ""points"": null}, {""hasPlayed"": false, ""points"": null}]",3,Tom Bischof,153621.0,"[268.0, 228.0, null, null, null]",2,248.0,153621.0,141854.0,115777.0,915510.0,3526137.0
2736,3,Ramy,Bensebaini,20748993.0,128.0,21.0,21.0,15.0,102687.0,2683.0,0,2,https://kickbase.b-cdn.net/content/file/f52b92d109bf4f53b2fb20e5c50f00ec.png,5.0,1,129.0,,"[{""hasPlayed"": false, ""points"": null}, {""hasPlayed"": false, ""points"": null}, {""hasPlayed"": false, ""points"": null}, {""hasPlayed"": true, ""points"": 364}, {""hasPlayed"": true, ""points"": 106}]",1,Ramy Bensebaini,209041.0,"[null, null, null, 364.0, 106.0]",2,235.0,209041.0,194941.0,173674.0,1306023.0,4499529.0
12368,6,Sander,Tangvik,515772.0,220.0,1.0,1.0,1.0,6034.0,220.0,0,1,https://kickbase.b-cdn.net/content/file/3d7ab89b5e874e77bbb6b1fb6724745f.png,12.0,2,426.0,,"[{""hasPlayed"": true, ""points"": 220}, {""hasPlayed"": false, ""points"": null}, {""hasPlayed"": false, ""points"": null}, {""hasPlayed"": false, ""points"": null}, {""hasPlayed"": false, ""points"": null}]",5,Sander Tangvik,-77504.0,"[220.0, null, null, null, null]",1,220.0,-77504.0,-89873.0,-98786.0,-723196.0,-2763376.0
1685,2,Joshua,Kimmich,59703646.0,186.0,29.0,29.0,24.0,151968.0,5391.0,0,3,https://kickbase.b-cdn.net/content/file/e84941ae3809492c84e8f8bad5b3791e.png,6.0,1,90.0,,"[{""hasPlayed"": true, ""points"": 317}, {""hasPlayed"": true, ""points"": 238}, {""hasPlayed"": true, ""points"": 83}, {""hasPlayed"": false, ""points"": null}, {""hasPlayed"": true, ""points"": 215}]",1,Joshua Kimmich,27478.0,"[317.0, 238.0, 83.0, null, 215.0]",4,213.25,27478.0,27719.0,27156.0,200453.0,831025.0
8329,2,Michael,Olise,64621231.0,225.0,32.0,32.0,23.0,154488.0,7185.0,0,3,https://kickbase.b-cdn.net/content/file/42c4a07d3d9a4dd0a7a4d68a1e5b5fee.png,17.0,1,111.0,,"[{""hasPlayed"": true, ""points"": 81}, {""hasPlayed"": true, ""points"": 334}, {""hasPlayed"": true, ""points"": 290}, {""hasPlayed"": true, ""points"": 166}, {""hasPlayed"": true, ""points"": 152}]",1,Michael Olise,33005.0,"[81.0, 334.0, 290.0, 166.0, 152.0]",5,204.6,33005.0,34321.0,35915.0,239891.0,1079005.0
4,7,Janis,Blaswich,1209478.0,111.0,11.0,11.0,10.0,62668.0,1222.0,0,1,https://kickbase.b-cdn.net/content/file/d17035064d4a480484cb35d2dab54e46.png,28.0,2,1010.0,,"[{""hasPlayed"": false, ""points"": null}, {""hasPlayed"": false, ""points"": null}, {""hasPlayed"": false, ""points"": null}, {""hasPlayed"": true, ""points"": 177}, {""hasPlayed"": false, ""points"": null}]",5,Janis Blaswich,-113140.0,"[null, null, null, 177.0, null]",1,177.0,-113140.0,-110972.0,-107334.0,-792525.0,-2869355.0
7269,7,Nathan,Tella,6945088.0,68.0,17.0,17.0,10.0,56629.0,1149.0,0,3,https://kickbase.b-cdn.net/content/file/e0df07546d38465080767efd17a0898e.png,23.0,2,165.0,,"[{""hasPlayed"": false, ""points"": null}, {""hasPlayed"": false, ""points"": null}, {""hasPlayed"": true, ""points"": 277}, {""hasPlayed"": true, ""points"": 153}, {""hasPlayed"": true, ""points"": 83}]",3,Nathan Tella,-268792.0,"[null, null, 277.0, 153.0, 83.0]",3,171.0,-268792.0,-238111.0,-273604.0,-1845944.0,-2219851.0
1639,18,Nadiem,Amiri,33009010.0,134.0,26.0,26.0,24.0,136794.0,3493.0,0,3,https://kickbase.b-cdn.net/content/file/fee710e358914669ab855823274a461e.png,10.0,1,105.0,,"[{""hasPlayed"": true, ""points"": 254}, {""hasPlayed"": true, ""points"": 98}, {""hasPlayed"": true, ""points"": 168}, {""hasPlayed"": true, ""points"": 93}, {""hasPlayed"": true, ""points"": 229}]",1,Nadiem Amiri,113282.0,"[254.0, 98.0, 168.0, 93.0, 229.0]",5,168.4,113282.0,113757.0,108361.0,785455.0,2432187.0
4199,7,Aleix,García,38207285.0,142.0,33.0,33.0,31.0,175200.0,4684.0,0,3,https://kickbase.b-cdn.net/content/file/3de0ab19c54f4523a5bf21f686259db0.png,24.0,1,122.0,,"[{""hasPlayed"": true, ""points"": 229}, {""hasPlayed"": true, ""points"": 121}, {""hasPlayed"": true, ""points"": 214}, {""hasPlayed"": true, ""points"": 93}, {""hasPlayed"": true, ""points"": 181}]",1,Aleix García,112617.0,"[229.0, 121.0, 214.0, 93.0, 181.0]",5,167.6,112617.0,114866.0,111423.0,778335.0,2869773.0
7226,2,Harry,Kane,68674466.0,216.0,31.0,31.0,25.0,158399.0,6703.0,0,4,https://kickbase.b-cdn.net/content/file/5f6dd618010f4c54a4039708d3ed0a0a.png,9.0,1,97.0,,"[{""hasPlayed"": true, ""points"": 415}, {""hasPlayed"": true, ""points"": 53}, {""hasPlayed"": true, ""points"": 45}, {""hasPlayed"": true, ""points"": 150}, {""hasPlayed"": true, ""points"": 163}]",1,Harry Kane,26167.0,"[415.0, 53.0, 45.0, 150.0, 163.0]",5,165.2,26167.0,24472.0,26425.0,191063.0,926413.0
2746,7,Patrik,Schick,29279552.0,103.0,28.0,28.0,23.0,130835.0,2889.0,0,4,https://kickbase.b-cdn.net/content/file/9f0daa3f23514ac7a72c46ba81396a95.png,14.0,1,98.0,,"[{""hasPlayed"": true, ""points"": 42}, {""hasPlayed"": true, ""points"": 23}, {""hasPlayed"": true, ""points"": 367}, {""hasPlayed"": true, ""points"": 227}, {""hasPlayed"": true, ""points"": 161}]",3,Patrik Schick,32242.0,"[42.0, 23.0, 367.0, 227.0, 161.0]",5,164.0,32242.0,31086.0,34557.0,253259.0,1373023.0
1686,15,Nico,Elvedi,17399452.0,106.0,33.0,33.0,33.0,194378.0,3508.0,0,2,https://kickbase.b-cdn.net/content/file/d31a5e1b135340b188caada5fa5b8b30.png,30.0,2,201.0,,"[{""hasPlayed"": true, ""points"": 298}, {""hasPlayed"": false, ""points"": null}, {""hasPlayed"": true, ""points"": 77}, {""hasPlayed"": true, ""points"": 130}, {""hasPlayed"": true, ""points"": 133}]",4,Nico Elvedi,-590594.0,"[298.0, null, 77.0, 130.0, 133.0]",4,159.5,-590594.0,-684947.0,-464368.0,-1322999.0,1426367.0
1246,43,Willi,Orban,31081756.0,131.0,33.0,33.0,33.0,193712.0,4323.0,0,2,https://kickbase.b-cdn.net/content/file/bda722458bd445d5ba24094a5306031d.png,4.0,1,139.0,,"[{""hasPlayed"": true, ""points"": 110}, {""hasPlayed"": true, ""points"": 313}, {""hasPlayed"": true, ""points"": 82}, {""hasPlayed"": true, ""points"": 131}, {""hasPlayed"": false, ""points"": null}]",2,Willi Orban,67534.0,"[110.0, 313.0, 82.0, 131.0, null]",4,159.0,67534.0,63147.0,61764.0,439668.0,1798893.0
6668,2,Kim,Minjae,9179929.0,124.0,25.0,25.0,19.0,106765.0,3112.0,0,2,https://kickbase.b-cdn.net/content/file/5c6879180be846a0be7608b367bb4100.png,3.0,2,339.0,,"[{""hasPlayed"": false, ""points"": null}, {""hasPlayed"": true, ""points"": 173}, {""hasPlayed"": true, ""points"": 166}, {""hasPlayed"": true, ""points"": 148}, {""hasPlayed"": true, ""points"": 125}]",4,Kim Minjae,-195520.0,"[null, 173.0, 166.0, 148.0, 125.0]",4,153.0,-195520.0,-246093.0,-390054.0,-2335828.0,-1610964.0
1333,43,Lukas,Klostermann,2688694.0,40.0,5.0,5.0,1.0,7355.0,201.0,2,2,https://kickbase.b-cdn.net/content/file/b48aaa342d854e869af8b6c1ec17a954.png,16.0,2,74.0,,"[{""hasPlayed"": false, ""points"": null}, {""hasPlayed"": false, ""points"": null}, {""hasPlayed"": false, ""points"": null}, {""hasPlayed"": false, ""points"": null}, {""hasPlayed"": true, ""points"": 148}]",5,Lukas Klostermann,-140949.0,"[null, null, null, null, 148.0]",1,148.0,-140949.0,-143072.0,-143532.0,-1037952.0,2157626.0
1815,14,Andrej,Kramarić,20087142.0,111.0,34.0,34.0,26.0,143136.0,3757.0,4,3,https://kickbase.b-cdn.net/content/file/cbbf900916ce4e759f7d917366e1515d.png,27.0,2,187.0,,"[{""hasPlayed"": true, ""points"": 4}, {""hasPlayed"": true, ""points"": 180}, {""hasPlayed"": true, ""points"": 245}, {""hasPlayed"": true, ""points"": 62}, {""hasPlayed"": true, ""points"": 239}]",4,Andrej Kramarić,-487714.0,"[4.0, 180.0, 245.0, 62.0, 239.0]",5,146.0,-487714.0,-483842.0,-466464.0,-3259882.0,-4239886.0
9683,40,Andrej,Ilic,7735564.0,69.0,32.0,32.0,24.0,151642.0,2204.0,2,4,https://kickbase.b-cdn.net/content/file/1a56a70bd0c1483894bc78d61bf30f46.png,23.0,2,284.0,,"[{""hasPlayed"": true, ""points"": 271}, {""hasPlayed"": true, ""points"": 255}, {""hasPlayed"": true, ""points"": 35}, {""hasPlayed"": true, ""points"": 24}, {""hasPlayed"": true, ""points"": 115}]",4,Andrej Ilic,-299072.0,"[271.0, 255.0, 35.0, 24.0, 115.0]",5,140.0,-299072.0,-300026.0,-333140.0,-1641919.0,1421453.0
3183,13,Anton,Kade,11437141.0,64.0,28.0,28.0,18.0,114106.0,1783.0,256,4,https://kickbase.b-cdn.net/content/file/5bef82c23f844966930669b63b5e6377.png,30.0,1,155.0,,"[{""hasPlayed"": true, ""points"": 53}, {""hasPlayed"": true, ""points"": 108}, {""hasPlayed"": true, ""points"": 306}, {""hasPlayed"": true, ""points"": 147}, {""hasPlayed"": true, ""points"": 72}]",1,Anton Kade,138630.0,"[53.0, 108.0, 306.0, 147.0, 72.0]",5,137.2,138630.0,150378.0,167673.0,1099296.0,5785887.0
3089,2,Hiroki,Ito,4605004.0,103.0,16.0,16.0,10.0,60821.0,1652.0,0,2,https://kickbase.b-cdn.net/content/file/da6a70c8cd1d413f9143de52e07a8ee7.png,21.0,2,358.0,,"[{""hasPlayed"": false, ""points"": null}, {""hasPlayed"": true, ""points"": 145}, {""hasPlayed"": true, ""points"": 117}, {""hasPlayed"": true, ""points"": 153}, {""hasPlayed"": true, ""points"": 129}]",5,Hiroki Ito,-55148.0,"[null, 145.0, 117.0, 153.0, 129.0]",4,136.0,-55148.0,-71251.0,-72471.0,-904288.0,-3502599.0
2383,3,Nico,Schlotterbeck,28970210.0,148.0,28.0,28.0,28.0,166561.0,4142.0,1,2,https://kickbase.b-cdn.net/content/file/531ad1f9d6804b9db55d5aace6d79888.png,4.0,2,142.0,,"[{""hasPlayed"": true, ""points"": 142}, {""hasPlayed"": true, ""points"": 250}, {""hasPlayed"": true, ""points"": 72}, {""hasPlayed"": true, ""points"": 146}, {""hasPlayed"": true, ""points"": 67}]",5,Nico Schlotterbeck,-664207.0,"[142.0, 250.0, 72.0, 146.0, 67.0]",5,135.4,-664207.0,-667761.0,-653551.0,-4679855.0,-6244306.0
2172,9,Chris,Führich,25347466.0,101.0,33.0,33.0,20.0,110946.0,3346.0,0,3,https://kickbase.b-cdn.net/content/file/58b49d98f88041f2861d70e0af0a69e5.png,10.0,1,132.0,,"[{""hasPlayed"": true, ""points"": 164}, {""hasPlayed"": true, ""points"": 99}, {""hasPlayed"": true, ""points"": 198}, {""hasPlayed"": true, ""points"": 82}, {""hasPlayed"": true, ""points"": 122}]",2,Chris Führich,71607.0,"[164.0, 99.0, 198.0, 82.0, 122.0]",5,133.0,71607.0,62803.0,63075.0,715852.0,3478022.0
3072,2,Jonas,Urbig,9219556.0,114.0,14.0,14.0,11.0,73976.0,1591.0,0,1,https://kickbase.b-cdn.net/content/file/c0e433f099ae43b186eae925a0234c11.png,40.0,2,172.0,,"[{""hasPlayed"": true, ""points"": 41}, {""hasPlayed"": true, ""points"": 187}, {""hasPlayed"": true, ""points"": 80}, {""hasPlayed"": true, ""points"": 204}, {""hasPlayed"": true, ""points"": 150}]",4,Jonas Urbig,-229497.0,"[41.0, 187.0, 80.0, 204.0, 150.0]",5,132.4,-229497.0,-240469.0,-413667.0,-2586199.0,-2504993.0
2897,43,Rocco,Reitz,12958162.0,74.0,31.0,31.0,31.0,170280.0,2301.0,0,3,https://kickbase.b-cdn.net/content/file/152dbd3a41f7408a89c99f65e55935df.png,20.0,2,177.0,,"[{""hasPlayed"": false, ""points"": null}, {""hasPlayed"": true, ""points"": 131}, {""hasPlayed"": true, ""points"": 210}, {""hasPlayed"": true, ""points"": 100}, {""hasPlayed"": true, ""points"": 75}]",3,Rocco Reitz,-49317.0,"[null, 131.0, 210.0, 100.0, 75.0]",4,129.0,-49317.0,-151051.0,-339543.0,-781683.0,2377477.0
1883,15,Moritz,Nicolas,19009783.0,111.0,34.0,34.0,34.0,200791.0,3766.0,0,1,https://kickbase.b-cdn.net/content/file/ef78be83f1204677ac7ba9f2c7a35c23.png,1.0,1,198.0,,"[{""hasPlayed"": true, ""points"": 135}, {""hasPlayed"": true, ""points"": 151}, {""hasPlayed"": true, ""points"": 111}, {""hasPlayed"": true, ""points"": 166}, {""hasPlayed"": true, ""points"": 81}]",1,Moritz Nicolas,72684.0,"[135.0, 151.0, 111.0, 166.0, 81.0]",5,128.8,72684.0,63248.0,55917.0,498770.0,2602083.0
10789,2,Lennart,Karl,23721815.0,106.0,26.0,26.0,16.0,84581.0,2765.0,2,3,https://kickbase.b-cdn.net/content/file/70997dc609a7466ebc62a28327fcd5c0.png,42.0,2,116.0,,"[{""hasPlayed"": true, ""points"": 194}, {""hasPlayed"": true, ""points"": 57}, {""hasPlayed"": false, ""points"": null}, {""hasPlayed"": false, ""points"": null}, {""hasPlayed"": false, ""points"": null}]",4,Lennart Karl,-337992.0,"[194.0, 57.0, null, null, null]",2,125.5,-337992.0,-314133.0,-374352.0,-2447455.0,-1630448.0
9746,9,Chema,Andrés,9213365.0,77.0,25.0,25.0,14.0,88001.0,1926.0,0,3,https://kickbase.b-cdn.net/content/file/df7418a408754f918c71251db745927f.png,30.0,2,209.0,,"[{""hasPlayed"": true, ""points"": 171}, {""hasPlayed"": true, ""points"": 123}, {""hasPlayed"": false, ""points"": null}, {""hasPlayed"": true, ""points"": 72}, {""hasPlayed"": true, ""points"": 136}]",3,Chema Andrés,-285960.0,"[171.0, 123.0, null, 72.0, 136.0]",4,125.5,-285960.0,-191267.0,-26968.0,-124652.0,1523016.0
7745,14,Vladimír,Coufal,25481719.0,115.0,34.0,34.0,34.0,198844.0,3918.0,0,2,https://kickbase.b-cdn.net/content/file/63bd51c8d410447694f867a0c98d983d.png,34.0,1,153.0,,"[{""hasPlayed"": true, ""points"": 52}, {""hasPlayed"": true, ""points"": 235}, {""hasPlayed"": true, ""points"": 76}, {""hasPlayed"": true, ""points"": 152}, {""hasPlayed"": true, ""points"": 112}]",1,Vladimír Coufal,71002.0,"[52.0, 235.0, 76.0, 152.0, 112.0]",5,125.4,71002.0,66177.0,54445.0,653730.0,3578841.0
49,5,Matthias,Ginter,26502372.0,114.0,32.0,32.0,32.0,188048.0,3663.0,0,2,https://kickbase.b-cdn.net/content/file/e75f1bbb74d94ef7af63b5e586bb25ad.png,28.0,1,138.0,,"[{""hasPlayed"": true, ""points"": 243}, {""hasPlayed"": true, ""points"": 39}, {""hasPlayed"": true, ""points"": 72}, {""hasPlayed"": false, ""points"": null}, {""hasPlayed"": true, ""points"": 146}]",1,Matthias Ginter,46225.0,"[243.0, 39.0, 72.0, null, 146.0]",4,125.0,46225.0,46958.0,42795.0,281788.0,1385970.0
6081,4,Can,Uzun,27634306.0,106.0,21.0,21.0,15.0,76576.0,2232.0,0,3,https://kickbase.b-cdn.net/content/file/57ff676333514f5cbfe8036ee8243473.png,42.0,1,80.0,,"[{""hasPlayed"": true, ""points"": 31}, {""hasPlayed"": true, ""points"": 143}, {""hasPlayed"": true, ""points"": 218}, {""hasPlayed"": true, ""points"": 220}, {""hasPlayed"": true, ""points"": 9}]",2,Can Uzun,97702.0,"[31.0, 143.0, 218.0, 220.0, 9.0]",5,124.2,97702.0,99174.0,93630.0,668812.0,2089625.0
7673,14,Albian,Hajdari,17748506.0,97.0,30.0,30.0,28.0,160153.0,2924.0,0,2,https://kickbase.b-cdn.net/content/file/0f60a3cd21c94cc4913d13f811e532a9.png,21.0,1,164.0,,"[{""hasPlayed"": true, ""points"": -7}, {""hasPlayed"": true, ""points"": 245}, {""hasPlayed"": true, ""points"": 81}, {""hasPlayed"": true, ""points"": 171}, {""hasPlayed"": true, ""points"": 120}]",1,Albian Hajdari,174230.0,"[-7.0, 245.0, 81.0, 171.0, 120.0]",5,122.0,174230.0,164812.0,164976.0,1192880.0,4567085.0
1704,3,Waldemar,Anton,33790852.0,126.0,32.0,32.0,32.0,190794.0,4034.0,0,2,https://kickbase.b-cdn.net/content/file/b1a7f338e7c9453d93897bd6ac8c9457.png,3.0,1,119.0,,"[{""hasPlayed"": true, ""points"": 156}, {""hasPlayed"": true, ""points"": 123}, {""hasPlayed"": true, ""points"": 40}, {""hasPlayed"": true, ""points"": 153}, {""hasPlayed"": true, ""points"": 133}]",1,Waldemar Anton,59293.0,"[156.0, 123.0, 40.0, 153.0, 133.0]",5,121.0,59293.0,65784.0,62612.0,415347.0,1862984.0
2939,10,Eren Sami,Dinkçi,4007481.0,44.0,22.0,22.0,16.0,91259.0,965.0,2,3,https://kickbase.b-cdn.net/content/file/bf65d3defe874bebaafc37463c850975.png,0.0,1,240.0,,"[{""hasPlayed"": true, ""points"": 23}, {""hasPlayed"": true, ""points"": 87}, {""hasPlayed"": true, ""points"": 170}, {""hasPlayed"": true, ""points"": 203}, {""hasPlayed"": false, ""points"": null}]",4,Eren Sami Dinkçi,283647.0,"[23.0, 87.0, 170.0, 203.0, null]",4,120.75,283647.0,141261.0,10418.0,98426.0,923987.0
1920,3,Serhou,Guirassy,28960380.0,102.0,33.0,33.0,27.0,151810.0,3356.0,0,4,https://kickbase.b-cdn.net/content/file/fb2bd82aeb8440f8acdbcf6ebf4487dc.png,9.0,1,115.0,,"[{""hasPlayed"": true, ""points"": 155}, {""hasPlayed"": true, ""points"": 134}, {""hasPlayed"": true, ""points"": 26}, {""hasPlayed"": true, ""points"": 187}, {""hasPlayed"": true, ""points"": 101}]",2,Serhou Guirassy,117105.0,"[155.0, 134.0, 26.0, 187.0, 101.0]",5,120.6,117105.0,114378.0,108306.0,774109.0,2824485.0
7158,9,Deniz,Undav,43988728.0,138.0,29.0,29.0,25.0,146045.0,4006.0,0,4,https://kickbase.b-cdn.net/content/file/ce96ede35441430c92ce3362f11f218c.png,26.0,1,91.0,,"[{""hasPlayed"": true, ""points"": 131}, {""hasPlayed"": true, ""points"": 215}, {""hasPlayed"": true, ""points"": 62}, {""hasPlayed"": true, ""points"": 74}, {""hasPlayed"": false, ""points"": null}]",1,Deniz Undav,61252.0,"[131.0, 215.0, 62.0, 74.0, null]",4,120.5,61252.0,61390.0,58871.0,441324.0,2232314.0
4296,9,Dzenan,Pejcinovic,4633616.0,46.0,30.0,30.0,16.0,100110.0,1371.0,0,4,https://kickbase.b-cdn.net/content/file/69a98c6891964f7f86ea0118d83c5c54.png,17.0,1,295.0,0.0,"[{""hasPlayed"": true, ""points"": 223}, {""hasPlayed"": true, ""points"": 92}, {""hasPlayed"": true, ""points"": 63}, {""hasPlayed"": true, ""points"": 84}, {""hasPlayed"": true, ""points"": 134}]",3,Dzenan Pejcinovic,463219.0,"[223.0, 92.0, 63.0, 84.0, 134.0]",5,119.2,463219.0,444383.0,420863.0,1754554.0,1754554.0
2366,2,Alphonso,Davies,13403924.0,86.0,13.0,13.0,6.0,36386.0,1116.0,0,2,https://kickbase.b-cdn.net/content/file/c425ab49434449f08f28bcd1ae8b303d.png,19.0,2,83.0,,"[{""hasPlayed"": false, ""points"": null}, {""hasPlayed"": false, ""points"": null}, {""hasPlayed"": true, ""points"": 63}, {""hasPlayed"": true, ""points"": 92}, {""hasPlayed"": true, ""points"": 200}]",3,Alphonso Davies,-289128.0,"[null, null, 63.0, 92.0, 200.0]",3,118.33333333333333,-289128.0,-292813.0,-321549.0,-2221781.0,-1107762.0
7676,13,Fabian,Rieder,13122900.0,71.0,32.0,32.0,28.0,153869.0,2269.0,0,3,https://kickbase.b-cdn.net/content/file/b8be92875d234069b94b6913a19d1db1.png,32.0,1,172.0,,"[{""hasPlayed"": true, ""points"": 35}, {""hasPlayed"": true, ""points"": 134}, {""hasPlayed"": true, ""points"": 78}, {""hasPlayed"": true, ""points"": 77}, {""hasPlayed"": true, ""points"": 262}]",1,Fabian Rieder,213823.0,"[35.0, 134.0, 78.0, 77.0, 262.0]",5,117.2,213823.0,199539.0,192165.0,1369919.0,5779136.0
3364,40,Carl,Klaus,2608884.0,117.0,4.0,4.0,3.0,22461.0,466.0,0,1,https://kickbase.b-cdn.net/content/file/03530ee1979440f6865c5fc39260c63a.png,25.0,1,178.0,,"[{""hasPlayed"": true, ""points"": 154}, {""hasPlayed"": true, ""points"": 124}, {""hasPlayed"": true, ""points"": 85}, {""hasPlayed"": true, ""points"": 103}, {""hasPlayed"": false, ""points"": null}]",3,Carl Klaus,374816.0,"[154.0, 124.0, 85.0, 103.0, null]",4,116.5,374816.0,363317.0,360369.0,2108884.0,586001.0
493,13,Michael,Gregoritsch,10165285.0,74.0,17.0,17.0,11.0,60067.0,1251.0,0,4,https://kickbase.b-cdn.net/content/file/9e326d137a9744f09b05b6536642036e.png,38.0,1,123.0,,"[{""hasPlayed"": true, ""points"": -15}, {""hasPlayed"": true, ""points"": 273}, {""hasPlayed"": true, ""points"": 132}, {""hasPlayed"": true, ""points"": 75}, {""hasPlayed"": false, ""points"": null}]",3,Michael Gregoritsch,207709.0,"[-15.0, 273.0, 132.0, 75.0, null]",4,116.25,207709.0,175894.0,162950.0,1254776.0,3422917.0
2038,2,Konrad,Laimer,32688837.0,136.0,29.0,29.0,22.0,131747.0,3943.0,2,2,https://kickbase.b-cdn.net/content/file/5facdf754a204792b327d0754f2ede01.png,27.0,2,120.0,,"[{""hasPlayed"": true, ""points"": 69}, {""hasPlayed"": true, ""points"": 135}, {""hasPlayed"": true, ""points"": 95}, {""hasPlayed"": true, ""points"": 241}, {""hasPlayed"": true, ""points"": 39}]",3,Konrad Laimer,-602064.0,"[69.0, 135.0, 95.0, 241.0, 39.0]",5,115.8,-602064.0,-581587.0,-205597.0,-1359433.0,-177470.0
2195,13,Finn,Dahmen,15981293.0,90.0,34.0,34.0,34.0,203411.0,3060.0,0,1,https://kickbase.b-cdn.net/content/file/b2d5477eac9e43ec9b45f8b1fd08da38.png,1.0,1,191.0,,"[{""hasPlayed"": true, ""points"": 28}, {""hasPlayed"": true, ""points"": 77}, {""hasPlayed"": true, ""points"": 109}, {""hasPlayed"": true, ""points"": 87}, {""hasPlayed"": true, ""points"": 274}]",1,Finn Dahmen,102302.0,"[28.0, 77.0, 109.0, 87.0, 274.0]",5,115.0,102302.0,93551.0,75655.0,615023.0,2573211.0
577,15,Daniel,Batz,3054739.0,111.0,21.0,21.0,21.0,125022.0,2331.0,0,1,https://kickbase.b-cdn.net/content/file/e60790d49ac84cdea97c383097ad8e12.png,33.0,2,763.0,,"[{""hasPlayed"": true, ""points"": 282}, {""hasPlayed"": false, ""points"": null}, {""hasPlayed"": true, ""points"": 45}, {""hasPlayed"": true, ""points"": 37}, {""hasPlayed"": true, ""points"": 95}]",5,Daniel Batz,-125138.0,"[282.0, null, 45.0, 37.0, 95.0]",4,114.75,-125138.0,-128736.0,-124951.0,-872316.0,-2675311.0
6185,4,Hugo,Larsson,9688045.0,71.0,25.0,25.0,21.0,117957.0,1779.0,2,3,https://kickbase.b-cdn.net/content/file/9e79207a19224f719522639de01974d9.png,16.0,2,183.0,,"[{""hasPlayed"": false, ""points"": null}, {""hasPlayed"": false, ""points"": null}, {""hasPlayed"": true, ""points"": 60}, {""hasPlayed"": true, ""points"": 166}, {""hasPlayed"": true, ""points"": 115}]",3,Hugo Larsson,-262113.0,"[null, null, 60.0, 166.0, 115.0]",3,113.66666666666667,-262113.0,-496634.0,-410836.0,-2001921.0,30673.0
11675,2,Luis,Díaz,53334606.0,178.0,32.0,32.0,27.0,163321.0,5698.0,0,4,https://kickbase.b-cdn.net/content/file/8be4ef70fac349c3920923d1d22c624f.png,14.0,1,106.0,,"[{""hasPlayed"": true, ""points"": 205}, {""hasPlayed"": true, ""points"": 50}, {""hasPlayed"": true, ""points"": 54}, {""hasPlayed"": true, ""points"": 30}, {""hasPlayed"": true, ""points"": 225}]",1,Luis Díaz,34292.0,"[205.0, 50.0, 54.0, 30.0, 225.0]",5,112.8,34292.0,36000.0,34525.0,248223.0,1048240.0
6667,43,El Chadaille,Bitshiabu,3462587.0,74.0,11.0,11.0,8.0,43528.0,815.0,0,2,https://kickbase.b-cdn.net/content/file/35e5bfeabc4344cd8db03535c4ca2d6f.png,5.0,2,235.0,,"[{""hasPlayed"": false, ""points"": null}, {""hasPlayed"": false, ""points"": null}, {""hasPlayed"": true, ""points"": 106}, {""hasPlayed"": true, ""points"": 109}, {""hasPlayed"": true, ""points"": 120}]",4,El Chadaille Bitshiabu,-106024.0,"[null, null, 106.0, 109.0, 120.0]",3,111.66666666666667,-106024.0,-120891.0,-121510.0,-845624.0,83997.0
1991,2,Dayotchanculle,Upamecano,33748368.0,119.0,24.0,24.0,21.0,119193.0,2858.0,0,2,https://kickbase.b-cdn.net/content/file/786ab7fb4f394b598ffdd4d09c323bfa.png,2.0,1,84.0,,"[{""hasPlayed"": true, ""points"": 152}, {""hasPlayed"": true, ""points"": 71}, {""hasPlayed"": false, ""points"": null}, {""hasPlayed"": false, ""points"": null}, {""hasPlayed"": false, ""points"": null}]",2,Dayotchanculle Upamecano,71387.0,"[152.0, 71.0, null, null, null]",2,111.5,71387.0,66183.0,65015.0,481936.0,2199848.0
3218,5,Mio,Backhaus,16900135.0,95.0,32.0,32.0,32.0,190988.0,3025.0,0,1,https://kickbase.b-cdn.net/content/file/5fddf9666b2c47e4852e7bc1db9068e9.png,1.0,1,178.0,,"[{""hasPlayed"": true, ""points"": 179}, {""hasPlayed"": true, ""points"": 115}, {""hasPlayed"": true, ""points"": 74}, {""hasPlayed"": true, ""points"": 120}, {""hasPlayed"": true, ""points"": 67}]",1,Mio Backhaus,129890.0,"[179.0, 115.0, 74.0, 120.0, 67.0]",5,111.0,129890.0,104077.0,86605.0,767188.0,3610181.0
2030,18,Phillip,Tietz,12376098.0,56.0,29.0,29.0,19.0,120672.0,1612.0,0,4,https://kickbase.b-cdn.net/content/file/2acf94096d5443fcb6d70524c93fb74e.png,20.0,1,130.0,,"[{""hasPlayed"": true, ""points"": 240}, {""hasPlayed"": true, ""points"": 30}, {""hasPlayed"": true, ""points"": 198}, {""hasPlayed"": true, ""points"": 35}, {""hasPlayed"": true, ""points"": 49}]",1,Phillip Tietz,187054.0,"[240.0, 30.0, 198.0, 35.0, 49.0]",5,110.4,187054.0,183520.0,186683.0,1277491.0,5490199.0
1873,3,Gregor,Kobel,22984417.0,104.0,34.0,34.0,34.0,202740.0,3530.0,0,1,https://kickbase.b-cdn.net/content/file/5cf1813a3f0f4cb6997088b18ad5adcf.png,1.0,2,153.0,,"[{""hasPlayed"": true, ""points"": 154}, {""hasPlayed"": true, ""points"": 81}, {""hasPlayed"": true, ""points"": 82}, {""hasPlayed"": true, ""points"": 160}, {""hasPlayed"": true, ""points"": 65}]",1,Gregor Kobel,-77598.0,"[154.0, 81.0, 82.0, 160.0, 65.0]",5,108.4,-77598.0,-38116.0,-59705.0,-140161.0,1570043.0
2120,9,Nikolas,Nartey,7637993.0,73.0,28.0,28.0,14.0,83295.0,2041.0,0,3,https://kickbase.b-cdn.net/content/file/7dcfaa141b6a4adba66ad4729afb0f1e.png,28.0,1,267.0,,"[{""hasPlayed"": true, ""points"": 150}, {""hasPlayed"": true, ""points"": 165}, {""hasPlayed"": false, ""points"": null}, {""hasPlayed"": true, ""points"": 10}, {""hasPlayed"": false, ""points"": null}]",3,Nikolas Nartey,293972.0,"[150.0, 165.0, null, 10.0, null]",3,108.33333333333333,293972.0,295081.0,265484.0,1501060.0,528501.0
2783,7,Edmond,Tapsoba,32271165.0,136.0,29.0,29.0,29.0,171644.0,3941.0,0,2,https://kickbase.b-cdn.net/content/file/21031db97a054165806a98d2f0c0d73b.png,12.0,1,122.0,,"[{""hasPlayed"": true, ""points"": 111}, {""hasPlayed"": true, ""points"": 6}, {""hasPlayed"": true, ""points"": 135}, {""hasPlayed"": true, ""points"": 93}, {""hasPlayed"": true, ""points"": 194}]",1,Edmond Tapsoba,67451.0,"[111.0, 6.0, 135.0, 93.0, 194.0]",5,107.8,67451.0,70016.0,58844.0,442065.0,1825750.0
11631,14,Wouter,Burger,23029581.0,114.0,30.0,30.0,30.0,159518.0,3425.0,0,3,https://kickbase.b-cdn.net/content/file/50a59d7c22f64565b2f31bba1dfae5bd.png,18.0,1,148.0,,"[{""hasPlayed"": true, ""points"": 65}, {""hasPlayed"": true, ""points"": 206}, {""hasPlayed"": true, ""points"": 105}, {""hasPlayed"": true, ""points"": 72}, {""hasPlayed"": true, ""points"": 85}]",1,Wouter Burger,179074.0,"[65.0, 206.0, 105.0, 72.0, 85.0]",5,106.6,179074.0,166665.0,161351.0,1188453.0,4518357.0
3304,5,Igor,Matanović,18169244.0,68.0,31.0,31.0,14.0,106505.0,2099.0,0,4,https://kickbase.b-cdn.net/content/file/5d31c9139056490197fe944243de2bd0.png,31.0,1,115.0,,"[{""hasPlayed"": true, ""points"": 265}, {""hasPlayed"": true, ""points"": 207}, {""hasPlayed"": true, ""points"": 17}, {""hasPlayed"": true, ""points"": 5}, {""hasPlayed"": true, ""points"": 37}]",1,Igor Matanović,175253.0,"[265.0, 207.0, 17.0, 5.0, 37.0]",5,106.2,175253.0,173943.0,162749.0,1168405.0,4268878.0
2714,3,Maximilian,Beier,25759065.0,94.0,32.0,32.0,24.0,132156.0,3023.0,2,4,https://kickbase.b-cdn.net/content/file/901a04fa3f274f95921af3b42a45f795.png,14.0,2,117.0,,"[{""hasPlayed"": true, ""points"": 52}, {""hasPlayed"": true, ""points"": 207}, {""hasPlayed"": true, ""points"": 17}, {""hasPlayed"": true, ""points"": 241}, {""hasPlayed"": true, ""points"": 13}]",1,Maximilian Beier,-123194.0,"[52.0, 207.0, 17.0, 241.0, 13.0]",5,106.0,-123194.0,-9315.0,27213.0,99396.0,2094280.0
2232,18,Philipp,Mwene,7557196.0,49.0,29.0,29.0,24.0,136771.0,1428.0,0,2,https://kickbase.b-cdn.net/content/file/275de3be8348462b85588eaa3c89e4b3.png,2.0,2,188.0,,"[{""hasPlayed"": true, ""points"": 181}, {""hasPlayed"": true, ""points"": 41}, {""hasPlayed"": true, ""points"": 233}, {""hasPlayed"": true, ""points"": 16}, {""hasPlayed"": true, ""points"": 57}]",2,Philipp Mwene,-208838.0,"[181.0, 41.0, 233.0, 16.0, 57.0]",5,105.6,-208838.0,-293966.0,-266218.0,-473159.0,3085749.0
2766,7,Exequiel,Palacios,21030171.0,93.0,18.0,18.0,12.0,73391.0,1672.0,0,3,https://kickbase.b-cdn.net/content/file/0d5ad85f5920460c8489a65db5c6a1cb.png,25.0,2,79.0,,"[{""hasPlayed"": true, ""points"": 174}, {""hasPlayed"": true, ""points"": 28}, {""hasPlayed"": true, ""points"": 109}, {""hasPlayed"": true, ""points"": 91}, {""hasPlayed"": true, ""points"": 125}]",3,Exequiel Palacios,-581759.0,"[174.0, 28.0, 109.0, 91.0, 125.0]",5,105.4,-581759.0,-555407.0,-327791.0,-1426755.0,1757117.0
11010,15,Kevin,Diks,16229488.0,95.0,30.0,30.0,28.0,161173.0,2844.0,0,2,https://kickbase.b-cdn.net/content/file/31b917d90d104b98a6cc8bb90e5c94a4.png,4.0,1,175.0,,"[{""hasPlayed"": true, ""points"": 241}, {""hasPlayed"": true, ""points"": 71}, {""hasPlayed"": true, ""points"": 33}, {""hasPlayed"": false, ""points"": null}, {""hasPlayed"": true, ""points"": 72}]",1,Kevin Diks,188711.0,"[241.0, 71.0, 33.0, null, 72.0]",4,104.25,188711.0,187242.0,185833.0,1273802.0,4490892.0
9605,6,Albert,Grønbæk,10584212.0,74.0,7.0,7.0,6.0,31737.0,520.0,0,3,https://kickbase.b-cdn.net/content/file/02b24cefd3da410ca1d4639a2fb7ccac.png,23.0,1,49.0,,"[{""hasPlayed"": true, ""points"": 39}, {""hasPlayed"": true, ""points"": 158}, {""hasPlayed"": true, ""points"": 266}, {""hasPlayed"": true, ""points"": 30}, {""hasPlayed"": true, ""points"": 28}]",1,Albert Grønbæk,104943.0,"[39.0, 158.0, 266.0, 30.0, 28.0]",5,104.2,104943.0,52644.0,-12454.0,44978.0,4267821.0
3481,10,Jens,Stage,19120295.0,100.0,29.0,29.0,29.0,160601.0,2895.0,2,3,https://kickbase.b-cdn.net/content/file/1660e6fa98fe418d8a4abdb17bda1d62.png,6.0,1,151.0,,"[{""hasPlayed"": true, ""points"": 48}, {""hasPlayed"": true, ""points"": 12}, {""hasPlayed"": true, ""points"": 30}, {""hasPlayed"": true, ""points"": 157}, {""hasPlayed"": true, ""points"": 265}]",2,Jens Stage,128742.0,"[48.0, 12.0, 30.0, 157.0, 265.0]",5,102.4,128742.0,147343.0,147454.0,1020870.0,3745307.0
2373,14,Ozan,Kabak,21314772.0,105.0,25.0,25.0,18.0,117698.0,2629.0,0,2,https://kickbase.b-cdn.net/content/file/f41310cc735c4e749a950dc72a7c76c9.png,5.0,1,123.0,,"[{""hasPlayed"": true, ""points"": 29}, {""hasPlayed"": true, ""points"": 198}, {""hasPlayed"": true, ""points"": 34}, {""hasPlayed"": true, ""points"": 100}, {""hasPlayed"": true, ""points"": 150}]",1,Ozan Kabak,171402.0,"[29.0, 198.0, 34.0, 100.0, 150.0]",5,102.2,171402.0,165543.0,167656.0,1139992.0,4403347.0
2646,18,Sheraldo,Becker,13488800.0,76.0,14.0,14.0,11.0,61084.0,1065.0,0,4,https://kickbase.b-cdn.net/content/file/e279d94dff1f46ea8a7f16ea6656528c.png,23.0,1,78.0,,"[{""hasPlayed"": true, ""points"": 115}, {""hasPlayed"": true, ""points"": 114}, {""hasPlayed"": true, ""points"": 120}, {""hasPlayed"": true, ""points"": 136}, {""hasPlayed"": true, ""points"": 20}]",2,Sheraldo Becker,174133.0,"[115.0, 114.0, 120.0, 136.0, 20.0]",5,101.0,174133.0,177940.0,167783.0,1206604.0,4374405.0
2804,2,Jamal,Musiala,35277696.0,98.0,15.0,15.0,7.0,45579.0,1476.0,2,3,https://kickbase.b-cdn.net/content/file/0874c227bdbf4d93b915953ecd463f34.png,10.0,1,41.0,,"[{""hasPlayed"": true, ""points"": 36}, {""hasPlayed"": true, ""points"": 100}, {""hasPlayed"": true, ""points"": 42}, {""hasPlayed"": true, ""points"": 198}, {""hasPlayed"": true, ""points"": 125}]",3,Jamal Musiala,22740.0,"[36.0, 100.0, 42.0, 198.0, 125.0]",5,100.2,22740.0,38967.0,68693.0,435804.0,2130252.0
8307,18,Kaishu,Sano,14887429.0,83.0,34.0,34.0,34.0,203515.0,2817.0,0,3,https://kickbase.b-cdn.net/content/file/5d056e6175064f30b16047761d382a84.png,6.0,1,189.0,,"[{""hasPlayed"": true, ""points"": 115}, {""hasPlayed"": true, ""points"": 55}, {""hasPlayed"": true, ""points"": 88}, {""hasPlayed"": true, ""points"": 149}, {""hasPlayed"": true, ""points"": 90}]",2,Kaishu Sano,191704.0,"[115.0, 55.0, 88.0, 149.0, 90.0]",5,99.4,191704.0,177198.0,169745.0,1246888.0,3107915.0
2400,40,Christopher,Trimmel,5098000.0,60.0,29.0,29.0,22.0,122793.0,1732.0,0,2,https://kickbase.b-cdn.net/content/file/0133043125be433d91c3b93eb502aebe.png,28.0,2,339.0,,"[{""hasPlayed"": true, ""points"": 133}, {""hasPlayed"": true, ""points"": 139}, {""hasPlayed"": true, ""points"": 104}, {""hasPlayed"": true, ""points"": 14}, {""hasPlayed"": true, ""points"": 107}]",4,Christopher Trimmel,-409486.0,"[133.0, 139.0, 104.0, 14.0, 107.0]",5,99.4,-409486.0,-483532.0,-233454.0,-532983.0,3027514.0
1955,40,Oliver,Burke,5431633.0,49.0,29.0,29.0,21.0,110171.0,1410.0,2,4,https://kickbase.b-cdn.net/content/file/a76d8d4a531548f58ceb241fe4958952.png,7.0,1,259.0,,"[{""hasPlayed"": true, ""points"": 139}, {""hasPlayed"": true, ""points"": 174}, {""hasPlayed"": true, ""points"": 61}, {""hasPlayed"": true, ""points"": -18}, {""hasPlayed"": true, ""points"": 139}]",5,Oliver Burke,32481.0,"[139.0, 174.0, 61.0, -18.0, 139.0]",5,99.0,32481.0,116311.0,168028.0,1182579.0,3164830.0
8227,43,Maarten,Vandevoordt,15446600.0,109.0,12.0,12.0,11.0,69295.0,1313.0,0,1,https://kickbase.b-cdn.net/content/file/cb4de12c99d148feb2f88e1c91186400.png,26.0,1,85.0,,"[{""hasPlayed"": false, ""points"": null}, {""hasPlayed"": true, ""points"": 77}, {""hasPlayed"": true, ""points"": 87}, {""hasPlayed"": true, ""points"": 96}, {""hasPlayed"": true, ""points"": 135}]",2,Maarten Vandevoordt,146901.0,"[null, 77.0, 87.0, 96.0, 135.0]",4,98.75,146901.0,143407.0,136866.0,1019021.0,4246194.0
7963,7,Jarell,Quansah,22185043.0,102.0,28.0,28.0,25.0,152471.0,2867.0,0,2,https://kickbase.b-cdn.net/content/file/28464ad9ca424fa199f3f674422285de.png,4.0,1,129.0,,"[{""hasPlayed"": true, ""points"": 223}, {""hasPlayed"": true, ""points"": 35}, {""hasPlayed"": true, ""points"": 85}, {""hasPlayed"": true, ""points"": 72}, {""hasPlayed"": true, ""points"": 74}]",2,Jarell Quansah,144380.0,"[223.0, 35.0, 85.0, 72.0, 74.0]",5,97.8,144380.0,125618.0,105366.0,908446.0,4148880.0
2006,18,Stefan,Posch,9561639.0,90.0,16.0,16.0,16.0,93180.0,1446.0,0,2,https://kickbase.b-cdn.net/content/file/61c45113d8144342ae187dd599d3eff5.png,0.0,1,151.0,,"[{""hasPlayed"": true, ""points"": 97}, {""hasPlayed"": true, ""points"": 63}, {""hasPlayed"": true, ""points"": 121}, {""hasPlayed"": true, ""points"": 53}, {""hasPlayed"": true, ""points"": 154}]",2,Stefan Posch,372719.0,"[97.0, 63.0, 121.0, 53.0, 154.0]",5,97.6,372719.0,350150.0,280200.0,1212866.0,1212866.0
11162,14,Leon,Avdullahu,15408363.0,85.0,33.0,33.0,32.0,187386.0,2805.0,0,3,https://kickbase.b-cdn.net/content/file/d0a6a4d4e08b4c8fa7b4c27fdb09c212.png,7.0,1,182.0,,"[{""hasPlayed"": true, ""points"": -32}, {""hasPlayed"": true, ""points"": 246}, {""hasPlayed"": true, ""points"": 93}, {""hasPlayed"": true, ""points"": 89}, {""hasPlayed"": true, ""points"": 88}]",1,Leon Avdullahu,181440.0,"[-32.0, 246.0, 93.0, 89.0, 88.0]",5,96.8,181440.0,173586.0,163312.0,1188772.0,4324939.0
2395,3,Julian,Ryerson,25619908.0,105.0,31.0,31.0,26.0,148097.0,3246.0,0,2,https://kickbase.b-cdn.net/content/file/5c70c2a110fd48919c487e0b0d97af57.png,26.0,1,126.0,,"[{""hasPlayed"": true, ""points"": 141}, {""hasPlayed"": true, ""points"": 127}, {""hasPlayed"": true, ""points"": 41}, {""hasPlayed"": true, ""points"": 171}, {""hasPlayed"": true, ""points"": 3}]",1,Julian Ryerson,42874.0,"[141.0, 127.0, 41.0, 171.0, 3.0]",5,96.6,42874.0,15327.0,-50528.0,23621.0,1154912.0
11955,9,Bilal,El Khannouss,23961239.0,109.0,25.0,25.0,19.0,106302.0,2713.0,0,3,https://kickbase.b-cdn.net/content/file/308c317d260f4051ad8394dd0c0d1f02.png,11.0,2,113.0,,"[{""hasPlayed"": false, ""points"": null}, {""hasPlayed"": true, ""points"": 21}, {""hasPlayed"": true, ""points"": 37}, {""hasPlayed"": true, ""points"": 178}, {""hasPlayed"": true, ""points"": 149}]",3,Bilal El Khannouss,-303062.0,"[null, 21.0, 37.0, 178.0, 149.0]",4,96.25,-303062.0,-334142.0,-315664.0,-1544834.0,-86045.0
2694,9,Angelo,Stiller,36932625.0,119.0,34.0,34.0,30.0,180374.0,4054.0,0,3,https://kickbase.b-cdn.net/content/file/7810bc5805c94de984743e33da7c044c.png,6.0,1,109.0,,"[{""hasPlayed"": true, ""points"": 108}, {""hasPlayed"": true, ""points"": 141}, {""hasPlayed"": true, ""points"": 87}, {""hasPlayed"": true, ""points"": 112}, {""hasPlayed"": true, ""points"": 33}]",1,Angelo Stiller,45738.0,"[108.0, 141.0, 87.0, 112.0, 33.0]",5,96.2,45738.0,42758.0,36140.0,325661.0,1507090.0
2895,18,Paul,Nebel,7738683.0,67.0,30.0,30.0,24.0,136191.0,2011.0,1,3,https://kickbase.b-cdn.net/content/file/03b835615e0c4ae3850ce2970f9cec04.png,8.0,2,259.0,,"[{""hasPlayed"": true, ""points"": 99}, {""hasPlayed"": true, ""points"": 95}, {""hasPlayed"": true, ""points"": 83}, {""hasPlayed"": true, ""points"": 115}, {""hasPlayed"": true, ""points"": 89}]",5,Paul Nebel,-344678.0,"[99.0, 95.0, 83.0, 115.0, 89.0]",5,96.2,-344678.0,-326120.0,-336997.0,-2597014.0,-2542629.0
1590,18,Robin,Zentner,12888058.0,73.0,10.0,10.0,10.0,59055.0,728.0,0,1,https://kickbase.b-cdn.net/content/file/dad81a3053174c60b16a47385173f2d5.png,27.0,1,56.0,,"[{""hasPlayed"": false, ""points"": null}, {""hasPlayed"": true, ""points"": 96}, {""hasPlayed"": false, ""points"": null}, {""hasPlayed"": false, ""points"": null}, {""hasPlayed"": false, ""points"": null}]",1,Robin Zentner,169156.0,"[null, 96.0, null, null, null]",1,96.0,169156.0,151717.0,154890.0,1060661.0,4368757.0
2141,43,Ridle ,Baku,18641371.0,102.0,32.0,32.0,28.0,162435.0,3278.0,0,2,https://kickbase.b-cdn.net/content/file/dea132bbe8444490a8b8fa7d725f4b64.png,17.0,2,175.0,,"[{""hasPlayed"": true, ""points"": -4}, {""hasPlayed"": true, ""points"": 95}, {""hasPlayed"": true, ""points"": 38}, {""hasPlayed"": true, ""points"": 224}, {""hasPlayed"": true, ""points"": 124}]",3,Ridle  Baku,-249379.0,"[-4.0, 95.0, 38.0, 224.0, 124.0]",5,95.4,-249379.0,-254725.0,-236305.0,-867645.0,1603970.0
3176,2,Arijon,Ibrahimović,4288983.0,57.0,32.0,32.0,25.0,140654.0,1838.0,0,3,https://kickbase.b-cdn.net/content/file/f6128e01598c4fc99e4475770cee5ee4.png,0.0,2,428.0,,"[{""hasPlayed"": true, ""points"": 7}, {""hasPlayed"": true, ""points"": 264}, {""hasPlayed"": true, ""points"": 114}, {""hasPlayed"": true, ""points"": 29}, {""hasPlayed"": true, ""points"": 62}]",5,Arijon Ibrahimović,-81864.0,"[7.0, 264.0, 114.0, 29.0, 62.0]",5,95.2,-81864.0,-68625.0,-82463.0,-1020757.0,-285028.0
9682,14,Arthur,Chaves,2978254.0,69.0,15.0,15.0,11.0,70866.0,1040.0,0,2,https://kickbase.b-cdn.net/content/file/833cf51fd2394b6dbc29f93960eec13a.png,35.0,2,349.0,,"[{""hasPlayed"": false, ""points"": null}, {""hasPlayed"": false, ""points"": null}, {""hasPlayed"": true, ""points"": 33}, {""hasPlayed"": true, ""points"": 124}, {""hasPlayed"": true, ""points"": 128}]",5,Arthur Chaves,-123247.0,"[null, null, 33.0, 124.0, 128.0]",3,95.0,-123247.0,-127667.0,-121639.0,-884866.0,-96358.0
737,28,Luca,Waldschmidt,5634250.0,50.0,24.0,24.0,7.0,49454.0,1192.0,2,3,https://kickbase.b-cdn.net/content/file/c6c99717a5834cacbb3161877ca3f29f.png,7.0,1,211.0,,"[{""hasPlayed"": false, ""points"": null}, {""hasPlayed"": true, ""points"": 46}, {""hasPlayed"": true, ""points"": 120}, {""hasPlayed"": true, ""points"": 116}, {""hasPlayed"": true, ""points"": 96}]",3,Luca Waldschmidt,210901.0,"[null, 46.0, 120.0, 116.0, 96.0]",4,94.5,210901.0,249718.0,281372.0,1891375.0,4052919.0
524,14,Oliver,Baumann,19151787.0,99.0,34.0,34.0,34.0,203483.0,3366.0,0,1,https://kickbase.b-cdn.net/content/file/edda0b62817c41d1a3a343129e44683d.png,1.0,2,175.0,,"[{""hasPlayed"": true, ""points"": 22}, {""hasPlayed"": true, ""points"": 161}, {""hasPlayed"": true, ""points"": 112}, {""hasPlayed"": true, ""points"": 57}, {""hasPlayed"": true, ""points"": 119}]",1,Oliver Baumann,-125340.0,"[22.0, 161.0, 112.0, 57.0, 119.0]",5,94.2,-125340.0,-152367.0,-219921.0,-984146.0,322385.0
72,7,Mark,Flekken,14684317.0,93.0,24.0,24.0,24.0,141251.0,2230.0,0,1,https://kickbase.b-cdn.net/content/file/98ea8901b970421b88f6a41a3137142f.png,1.0,1,151.0,,"[{""hasPlayed"": true, ""points"": 110}, {""hasPlayed"": true, ""points"": 77}, {""hasPlayed"": true, ""points"": 111}, {""hasPlayed"": false, ""points"": null}, {""hasPlayed"": true, ""points"": 75}]",1,Mark Flekken,137845.0,"[110.0, 77.0, 111.0, null, 75.0]",4,93.25,137845.0,138392.0,134625.0,936689.0,3327112.0
2300,2,Josip,Stanišić,24052327.0,128.0,26.0,26.0,19.0,124437.0,3330.0,0,2,https://kickbase.b-cdn.net/content/file/0828c39abfa3434387731b4125f9c877.png,44.0,2,138.0,,"[{""hasPlayed"": true, ""points"": 70}, {""hasPlayed"": true, ""points"": 172}, {""hasPlayed"": true, ""points"": 46}, {""hasPlayed"": true, ""points"": 72}, {""hasPlayed"": true, ""points"": 105}]",3,Josip Stanišić,-295777.0,"[70.0, 172.0, 46.0, 72.0, 105.0]",5,93.0,-295777.0,-309066.0,-444112.0,-3457558.0,-4575129.0
11665,18,Kacper,Potulski,6855104.0,80.0,15.0,15.0,9.0,71592.0,1206.0,0,2,https://kickbase.b-cdn.net/content/file/fad6be1e7d7644989b542d6722ad734c.png,48.0,2,175.0,,"[{""hasPlayed"": true, ""points"": 160}, {""hasPlayed"": true, ""points"": 31}, {""hasPlayed"": true, ""points"": 87}, {""hasPlayed"": false, ""points"": null}, {""hasPlayed"": false, ""points"": null}]",4,Kacper Potulski,-282354.0,"[160.0, 31.0, 87.0, null, null]",3,92.66666666666667,-282354.0,-322766.0,-310164.0,-1050827.0,-1342056.0
11752,6,Warmed,Omari,4563299.0,60.0,20.0,20.0,17.0,106595.0,1204.0,256,2,https://kickbase.b-cdn.net/content/file/6565bd5f9c14426aad721f006cf6f971.png,17.0,2,263.0,,"[{""hasPlayed"": true, ""points"": 86}, {""hasPlayed"": true, ""points"": 85}, {""hasPlayed"": true, ""points"": 151}, {""hasPlayed"": true, ""points"": 82}, {""hasPlayed"": true, ""points"": 57}]",3,Warmed Omari,-83337.0,"[86.0, 85.0, 151.0, 82.0, 57.0]",5,92.2,-83337.0,-97303.0,-121275.0,-1508917.0,-395909.0
3124,14,Patrick,Wimmer,7472838.0,59.0,25.0,25.0,21.0,105411.0,1466.0,0,3,https://kickbase.b-cdn.net/content/file/1ffbdbd2f14848519596bb5fc54bbec5.png,8.0,2,196.0,,"[{""hasPlayed"": false, ""points"": null}, {""hasPlayed"": true, ""points"": 35}, {""hasPlayed"": true, ""points"": 73}, {""hasPlayed"": true, ""points"": 55}, {""hasPlayed"": true, ""points"": 204}]",3,Patrick Wimmer,-171147.0,"[null, 35.0, 73.0, 55.0, 204.0]",4,91.75,-171147.0,-189815.0,-190968.0,-1450038.0,1713260.0
1863,6,Daniel,Heuer Fernandes,14049239.0,92.0,33.0,33.0,33.0,199082.0,3051.0,0,1,https://kickbase.b-cdn.net/content/file/25bb5ce570244f8296d6e817316ad707.png,1.0,1,217.0,,"[{""hasPlayed"": false, ""points"": null}, {""hasPlayed"": true, ""points"": 100}, {""hasPlayed"": true, ""points"": 119}, {""hasPlayed"": true, ""points"": 92}, {""hasPlayed"": true, ""points"": 54}]",1,Daniel Heuer Fernandes,164402.0,"[null, 100.0, 119.0, 92.0, 54.0]",4,91.25,164402.0,143982.0,130119.0,957465.0,3346796.0
3187,40,András,Schäfer,2981830.0,42.0,28.0,28.0,16.0,96106.0,1177.0,0,3,https://kickbase.b-cdn.net/content/file/433f8b676b6b4b898ad3ede98e20f79d.png,13.0,2,394.0,,"[{""hasPlayed"": true, ""points"": 293}, {""hasPlayed"": true, ""points"": 52}, {""hasPlayed"": true, ""points"": 56}, {""hasPlayed"": true, ""points"": 33}, {""hasPlayed"": true, ""points"": 21}]",3,András Schäfer,-57388.0,"[293.0, 52.0, 56.0, 33.0, 21.0]",5,91.0,-57388.0,-66905.0,-72612.0,-499509.0,-1005496.0
2854,9,Ermedin,Demirović,22590885.0,90.0,25.0,25.0,17.0,98446.0,2254.0,0,4,https://kickbase.b-cdn.net/content/file/b48829b887d04fe9afd4fbe51f04a3ea.png,9.0,2,99.0,,"[{""hasPlayed"": true, ""points"": 8}, {""hasPlayed"": true, ""points"": 206}, {""hasPlayed"": true, ""points"": 119}, {""hasPlayed"": true, ""points"": 115}, {""hasPlayed"": true, ""points"": 4}]",3,Ermedin Demirović,-341432.0,"[8.0, 206.0, 119.0, 115.0, 4.0]",5,90.4,-341432.0,-314917.0,-404492.0,-2630831.0,-1894135.0
2522,43,David,Raum,33567593.0,148.0,30.0,30.0,29.0,167920.0,4445.0,0,2,https://kickbase.b-cdn.net/content/file/63b51608f37a4eb083c1865d497d3cbe.png,22.0,1,132.0,,"[{""hasPlayed"": false, ""points"": null}, {""hasPlayed"": true, ""points"": 152}, {""hasPlayed"": false, ""points"": null}, {""hasPlayed"": false, ""points"": null}, {""hasPlayed"": true, ""points"": 28}]",1,David Raum,105469.0,"[null, 152.0, null, null, 28.0]",2,90.0,105469.0,106374.0,99931.0,730100.0,2720905.0
9507,43,Antonio,Nusa,25332200.0,91.0,31.0,31.0,24.0,129764.0,2835.0,0,3,https://kickbase.b-cdn.net/content/file/7b0130fc7648401b8dac316e07e7327b.png,7.0,1,111.0,,"[{""hasPlayed"": true, ""points"": 20}, {""hasPlayed"": true, ""points"": 42}, {""hasPlayed"": true, ""points"": 25}, {""hasPlayed"": true, ""points"": 95}, {""hasPlayed"": true, ""points"": 265}]",2,Antonio Nusa,68643.0,"[20.0, 42.0, 25.0, 95.0, 265.0]",5,89.4,68643.0,52470.0,54418.0,742044.0,3981902.0
60,18,Dominik,Kohr,9089873.0,71.0,29.0,29.0,28.0,153973.0,2070.0,0,2,https://kickbase.b-cdn.net/content/file/fc6cb9d67771484baa8cd7547280f6cd.png,31.0,1,227.0,,"[{""hasPlayed"": true, ""points"": 146}, {""hasPlayed"": true, ""points"": 17}, {""hasPlayed"": true, ""points"": 24}, {""hasPlayed"": true, ""points"": 148}, {""hasPlayed"": true, ""points"": 112}]",3,Dominik Kohr,190135.0,"[146.0, 17.0, 24.0, 148.0, 112.0]",5,89.4,190135.0,195097.0,207160.0,1494593.0,3329101.0
3190,9,Jeff,Chabot,25724278.0,113.0,27.0,27.0,26.0,150716.0,3061.0,0,2,https://kickbase.b-cdn.net/content/file/2aa1e27ad0dd4e83b94ff2e16dfbdddc.png,24.0,2,118.0,,"[{""hasPlayed"": true, ""points"": 82}, {""hasPlayed"": true, ""points"": 130}, {""hasPlayed"": true, ""points"": 59}, {""hasPlayed"": false, ""points"": null}, {""hasPlayed"": true, ""points"": 86}]",2,Jeff Chabot,-58151.0,"[82.0, 130.0, 59.0, null, 86.0]",4,89.25,-58151.0,-5100.0,7399.0,70850.0,913268.0
1655,4,Michael,Zetterer,5099861.0,94.0,22.0,22.0,21.0,131394.0,2075.0,0,1,https://kickbase.b-cdn.net/content/file/7b95a79040f048299e6825e31771d397.png,23.0,2,406.0,,"[{""hasPlayed"": true, ""points"": 133}, {""hasPlayed"": true, ""points"": 105}, {""hasPlayed"": true, ""points"": 66}, {""hasPlayed"": true, ""points"": 95}, {""hasPlayed"": true, ""points"": 47}]",4,Michael Zetterer,-289596.0,"[133.0, 105.0, 66.0, 95.0, 47.0]",5,89.2,-289596.0,-272335.0,-272681.0,-2009248.0,-1572124.0
11512,6,Nicolás,Capaldo,10612423.0,65.0,26.0,26.0,24.0,130826.0,1682.0,2,2,https://kickbase.b-cdn.net/content/file/bb8ff3d0932d47bd9d7fa4a4f38068ef.png,24.0,1,158.0,,"[{""hasPlayed"": true, ""points"": 136}, {""hasPlayed"": true, ""points"": 101}, {""hasPlayed"": true, ""points"": 64}, {""hasPlayed"": true, ""points"": 53}, {""hasPlayed"": true, ""points"": 90}]",1,Nicolás Capaldo,3978.0,"[136.0, 101.0, 64.0, 53.0, 90.0]",5,88.8,3978.0,51187.0,70450.0,401990.0,2243875.0
6201,6,Nicolai,Remberg,11833377.0,70.0,32.0,32.0,32.0,193422.0,2243.0,0,3,https://kickbase.b-cdn.net/content/file/8838a772b69f4284a8f34b1d63f406d8.png,21.0,1,189.0,,"[{""hasPlayed"": true, ""points"": 80}, {""hasPlayed"": true, ""points"": 185}, {""hasPlayed"": true, ""points"": 64}, {""hasPlayed"": true, ""points"": 68}, {""hasPlayed"": true, ""points"": 45}]",1,Nicolai Remberg,142185.0,"[80.0, 185.0, 64.0, 68.0, 45.0]",5,88.4,142185.0,128621.0,123195.0,887799.0,4334266.0
2941,15,Joseph,Scally,4827724.0,62.0,32.0,32.0,29.0,170347.0,1983.0,0,2,https://kickbase.b-cdn.net/content/file/4abeb14eec7945d694a4737c46522a06.png,29.0,2,410.0,,"[{""hasPlayed"": true, ""points"": 103}, {""hasPlayed"": true, ""points"": -6}, {""hasPlayed"": true, ""points"": 120}, {""hasPlayed"": true, ""points"": 86}, {""hasPlayed"": true, ""points"": 137}]",4,Joseph Scally,-110478.0,"[103.0, -6.0, 120.0, 86.0, 137.0]",5,88.0,-110478.0,-286686.0,-289007.0,-1808442.0,-420338.0
1664,9,Maximilian,Mittelstädt,27529977.0,123.0,32.0,32.0,24.0,142785.0,3927.0,0,2,https://kickbase.b-cdn.net/content/file/b8cb80b921914e60885e8e9429df9518.png,7.0,2,142.0,,"[{""hasPlayed"": true, ""points"": 66}, {""hasPlayed"": true, ""points"": 206}, {""hasPlayed"": true, ""points"": 43}, {""hasPlayed"": true, ""points"": 95}, {""hasPlayed"": true, ""points"": 28}]",3,Maximilian Mittelstädt,-323951.0,"[66.0, 206.0, 43.0, 95.0, 28.0]",5,87.6,-323951.0,-311545.0,-322175.0,-1343740.0,-132567.0
8274,28,Said,El Mala,25439897.0,71.0,34.0,34.0,20.0,130276.0,2418.0,0,3,https://kickbase.b-cdn.net/content/file/f56e6d60e40c49189c830fb4ff65d4bf.png,13.0,2,95.0,,"[{""hasPlayed"": true, ""points"": 89}, {""hasPlayed"": true, ""points"": 1}, {""hasPlayed"": true, ""points"": 169}, {""hasPlayed"": true, ""points"": 119}, {""hasPlayed"": true, ""points"": 55}]",2,Said El Mala,-43362.0,"[89.0, 1.0, 169.0, 119.0, 55.0]",5,86.6,-43362.0,-87021.0,-5984.0,155186.0,2893824.0
7239,43,Max,Finkgräfe,5471867.0,55.0,13.0,13.0,5.0,33441.0,718.0,0,2,https://kickbase.b-cdn.net/content/file/5ea42faff1bf42f386a0f98d8203ee4e.png,35.0,1,131.0,,"[{""hasPlayed"": true, ""points"": 17}, {""hasPlayed"": true, ""points"": 37}, {""hasPlayed"": true, ""points"": 39}, {""hasPlayed"": true, ""points"": 214}, {""hasPlayed"": true, ""points"": 124}]",5,Max Finkgräfe,316388.0,"[17.0, 37.0, 39.0, 214.0, 124.0]",5,86.2,316388.0,348937.0,334484.0,2251935.0,2209592.0
2275,43,Christoph,Baumgartner,19684464.0,117.0,33.0,33.0,32.0,179653.0,3846.0,4,3,https://kickbase.b-cdn.net/content/file/8b2225416e584d5ebd4ee89d8a8a99eb.png,14.0,2,195.0,,"[{""hasPlayed"": true, ""points"": 8}, {""hasPlayed"": true, ""points"": 114}, {""hasPlayed"": true, ""points"": 129}, {""hasPlayed"": true, ""points"": 47}, {""hasPlayed"": true, ""points"": 130}]",5,Christoph Baumgartner,-114325.0,"[8.0, 114.0, 129.0, 47.0, 130.0]",5,85.6,-114325.0,-72230.0,-73766.0,-73559.0,-1391966.0
7167,10,Senne,Lynen,9259202.0,71.0,31.0,31.0,31.0,180555.0,2210.0,0,3,https://kickbase.b-cdn.net/content/file/155288638ca9459bbebfab0684e818ef.png,14.0,1,238.0,,"[{""hasPlayed"": true, ""points"": 33}, {""hasPlayed"": true, ""points"": 104}, {""hasPlayed"": true, ""points"": 103}, {""hasPlayed"": true, ""points"": 101}, {""hasPlayed"": true, ""points"": 87}]",2,Senne Lynen,306017.0,"[33.0, 104.0, 103.0, 101.0, 87.0]",5,85.6,306017.0,250017.0,205877.0,1479287.0,3390217.0
173,2,Jonathan,Tah,36842007.0,127.0,28.0,28.0,23.0,135209.0,3559.0,0,2,https://kickbase.b-cdn.net/content/file/bbdbcc801d7245e79786231de87b80b7.png,4.0,1,96.0,,"[{""hasPlayed"": true, ""points"": 146}, {""hasPlayed"": true, ""points"": 53}, {""hasPlayed"": true, ""points"": 84}, {""hasPlayed"": true, ""points"": 59}, {""hasPlayed"": false, ""points"": null}]",1,Jonathan Tah,55833.0,"[146.0, 53.0, 84.0, 59.0, null]",4,85.5,55833.0,48730.0,52317.0,347287.0,1706208.0
4563,7,Loïc,Badé,13177223.0,95.0,23.0,23.0,19.0,110581.0,2192.0,0,2,https://kickbase.b-cdn.net/content/file/80f11505e8d445ae827aefe485b1c4c7.png,5.0,2,166.0,,"[{""hasPlayed"": false, ""points"": null}, {""hasPlayed"": false, ""points"": null}, {""hasPlayed"": false, ""points"": null}, {""hasPlayed"": true, ""points"": 50}, {""hasPlayed"": true, ""points"": 121}]",3,Loïc Badé,-286141.0,"[null, null, null, 50.0, 121.0]",2,85.5,-286141.0,-314685.0,-296414.0,-1000799.0,719652.0
2988,9,Jamie,Leweling,27088772.0,103.0,32.0,32.0,26.0,153640.0,3282.0,0,3,https://kickbase.b-cdn.net/content/file/f1ba50c544bd40d9ae5a68fbc1ee8cbd.png,18.0,1,121.0,,"[{""hasPlayed"": true, ""points"": 76}, {""hasPlayed"": true, ""points"": 166}, {""hasPlayed"": true, ""points"": 121}, {""hasPlayed"": true, ""points"": 22}, {""hasPlayed"": true, ""points"": 40}]",2,Jamie Leweling,45038.0,"[76.0, 166.0, 121.0, 22.0, 40.0]",5,85.0,45038.0,41547.0,40568.0,196055.0,1383773.0
3158,14,Fisnik,Asllani,26913785.0,90.0,33.0,33.0,31.0,150494.0,2966.0,0,4,https://kickbase.b-cdn.net/content/file/61214fe54f31411ea068f8fb8b3c1e49.png,11.0,1,110.0,,"[{""hasPlayed"": true, ""points"": 42}, {""hasPlayed"": true, ""points"": 83}, {""hasPlayed"": true, ""points"": 91}, {""hasPlayed"": true, ""points"": 151}, {""hasPlayed"": true, ""points"": 57}]",3,Fisnik Asllani,-3868.0,"[42.0, 83.0, 91.0, 151.0, 57.0]",5,84.8,-3868.0,55501.0,56973.0,286726.0,1621727.0
6061,7,Ibrahim,Maza,29412735.0,98.0,28.0,28.0,20.0,121679.0,2743.0,0,3,https://kickbase.b-cdn.net/content/file/7ff9728d20544b96a1fe698af86f9f2f.png,30.0,1,93.0,,"[{""hasPlayed"": true, ""points"": 85}, {""hasPlayed"": true, ""points"": 34}, {""hasPlayed"": true, ""points"": 182}, {""hasPlayed"": true, ""points"": 40}, {""hasPlayed"": true, ""points"": 79}]",1,Ibrahim Maza,97044.0,"[85.0, 34.0, 182.0, 40.0, 79.0]",5,84.0,97044.0,83976.0,88164.0,602703.0,2083800.0
2560,15,Philipp,Sander,11720988.0,80.0,30.0,30.0,29.0,158337.0,2386.0,0,3,https://kickbase.b-cdn.net/content/file/f37f02dbf91c4dd1a891e8098a477c5f.png,16.0,1,203.0,,"[{""hasPlayed"": true, ""points"": 92}, {""hasPlayed"": true, ""points"": 77}, {""hasPlayed"": true, ""points"": 92}, {""hasPlayed"": true, ""points"": 99}, {""hasPlayed"": true, ""points"": 55}]",1,Philipp Sander,175426.0,"[92.0, 77.0, 92.0, 99.0, 55.0]",5,83.0,175426.0,145407.0,133134.0,1008028.0,4861854.0
2144,4,Robin,Koch,23465622.0,107.0,32.0,32.0,32.0,188534.0,3419.0,2,2,https://kickbase.b-cdn.net/content/file/340cf29dd65140208f579773d046dd30.png,4.0,1,145.0,,"[{""hasPlayed"": true, ""points"": 94}, {""hasPlayed"": true, ""points"": 42}, {""hasPlayed"": true, ""points"": 81}, {""hasPlayed"": true, ""points"": 108}, {""hasPlayed"": true, ""points"": 89}]",1,Robin Koch,10031.0,"[94.0, 42.0, 81.0, 108.0, 89.0]",5,82.8,10031.0,57022.0,127443.0,782809.0,3413975.0
8225,7,Jeanuël,Belocian,3999922.0,54.0,22.0,22.0,17.0,102511.0,1194.0,0,2,https://kickbase.b-cdn.net/content/file/274858f664db446a9e3a944511815446.png,44.0,2,298.0,,"[{""hasPlayed"": true, ""points"": 110}, {""hasPlayed"": true, ""points"": 64}, {""hasPlayed"": true, ""points"": 70}, {""hasPlayed"": true, ""points"": 78}, {""hasPlayed"": true, ""points"": 89}]",5,Jeanuël Belocian,-119517.0,"[110.0, 64.0, 70.0, 78.0, 89.0]",5,82.2,-119517.0,-120023.0,-118120.0,-834797.0,952533.0
2887,4,Ritsu,Dōan,20892017.0,90.0,31.0,31.0,28.0,154093.0,2793.0,0,3,https://kickbase.b-cdn.net/content/file/a635c31b1d4a4468826bb1915a8495c6.png,20.0,1,133.0,,"[{""hasPlayed"": true, ""points"": 89}, {""hasPlayed"": true, ""points"": 18}, {""hasPlayed"": false, ""points"": null}, {""hasPlayed"": true, ""points"": 138}, {""hasPlayed"": false, ""points"": null}]",2,Ritsu Dōan,150131.0,"[89.0, 18.0, null, 138.0, null]",3,81.66666666666667,150131.0,145496.0,150128.0,1101380.0,4137235.0
7282,10,Olivier,Deman,10459311.0,74.0,16.0,16.0,14.0,82852.0,1176.0,0,2,https://kickbase.b-cdn.net/content/file/581d084f390f47a38c3d2d35085fb1e4.png,2.0,1,112.0,,"[{""hasPlayed"": true, ""points"": 51}, {""hasPlayed"": true, ""points"": 129}, {""hasPlayed"": true, ""points"": 106}, {""hasPlayed"": true, ""points"": 33}, {""hasPlayed"": true, ""points"": 87}]",1,Olivier Deman,-9986.0,"[51.0, 129.0, 106.0, 33.0, 87.0]",5,81.2,-9986.0,38196.0,90048.0,1043099.0,6027133.0
1856,3,Marcel,Sabitzer,9191030.0,83.0,26.0,26.0,21.0,119084.0,2146.0,0,3,https://kickbase.b-cdn.net/content/file/e5fd8b4544ef4fbf99fa27874f810794.png,20.0,2,233.0,,"[{""hasPlayed"": false, ""points"": null}, {""hasPlayed"": true, ""points"": 104}, {""hasPlayed"": true, ""points"": 68}, {""hasPlayed"": true, ""points"": 115}, {""hasPlayed"": true, ""points"": 29}]",3,Marcel Sabitzer,-178502.0,"[null, 104.0, 68.0, 115.0, 29.0]",4,79.0,-178502.0,-149354.0,-203713.0,-1616783.0,-434897.0
2302,40,Woo-Yeong,Jeong,3734486.0,36.0,28.0,28.0,13.0,81482.0,994.0,0,3,https://kickbase.b-cdn.net/content/file/167f780b883445c1bb79e00354f1e807.png,11.0,2,266.0,,"[{""hasPlayed"": true, ""points"": 125}, {""hasPlayed"": true, ""points"": 33}, {""hasPlayed"": false, ""points"": null}, {""hasPlayed"": false, ""points"": null}, {""hasPlayed"": false, ""points"": null}]",3,Woo-Yeong Jeong,-104166.0,"[125.0, 33.0, null, null, null]",2,79.0,-104166.0,-118893.0,-128272.0,-923219.0,2961686.0
11099,3,Jobe,Bellingham,19522528.0,68.0,32.0,32.0,20.0,119220.0,2172.0,0,3,https://kickbase.b-cdn.net/content/file/7b67f5aec4444746b2848e6d9a775210.png,7.0,1,111.0,,"[{""hasPlayed"": true, ""points"": 108}, {""hasPlayed"": true, ""points"": 80}, {""hasPlayed"": true, ""points"": 43}, {""hasPlayed"": true, ""points"": 124}, {""hasPlayed"": true, ""points"": 37}]",3,Jobe Bellingham,96555.0,"[108.0, 80.0, 43.0, 124.0, 37.0]",5,78.4,96555.0,108490.0,111551.0,774587.0,2959726.0
4446,40,Aljoscha,Kemlein,8682851.0,48.0,30.0,30.0,23.0,129466.0,1437.0,0,3,https://kickbase.b-cdn.net/content/file/2dc45e5315ff4262a38925af69a6e745.png,6.0,1,165.0,,"[{""hasPlayed"": true, ""points"": 109}, {""hasPlayed"": true, ""points"": 175}, {""hasPlayed"": true, ""points"": 67}, {""hasPlayed"": true, ""points"": 3}, {""hasPlayed"": true, ""points"": 34}]",1,Aljoscha Kemlein,264387.0,"[109.0, 175.0, 67.0, 3.0, 34.0]",5,77.6,264387.0,270024.0,270871.0,1780064.0,5091416.0
3041,18,Silvan Dominic,Widmer,3013592.0,54.0,27.0,27.0,22.0,117652.0,1463.0,0,2,https://kickbase.b-cdn.net/content/file/f8a4a7b03b4c4326bdc73b1c9e0d6866.png,30.0,2,485.0,,"[{""hasPlayed"": true, ""points"": 84}, {""hasPlayed"": false, ""points"": null}, {""hasPlayed"": true, ""points"": 147}, {""hasPlayed"": true, ""points"": 51}, {""hasPlayed"": true, ""points"": 26}]",4,Silvan Dominic Widmer,-71363.0,"[84.0, null, 147.0, 51.0, 26.0]",4,77.0,-71363.0,-68788.0,-75712.0,-608992.0,-2198342.0
3102,40,Tom,Rothe,7558652.0,41.0,21.0,21.0,10.0,71469.0,863.0,0,2,https://kickbase.b-cdn.net/content/file/82917858d1a74a7f90a2d9dfca456b71.png,15.0,1,114.0,,"[{""hasPlayed"": true, ""points"": 146}, {""hasPlayed"": true, ""points"": 62}, {""hasPlayed"": true, ""points"": 155}, {""hasPlayed"": true, ""points"": 0}, {""hasPlayed"": true, ""points"": 18}]",2,Tom Rothe,296645.0,"[146.0, 62.0, 155.0, 0.0, 18.0]",5,76.2,296645.0,293209.0,248889.0,1733503.0,3562413.0
1954,14,,Bernardo,8730170.0,82.0,29.0,29.0,26.0,152866.0,2381.0,0,2,https://kickbase.b-cdn.net/content/file/2e01b620f1354d0f9383cc0003c49d97.png,13.0,2,272.0,,"[{""hasPlayed"": true, ""points"": 47}, {""hasPlayed"": true, ""points"": 129}, {""hasPlayed"": true, ""points"": 53}, {""hasPlayed"": true, ""points"": 70}, {""hasPlayed"": true, ""points"": 80}]",3,Bernardo,-191004.0,"[47.0, 129.0, 53.0, 70.0, 80.0]",5,75.8,-191004.0,-208383.0,-207495.0,-1757688.0,-1104506.0
13442,15,Hugo,Bolin,8092641.0,40.0,13.0,13.0,5.0,35891.0,517.0,0,3,https://kickbase.b-cdn.net/content/file/0e5ee2c256e04b02a8de12f37ec58fb6.png,38.0,1,63.0,,"[{""hasPlayed"": true, ""points"": 183}, {""hasPlayed"": true, ""points"": 3}, {""hasPlayed"": true, ""points"": 39}, {""hasPlayed"": false, ""points"": null}, {""hasPlayed"": true, ""points"": 78}]",2,Hugo Bolin,309397.0,"[183.0, 3.0, 39.0, null, 78.0]",4,75.75,309397.0,291907.0,276347.0,1842903.0,5090393.0
2358,28,Tom,Krauß,8423917.0,56.0,26.0,26.0,19.0,116693.0,1461.0,0,3,https://kickbase.b-cdn.net/content/file/55c214adfaba4a839c1bb19ad5a5f8ed.png,5.0,1,173.0,,"[{""hasPlayed"": false, ""points"": null}, {""hasPlayed"": true, ""points"": 91}, {""hasPlayed"": true, ""points"": 59}, {""hasPlayed"": false, ""points"": null}, {""hasPlayed"": false, ""points"": null}]",2,Tom Krauß,192368.0,"[null, 91.0, 59.0, null, null]",2,75.0,192368.0,157604.0,135013.0,1009012.0,5589393.0
2068,9,Dan-Axel,Zagadou,3631358.0,141.0,3.0,3.0,3.0,13672.0,424.0,1,2,https://kickbase.b-cdn.net/content/file/2f2eb673a0224e1cb305b8cc042cf931.png,23.0,2,116.0,,"[{""hasPlayed"": false, ""points"": null}, {""hasPlayed"": false, ""points"": null}, {""hasPlayed"": false, ""points"": null}, {""hasPlayed"": true, ""points"": 74}, {""hasPlayed"": false, ""points"": null}]",5,Dan-Axel Zagadou,-146203.0,"[null, null, null, 74.0, null]",1,74.0,-146203.0,-150965.0,-146576.0,-1080484.0,-3245671.0
9684,13,Alexis,Claude-Maurice,11669962.0,80.0,29.0,29.0,25.0,136499.0,2314.0,2,3,https://kickbase.b-cdn.net/content/file/a90dd89d388d4dfbaa76eb454c203b02.png,20.0,2,198.0,,"[{""hasPlayed"": false, ""points"": null}, {""hasPlayed"": true, ""points"": 24}, {""hasPlayed"": true, ""points"": 139}, {""hasPlayed"": true, ""points"": 91}, {""hasPlayed"": true, ""points"": 42}]",3,Alexis Claude-Maurice,-345515.0,"[null, 24.0, 139.0, 91.0, 42.0]",4,74.0,-345515.0,-150694.0,-52007.0,-203779.0,2490987.0
3143,13,Kristijan,Jakić,1840049.0,56.0,26.0,26.0,18.0,110792.0,1450.0,2,3,https://kickbase.b-cdn.net/content/file/27912c1416d04665a6daace67db676be.png,17.0,2,788.0,,"[{""hasPlayed"": false, ""points"": null}, {""hasPlayed"": true, ""points"": 35}, {""hasPlayed"": true, ""points"": 181}, {""hasPlayed"": true, ""points"": 6}, {""hasPlayed"": false, ""points"": null}]",4,Kristijan Jakić,-119393.0,"[null, 35.0, 181.0, 6.0, null]",3,74.0,-119393.0,-125909.0,-115155.0,-834342.0,-2348918.0
2552,28,Marius,Bülter,6358586.0,53.0,32.0,32.0,18.0,109316.0,1701.0,0,4,https://kickbase.b-cdn.net/content/file/020abec0763842a7af00f1ec5aafeea4.png,30.0,1,267.0,,"[{""hasPlayed"": true, ""points"": 13}, {""hasPlayed"": true, ""points"": 155}, {""hasPlayed"": true, ""points"": 152}, {""hasPlayed"": true, ""points"": 4}, {""hasPlayed"": true, ""points"": 42}]",3,Marius Bülter,205569.0,"[13.0, 155.0, 152.0, 4.0, 42.0]",5,73.2,205569.0,169700.0,138645.0,1172636.0,2071131.0
2255,4,Jonathan,Burkardt,26199028.0,87.0,22.0,22.0,15.0,87110.0,1912.0,0,4,https://kickbase.b-cdn.net/content/file/2eca07d51a734c0582f65922e9bf3a91.png,9.0,1,72.0,,"[{""hasPlayed"": true, ""points"": 227}, {""hasPlayed"": true, ""points"": 95}, {""hasPlayed"": true, ""points"": 63}, {""hasPlayed"": true, ""points"": -14}, {""hasPlayed"": true, ""points"": -6}]",1,Jonathan Burkardt,89243.0,"[227.0, 95.0, 63.0, -14.0, -6.0]",5,73.0,89243.0,88121.0,92911.0,662575.0,3736443.0
619,15,Kevin,Stöger,6712721.0,43.0,29.0,29.0,15.0,86591.0,1239.0,0,3,https://kickbase.b-cdn.net/content/file/7fe99cc5433c42ca84045549f3cb77b8.png,7.0,1,184.0,,"[{""hasPlayed"": true, ""points"": 80}, {""hasPlayed"": true, ""points"": 21}, {""hasPlayed"": true, ""points"": 104}, {""hasPlayed"": true, ""points"": 78}, {""hasPlayed"": true, ""points"": 81}]",3,Kevin Stöger,271644.0,"[80.0, 21.0, 104.0, 78.0, 81.0]",5,72.8,271644.0,259109.0,226681.0,1780259.0,5150085.0
10049,13,Hennes,Behrens,9698344.0,68.0,16.0,16.0,15.0,87282.0,1093.0,0,2,https://kickbase.b-cdn.net/content/file/70e43833dcee49629e10c92d9ed4770d.png,0.0,1,112.0,,"[{""hasPlayed"": true, ""points"": 39}, {""hasPlayed"": true, ""points"": 103}, {""hasPlayed"": true, ""points"": 62}, {""hasPlayed"": true, ""points"": 123}, {""hasPlayed"": true, ""points"": 33}]",1,Hennes Behrens,345715.0,"[39.0, 103.0, 62.0, 123.0, 33.0]",5,72.0,345715.0,315935.0,272797.0,2067847.0,7338667.0
6168,13,Robin,Fellhauer,10340741.0,65.0,34.0,34.0,31.0,182393.0,2209.0,0,3,https://kickbase.b-cdn.net/content/file/66cfd1c30d0a4e6fb051b5dc6ada35cf.png,19.0,1,213.0,,"[{""hasPlayed"": true, ""points"": 30}, {""hasPlayed"": true, ""points"": 160}, {""hasPlayed"": true, ""points"": 54}, {""hasPlayed"": true, ""points"": 23}, {""hasPlayed"": true, ""points"": 93}]",1,Robin Fellhauer,75271.0,"[30.0, 160.0, 54.0, 23.0, 93.0]",5,72.0,75271.0,100966.0,141947.0,1207597.0,4914659.0
7215,5,Jordy,Makengo,1974639.0,42.0,20.0,20.0,12.0,79520.0,840.0,0,2,https://kickbase.b-cdn.net/content/file/bf5181157fa948f8b3943d8dfe6655b4.png,33.0,1,425.0,,"[{""hasPlayed"": true, ""points"": 188}, {""hasPlayed"": true, ""points"": 0}, {""hasPlayed"": false, ""points"": null}, {""hasPlayed"": false, ""points"": null}, {""hasPlayed"": true, ""points"": 28}]",3,Jordy Makengo,183532.0,"[188.0, 0.0, null, null, 28.0]",3,72.0,183532.0,4806.0,-110764.0,-383853.0,-2553339.0
118,5,Vincenzo,Grifo,11996488.0,71.0,33.0,33.0,21.0,113451.0,2332.0,0,3,https://kickbase.b-cdn.net/content/file/db2983cdda124ecfb674b4a066e34b5c.png,32.0,1,194.0,,"[{""hasPlayed"": true, ""points"": 38}, {""hasPlayed"": true, ""points"": 57}, {""hasPlayed"": true, ""points"": 60}, {""hasPlayed"": true, ""points"": -1}, {""hasPlayed"": true, ""points"": 205}]",3,Vincenzo Grifo,143193.0,"[38.0, 57.0, 60.0, -1.0, 205.0]",5,71.8,143193.0,122505.0,105402.0,806050.0,3830239.0
1811,13,Jeffrey,Gouweleeuw,10525238.0,62.0,11.0,11.0,10.0,56368.0,684.0,0,2,https://kickbase.b-cdn.net/content/file/f1db17abb1184369a9edd1445b96bb01.png,6.0,1,64.0,,"[{""hasPlayed"": true, ""points"": 47}, {""hasPlayed"": true, ""points"": 78}, {""hasPlayed"": true, ""points"": 79}, {""hasPlayed"": true, ""points"": 62}, {""hasPlayed"": true, ""points"": 93}]",2,Jeffrey Gouweleeuw,112678.0,"[47.0, 78.0, 79.0, 62.0, 93.0]",5,71.8,112678.0,50082.0,11386.0,202400.0,5072443.0
11100,3,Samuele,Inácio,9447071.0,52.0,7.0,7.0,4.0,25406.0,365.0,0,3,https://kickbase.b-cdn.net/content/file/0e8e34d536e6420cb5d7d96fc909f97d.png,40.0,2,38.0,,"[{""hasPlayed"": true, ""points"": 136}, {""hasPlayed"": true, ""points"": 119}, {""hasPlayed"": true, ""points"": 27}, {""hasPlayed"": true, ""points"": 88}, {""hasPlayed"": true, ""points"": -12}]",3,Samuele Inácio,-28195.0,"[136.0, 119.0, 27.0, 88.0, -12.0]",5,71.6,-28195.0,-74043.0,-115737.0,-929007.0,-1787648.0
7224,43,Lukeba,Castello Jr.,18988448.0,106.0,26.0,26.0,24.0,142996.0,2765.0,0,2,https://kickbase.b-cdn.net/content/file/02c2d826957a4899a614c0ad25d8a9a8.png,23.0,2,145.0,,"[{""hasPlayed"": true, ""points"": 66}, {""hasPlayed"": true, ""points"": 116}, {""hasPlayed"": true, ""points"": 28}, {""hasPlayed"": false, ""points"": null}, {""hasPlayed"": false, ""points"": null}]",3,Lukeba Castello Jr.,-208629.0,"[66.0, 116.0, 28.0, null, null]",3,70.0,-208629.0,-295890.0,-410490.0,-1808564.0,-831614.0
3019,5,Noah,Atubolu,8143278.0,97.0,34.0,34.0,34.0,203699.0,3299.0,0,1,https://kickbase.b-cdn.net/content/file/7e82d7704f244cccb027dc6c519dc149.png,1.0,2,405.0,,"[{""hasPlayed"": true, ""points"": 118}, {""hasPlayed"": true, ""points"": 51}, {""hasPlayed"": true, ""points"": 64}, {""hasPlayed"": true, ""points"": 23}, {""hasPlayed"": true, ""points"": 94}]",5,Noah Atubolu,66323.0,"[118.0, 51.0, 64.0, 23.0, 94.0]",5,70.0,66323.0,-256672.0,-246327.0,-1480181.0,-3762918.0
3069,3,Felix,Nmecha,26352498.0,94.0,29.0,29.0,25.0,141393.0,2730.0,0,3,https://kickbase.b-cdn.net/content/file/510ad66f94f943fb940c1a7b11792266.png,8.0,1,103.0,,"[{""hasPlayed"": true, ""points"": 126}, {""hasPlayed"": true, ""points"": 14}, {""hasPlayed"": false, ""points"": null}, {""hasPlayed"": false, ""points"": null}, {""hasPlayed"": false, ""points"": null}]",1,Felix Nmecha,124984.0,"[126.0, 14.0, null, null, null]",2,70.0,124984.0,132133.0,130844.0,889822.0,5833149.0
12321,28,Jahmai,Simpson-Pusey,11355068.0,61.0,11.0,11.0,10.0,57539.0,669.0,0,2,https://kickbase.b-cdn.net/content/file/f83f61dc46de468bb38cb6a9d9f51205.png,22.0,1,58.0,,"[{""hasPlayed"": true, ""points"": 31}, {""hasPlayed"": false, ""points"": null}, {""hasPlayed"": true, ""points"": 82}, {""hasPlayed"": true, ""points"": 76}, {""hasPlayed"": true, ""points"": 88}]",1,Jahmai Simpson-Pusey,160806.0,"[31.0, null, 82.0, 76.0, 88.0]",4,69.25,160806.0,148155.0,167751.0,1029830.0,6577101.0
1645,5,Maximilian,Eggestein,14991034.0,84.0,34.0,34.0,34.0,203699.0,2849.0,0,3,https://kickbase.b-cdn.net/content/file/46028a6670854b3cba398533dfe6c619.png,8.0,1,190.0,,"[{""hasPlayed"": true, ""points"": 76}, {""hasPlayed"": true, ""points"": 38}, {""hasPlayed"": true, ""points"": 78}, {""hasPlayed"": true, ""points"": -19}, {""hasPlayed"": true, ""points"": 171}]",1,Maximilian Eggestein,166582.0,"[76.0, 38.0, 78.0, -19.0, 171.0]",5,68.8,166582.0,170264.0,160335.0,1136323.0,3971689.0
4598,40,Josip,Juranović,4833125.0,50.0,11.0,11.0,3.0,23550.0,554.0,0,2,https://kickbase.b-cdn.net/content/file/17ce8593891544bbae052579071e5c45.png,18.0,1,114.0,,"[{""hasPlayed"": true, ""points"": 62}, {""hasPlayed"": true, ""points"": 119}, {""hasPlayed"": true, ""points"": 25}, {""hasPlayed"": true, ""points"": 65}, {""hasPlayed"": false, ""points"": null}]",2,Josip Juranović,270117.0,"[62.0, 119.0, 25.0, 65.0, null]",4,67.75,270117.0,138116.0,54375.0,148568.0,4021576.0
13472,3,Luca,Reggiani,4248054.0,74.0,8.0,8.0,6.0,32656.0,592.0,0,2,https://kickbase.b-cdn.net/content/file/ae27049c76974053b81276c3faa1f639.png,49.0,2,139.0,,"[{""hasPlayed"": true, ""points"": 97}, {""hasPlayed"": true, ""points"": 48}, {""hasPlayed"": true, ""points"": 56}, {""hasPlayed"": false, ""points"": null}, {""hasPlayed"": false, ""points"": null}]",5,Luca Reggiani,-96493.0,"[97.0, 48.0, 56.0, null, null]",3,67.0,-96493.0,-94960.0,-98522.0,-914075.0,-3705676.0
3543,2,Nathaniel,Brown,28772607.0,83.0,33.0,33.0,29.0,176484.0,2726.0,0,2,https://kickbase.b-cdn.net/content/file/a6bbeb9411db465cb0b0b5dac3fd61a4.png,0.0,1,94.0,,"[{""hasPlayed"": true, ""points"": 70}, {""hasPlayed"": true, ""points"": 26}, {""hasPlayed"": true, ""points"": 38}, {""hasPlayed"": true, ""points"": 166}, {""hasPlayed"": true, ""points"": 31}]",3,Nathaniel Brown,72140.0,"[70.0, 26.0, 38.0, 166.0, 31.0]",5,66.2,72140.0,81734.0,59489.0,457950.0,2081901.0
1978,6,Jordan,Torunarigha,11252557.0,73.0,24.0,24.0,21.0,129230.0,1753.0,0,2,https://kickbase.b-cdn.net/content/file/58a51dcb3fef41de90e23a162e7fe44e.png,25.0,1,155.0,,"[{""hasPlayed"": true, ""points"": -4}, {""hasPlayed"": false, ""points"": null}, {""hasPlayed"": true, ""points"": 128}, {""hasPlayed"": true, ""points"": 99}, {""hasPlayed"": true, ""points"": 38}]",1,Jordan Torunarigha,122727.0,"[-4.0, null, 128.0, 99.0, 38.0]",4,65.25,122727.0,103657.0,98038.0,574939.0,4815892.0
3209,5,Yannik,Engelhardt,9442451.0,64.0,31.0,31.0,29.0,162513.0,1970.0,0,3,https://kickbase.b-cdn.net/content/file/ef0590dedd4c41f1a36fcb9ac6c2a326.png,16.0,1,208.0,,"[{""hasPlayed"": true, ""points"": 135}, {""hasPlayed"": true, ""points"": 24}, {""hasPlayed"": true, ""points"": 86}, {""hasPlayed"": true, ""points"": 87}, {""hasPlayed"": true, ""points"": -10}]",2,Yannik Engelhardt,251530.0,"[135.0, 24.0, 86.0, 87.0, -10.0]",5,64.4,251530.0,244779.0,207099.0,1515657.0,5328884.0
6300,43,Assan,Ouédraogo,16329143.0,90.0,19.0,19.0,13.0,61254.0,1705.0,1,3,https://kickbase.b-cdn.net/content/file/0d8a1173062a4478822b06c0490cfe41.png,8.0,2,104.0,,"[{""hasPlayed"": true, ""points"": 127}, {""hasPlayed"": true, ""points"": 75}, {""hasPlayed"": true, ""points"": -16}, {""hasPlayed"": true, ""points"": 87}, {""hasPlayed"": true, ""points"": 47}]",5,Assan Ouédraogo,-593932.0,"[127.0, 75.0, -16.0, 87.0, 47.0]",5,64.0,-593932.0,-587794.0,-601181.0,-4232240.0,-2948921.0
1580,28,Marvin,Schwäbe,14180935.0,96.0,34.0,34.0,34.0,205397.0,3249.0,0,1,https://kickbase.b-cdn.net/content/file/2708fddc28474a2299885f3eb69be6bc.png,1.0,1,229.0,,"[{""hasPlayed"": true, ""points"": 60}, {""hasPlayed"": true, ""points"": 75}, {""hasPlayed"": true, ""points"": 3}, {""hasPlayed"": true, ""points"": 50}, {""hasPlayed"": true, ""points"": 130}]",1,Marvin Schwäbe,149678.0,"[60.0, 75.0, 3.0, 50.0, 130.0]",5,63.6,149678.0,144536.0,128191.0,950167.0,3555900.0
8247,9,Ramon,Hendriks,12772231.0,66.0,31.0,31.0,22.0,135100.0,2040.0,0,2,https://kickbase.b-cdn.net/content/file/d84f6e79416d43549ec3b7c2cbc87b87.png,3.0,1,159.0,,"[{""hasPlayed"": true, ""points"": 66}, {""hasPlayed"": true, ""points"": 45}, {""hasPlayed"": true, ""points"": 98}, {""hasPlayed"": true, ""points"": 63}, {""hasPlayed"": true, ""points"": 43}]",2,Ramon Hendriks,165286.0,"[66.0, 45.0, 98.0, 63.0, 43.0]",5,63.0,165286.0,156986.0,155172.0,1079020.0,3366550.0
8367,6,Albert,Sambi Lokonga,10558446.0,68.0,26.0,26.0,20.0,112966.0,1759.0,0,3,https://kickbase.b-cdn.net/content/file/c9c716c7e03d47078ca74b707b1577a9.png,6.0,1,166.0,,"[{""hasPlayed"": true, ""points"": 120}, {""hasPlayed"": true, ""points"": 57}, {""hasPlayed"": true, ""points"": 79}, {""hasPlayed"": true, ""points"": -11}, {""hasPlayed"": false, ""points"": null}]",1,Albert Sambi Lokonga,10118.0,"[120.0, 57.0, 79.0, -11.0, null]",4,61.25,10118.0,19549.0,38018.0,655364.0,4221272.0
2702,18,Eric,Martel,5175929.0,77.0,31.0,31.0,30.0,170710.0,2378.0,1,3,https://kickbase.b-cdn.net/content/file/8744ec1d907e4042b8afa0f7d030628c.png,5.0,2,459.0,,"[{""hasPlayed"": true, ""points"": 43}, {""hasPlayed"": false, ""points"": null}, {""hasPlayed"": true, ""points"": 73}, {""hasPlayed"": true, ""points"": 13}, {""hasPlayed"": true, ""points"": 115}]",5,Eric Martel,-346704.0,"[43.0, null, 73.0, 13.0, 115.0]",4,61.0,-346704.0,-346892.0,-337843.0,-2392852.0,-4151541.0
2294,10,Amos,Pieper,9957860.0,80.0,19.0,19.0,19.0,99133.0,1529.0,2,2,https://kickbase.b-cdn.net/content/file/32262c6e17164fd1a62ee34e358e2540.png,5.0,1,153.0,,"[{""hasPlayed"": true, ""points"": 24}, {""hasPlayed"": true, ""points"": 44}, {""hasPlayed"": true, ""points"": 72}, {""hasPlayed"": true, ""points"": 80}, {""hasPlayed"": true, ""points"": 82}]",2,Amos Pieper,252152.0,"[24.0, 44.0, 72.0, 80.0, 82.0]",5,60.4,252152.0,254071.0,282299.0,1844497.0,3790600.0
7723,40,Leopold,Querfeld,14006664.0,90.0,31.0,31.0,30.0,181108.0,2789.0,0,2,https://kickbase.b-cdn.net/content/file/b9dfbb26ed9347b9a1585f29718c9d76.png,14.0,1,199.0,,"[{""hasPlayed"": true, ""points"": 53}, {""hasPlayed"": false, ""points"": null}, {""hasPlayed"": false, ""points"": null}, {""hasPlayed"": true, ""points"": 38}, {""hasPlayed"": true, ""points"": 90}]",3,Leopold Querfeld,176080.0,"[53.0, null, null, 38.0, 90.0]",3,60.333333333333336,176080.0,152328.0,139623.0,886557.0,2547818.0
6176,43,Nicolas,Seiwald,16652180.0,86.0,33.0,33.0,31.0,174575.0,2839.0,0,3,https://kickbase.b-cdn.net/content/file/49894e11778042f09b92bdbd82994680.png,13.0,1,170.0,,"[{""hasPlayed"": true, ""points"": 44}, {""hasPlayed"": true, ""points"": 20}, {""hasPlayed"": true, ""points"": 60}, {""hasPlayed"": false, ""points"": null}, {""hasPlayed"": true, ""points"": 115}]",1,Nicolas Seiwald,179063.0,"[44.0, 20.0, 60.0, null, 115.0]",4,59.75,179063.0,180701.0,163132.0,1205676.0,4436659.0
663,7,Robert,Andrich,8184197.0,82.0,32.0,32.0,29.0,168594.0,2610.0,2,2,https://kickbase.b-cdn.net/content/file/0cdcdb27004443c09d112462f32ace2c.png,8.0,2,318.0,,"[{""hasPlayed"": true, ""points"": 52}, {""hasPlayed"": true, ""points"": 44}, {""hasPlayed"": true, ""points"": 99}, {""hasPlayed"": true, ""points"": 43}, {""hasPlayed"": false, ""points"": null}]",4,Robert Andrich,-241691.0,"[52.0, 44.0, 99.0, 43.0, null]",4,59.5,-241691.0,-275006.0,-298503.0,-2453648.0,-1776041.0
2803,14,Tim,Lemperle,10653984.0,74.0,29.0,29.0,24.0,124309.0,2154.0,16,4,https://kickbase.b-cdn.net/content/file/531648f7c8e7446883243fb819e94d82.png,19.0,2,202.0,,"[{""hasPlayed"": true, ""points"": -62}, {""hasPlayed"": true, ""points"": 60}, {""hasPlayed"": true, ""points"": 60}, {""hasPlayed"": true, ""points"": 158}, {""hasPlayed"": true, ""points"": 72}]",5,Tim Lemperle,-226950.0,"[-62.0, 60.0, 60.0, 158.0, 72.0]",5,57.6,-226950.0,-236142.0,-269986.0,-1687472.0,-27863.0
1257,5,Lukas,Kübler,4240802.0,82.0,23.0,23.0,19.0,105359.0,1875.0,0,2,https://kickbase.b-cdn.net/content/file/3837cd8562134d428e12cbfe1ee98323.png,17.0,2,442.0,,"[{""hasPlayed"": true, ""points"": 40}, {""hasPlayed"": true, ""points"": 118}, {""hasPlayed"": true, ""points"": 17}, {""hasPlayed"": true, ""points"": 50}, {""hasPlayed"": true, ""points"": 62}]",4,Lukas Kübler,-89393.0,"[40.0, 118.0, 17.0, 50.0, 62.0]",5,57.4,-89393.0,-87437.0,-91962.0,-598878.0,-254425.0
1540,18,Danny,Da Costa,9297581.0,73.0,34.0,34.0,30.0,178678.0,2498.0,0,2,https://kickbase.b-cdn.net/content/file/d7479cd684eb4636932e2e5651e92411.png,21.0,1,268.0,,"[{""hasPlayed"": true, ""points"": 72}, {""hasPlayed"": true, ""points"": -4}, {""hasPlayed"": true, ""points"": 91}, {""hasPlayed"": true, ""points"": 38}, {""hasPlayed"": true, ""points"": 86}]",3,Danny Da Costa,167936.0,"[72.0, -4.0, 91.0, 38.0, 86.0]",5,56.6,167936.0,174381.0,186655.0,1485418.0,1917326.0
11006,5,Yuito,Suzuki,12675007.0,63.0,25.0,25.0,18.0,107057.0,1570.0,0,3,https://kickbase.b-cdn.net/content/file/321f689788164bb8b2b9b9559673e9ec.png,14.0,1,123.0,,"[{""hasPlayed"": false, ""points"": null}, {""hasPlayed"": false, ""points"": null}, {""hasPlayed"": true, ""points"": 50}, {""hasPlayed"": false, ""points"": null}, {""hasPlayed"": true, ""points"": 62}]",1,Yuito Suzuki,192382.0,"[null, null, 50.0, null, 62.0]",2,56.0,192382.0,192469.0,179594.0,1198450.0,4331356.0
6080,2,Aleksandar,Pavlović,31871006.0,119.0,24.0,24.0,16.0,98316.0,2844.0,0,3,https://kickbase.b-cdn.net/content/file/edb0e886b6a545f1b564cd3d24c6e4b3.png,45.0,1,89.0,,"[{""hasPlayed"": false, ""points"": null}, {""hasPlayed"": false, ""points"": null}, {""hasPlayed"": true, ""points"": 43}, {""hasPlayed"": true, ""points"": 68}, {""hasPlayed"": false, ""points"": null}]",1,Aleksandar Pavlović,91672.0,"[null, null, 43.0, 68.0, null]",2,55.5,91672.0,93308.0,84783.0,627423.0,2597917.0
2084,5,Philipp,Lienhart,12347710.0,69.0,20.0,20.0,14.0,86712.0,1379.0,0,2,https://kickbase.b-cdn.net/content/file/d376962d93d8467e844287f0c416eea0.png,3.0,1,111.0,,"[{""hasPlayed"": true, ""points"": 80}, {""hasPlayed"": true, ""points"": 25}, {""hasPlayed"": true, ""points"": 152}, {""hasPlayed"": true, ""points"": 2}, {""hasPlayed"": true, ""points"": 15}]",2,Philipp Lienhart,163464.0,"[80.0, 25.0, 152.0, 2.0, 15.0]",5,54.8,163464.0,168895.0,159504.0,1105558.0,5430608.0
2718,4,Ellyes,Skhiri,2969755.0,41.0,25.0,25.0,16.0,96669.0,1030.0,0,3,https://kickbase.b-cdn.net/content/file/491757afd9e94da4a8fcbeaa8e23e1f0.png,15.0,2,346.0,,"[{""hasPlayed"": true, ""points"": 87}, {""hasPlayed"": true, ""points"": 35}, {""hasPlayed"": true, ""points"": 37}, {""hasPlayed"": true, ""points"": 113}, {""hasPlayed"": true, ""points"": 2}]",5,Ellyes Skhiri,-41104.0,"[87.0, 35.0, 37.0, 113.0, 2.0]",5,54.8,-41104.0,-61897.0,-98057.0,-725406.0,-3045843.0
2125,5,Jan-Niklas,Beste,10911193.0,60.0,28.0,28.0,20.0,111405.0,1693.0,0,3,https://kickbase.b-cdn.net/content/file/0dc9e619fd4c4114a58d41e7b6293ac2.png,19.0,1,155.0,,"[{""hasPlayed"": true, ""points"": 150}, {""hasPlayed"": true, ""points"": 2}, {""hasPlayed"": true, ""points"": 63}, {""hasPlayed"": true, ""points"": 0}, {""hasPlayed"": true, ""points"": 55}]",1,Jan-Niklas Beste,155265.0,"[150.0, 2.0, 63.0, 0.0, 55.0]",5,54.0,155265.0,149930.0,130783.0,1168145.0,4786788.0
8381,40,Livan,Burcu,7640960.0,28.0,18.0,18.0,6.0,45477.0,504.0,0,3,https://kickbase.b-cdn.net/content/file/9ee1048c9191462c82b58e23f1dbf647.png,9.0,1,65.0,,"[{""hasPlayed"": true, ""points"": 139}, {""hasPlayed"": true, ""points"": 35}, {""hasPlayed"": true, ""points"": 109}, {""hasPlayed"": true, ""points"": -6}, {""hasPlayed"": true, ""points"": -11}]",2,Livan Burcu,147324.0,"[139.0, 35.0, 109.0, -6.0, -11.0]",5,53.2,147324.0,110160.0,104041.0,817010.0,5845251.0
2074,15,Robin,Hack,8842573.0,59.0,8.0,8.0,3.0,21645.0,469.0,0,3,https://kickbase.b-cdn.net/content/file/2b18aae16d1043f18484d7c7eeb70df2.png,25.0,1,53.0,,"[{""hasPlayed"": true, ""points"": 137}, {""hasPlayed"": true, ""points"": 54}, {""hasPlayed"": true, ""points"": 22}, {""hasPlayed"": true, ""points"": -3}, {""hasPlayed"": false, ""points"": null}]",3,Robin Hack,186090.0,"[137.0, 54.0, 22.0, -3.0, null]",4,52.5,186090.0,175186.0,165927.0,1092114.0,1893338.0
4335,5,Derry,Scherhant,4819683.0,48.0,31.0,31.0,12.0,87953.0,1487.0,0,3,https://kickbase.b-cdn.net/content/file/cf1f2bfa6c0f446ea74d8b75f0585f53.png,7.0,1,308.0,,"[{""hasPlayed"": true, ""points"": 183}, {""hasPlayed"": true, ""points"": 6}, {""hasPlayed"": true, ""points"": 6}, {""hasPlayed"": true, ""points"": 8}, {""hasPlayed"": true, ""points"": 59}]",3,Derry Scherhant,75067.0,"[183.0, 6.0, 6.0, 8.0, 59.0]",5,52.4,75067.0,3540.0,-30086.0,-327772.0,-39031.0
11748,15,Wael,Mohya,10237269.0,34.0,15.0,15.0,6.0,36598.0,507.0,2,3,https://kickbase.b-cdn.net/content/file/7ba41b6d32924b2ca84a50a41d5e45a1.png,36.0,1,49.0,,"[{""hasPlayed"": true, ""points"": 87}, {""hasPlayed"": true, ""points"": 24}, {""hasPlayed"": true, ""points"": 46}, {""hasPlayed"": false, ""points"": null}, {""hasPlayed"": false, ""points"": null}]",2,Wael Mohya,155118.0,"[87.0, 24.0, 46.0, null, null]",3,52.333333333333336,155118.0,216081.0,200309.0,1313582.0,2903766.0
4352,40,Stanley,Nsoki,5227523.0,55.0,13.0,13.0,10.0,54082.0,718.0,1,2,https://kickbase.b-cdn.net/content/file/6c54070a804d4f15acb3d09b63af882a.png,34.0,1,137.0,,"[{""hasPlayed"": false, ""points"": null}, {""hasPlayed"": false, ""points"": null}, {""hasPlayed"": true, ""points"": 52}, {""hasPlayed"": false, ""points"": null}, {""hasPlayed"": false, ""points"": null}]",5,Stanley Nsoki,240577.0,"[null, null, 52.0, null, null]",1,52.0,240577.0,235971.0,226612.0,1595858.0,4727523.0
4596,43,Brajan,Gruda,17763317.0,98.0,13.0,13.0,8.0,49007.0,1270.0,0,3,https://kickbase.b-cdn.net/content/file/f1dd66425b59403ab0f2796e4ad0b0f8.png,10.0,1,71.0,,"[{""hasPlayed"": true, ""points"": 28}, {""hasPlayed"": true, ""points"": 68}, {""hasPlayed"": true, ""points"": 89}, {""hasPlayed"": true, ""points"": 24}, {""hasPlayed"": true, ""points"": 48}]",1,Brajan Gruda,269114.0,"[28.0, 68.0, 89.0, 24.0, 48.0]",5,51.4,269114.0,251568.0,252482.0,1735796.0,6559912.0
4654,13,Mert,Kömür,3233070.0,53.0,28.0,28.0,17.0,98463.0,1481.0,0,3,https://kickbase.b-cdn.net/content/file/cb037a6585bf41ffada59c797511b0ae.png,36.0,1,458.0,,"[{""hasPlayed"": true, ""points"": -5}, {""hasPlayed"": true, ""points"": 166}, {""hasPlayed"": false, ""points"": null}, {""hasPlayed"": true, ""points"": 1}, {""hasPlayed"": true, ""points"": 41}]",4,Mert Kömür,317308.0,"[-5.0, 166.0, null, 1.0, 41.0]",4,50.75,317308.0,199101.0,68217.0,369877.0,-833816.0
10115,3,Daniel,Svensson,18330982.0,82.0,33.0,33.0,27.0,162894.0,2705.0,0,2,https://kickbase.b-cdn.net/content/file/9ff6af44ccf14bb3846cafc261f362ad.png,24.0,2,147.0,,"[{""hasPlayed"": true, ""points"": 151}, {""hasPlayed"": false, ""points"": null}, {""hasPlayed"": true, ""points"": -11}, {""hasPlayed"": true, ""points"": 27}, {""hasPlayed"": true, ""points"": 34}]",3,Daniel Svensson,-191162.0,"[151.0, null, -11.0, 27.0, 34.0]",4,50.25,-191162.0,-262896.0,-379228.0,-1661388.0,52862.0
10112,9,Luca,Jaquez,4187364.0,83.0,14.0,14.0,10.0,58596.0,1161.0,2,2,https://kickbase.b-cdn.net/content/file/3930823f7eb246aab32d7075bf65943d.png,14.0,2,277.0,,"[{""hasPlayed"": true, ""points"": 20}, {""hasPlayed"": true, ""points"": 32}, {""hasPlayed"": true, ""points"": 68}, {""hasPlayed"": true, ""points"": 101}, {""hasPlayed"": true, ""points"": 29}]",4,Luca Jaquez,-123355.0,"[20.0, 32.0, 68.0, 101.0, 29.0]",5,50.0,-123355.0,-118554.0,-117439.0,-1132286.0,-3382794.0
2491,40,Tim,Skarke,5304068.0,26.0,22.0,22.0,4.0,44836.0,579.0,0,3,https://kickbase.b-cdn.net/content/file/530ba96741b943798d9be4d5dcc151f5.png,21.0,1,109.0,,"[{""hasPlayed"": true, ""points"": 59}, {""hasPlayed"": true, ""points"": 101}, {""hasPlayed"": true, ""points"": 28}, {""hasPlayed"": false, ""points"": null}, {""hasPlayed"": true, ""points"": 11}]",4,Tim Skarke,-124105.0,"[59.0, 101.0, 28.0, null, 11.0]",4,49.75,-124105.0,79504.0,125148.0,963972.0,4804068.0
2214,9,Atakan,Karazor,7518238.0,65.0,28.0,28.0,22.0,122492.0,1817.0,0,3,https://kickbase.b-cdn.net/content/file/11ef3f2e23eb41769d708b861ff23fa6.png,16.0,2,241.0,,"[{""hasPlayed"": false, ""points"": null}, {""hasPlayed"": false, ""points"": null}, {""hasPlayed"": true, ""points"": -27}, {""hasPlayed"": false, ""points"": null}, {""hasPlayed"": true, ""points"": 126}]",3,Atakan Karazor,-272026.0,"[null, null, -27.0, null, 126.0]",2,49.5,-272026.0,-246659.0,-250762.0,-1666423.0,-2087750.0
157,10,Niklas,Stark,2585125.0,36.0,14.0,14.0,9.0,46992.0,508.0,2,2,https://kickbase.b-cdn.net/content/file/47d350de3ba7487dad6fff58c11b5910.png,4.0,2,196.0,,"[{""hasPlayed"": false, ""points"": null}, {""hasPlayed"": false, ""points"": null}, {""hasPlayed"": false, ""points"": null}, {""hasPlayed"": true, ""points"": 69}, {""hasPlayed"": true, ""points"": 29}]",5,Niklas Stark,-134129.0,"[null, null, null, 69.0, 29.0]",2,49.0,-134129.0,-133337.0,-142934.0,-990467.0,193860.0
1889,6,Bakery,Jatta,4203208.0,47.0,15.0,15.0,12.0,59140.0,710.0,0,3,https://kickbase.b-cdn.net/content/file/7b147e15dd4b4df4bddb50f00fa8ce4e.png,18.0,2,168.0,,"[{""hasPlayed"": false, ""points"": null}, {""hasPlayed"": true, ""points"": 178}, {""hasPlayed"": true, ""points"": 25}, {""hasPlayed"": true, ""points"": 8}, {""hasPlayed"": true, ""points"": -16}]",2,Bakery Jatta,40400.0,"[null, 178.0, 25.0, 8.0, -16.0]",4,48.75,40400.0,-45478.0,-115222.0,-1046068.0,3399189.0
12314,2,Bara Sapoko,Ndiaye,2893316.0,49.0,4.0,4.0,2.0,9482.0,194.0,0,3,https://kickbase.b-cdn.net/content/file/ce28a9c385074d738233c35d9b4490dc.png,0.0,2,67.0,,"[{""hasPlayed"": false, ""points"": null}, {""hasPlayed"": false, ""points"": null}, {""hasPlayed"": true, ""points"": 21}, {""hasPlayed"": true, ""points"": 102}, {""hasPlayed"": true, ""points"": 23}]",5,Bara Sapoko Ndiaye,-98554.0,"[null, null, 21.0, 102.0, 23.0]",3,48.666666666666664,-98554.0,-98413.0,-103994.0,-764172.0,-764172.0
11756,7,Montrell,Culbreath,4206520.0,61.0,12.0,12.0,9.0,48534.0,737.0,1,3,https://kickbase.b-cdn.net/content/file/43c4c26e99f3442ab58db3d049e5f1ae.png,42.0,2,175.0,,"[{""hasPlayed"": true, ""points"": 50}, {""hasPlayed"": true, ""points"": 11}, {""hasPlayed"": true, ""points"": 114}, {""hasPlayed"": true, ""points"": 81}, {""hasPlayed"": true, ""points"": -19}]",5,Montrell Culbreath,-133686.0,"[50.0, 11.0, 114.0, 81.0, -19.0]",5,47.4,-133686.0,-133498.0,-140848.0,-1618617.0,-2036036.0
8364,5,Bruno,Ogbus,2052929.0,52.0,18.0,18.0,14.0,78675.0,940.0,0,2,https://kickbase.b-cdn.net/content/file/9b3710e64252422495767f79b8ddeb89.png,43.0,2,457.0,,"[{""hasPlayed"": true, ""points"": 38}, {""hasPlayed"": true, ""points"": -23}, {""hasPlayed"": true, ""points"": 50}, {""hasPlayed"": true, ""points"": 59}, {""hasPlayed"": true, ""points"": 110}]",5,Bruno Ogbus,-106815.0,"[38.0, -23.0, 50.0, 59.0, 110.0]",5,46.8,-106815.0,-121081.0,-111712.0,-783994.0,-2868892.0
8355,13,Noahkai,Banks,6447416.0,73.0,23.0,23.0,20.0,114349.0,1668.0,0,2,https://kickbase.b-cdn.net/content/file/a2a067b7f55e4d9682090e1e234ec85d.png,40.0,2,258.0,,"[{""hasPlayed"": true, ""points"": 46}, {""hasPlayed"": false, ""points"": null}, {""hasPlayed"": false, ""points"": null}, {""hasPlayed"": false, ""points"": null}, {""hasPlayed"": false, ""points"": null}]",4,Noahkai Banks,-346643.0,"[46.0, null, null, null, null]",1,46.0,-346643.0,-318309.0,-45132.0,-155852.0,-333589.0
11886,43,,Rômulo,20579717.0,83.0,30.0,30.0,27.0,139633.0,2488.0,2,4,https://kickbase.b-cdn.net/content/file/2a6ca20436b4402f83f0c5d25b10f6be.png,40.0,1,120.0,,"[{""hasPlayed"": true, ""points"": -25}, {""hasPlayed"": true, ""points"": 50}, {""hasPlayed"": true, ""points"": 26}, {""hasPlayed"": true, ""points"": 136}, {""hasPlayed"": true, ""points"": 41}]",2,Rômulo,67861.0,"[-25.0, 50.0, 26.0, 136.0, 41.0]",5,45.6,67861.0,66846.0,97924.0,915707.0,4059031.0
237,2,Manuel,Neuer,12860372.0,95.0,22.0,22.0,22.0,124205.0,2083.0,0,1,https://kickbase.b-cdn.net/content/file/aadd45c3d6354126886481e0a33a3c1f.png,1.0,1,161.0,,"[{""hasPlayed"": true, ""points"": 45}, {""hasPlayed"": false, ""points"": null}, {""hasPlayed"": false, ""points"": null}, {""hasPlayed"": false, ""points"": null}, {""hasPlayed"": false, ""points"": null}]",2,Manuel Neuer,98835.0,"[45.0, null, null, null, null]",1,45.0,98835.0,70077.0,55823.0,407561.0,1329241.0
8057,4,Arthur,Theate,12707788.0,93.0,24.0,24.0,24.0,142350.0,2226.0,0,2,https://kickbase.b-cdn.net/content/file/8dd075b3ad334b36ae27f1910cd562d4.png,3.0,2,175.0,,"[{""hasPlayed"": false, ""points"": null}, {""hasPlayed"": true, ""points"": 23}, {""hasPlayed"": false, ""points"": null}, {""hasPlayed"": false, ""points"": null}, {""hasPlayed"": true, ""points"": 67}]",3,Arthur Theate,-390449.0,"[null, 23.0, null, null, 67.0]",2,45.0,-390449.0,-417371.0,-412890.0,-2592302.0,-68869.0
9221,40,Dmytro,Bogdanov,518618.0,16.0,2.0,2.0,0.0,721.0,32.0,0,4,https://kickbase.b-cdn.net/content/file/f506ca426a5c42ff979ce1664db5fd78.png,30.0,1,61.0,,"[{""hasPlayed"": true, ""points"": 45}, {""hasPlayed"": false, ""points"": null}, {""hasPlayed"": false, ""points"": null}, {""hasPlayed"": false, ""points"": null}, {""hasPlayed"": false, ""points"": null}]",5,Dmytro Bogdanov,18618.0,"[45.0, null, null, null, null]",1,45.0,18618.0,0.0,0.0,18618.0,18618.0
11570,28,Sebastian,Sebulonsen,4131462.0,46.0,31.0,31.0,28.0,165693.0,1413.0,1,2,https://kickbase.b-cdn.net/content/file/0f9cbbaaccb148a6ad251ba707b4f099.png,28.0,2,342.0,,"[{""hasPlayed"": true, ""points"": 7}, {""hasPlayed"": true, ""points"": 71}, {""hasPlayed"": true, ""points"": 72}, {""hasPlayed"": true, ""points"": 29}, {""hasPlayed"": true, ""points"": 45}]",4,Sebastian Sebulonsen,-150185.0,"[7.0, 71.0, 72.0, 29.0, 45.0]",5,44.8,-150185.0,-152211.0,-152665.0,-1880727.0,-1325955.0
3318,18,Ransford,Königsdörffer,4835558.0,45.0,33.0,33.0,29.0,149854.0,1498.0,0,4,https://kickbase.b-cdn.net/content/file/4f3abfff728148fda062801c5af46204.png,0.0,2,309.0,,"[{""hasPlayed"": false, ""points"": null}, {""hasPlayed"": true, ""points"": 61}, {""hasPlayed"": true, ""points"": 53}, {""hasPlayed"": true, ""points"": 63}, {""hasPlayed"": true, ""points"": 0}]",4,Ransford Königsdörffer,-73884.0,"[null, 61.0, 53.0, 63.0, 0.0]",4,44.25,-73884.0,-220733.0,-234450.0,-1387512.0,-571822.0
3470,18,Anthony,Caci,9035588.0,54.0,10.0,10.0,6.0,35021.0,535.0,0,2,https://kickbase.b-cdn.net/content/file/5bb349b2622049a7aa73a59edcec1781.png,19.0,1,59.0,,"[{""hasPlayed"": true, ""points"": 28}, {""hasPlayed"": true, ""points"": 56}, {""hasPlayed"": true, ""points"": 25}, {""hasPlayed"": true, ""points"": -1}, {""hasPlayed"": true, ""points"": 112}]",2,Anthony Caci,336453.0,"[28.0, 56.0, 25.0, -1.0, 112.0]",5,44.0,336453.0,312183.0,319447.0,2110928.0,4891575.0
2176,5,Lucas,Höler,2493756.0,46.0,33.0,33.0,25.0,134301.0,1531.0,0,4,https://kickbase.b-cdn.net/content/file/f775386cb936487f9b6b96ab84f21384.png,9.0,2,613.0,,"[{""hasPlayed"": true, ""points"": 43}, {""hasPlayed"": true, ""points"": -5}, {""hasPlayed"": true, ""points"": 16}, {""hasPlayed"": true, ""points"": 72}, {""hasPlayed"": true, ""points"": 94}]",4,Lucas Höler,-31501.0,"[43.0, -5.0, 16.0, 72.0, 94.0]",5,44.0,-31501.0,-50172.0,-66734.0,-478180.0,-2202046.0
6209,5,Philipp,Treu,11162008.0,52.0,28.0,28.0,24.0,144527.0,1454.0,0,2,https://kickbase.b-cdn.net/content/file/67a522fecea248ff84c7dec1c95739dc.png,29.0,1,130.0,,"[{""hasPlayed"": true, ""points"": 47}, {""hasPlayed"": true, ""points"": 22}, {""hasPlayed"": true, ""points"": 60}, {""hasPlayed"": false, ""points"": null}, {""hasPlayed"": false, ""points"": null}]",1,Philipp Treu,102471.0,"[47.0, 22.0, 60.0, null, null]",3,43.0,102471.0,88318.0,75813.0,622313.0,5077888.0
11556,13,Han-Noah,Massengo,9546008.0,59.0,33.0,33.0,29.0,158322.0,1949.0,2,3,https://kickbase.b-cdn.net/content/file/fc9afec6fe6e436ea227ec35c506dff8.png,4.0,1,204.0,,"[{""hasPlayed"": true, ""points"": -5}, {""hasPlayed"": true, ""points"": 22}, {""hasPlayed"": true, ""points"": 26}, {""hasPlayed"": true, ""points"": 64}, {""hasPlayed"": true, ""points"": 107}]",2,Han-Noah Massengo,112775.0,"[-5.0, 22.0, 26.0, 64.0, 107.0]",5,42.8,112775.0,134573.0,152736.0,1075136.0,5388915.0
10497,10,Abdoul-Karim,Coulibaly,5420281.0,52.0,27.0,27.0,24.0,139820.0,1401.0,0,2,https://kickbase.b-cdn.net/content/file/669c7c063fde4203965dc9d45b0516d9.png,31.0,2,258.0,,"[{""hasPlayed"": true, ""points"": 24}, {""hasPlayed"": false, ""points"": null}, {""hasPlayed"": true, ""points"": 7}, {""hasPlayed"": true, ""points"": 28}, {""hasPlayed"": true, ""points"": 108}]",3,Abdoul-Karim Coulibaly,-242467.0,"[24.0, null, 7.0, 28.0, 108.0]",4,41.75,-242467.0,-256746.0,-252961.0,-1838299.0,-2389120.0
11043,9,Lorenz,Assignon,1500697.0,48.0,24.0,24.0,12.0,72816.0,1141.0,4,2,https://kickbase.b-cdn.net/content/file/0725364d90ff49f4a767200f52debe5f.png,22.0,1,760.0,,"[{""hasPlayed"": false, ""points"": null}, {""hasPlayed"": true, ""points"": 18}, {""hasPlayed"": true, ""points"": 20}, {""hasPlayed"": true, ""points"": 85}, {""hasPlayed"": false, ""points"": null}]",5,Lorenz Assignon,346531.0,"[null, 18.0, 20.0, 85.0, null]",3,41.0,346531.0,306177.0,231542.0,930861.0,-580998.0
6319,15,Franck,Honorat,9861892.0,68.0,28.0,28.0,24.0,126507.0,1898.0,0,3,https://kickbase.b-cdn.net/content/file/736b205dbb0f4ac3879ca2cfa9a785b8.png,9.0,2,192.0,,"[{""hasPlayed"": true, ""points"": 36}, {""hasPlayed"": true, ""points"": -3}, {""hasPlayed"": true, ""points"": 137}, {""hasPlayed"": true, ""points"": 32}, {""hasPlayed"": true, ""points"": 2}]",3,Franck Honorat,7087.0,"[36.0, -3.0, 137.0, 32.0, 2.0]",5,40.8,7087.0,-40953.0,-87161.0,22676.0,2574544.0
3063,15,Fabio,Chiarodia,1026493.0,33.0,15.0,15.0,8.0,44040.0,490.0,2,2,https://kickbase.b-cdn.net/content/file/d216ce19645643ba9ff51de8da6098a1.png,2.0,2,477.0,,"[{""hasPlayed"": false, ""points"": null}, {""hasPlayed"": true, ""points"": 13}, {""hasPlayed"": true, ""points"": 72}, {""hasPlayed"": true, ""points"": 59}, {""hasPlayed"": true, ""points"": 19}]",5,Fabio Chiarodia,-122481.0,"[null, 13.0, 72.0, 59.0, 19.0]",4,40.75,-122481.0,-133678.0,-127617.0,-932403.0,268849.0
3754,7,Lucas,Vázquez,2769950.0,69.0,12.0,12.0,6.0,33531.0,824.0,0,2,https://kickbase.b-cdn.net/content/file/1636c5905fe44210aa3526352673cb13.png,21.0,2,297.0,,"[{""hasPlayed"": true, ""points"": 31}, {""hasPlayed"": false, ""points"": null}, {""hasPlayed"": false, ""points"": null}, {""hasPlayed"": false, ""points"": null}, {""hasPlayed"": true, ""points"": 49}]",4,Lucas Vázquez,-44525.0,"[31.0, null, null, null, 49.0]",2,40.0,-44525.0,-69036.0,-83305.0,-595579.0,-1335117.0
10530,43,Conrad,Harder,3382267.0,39.0,29.0,29.0,8.0,64737.0,1119.0,0,4,https://kickbase.b-cdn.net/content/file/139438491a5a497099a6e6bb96cc922a.png,9.0,2,330.0,,"[{""hasPlayed"": true, ""points"": 16}, {""hasPlayed"": false, ""points"": null}, {""hasPlayed"": true, ""points"": -11}, {""hasPlayed"": true, ""points"": 46}, {""hasPlayed"": true, ""points"": 109}]",4,Conrad Harder,-81252.0,"[16.0, null, -11.0, 46.0, 109.0]",4,40.0,-81252.0,-83478.0,-87978.0,-712192.0,-1539895.0
4333,15,Lukas,Ullrich,6686291.0,33.0,23.0,23.0,14.0,85790.0,766.0,0,2,https://kickbase.b-cdn.net/content/file/8988909bad25403c86e58227428beee9.png,26.0,1,114.0,,"[{""hasPlayed"": true, ""points"": 105}, {""hasPlayed"": true, ""points"": 3}, {""hasPlayed"": false, ""points"": null}, {""hasPlayed"": false, ""points"": null}, {""hasPlayed"": true, ""points"": 11}]",2,Lukas Ullrich,294246.0,"[105.0, 3.0, null, null, 11.0]",3,39.666666666666664,294246.0,279049.0,274936.0,2050134.0,6163875.0
9642,13,Chrislain,Matsima,11237509.0,82.0,18.0,18.0,17.0,99447.0,1473.0,0,2,https://kickbase.b-cdn.net/content/file/f6167b1bcb474dc480050b0cd2788796.png,5.0,1,131.0,,"[{""hasPlayed"": true, ""points"": 9}, {""hasPlayed"": true, ""points"": 82}, {""hasPlayed"": true, ""points"": 65}, {""hasPlayed"": true, ""points"": 2}, {""hasPlayed"": false, ""points"": null}]",2,Chrislain Matsima,185456.0,"[9.0, 82.0, 65.0, 2.0, null]",4,39.5,185456.0,184808.0,171361.0,947239.0,2175521.0
13479,13,Uchenna,Ogundu,5844266.0,18.0,5.0,5.0,0.0,4536.0,88.0,0,4,https://kickbase.b-cdn.net/content/file/a2fb1f725f2c4cc99b937cc8e4066c74.png,39.0,1,15.0,,"[{""hasPlayed"": true, ""points"": 22}, {""hasPlayed"": false, ""points"": null}, {""hasPlayed"": false, ""points"": null}, {""hasPlayed"": false, ""points"": null}, {""hasPlayed"": true, ""points"": 56}]",5,Uchenna Ogundu,229868.0,"[22.0, null, null, null, 56.0]",2,39.0,229868.0,254136.0,241373.0,1836130.0,5344266.0
3453,40,Derrick,Köhn,2530532.0,48.0,29.0,29.0,21.0,125830.0,1387.0,0,2,https://kickbase.b-cdn.net/content/file/336162df73db46fdb0d35c73c0928582.png,17.0,2,548.0,,"[{""hasPlayed"": false, ""points"": null}, {""hasPlayed"": true, ""points"": 60}, {""hasPlayed"": false, ""points"": null}, {""hasPlayed"": false, ""points"": null}, {""hasPlayed"": true, ""points"": 16}]",4,Derrick Köhn,-110018.0,"[null, 60.0, null, null, 16.0]",2,38.0,-110018.0,-111776.0,-116871.0,-684669.0,-2160962.0
8351,4,Oscar,Højlund,3446740.0,32.0,24.0,24.0,12.0,72520.0,772.0,0,3,https://kickbase.b-cdn.net/content/file/cb0c9d9d621f48f58bd3237c6264870e.png,6.0,2,223.0,,"[{""hasPlayed"": false, ""points"": null}, {""hasPlayed"": false, ""points"": null}, {""hasPlayed"": true, ""points"": -1}, {""hasPlayed"": true, ""points"": 79}, {""hasPlayed"": true, ""points"": 32}]",3,Oscar Højlund,-65434.0,"[null, null, -1.0, 79.0, 32.0]",3,36.666666666666664,-65434.0,-81351.0,-97293.0,-716359.0,-2114968.0
11513,7,Christian,Kofane,11056322.0,58.0,29.0,29.0,12.0,85285.0,1677.0,0,4,https://kickbase.b-cdn.net/content/file/ce8356c51b154a87a40a56f723f2e3e3.png,35.0,2,151.0,,"[{""hasPlayed"": false, ""points"": null}, {""hasPlayed"": true, ""points"": 76}, {""hasPlayed"": true, ""points"": 17}, {""hasPlayed"": false, ""points"": null}, {""hasPlayed"": true, ""points"": 16}]",3,Christian Kofane,-197085.0,"[null, 76.0, 17.0, null, 16.0]",3,36.333333333333336,-197085.0,-97827.0,-21085.0,-209522.0,1575084.0
3228,10,Justin,Njinmah,5086433.0,43.0,33.0,33.0,22.0,126736.0,1409.0,0,4,https://kickbase.b-cdn.net/content/file/aecaedfbbfac4fc189856b5b5d560b2d.png,11.0,2,277.0,,"[{""hasPlayed"": true, ""points"": 10}, {""hasPlayed"": true, ""points"": 33}, {""hasPlayed"": true, ""points"": 13}, {""hasPlayed"": true, ""points"": 12}, {""hasPlayed"": true, ""points"": 104}]",3,Justin Njinmah,-225090.0,"[10.0, 33.0, 13.0, 12.0, 104.0]",5,34.4,-225090.0,-232895.0,-292613.0,-1441038.0,1138161.0
1809,13,Marius,Wolf,858553.0,24.0,29.0,29.0,12.0,69269.0,686.0,0,3,https://kickbase.b-cdn.net/content/file/ab85deae8852417eaeb1a6a40869d05f.png,27.0,1,799.0,,"[{""hasPlayed"": true, ""points"": 8}, {""hasPlayed"": true, ""points"": 35}, {""hasPlayed"": true, ""points"": 94}, {""hasPlayed"": true, ""points"": 17}, {""hasPlayed"": true, ""points"": 15}]",3,Marius Wolf,211617.0,"[8.0, 35.0, 94.0, 17.0, 15.0]",5,33.8,211617.0,25534.0,-41758.0,-69844.0,-2350228.0
7156,8,Maximilian,Wöber,4461736.0,33.0,2.0,2.0,0.0,2759.0,66.0,0,2,https://kickbase.b-cdn.net/content/file/aa8759270ae54b79851feea4f7769c01.png,39.0,2,14.0,,"[{""hasPlayed"": false, ""points"": null}, {""hasPlayed"": true, ""points"": 22}, {""hasPlayed"": false, ""points"": null}, {""hasPlayed"": true, ""points"": 44}, {""hasPlayed"": false, ""points"": null}]",4,Maximilian Wöber,-117897.0,"[null, 22.0, null, 44.0, null]",2,33.0,-117897.0,-138999.0,-364508.0,-1598446.0,2762011.0
11956,7,Ezequiél,Fernández,5425706.0,58.0,20.0,20.0,12.0,67020.0,1168.0,0,3,https://kickbase.b-cdn.net/content/file/2c37f7daf46f4c9693ffa9ef33ff980b.png,6.0,1,215.0,,"[{""hasPlayed"": false, ""points"": null}, {""hasPlayed"": false, ""points"": null}, {""hasPlayed"": true, ""points"": 22}, {""hasPlayed"": true, ""points"": 43}, {""hasPlayed"": false, ""points"": null}]",3,Ezequiél Fernández,357359.0,"[null, null, 22.0, 43.0, null]",2,32.5,357359.0,399517.0,369258.0,1781835.0,166390.0
1996,10,Marco,Friedl,12633639.0,78.0,30.0,30.0,29.0,167391.0,2349.0,0,2,https://kickbase.b-cdn.net/content/file/7ab07056637e493d80590700542ee887.png,32.0,1,185.0,,"[{""hasPlayed"": true, ""points"": 14}, {""hasPlayed"": true, ""points"": 21}, {""hasPlayed"": true, ""points"": 62}, {""hasPlayed"": false, ""points"": null}, {""hasPlayed"": false, ""points"": null}]",1,Marco Friedl,165140.0,"[14.0, 21.0, 62.0, null, null]",3,32.333333333333336,165140.0,143962.0,140655.0,1054998.0,5027544.0
7257,9,Leonidas,Stergiou,4418516.0,29.0,6.0,6.0,1.0,14245.0,174.0,0,2,https://kickbase.b-cdn.net/content/file/e0ff60fb10b147f78246449a86397e4f.png,20.0,2,39.0,,"[{""hasPlayed"": false, ""points"": null}, {""hasPlayed"": true, ""points"": 32}, {""hasPlayed"": false, ""points"": null}, {""hasPlayed"": false, ""points"": null}, {""hasPlayed"": false, ""points"": null}]",5,Leonidas Stergiou,-182351.0,"[null, 32.0, null, null, null]",1,32.0,-182351.0,-579156.0,-324449.0,-508040.0,3918516.0
7750,14,Robin,Hranác,4089535.0,79.0,29.0,29.0,26.0,150328.0,2290.0,0,2,https://kickbase.b-cdn.net/content/file/52ea64b1321a44aa874cdd39adb513b6.png,2.0,2,559.0,,"[{""hasPlayed"": false, ""points"": null}, {""hasPlayed"": true, ""points"": 40}, {""hasPlayed"": false, ""points"": null}, {""hasPlayed"": true, ""points"": 38}, {""hasPlayed"": true, ""points"": 17}]",5,Robin Hranác,-85029.0,"[null, 40.0, null, 38.0, 17.0]",3,31.666666666666668,-85029.0,-96247.0,-100170.0,-671278.0,-2967225.0
2274,13,Keven,Schlotterbeck,9965536.0,87.0,24.0,24.0,22.0,136251.0,2080.0,0,2,https://kickbase.b-cdn.net/content/file/01e7605637114ccea472cf6f4761f94f.png,31.0,2,208.0,,"[{""hasPlayed"": false, ""points"": null}, {""hasPlayed"": false, ""points"": null}, {""hasPlayed"": true, ""points"": 31}, {""hasPlayed"": false, ""points"": null}, {""hasPlayed"": false, ""points"": null}]",3,Keven Schlotterbeck,-303726.0,"[null, null, 31.0, null, null]",1,31.0,-303726.0,-314853.0,-337577.0,-1818523.0,-1050620.0
461,4,Timothy,Chandler,500000.0,31.0,1.0,1.0,0.0,932.0,31.0,2,2,https://kickbase.b-cdn.net/content/file/3f7d0bb3af4c44edb1d33b849df45686.png,22.0,0,62.0,,"[{""hasPlayed"": true, ""points"": 31}, {""hasPlayed"": false, ""points"": null}, {""hasPlayed"": false, ""points"": null}, {""hasPlayed"": false, ""points"": null}, {""hasPlayed"": false, ""points"": null}]",5,Timothy Chandler,0.0,"[31.0, null, null, null, null]",1,31.0,0.0,0.0,0.0,0.0,0.0
11959,14,Adam,Daghim,5432710.0,41.0,27.0,27.0,12.0,92265.0,1115.0,0,4,https://kickbase.b-cdn.net/content/file/b21c816521cb44579d57b65452b7c1cc.png,0.0,1,205.0,,"[{""hasPlayed"": true, ""points"": 40}, {""hasPlayed"": true, ""points"": 31}, {""hasPlayed"": true, ""points"": 62}, {""hasPlayed"": true, ""points"": -1}, {""hasPlayed"": true, ""points"": 21}]",3,Adam Daghim,331799.0,"[40.0, 31.0, 62.0, -1.0, 21.0]",5,30.6,331799.0,365421.0,383518.0,2760459.0,4932710.0
2862,15,Jens,Castrop,4797438.0,49.0,26.0,26.0,20.0,102167.0,1278.0,1,3,https://kickbase.b-cdn.net/content/file/cbc017919fc248448f6b036125a0141d.png,17.0,2,266.0,,"[{""hasPlayed"": false, ""points"": null}, {""hasPlayed"": false, ""points"": null}, {""hasPlayed"": false, ""points"": null}, {""hasPlayed"": true, ""points"": 10}, {""hasPlayed"": true, ""points"": 51}]",5,Jens Castrop,-144736.0,"[null, null, null, 10.0, 51.0]",2,30.5,-144736.0,-372232.0,-385483.0,-2435546.0,-2804578.0
2279,40,Frederik,Rönnow,9534909.0,75.0,30.0,30.0,30.0,176714.0,2245.0,2,1,https://kickbase.b-cdn.net/content/file/a74539007fa347f28af0ce83caafef6f.png,1.0,2,235.0,,"[{""hasPlayed"": false, ""points"": null}, {""hasPlayed"": false, ""points"": null}, {""hasPlayed"": false, ""points"": null}, {""hasPlayed"": true, ""points"": -19}, {""hasPlayed"": true, ""points"": 79}]",3,Frederik Rönnow,-144323.0,"[null, null, null, -19.0, 79.0]",2,30.0,-144323.0,-165932.0,-199698.0,-200900.0,3443973.0
7277,4,Farès,Chaïbi,9650557.0,83.0,28.0,28.0,21.0,118583.0,2334.0,0,3,https://kickbase.b-cdn.net/content/file/3dde5ae84a7548f0927de855bf547940.png,8.0,2,241.0,,"[{""hasPlayed"": true, ""points"": 52}, {""hasPlayed"": true, ""points"": 11}, {""hasPlayed"": true, ""points"": 26}, {""hasPlayed"": true, ""points"": 1}, {""hasPlayed"": true, ""points"": 58}]",4,Farès Chaïbi,-273938.0,"[52.0, 11.0, 26.0, 1.0, 58.0]",5,29.6,-273938.0,-466972.0,-490224.0,-2966302.0,-2003481.0
12294,4,Ayoube,Amaimouni,4033384.0,40.0,17.0,17.0,6.0,40230.0,679.0,0,3,https://kickbase.b-cdn.net/content/file/79da64806f7d46e2a04e1497b6829add.png,29.0,2,168.0,,"[{""hasPlayed"": false, ""points"": null}, {""hasPlayed"": true, ""points"": 1}, {""hasPlayed"": true, ""points"": -6}, {""hasPlayed"": true, ""points"": 44}, {""hasPlayed"": true, ""points"": 79}]",4,Ayoube Amaimouni,-113952.0,"[null, 1.0, -6.0, 44.0, 79.0]",4,29.5,-113952.0,-102019.0,-94230.0,-730811.0,937209.0
6750,40,Ilyas,Ansah,10182048.0,40.0,33.0,33.0,23.0,125016.0,1305.0,0,4,https://kickbase.b-cdn.net/content/file/4e244d293e744fe4a462219508989e68.png,10.0,2,128.0,,"[{""hasPlayed"": true, ""points"": 80}, {""hasPlayed"": true, ""points"": 61}, {""hasPlayed"": true, ""points"": -8}, {""hasPlayed"": true, ""points"": -11}, {""hasPlayed"": true, ""points"": 21}]",1,Ilyas Ansah,-128378.0,"[80.0, 61.0, -8.0, -11.0, 21.0]",5,28.6,-128378.0,-19592.0,23976.0,404876.0,2314685.0
7219,28,Ísak,Jóhannesson,8431137.0,48.0,31.0,31.0,21.0,119771.0,1473.0,0,3,https://kickbase.b-cdn.net/content/file/2922eb48335343ccb79b49b03af03818.png,8.0,1,174.0,,"[{""hasPlayed"": true, ""points"": -10}, {""hasPlayed"": true, ""points"": 59}, {""hasPlayed"": false, ""points"": null}, {""hasPlayed"": true, ""points"": 7}, {""hasPlayed"": true, ""points"": 55}]",2,Ísak Jóhannesson,139431.0,"[-10.0, 59.0, null, 7.0, 55.0]",4,27.75,139431.0,120482.0,117737.0,1171308.0,2896995.0
9698,3,,Fábio Silva,7308544.0,51.0,28.0,28.0,7.0,57551.0,1414.0,0,4,https://kickbase.b-cdn.net/content/file/da60f61d4f674e4db35b6f47db49c153.png,21.0,2,193.0,,"[{""hasPlayed"": true, ""points"": 44}, {""hasPlayed"": true, ""points"": 6}, {""hasPlayed"": true, ""points"": -10}, {""hasPlayed"": true, ""points"": 112}, {""hasPlayed"": true, ""points"": -14}]",4,Fábio Silva,-216172.0,"[44.0, 6.0, -10.0, 112.0, -14.0]",5,27.6,-216172.0,-181571.0,-199612.0,-1301636.0,-75381.0
12341,13,Rodrigo,Ribeiro,4177887.0,38.0,14.0,14.0,6.0,41356.0,529.0,0,4,https://kickbase.b-cdn.net/content/file/be732d69472446bfbb4e128bb0ed9ce5.png,21.0,2,126.0,,"[{""hasPlayed"": true, ""points"": 11}, {""hasPlayed"": true, ""points"": 20}, {""hasPlayed"": true, ""points"": 21}, {""hasPlayed"": true, ""points"": 18}, {""hasPlayed"": true, ""points"": 66}]",3,Rodrigo Ribeiro,-95425.0,"[11.0, 20.0, 21.0, 18.0, 66.0]",5,27.2,-95425.0,-89586.0,-83519.0,-706729.0,3301669.0
2765,28,Jan,Thielmann,6460178.0,52.0,26.0,26.0,20.0,100549.0,1355.0,0,3,https://kickbase.b-cdn.net/content/file/bae198375c644308ba2bff1d0f3f0569.png,29.0,1,209.0,,"[{""hasPlayed"": true, ""points"": -14}, {""hasPlayed"": false, ""points"": null}, {""hasPlayed"": true, ""points"": 3}, {""hasPlayed"": true, ""points"": 78}, {""hasPlayed"": true, ""points"": 39}]",3,Jan Thielmann,205879.0,"[-14.0, null, 3.0, 78.0, 39.0]",4,26.5,205879.0,211561.0,227478.0,1714095.0,3171737.0
2201,28,Linton,Maina,3889074.0,40.0,24.0,24.0,9.0,69909.0,960.0,0,4,https://kickbase.b-cdn.net/content/file/54aad91024e84cf59b75e3c363775d71.png,37.0,2,246.0,,"[{""hasPlayed"": true, ""points"": -1}, {""hasPlayed"": true, ""points"": 47}, {""hasPlayed"": true, ""points"": 4}, {""hasPlayed"": true, ""points"": 48}, {""hasPlayed"": true, ""points"": 34}]",3,Linton Maina,-23764.0,"[-1.0, 47.0, 4.0, 48.0, 34.0]",5,26.4,-23764.0,-64425.0,-84502.0,-487220.0,1684406.0
3193,9,,Tiago Tomás,4571074.0,59.0,27.0,27.0,10.0,69578.0,1606.0,0,4,https://kickbase.b-cdn.net/content/file/0e9c45eed595406784ebef4f6c9d7a72.png,8.0,2,351.0,,"[{""hasPlayed"": true, ""points"": 2}, {""hasPlayed"": true, ""points"": 19}, {""hasPlayed"": true, ""points"": 88}, {""hasPlayed"": true, ""points"": 26}, {""hasPlayed"": true, ""points"": -6}]",3,Tiago Tomás,-35497.0,"[2.0, 19.0, 88.0, 26.0, -6.0]",5,25.8,-35497.0,-47633.0,-54168.0,-691517.0,-2179527.0
6174,7,,Arthur,4231496.0,64.0,20.0,20.0,13.0,75109.0,1284.0,2,2,https://kickbase.b-cdn.net/content/file/4b043678aef04d80b37dc5474cba9cb1.png,13.0,2,303.0,,"[{""hasPlayed"": true, ""points"": 36}, {""hasPlayed"": true, ""points"": 17}, {""hasPlayed"": true, ""points"": 24}, {""hasPlayed"": true, ""points"": 25}, {""hasPlayed"": false, ""points"": null}]",4,Arthur,-129512.0,"[36.0, 17.0, 24.0, 25.0, null]",4,25.5,-129512.0,-113501.0,-116794.0,-1586550.0,-2019076.0
51,40,Rani,Khedira,6362200.0,61.0,32.0,32.0,32.0,188165.0,1956.0,0,3,https://kickbase.b-cdn.net/content/file/9ecae4fccb2648b8b2bd92c4cac3f955.png,8.0,1,307.0,,"[{""hasPlayed"": false, ""points"": null}, {""hasPlayed"": true, ""points"": 44}, {""hasPlayed"": true, ""points"": 44}, {""hasPlayed"": true, ""points"": 6}, {""hasPlayed"": true, ""points"": 6}]",2,Rani Khedira,270211.0,"[null, 44.0, 44.0, 6.0, 6.0]",4,25.0,270211.0,245276.0,216257.0,1524841.0,2826904.0
8061,43,Johan,Bakayoko,9394181.0,49.0,20.0,20.0,8.0,51925.0,982.0,0,4,https://kickbase.b-cdn.net/content/file/e45b0e99acb145f1a3f98666018c27b1.png,11.0,1,104.0,,"[{""hasPlayed"": true, ""points"": 16}, {""hasPlayed"": false, ""points"": null}, {""hasPlayed"": false, ""points"": null}, {""hasPlayed"": true, ""points"": 43}, {""hasPlayed"": true, ""points"": 16}]",3,Johan Bakayoko,337962.0,"[16.0, null, null, 43.0, 16.0]",3,25.0,337962.0,322313.0,310202.0,2039686.0,986631.0
849,15,Tim,Kleindienst,17072915.0,20.0,3.0,3.0,0.0,1186.0,61.0,0,4,https://kickbase.b-cdn.net/content/file/5ccbb3b1e22641978b7a6c6adbca5a47.png,11.0,1,3.0,,"[{""hasPlayed"": true, ""points"": 25}, {""hasPlayed"": false, ""points"": null}, {""hasPlayed"": false, ""points"": null}, {""hasPlayed"": false, ""points"": null}, {""hasPlayed"": false, ""points"": null}]",2,Tim Kleindienst,228233.0,"[25.0, null, null, null, null]",1,25.0,228233.0,202584.0,155486.0,1225522.0,4790360.0
1671,9,Grischa,Prömel,12217537.0,76.0,33.0,33.0,16.0,118467.0,2495.0,0,3,https://kickbase.b-cdn.net/content/file/9d953a0bc5fd432db7c0da4605a6726e.png,21.0,1,204.0,,"[{""hasPlayed"": true, ""points"": 7}, {""hasPlayed"": true, ""points"": 24}, {""hasPlayed"": false, ""points"": null}, {""hasPlayed"": true, ""points"": 24}, {""hasPlayed"": true, ""points"": 37}]",3,Grischa Prömel,123926.0,"[7.0, 24.0, null, 24.0, 37.0]",4,23.0,123926.0,98067.0,69113.0,449239.0,1535229.0
6217,6,Rayan,Philippe,3394721.0,35.0,28.0,28.0,13.0,85138.0,971.0,0,4,https://kickbase.b-cdn.net/content/file/4fe19be7a9df439fa6f788b27095a090.png,14.0,2,286.0,,"[{""hasPlayed"": true, ""points"": 74}, {""hasPlayed"": true, ""points"": 10}, {""hasPlayed"": false, ""points"": null}, {""hasPlayed"": true, ""points"": -16}, {""hasPlayed"": false, ""points"": null}]",4,Rayan Philippe,-118977.0,"[74.0, 10.0, null, -16.0, null]",3,22.666666666666668,-118977.0,-113700.0,-118281.0,-822908.0,1447627.0
2863,4,Ansgar,Knauff,4441728.0,46.0,28.0,28.0,12.0,88199.0,1284.0,0,3,https://kickbase.b-cdn.net/content/file/65567e26534544698e6a43b7411db0c5.png,7.0,2,289.0,,"[{""hasPlayed"": true, ""points"": 27}, {""hasPlayed"": true, ""points"": 14}, {""hasPlayed"": true, ""points"": 38}, {""hasPlayed"": true, ""points"": 25}, {""hasPlayed"": true, ""points"": 8}]",3,Ansgar Knauff,-24570.0,"[27.0, 14.0, 38.0, 25.0, 8.0]",5,22.4,-24570.0,-24392.0,-33471.0,-335792.0,-683732.0
78,7,Jonas,Hofmann,1552355.0,58.0,23.0,23.0,11.0,68545.0,1338.0,0,3,https://kickbase.b-cdn.net/content/file/328114051c1e42df84e2a6ac3e93cf42.png,7.0,2,861.0,,"[{""hasPlayed"": true, ""points"": 34}, {""hasPlayed"": false, ""points"": null}, {""hasPlayed"": false, ""points"": null}, {""hasPlayed"": false, ""points"": null}, {""hasPlayed"": true, ""points"": 10}]",5,Jonas Hofmann,-90300.0,"[34.0, null, null, null, 10.0]",2,22.0,-90300.0,-96348.0,-102346.0,-710152.0,-2727786.0
3521,6,Daniel,Elfadli,4040363.0,37.0,21.0,21.0,15.0,84859.0,767.0,0,2,https://kickbase.b-cdn.net/content/file/ab840d167b4f4811a1a40e49fef84a76.png,8.0,2,189.0,,"[{""hasPlayed"": false, ""points"": null}, {""hasPlayed"": false, ""points"": null}, {""hasPlayed"": true, ""points"": 22}, {""hasPlayed"": false, ""points"": null}, {""hasPlayed"": false, ""points"": null}]",4,Daniel Elfadli,-136155.0,"[null, null, 22.0, null, null]",1,22.0,-136155.0,-139229.0,-144720.0,-788397.0,3499442.0
7721,10,Marco,Grüll,5657138.0,50.0,33.0,33.0,23.0,130955.0,1641.0,0,3,https://kickbase.b-cdn.net/content/file/73071b81354346399a14dd6431d4e823.png,17.0,1,290.0,,"[{""hasPlayed"": true, ""points"": 28}, {""hasPlayed"": true, ""points"": -14}, {""hasPlayed"": true, ""points"": 19}, {""hasPlayed"": false, ""points"": null}, {""hasPlayed"": true, ""points"": 53}]",3,Marco Grüll,305884.0,"[28.0, -14.0, 19.0, null, 53.0]",4,21.5,305884.0,296614.0,318969.0,2191972.0,1633784.0
7441,77,Cole,Campbell,4024034.0,11.0,6.0,6.0,0.0,6994.0,66.0,0,3,https://kickbase.b-cdn.net/content/file/618685003046433c850374c6e88b7f85.png,39.0,2,16.0,,"[{""hasPlayed"": true, ""points"": 1}, {""hasPlayed"": true, ""points"": 35}, {""hasPlayed"": false, ""points"": null}, {""hasPlayed"": true, ""points"": 27}, {""hasPlayed"": false, ""points"": null}]",3,Cole Campbell,29252.0,"[1.0, 35.0, null, 27.0, null]",3,21.0,29252.0,-42734.0,-96358.0,-546064.0,991027.0
7491,4,Jean-Mattéo,Bahoya,8100189.0,64.0,27.0,27.0,15.0,89358.0,1718.0,0,4,https://kickbase.b-cdn.net/content/file/3408b03eeefc4c9297226cdf3fade4f6.png,19.0,2,212.0,,"[{""hasPlayed"": true, ""points"": 12}, {""hasPlayed"": true, ""points"": 37}, {""hasPlayed"": true, ""points"": 12}, {""hasPlayed"": false, ""points"": null}, {""hasPlayed"": false, ""points"": null}]",4,Jean-Mattéo Bahoya,-310549.0,"[12.0, 37.0, 12.0, null, null]",3,20.333333333333332,-310549.0,-322037.0,-312334.0,-2453105.0,-1037869.0
2846,7,Malik,Tillman,12761559.0,82.0,29.0,29.0,18.0,111183.0,2380.0,0,3,https://kickbase.b-cdn.net/content/file/04966a0af0e2477db734c91fdd98d4e1.png,10.0,2,186.0,,"[{""hasPlayed"": true, ""points"": 87}, {""hasPlayed"": true, ""points"": 6}, {""hasPlayed"": true, ""points"": 16}, {""hasPlayed"": true, ""points"": 4}, {""hasPlayed"": true, ""points"": -13}]",4,Malik Tillman,-248414.0,"[87.0, 6.0, 16.0, 4.0, -13.0]",5,20.0,-248414.0,-297731.0,-398435.0,-2543825.0,-2494422.0
11958,28,Alessio,Castro-Montes,5542516.0,64.0,14.0,14.0,7.0,46040.0,892.0,0,3,https://kickbase.b-cdn.net/content/file/4df59c76b9024563892682f996043056.png,17.0,1,160.0,,"[{""hasPlayed"": true, ""points"": 15}, {""hasPlayed"": true, ""points"": 6}, {""hasPlayed"": false, ""points"": null}, {""hasPlayed"": true, ""points"": 19}, {""hasPlayed"": true, ""points"": 40}]",2,Alessio Castro-Montes,374417.0,"[15.0, 6.0, null, 19.0, 40.0]",4,20.0,374417.0,410572.0,411995.0,2469135.0,1014294.0
10113,43,Tidiam,Gomis,4337419.0,23.0,18.0,18.0,2.0,25742.0,405.0,0,4,https://kickbase.b-cdn.net/content/file/77509238e8ef41bc92c01b1b1637a8d3.png,27.0,2,93.0,,"[{""hasPlayed"": true, ""points"": -18}, {""hasPlayed"": false, ""points"": null}, {""hasPlayed"": false, ""points"": null}, {""hasPlayed"": true, ""points"": 58}, {""hasPlayed"": false, ""points"": null}]",3,Tidiam Gomis,-63529.0,"[-18.0, null, null, 58.0, null]",2,20.0,-63529.0,-90309.0,-141485.0,-1145136.0,3731791.0
89,5,Christian,Günter,3118031.0,48.0,24.0,24.0,18.0,102008.0,1161.0,0,2,https://kickbase.b-cdn.net/content/file/b5cc490be0894c4b8e4eb92ed2106f15.png,30.0,1,372.0,,"[{""hasPlayed"": false, ""points"": null}, {""hasPlayed"": false, ""points"": null}, {""hasPlayed"": true, ""points"": 25}, {""hasPlayed"": true, ""points"": -22}, {""hasPlayed"": true, ""points"": 56}]",3,Christian Günter,220019.0,"[null, null, 25.0, -22.0, 56.0]",3,19.666666666666668,220019.0,82953.0,22933.0,122894.0,-1512475.0
2855,28,Ragnar,Ache,13586607.0,67.0,29.0,29.0,18.0,113020.0,1937.0,0,4,https://kickbase.b-cdn.net/content/file/659aab812d23451ba8e47f520a7d0754.png,9.0,1,142.0,,"[{""hasPlayed"": false, ""points"": null}, {""hasPlayed"": false, ""points"": null}, {""hasPlayed"": false, ""points"": null}, {""hasPlayed"": false, ""points"": null}, {""hasPlayed"": true, ""points"": 19}]",1,Ragnar Ache,173718.0,"[null, null, null, null, 19.0]",1,19.0,173718.0,171194.0,162161.0,1144729.0,4194158.0
11957,7,Eliesse,Ben Seghir,1615317.0,35.0,10.0,10.0,2.0,18106.0,354.0,1,3,https://kickbase.b-cdn.net/content/file/83c0ccd07e1e42d0ac339779564cd1f4.png,17.0,2,219.0,,"[{""hasPlayed"": true, ""points"": 48}, {""hasPlayed"": true, ""points"": -8}, {""hasPlayed"": false, ""points"": null}, {""hasPlayed"": true, ""points"": 17}, {""hasPlayed"": false, ""points"": null}]",5,Eliesse Ben Seghir,-124726.0,"[48.0, -8.0, null, 17.0, null]",3,19.0,-124726.0,-126219.0,-129456.0,-917318.0,-3743760.0
12285,4,Love,Arrhov,4163948.0,14.0,5.0,5.0,1.0,5265.0,70.0,0,3,https://kickbase.b-cdn.net/content/file/874a8f6a5061492cb5885245ee1697bd.png,31.0,2,16.0,,"[{""hasPlayed"": false, ""points"": null}, {""hasPlayed"": false, ""points"": null}, {""hasPlayed"": false, ""points"": null}, {""hasPlayed"": true, ""points"": 19}, {""hasPlayed"": false, ""points"": null}]",5,Love Arrhov,-148554.0,"[null, null, null, 19.0, null]",1,19.0,-148554.0,-151981.0,-165785.0,-954840.0,3594047.0
11947,9,Badredine,Bouanani,1500312.0,39.0,14.0,14.0,5.0,31973.0,540.0,0,3,https://kickbase.b-cdn.net/content/file/7cf21cd343ba41458c1739f3cb6b51d3.png,27.0,2,359.0,,"[{""hasPlayed"": false, ""points"": null}, {""hasPlayed"": false, ""points"": null}, {""hasPlayed"": false, ""points"": null}, {""hasPlayed"": true, ""points"": 15}, {""hasPlayed"": true, ""points"": 22}]",4,Badredine Bouanani,-55245.0,"[null, null, null, 15.0, 22.0]",2,18.5,-55245.0,-66999.0,-86038.0,-636273.0,-2899011.0
513,4,Mario,Götze,5589657.0,33.0,21.0,21.0,8.0,60719.0,696.0,0,3,https://kickbase.b-cdn.net/content/file/677f22ea04504944be2873ce5f5d179f.png,27.0,1,124.0,,"[{""hasPlayed"": true, ""points"": 38}, {""hasPlayed"": true, ""points"": -1}, {""hasPlayed"": false, ""points"": null}, {""hasPlayed"": false, ""points"": null}, {""hasPlayed"": false, ""points"": null}]",4,Mario Götze,214330.0,"[38.0, -1.0, null, null, null]",2,18.5,214330.0,223561.0,263493.0,1698939.0,3522263.0
1865,6,Yussuf,Poulsen,3722605.0,23.0,15.0,15.0,1.0,26304.0,340.0,0,4,https://kickbase.b-cdn.net/content/file/b3e645c3a34347808d97e722fcbe2ced.png,15.0,2,91.0,,"[{""hasPlayed"": true, ""points"": 13}, {""hasPlayed"": true, ""points"": 25}, {""hasPlayed"": true, ""points"": 17}, {""hasPlayed"": false, ""points"": null}, {""hasPlayed"": false, ""points"": null}]",4,Yussuf Poulsen,-145983.0,"[13.0, 25.0, 17.0, null, null]",3,18.333333333333332,-145983.0,-148018.0,-147879.0,-849591.0,2993303.0
3277,6,Miro,Muheim,9701729.0,67.0,29.0,29.0,27.0,162140.0,1929.0,2,2,https://kickbase.b-cdn.net/content/file/6b31cba3484c46c98c5575fe4f79b349.png,28.0,1,198.0,,"[{""hasPlayed"": true, ""points"": 17}, {""hasPlayed"": false, ""points"": null}, {""hasPlayed"": false, ""points"": null}, {""hasPlayed"": false, ""points"": null}, {""hasPlayed"": true, ""points"": 17}]",3,Miro Muheim,19699.0,"[17.0, null, null, null, 17.0]",2,17.0,19699.0,99822.0,130012.0,1209454.0,4263066.0
7350,6,Otto,Stange,3023502.0,5.0,10.0,10.0,2.0,20981.0,51.0,0,4,https://kickbase.b-cdn.net/content/file/d876e417d53e4983b76765c28cb2825d.png,49.0,2,16.0,,"[{""hasPlayed"": true, ""points"": 28}, {""hasPlayed"": true, ""points"": 46}, {""hasPlayed"": false, ""points"": null}, {""hasPlayed"": true, ""points"": -2}, {""hasPlayed"": true, ""points"": -5}]",3,Otto Stange,60064.0,"[28.0, 46.0, null, -2.0, -5.0]",4,16.75,60064.0,-37365.0,-90977.0,-457077.0,319112.0
2399,18,Lennard,Maloney,1814679.0,16.0,21.0,21.0,4.0,36109.0,339.0,0,3,https://kickbase.b-cdn.net/content/file/8ae05919f4ae4c4a8ea0e0fdc6e08e32.png,15.0,2,186.0,,"[{""hasPlayed"": true, ""points"": 23}, {""hasPlayed"": false, ""points"": null}, {""hasPlayed"": true, ""points"": 16}, {""hasPlayed"": true, ""points"": 9}, {""hasPlayed"": false, ""points"": null}]",5,Lennard Maloney,-129553.0,"[23.0, null, 16.0, 9.0, null]",3,16.0,-129553.0,-134508.0,-137348.0,-1020858.0,1314679.0
7543,14,Max,Moerstedt,6684659.0,23.0,22.0,22.0,1.0,32693.0,495.0,0,4,https://kickbase.b-cdn.net/content/file/901ac71d98064e48b7b250786d8ac1d2.png,9.0,1,74.0,,"[{""hasPlayed"": false, ""points"": null}, {""hasPlayed"": false, ""points"": null}, {""hasPlayed"": true, ""points"": 9}, {""hasPlayed"": true, ""points"": 21}, {""hasPlayed"": true, ""points"": 13}]",3,Max Moerstedt,-39764.0,"[null, null, 9.0, 21.0, 13.0]",3,14.333333333333334,-39764.0,72641.0,112594.0,875905.0,2319921.0
2199,9,Josha,Vagnoman,4316419.0,61.0,27.0,27.0,18.0,105456.0,1638.0,0,2,https://kickbase.b-cdn.net/content/file/fde909d2a7f54d248d93bc1df1c53072.png,4.0,2,379.0,,"[{""hasPlayed"": true, ""points"": 7}, {""hasPlayed"": true, ""points"": 18}, {""hasPlayed"": true, ""points"": 3}, {""hasPlayed"": false, ""points"": null}, {""hasPlayed"": true, ""points"": 28}]",4,Josha Vagnoman,-84856.0,"[7.0, 18.0, 3.0, null, 28.0]",4,14.0,-84856.0,-94558.0,-91164.0,-643475.0,-2954327.0
7717,14,Alexander,Prass,4117730.0,50.0,32.0,32.0,12.0,90108.0,1591.0,2,3,https://kickbase.b-cdn.net/content/file/e67e0f9b96c8491e8ba2570ec188600c.png,22.0,2,386.0,,"[{""hasPlayed"": true, ""points"": -18}, {""hasPlayed"": true, ""points"": 51}, {""hasPlayed"": true, ""points"": 1}, {""hasPlayed"": true, ""points"": 17}, {""hasPlayed"": true, ""points"": 19}]",3,Alexander Prass,-116957.0,"[-18.0, 51.0, 1.0, 17.0, 19.0]",5,14.0,-116957.0,-106924.0,-103537.0,-762192.0,-1632146.0
2764,13,Yannik,Keitel,4008946.0,39.0,6.0,6.0,2.0,16772.0,233.0,0,3,https://kickbase.b-cdn.net/content/file/db53d9141b9d483299063068955d44a6.png,14.0,2,58.0,,"[{""hasPlayed"": true, ""points"": -7}, {""hasPlayed"": true, ""points"": 33}, {""hasPlayed"": false, ""points"": null}, {""hasPlayed"": false, ""points"": null}, {""hasPlayed"": false, ""points"": null}]",5,Yannik Keitel,-145059.0,"[-7.0, 33.0, null, null, null]",2,13.0,-145059.0,-144808.0,-151228.0,-983759.0,3448556.0
10114,3,Carney,Chukwuemeka,4153502.0,47.0,28.0,28.0,8.0,63437.0,1307.0,2,3,https://kickbase.b-cdn.net/content/file/819b3e31455d4830a3e5acf58eb5290d.png,17.0,2,314.0,,"[{""hasPlayed"": true, ""points"": 30}, {""hasPlayed"": false, ""points"": null}, {""hasPlayed"": true, ""points"": -14}, {""hasPlayed"": true, ""points"": 32}, {""hasPlayed"": true, ""points"": 3}]",4,Carney Chukwuemeka,-115241.0,"[30.0, null, -14.0, 32.0, 3.0]",4,12.75,-115241.0,-102590.0,-95238.0,-639663.0,-3689277.0
6199,15,Shuto,Machino,1107081.0,23.0,32.0,32.0,9.0,74463.0,742.0,0,4,https://kickbase.b-cdn.net/content/file/3fd89661bd62400fbd61e78f80919ad2.png,18.0,1,670.0,,"[{""hasPlayed"": true, ""points"": 28}, {""hasPlayed"": true, ""points"": -6}, {""hasPlayed"": true, ""points"": 17}, {""hasPlayed"": true, ""points"": 6}, {""hasPlayed"": false, ""points"": null}]",4,Shuto Machino,260671.0,"[28.0, -6.0, 17.0, 6.0, null]",4,11.25,260671.0,46211.0,-6027.0,42392.0,-1625125.0
2476,18,Jae-Sung,Lee,9799704.0,65.0,28.0,28.0,26.0,141332.0,1824.0,0,3,https://kickbase.b-cdn.net/content/file/4958ca742c82430a89447e10efb492a9.png,7.0,1,186.0,,"[{""hasPlayed"": true, ""points"": 43}, {""hasPlayed"": true, ""points"": -22}, {""hasPlayed"": false, ""points"": null}, {""hasPlayed"": false, ""points"": null}, {""hasPlayed"": false, ""points"": null}]",1,Jae-Sung Lee,319722.0,"[43.0, -22.0, null, null, null]",2,10.5,319722.0,334519.0,315821.0,2152104.0,3655970.0
1858,5,Anthony,Jung,1948058.0,37.0,12.0,12.0,4.0,36970.0,441.0,0,2,https://kickbase.b-cdn.net/content/file/9af84678390b4225bbe2ce9593fc38ad.png,5.0,2,226.0,,"[{""hasPlayed"": false, ""points"": null}, {""hasPlayed"": true, ""points"": 16}, {""hasPlayed"": false, ""points"": null}, {""hasPlayed"": true, ""points"": 5}, {""hasPlayed"": false, ""points"": null}]",4,Anthony Jung,-139701.0,"[null, 16.0, null, 5.0, null]",2,10.5,-139701.0,-142539.0,-148015.0,-1065837.0,1448058.0
10024,28,Joël,Schmied,2789427.0,40.0,16.0,16.0,13.0,73506.0,635.0,0,2,https://kickbase.b-cdn.net/content/file/312960f02c6e4acab4db65b9c63eaf01.png,2.0,2,227.0,,"[{""hasPlayed"": true, ""points"": -15}, {""hasPlayed"": true, ""points"": 48}, {""hasPlayed"": true, ""points"": -2}, {""hasPlayed"": false, ""points"": null}, {""hasPlayed"": false, ""points"": null}]",4,Joël Schmied,-136118.0,"[-15.0, 48.0, -2.0, null, null]",3,10.333333333333334,-136118.0,-142268.0,-132315.0,-983334.0,856805.0
11954,18,William,Bøving,5389486.0,16.0,9.0,9.0,2.0,16311.0,145.0,0,3,https://kickbase.b-cdn.net/content/file/4a2dfc01b55f4298b30ca2bca86b98f4.png,14.0,1,26.0,,"[{""hasPlayed"": false, ""points"": null}, {""hasPlayed"": false, ""points"": null}, {""hasPlayed"": false, ""points"": null}, {""hasPlayed"": true, ""points"": -4}, {""hasPlayed"": true, ""points"": 24}]",5,William Bøving,68661.0,"[null, null, null, -4.0, 24.0]",2,10.0,68661.0,121109.0,165440.0,1309014.0,4889486.0
9923,10,Samuel,Mbangula,8859809.0,50.0,26.0,26.0,12.0,77710.0,1289.0,0,3,https://kickbase.b-cdn.net/content/file/bb63ae114a9641aea1903e760c388b1c.png,7.0,1,145.0,,"[{""hasPlayed"": true, ""points"": 9}, {""hasPlayed"": true, ""points"": -11}, {""hasPlayed"": true, ""points"": 36}, {""hasPlayed"": true, ""points"": 3}, {""hasPlayed"": false, ""points"": null}]",2,Samuel Mbangula,292628.0,"[9.0, -11.0, 36.0, 3.0, null]",4,9.25,292628.0,281315.0,254294.0,1361915.0,1463917.0
9996,10,Patrice,Covic,4358545.0,18.0,15.0,15.0,2.0,25884.0,268.0,2,3,https://kickbase.b-cdn.net/content/file/3c9740e4f1b6416580b598d3da08cdb2.png,24.0,2,61.0,,"[{""hasPlayed"": true, ""points"": 9}, {""hasPlayed"": false, ""points"": null}, {""hasPlayed"": false, ""points"": null}, {""hasPlayed"": false, ""points"": null}, {""hasPlayed"": false, ""points"": null}]",4,Patrice Covic,-149720.0,"[9.0, null, null, null, null]",1,9.0,-149720.0,-147961.0,-176713.0,-902165.0,3858545.0
6171,9,Jovan,Milosevic,4627950.0,31.0,13.0,13.0,5.0,33794.0,398.0,256,4,https://kickbase.b-cdn.net/content/file/67c437a3a4754053b2ebfe5707d65c5d.png,19.0,2,85.0,,"[{""hasPlayed"": false, ""points"": null}, {""hasPlayed"": false, ""points"": null}, {""hasPlayed"": true, ""points"": -21}, {""hasPlayed"": true, ""points"": 23}, {""hasPlayed"": true, ""points"": 23}]",5,Jovan Milosevic,-161529.0,"[null, null, -21.0, 23.0, 23.0]",3,8.333333333333334,-161529.0,-191300.0,-529783.0,-625837.0,3978999.0
11262,10,Salim Amani,Musah,6739624.0,17.0,8.0,8.0,2.0,13915.0,134.0,0,4,https://kickbase.b-cdn.net/content/file/06171b2c46b740f29fc107281e5b489c.png,29.0,1,19.0,,"[{""hasPlayed"": true, ""points"": 19}, {""hasPlayed"": true, ""points"": -12}, {""hasPlayed"": true, ""points"": 20}, {""hasPlayed"": true, ""points"": 2}, {""hasPlayed"": false, ""points"": null}]",3,Salim Amani Musah,260748.0,"[19.0, -12.0, 20.0, 2.0, null]",4,7.25,260748.0,249006.0,245148.0,1938134.0,3169255.0
1689,43,Benjamin,Henrichs,7550355.0,26.0,17.0,17.0,3.0,22181.0,447.0,0,2,https://kickbase.b-cdn.net/content/file/5acf39c9f5ba403ba774ea0d47d67aab.png,39.0,1,59.0,,"[{""hasPlayed"": true, ""points"": -5}, {""hasPlayed"": true, ""points"": 17}, {""hasPlayed"": true, ""points"": -21}, {""hasPlayed"": true, ""points"": 27}, {""hasPlayed"": true, ""points"": 17}]",3,Benjamin Henrichs,246718.0,"[-5.0, 17.0, -21.0, 27.0, 17.0]",5,7.0,246718.0,243812.0,230775.0,1679033.0,3100863.0
1553,40,Janik,Haberer,4325139.0,31.0,28.0,28.0,20.0,109158.0,870.0,0,3,https://kickbase.b-cdn.net/content/file/ce496ba0469a4a3b80d18b665d7466c0.png,19.0,2,201.0,,"[{""hasPlayed"": false, ""points"": null}, {""hasPlayed"": false, ""points"": null}, {""hasPlayed"": false, ""points"": null}, {""hasPlayed"": true, ""points"": 6}, {""hasPlayed"": true, ""points"": 6}]",4,Janik Haberer,-156083.0,"[null, null, null, 6.0, 6.0]",2,6.0,-156083.0,-162785.0,-166550.0,-172319.0,3766726.0
11867,7,Ernest,Poku,7535451.0,72.0,29.0,29.0,16.0,97546.0,2099.0,0,3,https://kickbase.b-cdn.net/content/file/6c2995fc9a5b4c929660e1c336abf1c0.png,19.0,2,278.0,,"[{""hasPlayed"": false, ""points"": null}, {""hasPlayed"": true, ""points"": -14}, {""hasPlayed"": true, ""points"": 21}, {""hasPlayed"": false, ""points"": null}, {""hasPlayed"": false, ""points"": null}]",3,Ernest Poku,-133469.0,"[null, -14.0, 21.0, null, null]",2,3.5,-133469.0,-159202.0,-189446.0,-970350.0,-1674687.0
3471,14,Adam,Hložek,8315236.0,1.0,5.0,5.0,0.0,3674.0,4.0,0,4,https://kickbase.b-cdn.net/content/file/c46fc008a1284ad49727d68c3a8489e9.png,23.0,1,0.0,,"[{""hasPlayed"": true, ""points"": -17}, {""hasPlayed"": true, ""points"": 22}, {""hasPlayed"": false, ""points"": null}, {""hasPlayed"": false, ""points"": null}, {""hasPlayed"": false, ""points"": null}]",2,Adam Hložek,283597.0,"[-17.0, 22.0, null, null, null]",2,2.5,283597.0,252371.0,231097.0,1718886.0,3572643.0
10004,4,Younes,Ebnoutalib,10364235.0,25.0,5.0,5.0,2.0,10174.0,126.0,0,4,https://kickbase.b-cdn.net/content/file/e071a76ceed648049a6de91138a0d2a9.png,11.0,1,12.0,,"[{""hasPlayed"": false, ""points"": null}, {""hasPlayed"": false, ""points"": null}, {""hasPlayed"": true, ""points"": -2}, {""hasPlayed"": false, ""points"": null}, {""hasPlayed"": false, ""points"": null}]",3,Younes Ebnoutalib,127777.0,"[null, null, -2.0, null, null]",1,-2.0,127777.0,127855.0,174987.0,572128.0,1100052.0
2651,13,Mads,Pedersen,5499398.0,10.0,7.0,7.0,1.0,14713.0,67.0,0,2,https://kickbase.b-cdn.net/content/file/ee1bc505c0644debb1be4467278ab33f.png,3.0,1,12.0,,"[{""hasPlayed"": true, ""points"": -4}, {""hasPlayed"": false, ""points"": null}, {""hasPlayed"": false, ""points"": null}, {""hasPlayed"": false, ""points"": null}, {""hasPlayed"": false, ""points"": null}]",5,Mads Pedersen,240509.0,"[-4.0, null, null, null, null]",1,-4.0,240509.0,280429.0,259304.0,1748484.0,4999398.0
12333,28,Youssoupha,Niang,5090221.0,6.0,10.0,10.0,2.0,14606.0,55.0,0,4,https://kickbase.b-cdn.net/content/file/c9bbe00d652e475e9ff69b9491b753d8.png,38.0,2,10.0,,"[{""hasPlayed"": true, ""points"": -21}, {""hasPlayed"": true, ""points"": -2}, {""hasPlayed"": true, ""points"": 11}, {""hasPlayed"": true, ""points"": -11}, {""hasPlayed"": false, ""points"": null}]",4,Youssoupha Niang,-565479.0,"[-21.0, -2.0, 11.0, -11.0, null]",4,-5.75,-565479.0,-106296.0,99519.0,374206.0,4590221.0
7325,4,Elias,Baum,10030248.0,6.0,5.0,5.0,0.0,6016.0,32.0,0,2,https://kickbase.b-cdn.net/content/file/d902a58e5d944b18a5c4fdc246b131d0.png,2.0,1,3.0,,"[{""hasPlayed"": false, ""points"": null}, {""hasPlayed"": false, ""points"": null}, {""hasPlayed"": false, ""points"": null}, {""hasPlayed"": false, ""points"": null}, {""hasPlayed"": true, ""points"": -10}]",2,Elias Baum,273188.0,"[null, null, null, null, -10.0]",1,-10.0,273188.0,259996.0,266722.0,1794847.0,4920089.0
11007,5,Cyriaque,Irié,4385057.0,15.0,10.0,10.0,3.0,24064.0,150.0,0,3,https://kickbase.b-cdn.net/content/file/19d04c847d954a3e8b2d044fbc6ab907.png,22.0,2,34.0,,"[{""hasPlayed"": false, ""points"": null}, {""hasPlayed"": false, ""points"": null}, {""hasPlayed"": false, ""points"": null}, {""hasPlayed"": true, ""points"": -20}, {""hasPlayed"": false, ""points"": null}]",4,Cyriaque Irié,-151861.0,"[null, null, null, -20.0, null]",1,-20.0,-151861.0,-468070.0,-511529.0,-785213.0,3881956.0
7349,9,Finn,Jeltsch,13122006.0,72.0,23.0,23.0,17.0,100377.0,1665.0,0,2,https://kickbase.b-cdn.net/content/file/cd9f13da05844d2f8faf04022c539aea.png,29.0,1,126.0,,"[{""hasPlayed"": true, ""points"": -1}, {""hasPlayed"": false, ""points"": null}, {""hasPlayed"": false, ""points"": null}, {""hasPlayed"": false, ""points"": null}, {""hasPlayed"": true, ""points"": -45}]",1,Finn Jeltsch,208418.0,"[-1.0, null, null, null, -45.0]",2,-23.0,208418.0,201995.0,178006.0,1193909.0,2713217.0
9513,10,Karl,Hein,12750887.0,164.0,2.0,2.0,2.0,11560.0,327.0,2,1,https://kickbase.b-cdn.net/content/file/0342913c28ed45b18f310732f9b90b16.png,1.0,1,25.0,,"[{""hasPlayed"": false, ""points"": null}, {""hasPlayed"": false, ""points"": null}, {""hasPlayed"": false, ""points"": null}, {""hasPlayed"": false, ""points"": null}, {""hasPlayed"": false, ""points"": null}]",1,Karl Hein,117781.0,"[null, null, null, null, null]",0,,117781.0,127285.0,142343.0,991435.0,4403242.0
1961,2,Serge,Gnabry,16884711.0,142.0,21.0,21.0,16.0,80707.0,2980.0,2,3,https://kickbase.b-cdn.net/content/file/e88435a468a14a10b3e6894bbc3bb0a1.png,7.0,2,176.0,,"[{""hasPlayed"": false, ""points"": null}, {""hasPlayed"": false, ""points"": null}, {""hasPlayed"": false, ""points"": null}, {""hasPlayed"": false, ""points"": null}, {""hasPlayed"": false, ""points"": null}]",5,Serge Gnabry,-429526.0,"[null, null, null, null, null]",0,,-429526.0,-413437.0,-424869.0,-2012673.0,-253534.0
54,3,Emre,Can,1471820.0,114.0,9.0,9.0,7.0,41373.0,1026.0,1,2,https://kickbase.b-cdn.net/content/file/29f90f2f2f2045f69460f20564a894ab.png,23.0,2,697.0,,"[{""hasPlayed"": false, ""points"": null}, {""hasPlayed"": false, ""points"": null}, {""hasPlayed"": false, ""points"": null}, {""hasPlayed"": false, ""points"": null}, {""hasPlayed"": false, ""points"": null}]",5,Emre Can,-105051.0,"[null, null, null, null, null]",0,,-105051.0,-112009.0,-118611.0,-800249.0,-2722342.0
2069,28,Timo,Hübers,2461787.0,92.0,8.0,8.0,8.0,45515.0,737.0,4,2,https://kickbase.b-cdn.net/content/file/6dbad3a67b1c4ffa892f8bef224e9f85.png,4.0,2,299.0,,"[{""hasPlayed"": false, ""points"": null}, {""hasPlayed"": false, ""points"": null}, {""hasPlayed"": false, ""points"": null}, {""hasPlayed"": false, ""points"": null}, {""hasPlayed"": false, ""points"": null}]",5,Timo Hübers,-119441.0,"[null, null, null, null, null]",0,,-119441.0,-121098.0,-121738.0,-856531.0,-3099500.0
550,18,Stefan,Bell,2472263.0,73.0,18.0,18.0,13.0,69705.0,1313.0,0,2,https://kickbase.b-cdn.net/content/file/b5f9d86fa6414225acae1ed532dfb2e7.png,16.0,2,531.0,,"[{""hasPlayed"": false, ""points"": null}, {""hasPlayed"": false, ""points"": null}, {""hasPlayed"": false, ""points"": null}, {""hasPlayed"": false, ""points"": null}, {""hasPlayed"": false, ""points"": null}]",5,Stefan Bell,-111131.0,"[null, null, null, null, null]",0,,-111131.0,-124067.0,-123161.0,-830206.0,-452844.0
2864,4,Nnamdi,Collins,13855700.0,71.0,23.0,23.0,16.0,101407.0,1622.0,2,2,https://kickbase.b-cdn.net/content/file/2a1e4075871c4c2189ad01a35880199b.png,34.0,1,117.0,,"[{""hasPlayed"": false, ""points"": null}, {""hasPlayed"": false, ""points"": null}, {""hasPlayed"": false, ""points"": null}, {""hasPlayed"": false, ""points"": null}, {""hasPlayed"": false, ""points"": null}]",3,Nnamdi Collins,80325.0,"[null, null, null, null, null]",0,,80325.0,116017.0,123041.0,895764.0,4661173.0
7498,2,Sacha,Boey,2198689.0,70.0,9.0,9.0,5.0,30468.0,628.0,0,2,https://kickbase.b-cdn.net/content/file/8b2dd6f9c82142b3a8f588b86defc822.png,0.0,1,285.0,,"[{""hasPlayed"": false, ""points"": null}, {""hasPlayed"": false, ""points"": null}, {""hasPlayed"": false, ""points"": null}, {""hasPlayed"": false, ""points"": null}, {""hasPlayed"": false, ""points"": null}]",5,Sacha Boey,358482.0,"[null, null, null, null, null]",0,,358482.0,336551.0,289789.0,1698689.0,596716.0
7275,4,Kauã,Santos,10285500.0,65.0,13.0,13.0,13.0,72952.0,849.0,0,1,https://kickbase.b-cdn.net/content/file/e95656af26a24b76bc26de60a6de98ef.png,40.0,1,82.0,,"[{""hasPlayed"": false, ""points"": null}, {""hasPlayed"": false, ""points"": null}, {""hasPlayed"": false, ""points"": null}, {""hasPlayed"": false, ""points"": null}, {""hasPlayed"": false, ""points"": null}]",3,Kauã Santos,-501.0,"[null, null, null, null, null]",0,,-501.0,127456.0,152468.0,1016951.0,3006063.0
4404,6,Jean-Luc,Dompé,1009989.0,64.0,20.0,20.0,12.0,75809.0,1279.0,256,4,https://kickbase.b-cdn.net/content/file/4d4bfeaf414f47e2994cf7669d884f08.png,7.0,2,1266.0,,"[{""hasPlayed"": false, ""points"": null}, {""hasPlayed"": false, ""points"": null}, {""hasPlayed"": false, ""points"": null}, {""hasPlayed"": false, ""points"": null}, {""hasPlayed"": false, ""points"": null}]",5,Jean-Luc Dompé,-134667.0,"[null, null, null, null, null]",0,,-134667.0,-139176.0,-137240.0,-962225.0,-3007537.0
11875,28,Rav,van den Berg,2985869.0,58.0,14.0,14.0,12.0,74399.0,805.0,0,2,https://kickbase.b-cdn.net/content/file/0825c755c7df4f7ba70b3f8922154f99.png,33.0,2,269.0,,"[{""hasPlayed"": false, ""points"": null}, {""hasPlayed"": false, ""points"": null}, {""hasPlayed"": false, ""points"": null}, {""hasPlayed"": false, ""points"": null}, {""hasPlayed"": false, ""points"": null}]",4,Rav van den Berg,-123380.0,"[null, null, null, null, null]",0,,-123380.0,-116516.0,-117753.0,-729214.0,-1363438.0
4576,18,Andreas,Hanche-Olsen,4005180.0,57.0,13.0,13.0,8.0,56559.0,736.0,0,2,https://kickbase.b-cdn.net/content/file/4c7d4215b6f24ad8a0daa5c7a9b9e290.png,25.0,2,183.0,,"[{""hasPlayed"": false, ""points"": null}, {""hasPlayed"": false, ""points"": null}, {""hasPlayed"": false, ""points"": null}, {""hasPlayed"": false, ""points"": null}, {""hasPlayed"": false, ""points"": null}]",5,Andreas Hanche-Olsen,-142178.0,"[null, null, null, null, null]",0,,-142178.0,-141495.0,-145249.0,-1171384.0,3368346.0
8374,7,Martin,Terrier,2569187.0,54.0,18.0,18.0,7.0,45086.0,963.0,0,4,https://kickbase.b-cdn.net/content/file/039e1528fe214c32ad0653b911ea944e.png,11.0,2,374.0,,"[{""hasPlayed"": false, ""points"": null}, {""hasPlayed"": false, ""points"": null}, {""hasPlayed"": false, ""points"": null}, {""hasPlayed"": false, ""points"": null}, {""hasPlayed"": false, ""points"": null}]",5,Martin Terrier,-100537.0,"[null, null, null, null, null]",0,,-100537.0,-108520.0,-110454.0,-782252.0,677251.0
2261,15,Florian,Neuhaus,2070694.0,53.0,17.0,17.0,11.0,59787.0,909.0,0,3,https://kickbase.b-cdn.net/content/file/cc61ab6d7eca4290aeb56b78a3357057.png,10.0,2,438.0,,"[{""hasPlayed"": false, ""points"": null}, {""hasPlayed"": false, ""points"": null}, {""hasPlayed"": false, ""points"": null}, {""hasPlayed"": false, ""points"": null}, {""hasPlayed"": false, ""points"": null}]",5,Florian Neuhaus,-115064.0,"[null, null, null, null, null]",0,,-115064.0,-118420.0,-117853.0,-848654.0,-2401466.0
9615,9,Ameen,Al Dakhil,3354050.0,52.0,8.0,8.0,3.0,26229.0,414.0,0,2,https://kickbase.b-cdn.net/content/file/878bf81b707a44a7a9d1b0db14915947.png,2.0,2,123.0,,"[{""hasPlayed"": false, ""points"": null}, {""hasPlayed"": false, ""points"": null}, {""hasPlayed"": false, ""points"": null}, {""hasPlayed"": false, ""points"": null}, {""hasPlayed"": false, ""points"": null}]",4,Ameen Al Dakhil,-137224.0,"[null, null, null, null, null]",0,,-137224.0,-139207.0,-146143.0,-1041836.0,2821646.0
6172,8,Junior,Adamu,7251675.0,47.0,9.0,9.0,7.0,28586.0,419.0,0,4,https://kickbase.b-cdn.net/content/file/61eaae6121e34a598bac55925001ce96.png,20.0,2,57.0,,"[{""hasPlayed"": false, ""points"": null}, {""hasPlayed"": false, ""points"": null}, {""hasPlayed"": false, ""points"": null}, {""hasPlayed"": false, ""points"": null}, {""hasPlayed"": false, ""points"": null}]",3,Junior Adamu,-220284.0,"[null, null, null, null, null]",0,,-220284.0,-243339.0,-240734.0,-1764102.0,372678.0
2722,5,Patrick,Osterhage,5337499.0,47.0,20.0,20.0,13.0,78511.0,938.0,0,3,https://kickbase.b-cdn.net/content/file/30b71dae269d4597bf36100fdb0027ea.png,6.0,2,175.0,,"[{""hasPlayed"": false, ""points"": null}, {""hasPlayed"": false, ""points"": null}, {""hasPlayed"": false, ""points"": null}, {""hasPlayed"": false, ""points"": null}, {""hasPlayed"": false, ""points"": null}]",4,Patrick Osterhage,-225204.0,"[null, null, null, null, null]",0,,-225204.0,32849.0,109158.0,894552.0,4387087.0
2842,10,Felix,Agu,4575549.0,46.0,11.0,11.0,9.0,48743.0,509.0,4,2,https://kickbase.b-cdn.net/content/file/d3aec548a0d84afcb6a8f6c90cc09e72.png,27.0,2,111.0,,"[{""hasPlayed"": false, ""points"": null}, {""hasPlayed"": false, ""points"": null}, {""hasPlayed"": false, ""points"": null}, {""hasPlayed"": false, ""points"": null}, {""hasPlayed"": false, ""points"": null}]",4,Felix Agu,-162382.0,"[null, null, null, null, null]",0,,-162382.0,-435857.0,-452689.0,-696230.0,1664275.0
6745,7,Victor,Boniface,4337464.0,43.0,11.0,11.0,2.0,23116.0,468.0,0,4,https://kickbase.b-cdn.net/content/file/f5f3d11be23443cb9e4c8c472288e093.png,22.0,2,107.0,,"[{""hasPlayed"": false, ""points"": null}, {""hasPlayed"": false, ""points"": null}, {""hasPlayed"": false, ""points"": null}, {""hasPlayed"": false, ""points"": null}, {""hasPlayed"": false, ""points"": null}]",5,Victor Boniface,38938.0,"[null, null, null, null, null]",0,,38938.0,-44497.0,-101445.0,-545150.0,1728575.0
10134,10,Mick,Schmetgens,5894256.0,40.0,2.0,2.0,0.0,2459.0,79.0,0,2,https://kickbase.b-cdn.net/content/file/cbb89b4949af4997a53ca8ecc1ce7c78.png,33.0,1,13.0,,"[{""hasPlayed"": false, ""points"": null}, {""hasPlayed"": false, ""points"": null}, {""hasPlayed"": false, ""points"": null}, {""hasPlayed"": false, ""points"": null}, {""hasPlayed"": false, ""points"": null}]",3,Mick Schmetgens,258548.0,"[null, null, null, null, null]",0,,258548.0,241864.0,242494.0,1813541.0,5394256.0
6111,18,Benedict,Hollerbach,5336298.0,36.0,14.0,14.0,13.0,55268.0,500.0,2,4,https://kickbase.b-cdn.net/content/file/212f0c9603f04c869640c40bdbb0a396.png,17.0,1,93.0,,"[{""hasPlayed"": false, ""points"": null}, {""hasPlayed"": false, ""points"": null}, {""hasPlayed"": false, ""points"": null}, {""hasPlayed"": false, ""points"": null}, {""hasPlayed"": false, ""points"": null}]",5,Benedict Hollerbach,80234.0,"[null, null, null, null, null]",0,,80234.0,159799.0,207656.0,1428727.0,4206291.0
11008,43,Ezechiel,Banzuzi,6138051.0,36.0,24.0,24.0,2.0,43182.0,871.0,0,3,https://kickbase.b-cdn.net/content/file/3529ab9a9bde4d28b8aca1b6586f7747.png,6.0,1,141.0,,"[{""hasPlayed"": false, ""points"": null}, {""hasPlayed"": false, ""points"": null}, {""hasPlayed"": false, ""points"": null}, {""hasPlayed"": false, ""points"": null}, {""hasPlayed"": false, ""points"": null}]",3,Ezechiel Banzuzi,333507.0,"[null, null, null, null, null]",0,,333507.0,324108.0,301909.0,2110752.0,908220.0
9598,14,Valentin,Gendrey,4370075.0,36.0,8.0,8.0,0.0,5564.0,287.0,0,2,https://kickbase.b-cdn.net/content/file/963aa0e9a1bf4537bba171631d3ef595.png,15.0,2,65.0,,"[{""hasPlayed"": false, ""points"": null}, {""hasPlayed"": false, ""points"": null}, {""hasPlayed"": false, ""points"": null}, {""hasPlayed"": false, ""points"": null}, {""hasPlayed"": false, ""points"": null}]",5,Valentin Gendrey,-176321.0,"[null, null, null, null, null]",0,,-176321.0,-235127.0,-299528.0,-185018.0,3870075.0
2717,40,Robert,Skov,2934719.0,35.0,3.0,3.0,3.0,14206.0,104.0,0,3,https://kickbase.b-cdn.net/content/file/ebae4e5c0fec43ebaed2b2aae064a346.png,24.0,2,35.0,,"[{""hasPlayed"": false, ""points"": null}, {""hasPlayed"": false, ""points"": null}, {""hasPlayed"": false, ""points"": null}, {""hasPlayed"": false, ""points"": null}, {""hasPlayed"": false, ""points"": null}]",4,Robert Skov,-145081.0,"[null, null, null, null, null]",0,,-145081.0,-148667.0,-151981.0,-1033329.0,2434719.0
2822,18,,Silas,500000.0,30.0,8.0,8.0,4.0,22414.0,241.0,1,4,https://kickbase.b-cdn.net/content/file/c9d8809a21ab421eae753d788da8f8e3.png,26.0,0,482.0,,"[{""hasPlayed"": false, ""points"": null}, {""hasPlayed"": false, ""points"": null}, {""hasPlayed"": false, ""points"": null}, {""hasPlayed"": false, ""points"": null}, {""hasPlayed"": false, ""points"": null}]",5,Silas,0.0,"[null, null, null, null, null]",0,,0.0,0.0,0.0,-329284.0,0.0
1223,40,Marvin,Friedrich,929267.0,29.0,6.0,6.0,1.0,11653.0,173.0,0,2,https://kickbase.b-cdn.net/content/file/0e7e99776b0c460eaaf8702878b90869.png,5.0,2,186.0,,"[{""hasPlayed"": false, ""points"": null}, {""hasPlayed"": false, ""points"": null}, {""hasPlayed"": false, ""points"": null}, {""hasPlayed"": false, ""points"": null}, {""hasPlayed"": false, ""points"": null}]",3,Marvin Friedrich,-49383.0,"[null, null, null, null, null]",0,,-49383.0,-86609.0,-105014.0,-703675.0,-329716.0
7216,5,Max,Rosenfelder,3562118.0,27.0,12.0,12.0,5.0,32955.0,318.0,0,2,https://kickbase.b-cdn.net/content/file/f1d275ea8b55482c879f06e22c8d1258.png,37.0,2,89.0,,"[{""hasPlayed"": false, ""points"": null}, {""hasPlayed"": false, ""points"": null}, {""hasPlayed"": false, ""points"": null}, {""hasPlayed"": false, ""points"": null}, {""hasPlayed"": false, ""points"": null}]",4,Max Rosenfelder,-118649.0,"[null, null, null, null, null]",0,,-118649.0,-122562.0,-142077.0,-963416.0,2749512.0
7469,10,Julián,Malatini,5217126.0,26.0,11.0,11.0,5.0,34567.0,288.0,0,2,https://kickbase.b-cdn.net/content/file/af2e51f752864218aed53729ddc7056e.png,22.0,1,55.0,,"[{""hasPlayed"": false, ""points"": null}, {""hasPlayed"": false, ""points"": null}, {""hasPlayed"": false, ""points"": null}, {""hasPlayed"": false, ""points"": null}, {""hasPlayed"": false, ""points"": null}]",5,Julián Malatini,118456.0,"[null, null, null, null, null]",0,,118456.0,133398.0,127779.0,1223270.0,4717126.0
3166,10,Keke,Topp,500000.0,22.0,20.0,20.0,7.0,45051.0,438.0,1,4,https://kickbase.b-cdn.net/content/file/3b2c4046987d46a6a2afe1a90455d7ea.png,9.0,0,876.0,,"[{""hasPlayed"": false, ""points"": null}, {""hasPlayed"": false, ""points"": null}, {""hasPlayed"": false, ""points"": null}, {""hasPlayed"": false, ""points"": null}, {""hasPlayed"": false, ""points"": null}]",5,Keke Topp,0.0,"[null, null, null, null, null]",0,,0.0,0.0,0.0,-120177.0,0.0
11181,7,Axel,Tape,3415487.0,20.0,6.0,6.0,2.0,15970.0,121.0,0,2,https://kickbase.b-cdn.net/content/file/b929e93687354267b939b60b82bcbbfb.png,16.0,2,35.0,,"[{""hasPlayed"": false, ""points"": null}, {""hasPlayed"": false, ""points"": null}, {""hasPlayed"": false, ""points"": null}, {""hasPlayed"": false, ""points"": null}, {""hasPlayed"": false, ""points"": null}]",5,Axel Tape,-143253.0,"[null, null, null, null, null]",0,,-143253.0,-146367.0,-150812.0,-1025411.0,2563425.0
9776,43,Andrija,Maksimovic,5871106.0,18.0,8.0,8.0,0.0,7579.0,140.0,0,3,https://kickbase.b-cdn.net/content/file/1427cbd96ee74d9dbfc9ed098c47ff78.png,30.0,1,23.0,,"[{""hasPlayed"": false, ""points"": null}, {""hasPlayed"": false, ""points"": null}, {""hasPlayed"": false, ""points"": null}, {""hasPlayed"": false, ""points"": null}, {""hasPlayed"": false, ""points"": null}]",3,Andrija Maksimovic,190002.0,"[null, null, null, null, null]",0,,190002.0,193769.0,206287.0,1628290.0,5371106.0
2190,4,Michy,Batshuayi,3941771.0,17.0,6.0,6.0,1.0,10960.0,104.0,0,4,https://kickbase.b-cdn.net/content/file/3b9e88cc2fb04c4b8f25529205d0e88b.png,30.0,1,26.0,,"[{""hasPlayed"": false, ""points"": null}, {""hasPlayed"": false, ""points"": null}, {""hasPlayed"": false, ""points"": null}, {""hasPlayed"": false, ""points"": null}, {""hasPlayed"": false, ""points"": null}]",5,Michy Batshuayi,305497.0,"[null, null, null, null, null]",0,,305497.0,290521.0,256605.0,1947650.0,2364029.0
12293,9,Jeremy,Arévalo,4067673.0,15.0,7.0,7.0,0.0,4191.0,108.0,2,4,https://kickbase.b-cdn.net/content/file/024720cbc2f540d19dfb555c607c7cc2.png,25.0,2,26.0,,"[{""hasPlayed"": false, ""points"": null}, {""hasPlayed"": false, ""points"": null}, {""hasPlayed"": false, ""points"": null}, {""hasPlayed"": false, ""points"": null}, {""hasPlayed"": false, ""points"": null}]",5,Jeremy Arévalo,-196328.0,"[null, null, null, null, null]",0,,-196328.0,-241969.0,-95874.0,108821.0,3567673.0
11261,18,Sota,Kawasaki,5773251.0,15.0,10.0,10.0,3.0,21929.0,146.0,0,3,https://kickbase.b-cdn.net/content/file/4678b1fe37904abeb5122cf3927324dc.png,24.0,1,25.0,,"[{""hasPlayed"": false, ""points"": null}, {""hasPlayed"": false, ""points"": null}, {""hasPlayed"": false, ""points"": null}, {""hasPlayed"": false, ""points"": null}, {""hasPlayed"": false, ""points"": null}]",5,Sota Kawasaki,218554.0,"[null, null, null, null, null]",0,,218554.0,202516.0,203803.0,1735231.0,5273251.0
9440,3,Filippo,Mane,3791425.0,12.0,4.0,4.0,2.0,8570.0,46.0,0,2,https://kickbase.b-cdn.net/content/file/9994a14997ae4a03a9ac5f78376003db.png,39.0,2,12.0,,"[{""hasPlayed"": false, ""points"": null}, {""hasPlayed"": false, ""points"": null}, {""hasPlayed"": false, ""points"": null}, {""hasPlayed"": false, ""points"": null}, {""hasPlayed"": false, ""points"": null}]",5,Filippo Mane,-97288.0,"[null, null, null, null, null]",0,,-97288.0,-98841.0,-115978.0,-815921.0,2999003.0
10120,6,Alexander,Røssing-Lelesiit,2170881.0,10.0,11.0,11.0,5.0,23037.0,114.0,4,4,https://kickbase.b-cdn.net/content/file/1e0140e6053349279a689f6bac4fdc91.png,38.0,2,52.0,,"[{""hasPlayed"": false, ""points"": null}, {""hasPlayed"": false, ""points"": null}, {""hasPlayed"": false, ""points"": null}, {""hasPlayed"": false, ""points"": null}, {""hasPlayed"": false, ""points"": null}]",5,Alexander Røssing-Lelesiit,-143269.0,"[null, null, null, null, null]",0,,-143269.0,-147037.0,-148032.0,-1023796.0,1670881.0
11258,9,Lazar,Jovanovic,6015018.0,10.0,3.0,3.0,0.0,3386.0,29.0,0,3,https://kickbase.b-cdn.net/content/file/fe20cf505b4f4572b0780b9e81982c43.png,45.0,1,4.0,,"[{""hasPlayed"": false, ""points"": null}, {""hasPlayed"": false, ""points"": null}, {""hasPlayed"": false, ""points"": null}, {""hasPlayed"": false, ""points"": null}, {""hasPlayed"": false, ""points"": null}]",5,Lazar Jovanovic,170197.0,"[null, null, null, null, null]",0,,170197.0,199117.0,219593.0,1732224.0,5515018.0
4318,7,Tim,Oermann,5762724.0,2.0,2.0,2.0,0.0,1774.0,3.0,0,2,https://kickbase.b-cdn.net/content/file/b9857e88faaf4de1a3450f6301c5448e.png,15.0,1,0.0,,"[{""hasPlayed"": false, ""points"": null}, {""hasPlayed"": false, ""points"": null}, {""hasPlayed"": false, ""points"": null}, {""hasPlayed"": false, ""points"": null}, {""hasPlayed"": false, ""points"": null}]",5,Tim Oermann,220085.0,"[null, null, null, null, null]",0,,220085.0,241389.0,239978.0,1824963.0,5262724.0
