id,teamId,firstName,lastName,marketValue,averagePoints,games,gamesPlayed,start11,totalPlaytimeS,totalPoints,status,position,playerImage,number,trend,pointsPerValue,pointsStdDev,history,startProbability,name,marketChangeToday,marketChange.today,marketChange.yesterday,marketChange.twoDays,marketChange.sevenDaysAvg,marketChange.thirtyDaysAvg,kickbase_percentile_rating,expected_match_points,ligainsider_starting_chance,kickbase_starting_chance,kicker_starting_chance,rotowire_starting_chance,questionable_injury_penalty,starting_chance,score_multiplier,score
173,2,Jonathan,Tah,29425590.0,134.0,2.0,2.0,1.0,6434.0,267.0,0,2,https://kickbase.b-cdn.net/content/file/cd9c5cb89a074d1ea56f7d952e5074e4.png,4.0,2,9.0,125.0,"[{""hasPlayed"": false, ""points"": null}, {""hasPlayed"": true, ""points"": 232}, {""hasPlayed"": true, ""points"": 35}]",2,Jonathan Tah,-387278.0,-387278.0,-434885.0,-377067.0,-2357431.0,-7311854.0,8.3,2.7587446094873025,1.0,0.0,0.0,1.0,0.0,1.0,10.0062,229.117768
237,2,Manuel,Neuer,13599928.0,121.0,2.0,2.0,2.0,11508.0,242.0,0,1,https://kickbase.b-cdn.net/content/file/bf993bb6d6914136b11177795c5f77a9.png,1.0,2,17.0,73.0,"[{""hasPlayed"": false, ""points"": null}, {""hasPlayed"": true, ""points"": 97}, {""hasPlayed"": true, ""points"": 145}]",2,Manuel Neuer,-416575.0,-416575.0,-366011.0,-308245.0,-1161880.0,908468.0,7.1,1.9874141510940744,1.0,0.0,0.0,1.0,0.0,1.0,10.0062,141.193891
383,2,Sven,Ulreich,500000.0,,,,,,,0,1,https://kickbase.b-cdn.net/content/file/0535504fe45c48b6a905e9a14da5851d.png,26.0,0,,0.0,"[{""hasPlayed"": false, ""points"": null}, {""hasPlayed"": false, ""points"": null}, {""hasPlayed"": false, ""points"": null}]",5,Sven Ulreich,0.0,0.0,0.0,0.0,0.0,-1579288.0,0.0,1.9874141510940744,0.0,0.0,0.0,0.0,0.0,0.0,10.0062,0.0
1685,2,Joshua,Kimmich,59941113.0,216.0,3.0,3.0,2.0,13248.0,649.0,0,3,https://kickbase.b-cdn.net/content/file/b41a70e2188a4c72aa165cfc7606c3e9.png,6.0,1,10.0,110.0,"[{""hasPlayed"": true, ""points"": 92}, {""hasPlayed"": true, ""points"": 254}, {""hasPlayed"": true, ""points"": 303}]",1,Joshua Kimmich,4271.0,4271.0,8016.0,6189.0,37653.0,292664.0,8.9,2.7587446094873025,1.0,0.0,0.0,1.0,0.0,1.0,10.0062,245.680498
1961,2,Serge,Gnabry,13176881.0,,,,,,,0,3,https://kickbase.b-cdn.net/content/file/0a28d7fc999e415eb4aba7e837b0384c.png,7.0,1,,0.0,"[{""hasPlayed"": false, ""points"": null}, {""hasPlayed"": false, ""points"": null}, {""hasPlayed"": false, ""points"": null}]",4,Serge Gnabry,179944.0,179944.0,171964.0,131965.0,778231.0,-4550793.0,0.0,2.7587446094873025,0.0,0.0,0.0,0.0,0.0,0.0,10.0062,0.0
1991,2,Dayot,Upamecano,33640826.0,205.0,3.0,3.0,3.0,17409.0,615.0,0,2,https://kickbase.b-cdn.net/content/file/13835e113e4f40d986f924b517690435.png,2.0,1,18.0,73.0,"[{""hasPlayed"": true, ""points"": 126}, {""hasPlayed"": true, ""points"": 217}, {""hasPlayed"": true, ""points"": 272}]",3,Dayot Upamecano,42144.0,42144.0,37069.0,17347.0,52354.0,30028.0,8.3,2.7587446094873025,0.6896551724137931,0.0,0.0,1.0,0.0,0.7517241379310345,10.0062,172.233356
2038,2,Konrad,Laimer,28636864.0,118.0,2.0,2.0,2.0,11508.0,236.0,0,2,https://kickbase.b-cdn.net/content/file/cb9d5de1bbd14bf0915f1ec819569c17.png,27.0,2,8.0,69.0,"[{""hasPlayed"": false, ""points"": null}, {""hasPlayed"": true, ""points"": 129}, {""hasPlayed"": true, ""points"": 107}]",2,Konrad Laimer,-637338.0,-637338.0,-613233.0,-600320.0,-3457854.0,-5235624.0,7.5,2.7587446094873025,1.0,0.0,0.0,1.0,0.0,1.0,10.0062,207.034127
2300,2,Josip,Stanišić,16754771.0,81.0,2.0,2.0,1.0,7199.0,161.0,0,2,https://kickbase.b-cdn.net/content/file/e5f36d7812254f3cb4534802eb6cd7e9.png,44.0,1,9.0,59.0,"[{""hasPlayed"": true, ""points"": 118}, {""hasPlayed"": false, ""points"": null}, {""hasPlayed"": true, ""points"": 43}]",4,Josip Stanišić,27961.0,27961.0,44108.0,10437.0,-1067706.0,-7902399.0,7.8,2.7587446094873025,0.0,0.0,0.0,0.0,0.0,0.0,10.0062,0.0
2366,2,Alphonso,Davies,16003698.0,148.0,3.0,3.0,2.0,11963.0,443.0,0,2,https://kickbase.b-cdn.net/content/file/1321be6fb58f47b592a91f17f6b2bf68.png,19.0,1,27.0,56.0,"[{""hasPlayed"": true, ""points"": 89}, {""hasPlayed"": true, ""points"": 201}, {""hasPlayed"": true, ""points"": 153}]",3,Alphonso Davies,238252.0,238252.0,236116.0,226597.0,1633914.0,2017833.0,8.6,2.7587446094873025,0.6896551724137931,0.0,0.0,1.0,0.0,0.7517241379310345,10.0062,178.458658
2804,2,Jamal,Musiala,25381075.0,57.0,2.0,2.0,0.0,3962.0,113.0,0,3,https://kickbase.b-cdn.net/content/file/02ac203768a94e169fa6c6b87130a94e.png,10.0,1,4.0,37.0,"[{""hasPlayed"": true, ""points"": 75}, {""hasPlayed"": true, ""points"": 38}, {""hasPlayed"": false, ""points"": null}]",3,Jamal Musiala,100760.0,100760.0,115667.0,117759.0,816483.0,-9834914.0,7.9,2.7587446094873025,0.6896551724137931,0.0,0.0,1.0,0.0,0.7517241379310345,10.0062,163.932954
3072,2,Jonas,Urbig,4695440.0,83.0,1.0,1.0,1.0,5901.0,83.0,0,1,https://kickbase.b-cdn.net/content/file/7305496deb014e31a4001d36894c457d.png,40.0,1,17.0,47.0,"[{""hasPlayed"": true, ""points"": 83}, {""hasPlayed"": false, ""points"": null}, {""hasPlayed"": false, ""points"": null}]",4,Jonas Urbig,117978.0,117978.0,8545.0,-26559.0,-65100.0,-4994082.0,0.0,1.9874141510940744,0.0,0.0,0.0,0.0,0.0,0.0,10.0062,0.0
3089,2,Hiroki,Ito,3394694.0,,,,,,,0,2,https://kickbase.b-cdn.net/content/file/7d48858483334caca6c4315882270919.png,21.0,2,,0.0,"[{""hasPlayed"": false, ""points"": null}, {""hasPlayed"": false, ""points"": null}, {""hasPlayed"": false, ""points"": null}]",5,Hiroki Ito,-116058.0,-116058.0,-100934.0,-92897.0,-705232.0,-1336709.0,0.0,2.7587446094873025,0.0,0.0,0.0,0.0,0.0,0.0,10.0062,0.0
3120,2,Tom,Bischof,16943611.0,65.0,3.0,3.0,1.0,6027.0,196.0,0,3,https://kickbase.b-cdn.net/content/file/9d622fb218a14c90ad0a75266080e027.png,8.0,2,11.0,37.0,"[{""hasPlayed"": true, ""points"": 108}, {""hasPlayed"": true, ""points"": 48}, {""hasPlayed"": true, ""points"": 40}]",4,Tom Bischof,47159.0,47159.0,-4419.0,-104717.0,-1332384.0,-4929003.0,8.3,2.7587446094873025,0.0,0.0,0.0,0.0,0.0,0.0,10.0062,0.0
3543,2,Nathaniel,Brown,24152515.0,70.0,3.0,3.0,3.0,10672.0,210.0,0,2,https://kickbase.b-cdn.net/content/file/4dd49322843644839bb43182b3a8b68b.png,11.0,2,8.0,8.0,"[{""hasPlayed"": true, ""points"": 74}, {""hasPlayed"": true, ""points"": 76}, {""hasPlayed"": true, ""points"": 60}]",3,Nathaniel Brown,-501168.0,-501168.0,-531751.0,-499485.0,-4069142.0,-4466218.0,6.8,2.7587446094873025,0.3103448275862069,0.0,0.0,0.0,0.0,0.2482758620689655,10.0062,46.604096
6080,2,Aleksandar,Pavlović,33850315.0,225.0,3.0,3.0,3.0,15541.0,675.0,0,3,https://kickbase.b-cdn.net/content/file/958c27ad7cf943a8b9e380f72fdc5b4f.png,45.0,1,19.0,47.0,"[{""hasPlayed"": true, ""points"": 249}, {""hasPlayed"": true, ""points"": 170}, {""hasPlayed"": true, ""points"": 256}]",2,Aleksandar Pavlović,73065.0,73065.0,42017.0,33399.0,305396.0,2164289.0,9.0,2.7587446094873025,1.0,0.0,0.0,1.0,0.0,1.0,10.0062,248.440953
6668,2,Kim,Minjae,13234951.0,120.0,2.0,2.0,2.0,10974.0,239.0,0,2,https://kickbase.b-cdn.net/content/file/4df81f5e57ca4e278fb6bc229ed6e05d.png,3.0,1,18.0,69.0,"[{""hasPlayed"": true, ""points"": 129}, {""hasPlayed"": false, ""points"": null}, {""hasPlayed"": true, ""points"": 110}]",3,Kim Minjae,95779.0,95779.0,77053.0,94667.0,717041.0,3613409.0,7.3,2.7587446094873025,0.3103448275862069,0.0,0.0,0.0,0.0,0.2482758620689655,10.0062,50.030868
7226,2,Harry,Kane,66051468.0,134.0,3.0,3.0,2.0,13880.0,403.0,0,4,https://kickbase.b-cdn.net/content/file/8558eff47626439593b2acd71e400ab3.png,9.0,2,6.0,70.0,"[{""hasPlayed"": true, ""points"": 209}, {""hasPlayed"": true, ""points"": 70}, {""hasPlayed"": true, ""points"": 124}]",2,Harry Kane,-241732.0,-241732.0,-269618.0,-352446.0,-2493666.0,-2572359.0,9.0,2.7587446094873025,1.0,0.0,0.0,1.0,0.0,1.0,10.0062,248.440953
8329,2,Michael,Olise,65084919.0,202.0,3.0,3.0,2.0,13898.0,606.0,0,3,https://kickbase.b-cdn.net/content/file/2d1bffc491014bb582c5d1c622b0ee37.png,17.0,1,9.0,67.0,"[{""hasPlayed"": true, ""points"": 232}, {""hasPlayed"": true, ""points"": 125}, {""hasPlayed"": true, ""points"": 249}]",2,Michael Olise,6137.0,6137.0,5360.0,6413.0,37823.0,531014.0,9.2,2.7587446094873025,1.0,0.0,0.0,1.0,0.0,1.0,10.0062,253.961863
10789,2,Lennart,Karl,20911496.0,93.0,3.0,3.0,2.0,8373.0,280.0,0,3,https://kickbase.b-cdn.net/content/file/64b2f60104dd4a96af2c8b9d4af6f07d.png,42.0,1,13.0,84.0,"[{""hasPlayed"": true, ""points"": 186}, {""hasPlayed"": true, ""points"": 73}, {""hasPlayed"": true, ""points"": 21}]",3,Lennart Karl,75525.0,75525.0,41151.0,14253.0,197633.0,-3462444.0,8.1,2.7587446094873025,0.3103448275862069,0.0,0.0,0.0,0.0,0.2482758620689655,10.0062,55.513703
11675,2,Luis,Díaz,52425755.0,139.0,3.0,3.0,2.0,13244.0,418.0,0,4,https://kickbase.b-cdn.net/content/file/43b93afe59614450a4de3fd8e08c486b.png,14.0,2,7.0,71.0,"[{""hasPlayed"": true, ""points"": 74}, {""hasPlayed"": true, ""points"": 129}, {""hasPlayed"": true, ""points"": 215}]",2,Luis Díaz,-557521.0,-557521.0,-300637.0,-260150.0,-1359159.0,-838559.0,7.3,2.7587446094873025,0.6896551724137931,0.0,0.0,1.0,0.0,0.7517241379310345,10.0062,151.48235
12314,2,Bara Sapoko,Ndiaye,816989.0,,,,,,,0,3,https://kickbase.b-cdn.net/content/file/68a7688ebea44fc49865d84afbf17a38.png,39.0,2,,0.0,"[{""hasPlayed"": false, ""points"": null}, {""hasPlayed"": false, ""points"": null}, {""hasPlayed"": false, ""points"": null}]",5,Bara Sapoko Ndiaye,-101436.0,-101436.0,-95638.0,-61761.0,-541323.0,-2273294.0,0.0,2.7587446094873025,0.0,0.0,0.0,0.0,0.0,0.0,10.0062,0.0
14251,2,Ismael,Saibari,27672209.0,133.0,3.0,3.0,2.0,9755.0,399.0,0,4,https://kickbase.b-cdn.net/content/file/a8113275ef93446185b8dd4966df1834.png,34.0,2,14.0,81.0,"[{""hasPlayed"": true, ""points"": 180}, {""hasPlayed"": true, ""points"": 39}, {""hasPlayed"": true, ""points"": 180}]",3,Ismael Saibari,-199137.0,-199137.0,-345839.0,-391968.0,-2750900.0,-1999686.0,7.4,2.7587446094873025,0.3103448275862069,0.0,0.0,0.0,0.0,0.2482758620689655,10.0062,50.716222
15502,2,Tim,Binder,921659.0,,,,,,,4,3,https://kickbase.b-cdn.net/content/file/bd4ad2cb101841eab3aa5641a51ee891.png,0.0,2,,0.0,"[{""hasPlayed"": false, ""points"": null}, {""hasPlayed"": false, ""points"": null}, {""hasPlayed"": false, ""points"": null}]",5,Tim Binder,-138772.0,-138772.0,-145756.0,-133358.0,-947510.0,-204593.0,0.0,2.7587446094873025,0.0,0.0,0.0,0.0,0.0,0.0,10.0062,0.0
1664,9,Maximilian,Mittelstädt,27181563.0,173.0,3.0,3.0,3.0,16532.0,518.0,0,2,https://kickbase.b-cdn.net/content/file/eb576d01f97f40aa86c36b009d8502ec.png,7.0,1,19.0,81.0,"[{""hasPlayed"": true, ""points"": 226}, {""hasPlayed"": true, ""points"": 213}, {""hasPlayed"": true, ""points"": 79}]",1,Maximilian Mittelstädt,66155.0,66155.0,67083.0,40040.0,338965.0,-983910.0,7.7,1.434081750143926,1.0,0.0,0.0,1.0,0.0,1.0,10.0062,110.492758
1671,9,Grischa,Prömel,16912477.0,102.0,3.0,3.0,3.0,17511.0,307.0,0,3,https://kickbase.b-cdn.net/content/file/08b903ec758e4ca3be71c96efaf7d324.png,21.0,1,18.0,104.0,"[{""hasPlayed"": true, ""points"": 49}, {""hasPlayed"": true, ""points"": 223}, {""hasPlayed"": true, ""points"": 35}]",1,Grischa Prömel,91142.0,91142.0,98390.0,120926.0,978469.0,4916933.0,6.4,1.434081750143926,0.6896551724137931,0.0,0.0,1.0,0.0,0.7517241379310345,10.0062,69.036944
2068,9,Dan-Axel,Zagadou,500000.0,,,,,,,1,2,https://kickbase.b-cdn.net/content/file/b356ec2b4bb34ae28c670dafbe1077c8.png,23.0,2,,0.0,"[{""hasPlayed"": false, ""points"": null}, {""hasPlayed"": false, ""points"": null}, {""hasPlayed"": false, ""points"": null}]",5,Dan-Axel Zagadou,-36988.0,-36988.0,-80290.0,-71686.0,-442519.0,-3428526.0,0.0,1.434081750143926,0.0,0.0,0.0,0.0,0.0,0.0,10.0062,0.0
2120,9,Nikolas,Nartey,4150221.0,,,,,,,2,3,https://kickbase.b-cdn.net/content/file/2133891e0645414dbdd7c340023656af.png,28.0,1,,0.0,"[{""hasPlayed"": false, ""points"": null}, {""hasPlayed"": false, ""points"": null}, {""hasPlayed"": false, ""points"": null}]",5,Nikolas Nartey,147181.0,147181.0,34170.0,-27088.0,-150029.0,-2898719.0,0.0,1.434081750143926,0.0,0.0,0.0,0.0,0.0,0.0,10.0062,0.0
2172,9,Chris,Führich,19591818.0,78.0,2.0,2.0,2.0,8459.0,155.0,0,3,https://kickbase.b-cdn.net/content/file/9a804bbfd5e14d84a33ca8e11ba3feb7.png,10.0,2,7.0,48.0,"[{""hasPlayed"": true, ""points"": 59}, {""hasPlayed"": true, ""points"": 96}, {""hasPlayed"": false, ""points"": null}]",2,Chris Führich,-467007.0,-467007.0,-409823.0,-169776.0,-1208118.0,-5621238.0,6.8,1.434081750143926,1.0,0.0,0.0,1.0,0.0,1.0,10.0062,97.57802
2199,9,Josha,Vagnoman,11469173.0,153.0,3.0,3.0,3.0,16621.0,458.0,0,2,https://kickbase.b-cdn.net/content/file/c0ddab007ad34b48b3efcfa3cb66ef4d.png,4.0,1,39.0,136.0,"[{""hasPlayed"": true, ""points"": 75}, {""hasPlayed"": true, ""points"": 310}, {""hasPlayed"": true, ""points"": 73}]",2,Josha Vagnoman,230033.0,230033.0,224716.0,226949.0,1799960.0,6973340.0,6.9,1.434081750143926,0.6896551724137931,0.0,0.0,1.0,0.0,0.7517241379310345,10.0062,74.430455
2214,9,Atakan,Karazor,2910699.0,,,,,,,0,3,https://kickbase.b-cdn.net/content/file/219e2119996649e0846de7d6cd41906d.png,16.0,2,,0.0,"[{""hasPlayed"": false, ""points"": null}, {""hasPlayed"": false, ""points"": null}, {""hasPlayed"": false, ""points"": null}]",4,Atakan Karazor,-120587.0,-120587.0,-118347.0,-95513.0,-709966.0,-5126224.0,0.0,1.434081750143926,0.3103448275862069,0.0,0.0,0.0,0.0,0.2482758620689655,10.0062,0.0
2237,9,Fabian,Bredlow,13124936.0,130.0,3.0,3.0,3.0,17511.0,390.0,0,1,https://kickbase.b-cdn.net/content/file/9c66b1c555ae45aea1e62e700f53f3e9.png,1.0,1,29.0,20.0,"[{""hasPlayed"": true, ""points"": 128}, {""hasPlayed"": true, ""points"": 151}, {""hasPlayed"": true, ""points"": 111}]",1,Fabian Bredlow,67827.0,67827.0,57659.0,32849.0,488041.0,4859006.0,6.2,1.3692381500671653,1.0,0.0,0.0,1.0,0.0,1.0,10.0062,84.945399
2445,9,Marius,Funk,897330.0,,,,,,,0,1,https://kickbase.b-cdn.net/content/file/0e9c65b96cb040e5bd1a1d2127c167c9.png,33.0,2,,0.0,"[{""hasPlayed"": false, ""points"": null}, {""hasPlayed"": false, ""points"": null}, {""hasPlayed"": false, ""points"": null}]",5,Marius Funk,-153147.0,-153147.0,-159213.0,-161158.0,-1078207.0,-3532933.0,0.0,1.3692381500671653,0.0,0.0,0.0,0.0,0.0,0.0,10.0062,0.0
2694,9,Angelo,Stiller,28577161.0,51.0,3.0,3.0,3.0,12900.0,153.0,2,3,https://kickbase.b-cdn.net/content/file/11b094668fbf453fa70c2bcce7ffa8e8.png,6.0,2,5.0,66.0,"[{""hasPlayed"": true, ""points"": 1}, {""hasPlayed"": true, ""points"": 127}, {""hasPlayed"": true, ""points"": 25}]",3,Angelo Stiller,-801689.0,-801689.0,-883151.0,-603807.0,-4211375.0,-8266968.0,6.5,1.434081750143926,0.6348884381338742,0.0,0.0,0.0,0.15,0.5079107505070993,10.0062,47.374414
2854,9,Ermedin,Demirović,17241676.0,56.0,3.0,3.0,1.0,7639.0,168.0,0,4,https://kickbase.b-cdn.net/content/file/80dff151ca80494294c4872fe9d6d725.png,9.0,1,9.0,94.0,"[{""hasPlayed"": true, ""points"": 7}, {""hasPlayed"": true, ""points"": 165}, {""hasPlayed"": true, ""points"": -4}]",3,Ermedin Demirović,135695.0,135695.0,155995.0,182931.0,1060601.0,-6005558.0,7.1,1.434081750143926,0.3103448275862069,0.0,0.0,0.0,0.0,0.2482758620689655,10.0062,25.295073
2988,9,Jamie,Leweling,16900776.0,3.0,3.0,3.0,0.0,4325.0,8.0,0,3,https://kickbase.b-cdn.net/content/file/c9e7ad1b174e48d8aaf075b0bc0bb13d.png,18.0,2,0.0,16.0,"[{""hasPlayed"": true, ""points"": -10}, {""hasPlayed"": true, ""points"": 21}, {""hasPlayed"": true, ""points"": -3}]",3,Jamie Leweling,-527313.0,-527313.0,-516479.0,-297624.0,-3145379.0,-10101411.0,6.0,1.434081750143926,0.3103448275862069,0.0,0.0,0.0,0.0,0.2482758620689655,10.0062,21.376118
3190,9,Jeff,Chabot,21760078.0,89.0,3.0,3.0,3.0,16232.0,268.0,0,2,https://kickbase.b-cdn.net/content/file/ee6e1ec0b942485d99b3293e1c9d42f9.png,24.0,2,12.0,76.0,"[{""hasPlayed"": true, ""points"": 81}, {""hasPlayed"": true, ""points"": 170}, {""hasPlayed"": true, ""points"": 17}]",1,Jeff Chabot,-465419.0,-465419.0,-456009.0,-286473.0,-1146202.0,-4027451.0,7.3,1.434081750143926,1.0,0.0,0.0,1.0,0.0,1.0,10.0062,104.752874
3193,9,,Tiago Tomás,5160469.0,35.0,1.0,1.0,1.0,3780.0,35.0,1,4,https://kickbase.b-cdn.net/content/file/bc4ccccad9f44c0fa4e3f4e7a406cb75.png,8.0,2,6.0,20.0,"[{""hasPlayed"": false, ""points"": null}, {""hasPlayed"": false, ""points"": null}, {""hasPlayed"": true, ""points"": 35}]",5,Tiago Tomás,-364556.0,-364556.0,-373009.0,-362472.0,-2588026.0,506265.0,0.0,1.434081750143926,0.0,0.0,0.0,0.0,0.0,0.0,10.0062,0.0
4296,9,Dzenan,Pejčinović,9986106.0,34.0,3.0,3.0,3.0,15534.0,102.0,0,4,https://kickbase.b-cdn.net/content/file/dce6b383ea96472faf6e2059c30593a9.png,17.0,2,10.0,45.0,"[{""hasPlayed"": true, ""points"": 15}, {""hasPlayed"": true, ""points"": 93}, {""hasPlayed"": true, ""points"": -6}]",3,Dzenan Pejčinović,-505282.0,-505282.0,-578799.0,-419076.0,-1583604.0,6260092.0,5.6,1.434081750143926,0.6896551724137931,0.0,0.0,1.0,0.0,0.7517241379310345,10.0062,60.407326
4589,9,Justin,Diehl,500000.0,,,,,,,1,4,https://kickbase.b-cdn.net/content/file/30199653f3bb49e4893c86fb81d21361.png,31.0,0,,0.0,"[{""hasPlayed"": false, ""points"": null}, {""hasPlayed"": false, ""points"": null}, {""hasPlayed"": false, ""points"": null}]",5,Justin Diehl,0.0,0.0,0.0,0.0,-249581.0,0.0,0.0,1.434081750143926,0.0,0.0,0.0,0.0,0.0,0.0,10.0062,0.0
6085,9,Dennis,Seimen,4932257.0,,,,,,,4,1,https://kickbase.b-cdn.net/content/file/6d05c64ea8014ede879dd27ed387ef4e.png,41.0,2,,0.0,"[{""hasPlayed"": false, ""points"": null}, {""hasPlayed"": false, ""points"": null}, {""hasPlayed"": false, ""points"": null}]",5,Dennis Seimen,-2101.0,-2101.0,-43317.0,-147616.0,-970516.0,-1301130.0,0.0,1.3692381500671653,0.0,0.0,0.0,0.0,0.0,0.0,10.0062,0.0
7158,9,Deniz,Undav,34286712.0,12.0,3.0,3.0,2.0,10560.0,36.0,0,4,https://kickbase.b-cdn.net/content/file/09b0fa82db54498db93794d443c5dd46.png,26.0,2,1.0,45.0,"[{""hasPlayed"": true, ""points"": -17}, {""hasPlayed"": true, ""points"": 64}, {""hasPlayed"": true, ""points"": -11}]",2,Deniz Undav,-769661.0,-769661.0,-816126.0,-685447.0,-5113600.0,-9579374.0,6.3,1.434081750143926,1.0,0.0,0.0,1.0,0.0,1.0,10.0062,90.403165
7257,9,Leonidas,Stergiou,1045912.0,-8.0,1.0,1.0,0.0,1286.0,-8.0,0,2,https://kickbase.b-cdn.net/content/file/5969fcecc82d4c039732fa615901d1b2.png,20.0,2,,4.0,"[{""hasPlayed"": false, ""points"": null}, {""hasPlayed"": false, ""points"": null}, {""hasPlayed"": true, ""points"": -8}]",5,Leonidas Stergiou,-143723.0,-143723.0,-145288.0,-124933.0,-849635.0,-4134111.0,0.0,1.434081750143926,0.0,0.0,0.0,0.0,0.0,0.0,10.0062,0.0
7349,9,Finn,Jeltsch,16228359.0,90.0,3.0,3.0,3.0,17511.0,271.0,0,2,https://kickbase.b-cdn.net/content/file/256dbc8d5e474b4caea5b04904175a7d.png,29.0,2,16.0,85.0,"[{""hasPlayed"": true, ""points"": 71}, {""hasPlayed"": true, ""points"": 184}, {""hasPlayed"": true, ""points"": 16}]",1,Finn Jeltsch,-275861.0,-275861.0,-110457.0,-6326.0,-166318.0,3516766.0,6.8,1.434081750143926,1.0,0.0,0.0,1.0,0.0,1.0,10.0062,97.57802
7781,9,Leo,Sauer,5213464.0,16.0,2.0,2.0,0.0,1881.0,32.0,0,3,https://kickbase.b-cdn.net/content/file/79854e5f8e024f4cac5b935b26f557ef.png,44.0,1,6.0,23.0,"[{""hasPlayed"": true, ""points"": -6}, {""hasPlayed"": true, ""points"": 38}, {""hasPlayed"": false, ""points"": null}]",5,Leo Sauer,281993.0,281993.0,235414.0,168228.0,1632728.0,-743339.0,7.7,1.434081750143926,0.0,0.0,0.0,0.0,0.0,0.0,10.0062,0.0
8247,9,Ramon,Hendriks,7610638.0,18.0,3.0,3.0,2.0,11892.0,54.0,0,2,https://kickbase.b-cdn.net/content/file/105193e4d2f8459290802db43899091e.png,3.0,2,7.0,49.0,"[{""hasPlayed"": true, ""points"": 59}, {""hasPlayed"": true, ""points"": -37}, {""hasPlayed"": true, ""points"": 32}]",3,Ramon Hendriks,-286604.0,-286604.0,-231171.0,-111492.0,-1504359.0,-4839321.0,5.4,1.434081750143926,0.6896551724137931,0.0,0.0,1.0,0.0,0.7517241379310345,10.0062,58.249921
9615,9,Ameen,Al Dakhil,1515460.0,,,,,,,256,2,https://kickbase.b-cdn.net/content/file/4aee2e4168564f5e94d30aa4876c1170.png,2.0,1,,0.0,"[{""hasPlayed"": false, ""points"": null}, {""hasPlayed"": false, ""points"": null}, {""hasPlayed"": false, ""points"": null}]",5,Ameen Al Dakhil,230870.0,230870.0,210029.0,178178.0,590396.0,-2115021.0,0.0,1.434081750143926,0.0,0.0,0.0,0.0,0.0,0.0,10.0062,0.0
10112,9,Luca,Jaquez,1237308.0,,,,,,,2,2,https://kickbase.b-cdn.net/content/file/723a3008f59f42d2bc35e506cca0cae0.png,14.0,2,,0.0,"[{""hasPlayed"": false, ""points"": null}, {""hasPlayed"": false, ""points"": null}, {""hasPlayed"": false, ""points"": null}]",5,Luca Jaquez,-92736.0,-92736.0,-94023.0,-82155.0,-573397.0,-3191965.0,0.0,1.434081750143926,0.0,0.0,0.0,0.0,0.0,0.0,10.0062,0.0
11043,9,Lorenz,Assignon,2013485.0,,,,,,,0,2,https://kickbase.b-cdn.net/content/file/9a09f4c605aa4708839026cfa823e807.png,22.0,2,,0.0,"[{""hasPlayed"": false, ""points"": null}, {""hasPlayed"": false, ""points"": null}, {""hasPlayed"": false, ""points"": null}]",4,Lorenz Assignon,-127025.0,-127025.0,-135004.0,-136788.0,-910800.0,1165496.0,0.0,1.434081750143926,0.0,0.0,0.0,0.0,0.0,0.0,10.0062,0.0
11955,9,Bilal,El Khannouss,19742263.0,63.0,3.0,3.0,1.0,7830.0,189.0,0,3,https://kickbase.b-cdn.net/content/file/5647309665b04428a87e221756ac45de.png,11.0,1,9.0,149.0,"[{""hasPlayed"": true, ""points"": 20}, {""hasPlayed"": true, ""points"": 229}, {""hasPlayed"": true, ""points"": -60}]",3,Bilal El Khannouss,98726.0,98726.0,118288.0,152229.0,986008.0,-4856180.0,6.5,1.434081750143926,0.3103448275862069,0.0,0.0,0.0,0.0,0.2482758620689655,10.0062,23.157461
12367,9,Yanik,Spalt,1762428.0,20.0,2.0,2.0,0.0,4173.0,39.0,0,3,https://kickbase.b-cdn.net/content/file/4369628365234b989d2c7b1750ba118a.png,47.0,1,22.0,0.0,"[{""hasPlayed"": true, ""points"": 20}, {""hasPlayed"": true, ""points"": 19}, {""hasPlayed"": false, ""points"": null}]",3,Yanik Spalt,362975.0,362975.0,361272.0,350109.0,1262428.0,1262428.0,0.0,1.434081750143926,0.36511156186612576,0.0,0.0,1.0,0.0,0.49208924949290067,10.0062,0.0
859,77,Jan,Gyamerah,7818644.0,57.0,3.0,3.0,3.0,15887.0,172.0,0,2,https://kickbase.b-cdn.net/content/file/605c8e04a1e448d28636a175391a6394.png,30.0,1,21.0,26.0,"[{""hasPlayed"": true, ""points"": 28}, {""hasPlayed"": true, ""points"": 81}, {""hasPlayed"": true, ""points"": 63}]",1,Jan Gyamerah,371544.0,371544.0,324201.0,206212.0,1708088.0,1783457.0,5.4,1.0526315789473684,1.0,0.0,0.0,1.0,0.0,1.0,10.0062,56.877347
1745,77,Amara,Condé,2350814.0,-1.0,2.0,2.0,0.0,1706.0,-2.0,0,3,https://kickbase.b-cdn.net/content/file/f4a59adaeaa34d489c40d0fc80a957a6.png,6.0,1,,15.0,"[{""hasPlayed"": true, ""points"": -16}, {""hasPlayed"": true, ""points"": 14}, {""hasPlayed"": false, ""points"": null}]",5,Amara Condé,-43144.0,-43144.0,37587.0,61679.0,902553.0,-714617.0,4.1,1.0526315789473684,0.0,0.0,0.0,0.0,0.0,0.0,10.0062,0.0
2495,77,Tim,Boss,639594.0,,,,,,,0,1,https://kickbase.b-cdn.net/content/file/56d626009997411d96ea41f2355a4a62.png,28.0,2,,0.0,"[{""hasPlayed"": false, ""points"": null}, {""hasPlayed"": false, ""points"": null}, {""hasPlayed"": false, ""points"": null}]",5,Tim Boss,-144681.0,-144681.0,-145593.0,-149532.0,-1043021.0,-4906662.0,0.0,1.1912280701754385,0.0,0.0,0.0,0.0,0.0,0.0,10.0062,0.0
2928,77,Lukas Emanuel,Petkov,12574130.0,119.0,3.0,3.0,3.0,17012.0,357.0,0,3,https://kickbase.b-cdn.net/content/file/128565baaabc492cb4552221f5309f70.png,25.0,1,28.0,102.0,"[{""hasPlayed"": true, ""points"": 33}, {""hasPlayed"": true, ""points"": 91}, {""hasPlayed"": true, ""points"": 233}]",1,Lukas Emanuel Petkov,194277.0,194277.0,160461.0,96608.0,937493.0,832030.0,6.4,1.0526315789473684,1.0,0.0,0.0,1.0,0.0,1.0,10.0062,67.410189
3026,77,Lasse,Günther,8289090.0,48.0,3.0,3.0,3.0,16390.0,143.0,0,2,https://kickbase.b-cdn.net/content/file/efd54edaa770405ba5107ab4d8e895ec.png,21.0,2,17.0,30.0,"[{""hasPlayed"": true, ""points"": 15}, {""hasPlayed"": true, ""points"": 54}, {""hasPlayed"": true, ""points"": 74}]",1,Lasse Günther,-267491.0,-267491.0,-212397.0,-106176.0,-94652.0,-1242389.0,4.7,1.0526315789473684,1.0,0.0,0.0,1.0,0.0,1.0,10.0062,49.504358
3232,77,Luca,Pfeiffer,763244.0,,,,,,,0,4,https://kickbase.b-cdn.net/content/file/31027969e84a49f6955ebbed0c02920c.png,16.0,2,,0.0,"[{""hasPlayed"": false, ""points"": null}, {""hasPlayed"": false, ""points"": null}, {""hasPlayed"": false, ""points"": null}]",5,Luca Pfeiffer,-121572.0,-121572.0,-138309.0,-137516.0,-867533.0,-4115951.0,0.0,1.0526315789473684,0.0,0.0,0.0,0.0,0.0,0.0,10.0062,0.0
3284,77,Maximilian,Rohr,10658938.0,104.0,3.0,3.0,3.0,16785.0,311.0,0,2,https://kickbase.b-cdn.net/content/file/42996bfe19eb43e8ab7a10cabb206982.png,31.0,1,29.0,14.0,"[{""hasPlayed"": true, ""points"": 109}, {""hasPlayed"": true, ""points"": 115}, {""hasPlayed"": true, ""points"": 87}]",1,Maximilian Rohr,96891.0,96891.0,-11352.0,-41538.0,343293.0,-145594.0,6.2,1.0526315789473684,1.0,0.0,0.0,1.0,0.0,1.0,10.0062,65.303621
3350,77,Felix,Keidel,9312350.0,93.0,3.0,3.0,3.0,16417.0,280.0,0,2,https://kickbase.b-cdn.net/content/file/d6f20538ad104c5cb3d4ba7d427f874d.png,43.0,1,30.0,80.0,"[{""hasPlayed"": true, ""points"": 30}, {""hasPlayed"": true, ""points"": 184}, {""hasPlayed"": true, ""points"": 66}]",1,Felix Keidel,52662.0,52662.0,22240.0,-22025.0,502512.0,4839566.0,6.7,1.0526315789473684,1.0,0.0,0.0,1.0,0.0,1.0,10.0062,70.570042
6148,77,Lukas,Pinckert,11132583.0,114.0,3.0,3.0,3.0,17640.0,343.0,0,2,https://kickbase.b-cdn.net/content/file/4f8f4bead9d74021b33b2641418a1631.png,19.0,1,30.0,44.0,"[{""hasPlayed"": true, ""points"": 71}, {""hasPlayed"": true, ""points"": 160}, {""hasPlayed"": true, ""points"": 112}]",1,Lukas Pinckert,199312.0,199312.0,127470.0,59509.0,921399.0,1220953.0,6.7,1.0526315789473684,1.0,0.0,0.0,1.0,0.0,1.0,10.0062,70.570042
6149,77,Frank,Lehmann,500000.0,,,,,,,0,1,https://kickbase.b-cdn.net/content/file/d396d4eb04c8406a99e09a3ad8cbd7d5.png,1.0,0,,0.0,"[{""hasPlayed"": false, ""points"": null}, {""hasPlayed"": false, ""points"": null}, {""hasPlayed"": false, ""points"": null}]",5,Frank Lehmann,0.0,0.0,0.0,0.0,0.0,-1699113.0,0.0,1.1912280701754385,0.0,0.0,0.0,0.0,0.0,0.0,10.0062,0.0
6158,77,Luca,Schnellbacher,3084077.0,6.0,2.0,2.0,0.0,1901.0,12.0,0,4,https://kickbase.b-cdn.net/content/file/082f309a17cb4c1b99372df2de90cc87.png,24.0,2,3.0,9.0,"[{""hasPlayed"": true, ""points"": -3}, {""hasPlayed"": false, ""points"": null}, {""hasPlayed"": true, ""points"": 15}]",5,Luca Schnellbacher,-134659.0,-134659.0,-130248.0,-129941.0,-930274.0,-474103.0,6.1,1.0526315789473684,0.0,0.0,0.0,0.0,0.0,0.0,10.0062,0.0
6160,77,Nicolas,Kristof,11859515.0,96.0,3.0,3.0,3.0,17640.0,288.0,0,1,https://kickbase.b-cdn.net/content/file/e88c0be37ac84419974461264ed59e68.png,20.0,2,24.0,11.0,"[{""hasPlayed"": true, ""points"": 100}, {""hasPlayed"": true, ""points"": 105}, {""hasPlayed"": true, ""points"": 83}]",1,Nicolas Kristof,19907.0,19907.0,-29909.0,-89517.0,-141722.0,-491230.0,6.0,1.1912280701754385,1.0,0.0,0.0,1.0,0.0,1.0,10.0062,71.517998
6183,77,Noel,Futkeu,6847569.0,57.0,2.0,2.0,0.0,2469.0,113.0,0,4,https://kickbase.b-cdn.net/content/file/dfbdf3f14b144658845ce17d14108e74.png,9.0,2,16.0,73.0,"[{""hasPlayed"": true, ""points"": -9}, {""hasPlayed"": true, ""points"": 122}, {""hasPlayed"": false, ""points"": null}]",5,Noel Futkeu,-246375.0,-246375.0,-60449.0,-33005.0,21945.0,-1594900.0,6.8,1.0526315789473684,0.0,0.0,0.0,0.0,0.0,0.0,10.0062,0.0
7278,77,Lukasz,Poreba,9874671.0,76.0,3.0,3.0,3.0,17640.0,228.0,0,3,https://kickbase.b-cdn.net/content/file/e041a72fb7e245b5935420398b495e80.png,8.0,1,23.0,30.0,"[{""hasPlayed"": true, ""points"": 46}, {""hasPlayed"": true, ""points"": 107}, {""hasPlayed"": true, ""points"": 75}]",1,Lukasz Poreba,314867.0,314867.0,235817.0,116126.0,1402182.0,485362.0,5.7,1.0526315789473684,1.0,0.0,0.0,1.0,0.0,1.0,10.0062,60.0372
7441,77,Cole,Campbell,8994853.0,54.0,3.0,3.0,3.0,10979.0,163.0,0,3,https://kickbase.b-cdn.net/content/file/669458754d454557bed29bb138f25294.png,39.0,2,18.0,78.0,"[{""hasPlayed"": true, ""points"": -5}, {""hasPlayed"": true, ""points"": 24}, {""hasPlayed"": true, ""points"": 144}]",2,Cole Campbell,-278400.0,-278400.0,-310561.0,-299700.0,-1235994.0,4957337.0,6.0,1.0526315789473684,0.3103448275862069,0.0,0.0,0.0,0.0,0.2482758620689655,10.0062,15.690303
7463,77,Francis,Onyeka,9971579.0,63.0,3.0,3.0,3.0,9221.0,190.0,2,3,https://kickbase.b-cdn.net/content/file/1a2f3b7f876a41d09094a01b0c8e60e6.png,40.0,2,19.0,82.0,"[{""hasPlayed"": true, ""points"": -25}, {""hasPlayed"": true, ""points"": 76}, {""hasPlayed"": true, ""points"": 139}]",3,Francis Onyeka,-632773.0,-632773.0,-121270.0,5981.0,-345475.0,-270842.0,6.5,1.0526315789473684,0.6348884381338742,0.0,0.0,0.0,0.15,0.5079107505070993,10.0062,34.773334
7514,77,Florian,Le Joncour,2195650.0,20.0,1.0,1.0,0.0,855.0,20.0,0,2,https://kickbase.b-cdn.net/content/file/bd59eb88ca624feda29aaaea681b7e05.png,3.0,2,9.0,11.0,"[{""hasPlayed"": false, ""points"": null}, {""hasPlayed"": false, ""points"": null}, {""hasPlayed"": true, ""points"": 20}]",5,Florian Le Joncour,-215669.0,-215669.0,-56756.0,18100.0,571761.0,-822991.0,0.0,1.0526315789473684,0.0,0.0,0.0,0.0,0.0,0.0,10.0062,0.0
8252,77,Maurice,Krattenmacher,5802047.0,130.0,3.0,3.0,0.0,6685.0,389.0,0,3,https://kickbase.b-cdn.net/content/file/9ba6541c944d41ee80df738763e91701.png,7.0,1,67.0,133.0,"[{""hasPlayed"": true, ""points"": 101}, {""hasPlayed"": true, ""points"": 275}, {""hasPlayed"": true, ""points"": 13}]",3,Maurice Krattenmacher,423306.0,423306.0,443904.0,434452.0,2955012.0,2346367.0,8.5,1.0526315789473684,0.6896551724137931,0.0,0.0,1.0,0.0,0.7517241379310345,10.0062,67.301229
8296,77,Frederik,Schmahl,1559361.0,,,,,,,0,3,https://kickbase.b-cdn.net/content/file/4fee028433d344a29b6c94e9ee65fa19.png,17.0,2,,0.0,"[{""hasPlayed"": false, ""points"": null}, {""hasPlayed"": false, ""points"": null}, {""hasPlayed"": false, ""points"": null}]",5,Frederik Schmahl,-155463.0,-155463.0,-160027.0,-154097.0,-1008341.0,-2944248.0,0.0,1.0526315789473684,0.0,0.0,0.0,0.0,0.0,0.0,10.0062,0.0
8301,77,Luca,Sirch,2011155.0,18.0,2.0,2.0,0.0,1752.0,35.0,0,2,https://kickbase.b-cdn.net/content/file/90e50e09e0d6425aa1c094d337ea2d95.png,26.0,2,17.0,12.0,"[{""hasPlayed"": false, ""points"": null}, {""hasPlayed"": true, ""points"": 25}, {""hasPlayed"": true, ""points"": 10}]",5,Luca Sirch,-140570.0,-140570.0,-137920.0,-131443.0,-883986.0,-4617484.0,5.7,1.0526315789473684,0.0,0.0,0.0,0.0,0.0,0.0,10.0062,0.0
9224,77,Tom,Zimmerschied,979604.0,,,,,,,2,3,https://kickbase.b-cdn.net/content/file/9f0800bc0d18427ebfd3b4a9089dd165.png,29.0,2,,0.0,"[{""hasPlayed"": false, ""points"": null}, {""hasPlayed"": false, ""points"": null}, {""hasPlayed"": false, ""points"": null}]",5,Tom Zimmerschied,-102991.0,-102991.0,-112866.0,-101916.0,-713480.0,-4036768.0,0.0,1.0526315789473684,0.0,0.0,0.0,0.0,0.0,0.0,10.0062,0.0
9384,77,Noah,Darvich,3727593.0,21.0,2.0,2.0,0.0,7165.0,41.0,0,3,https://kickbase.b-cdn.net/content/file/a152e089e0e747c58731e76c4f5b58e2.png,10.0,2,10.0,14.0,"[{""hasPlayed"": true, ""points"": 29}, {""hasPlayed"": false, ""points"": null}, {""hasPlayed"": true, ""points"": 12}]",3,Noah Darvich,-10882.0,-10882.0,-108306.0,-126676.0,-746620.0,-999179.0,5.0,1.0526315789473684,0.36511156186612576,0.0,0.0,1.0,0.0,0.49208924949290067,10.0062,25.915492
9995,77,David,Mokwa,8948686.0,101.0,3.0,3.0,3.0,14665.0,303.0,0,4,https://kickbase.b-cdn.net/content/file/f876a96f8bbc45c9801216e1a536b532.png,42.0,1,33.0,83.0,"[{""hasPlayed"": true, ""points"": 5}, {""hasPlayed"": true, ""points"": 150}, {""hasPlayed"": true, ""points"": 148}]",1,David Mokwa,354346.0,354346.0,358698.0,351818.0,2526017.0,5227527.0,6.8,1.0526315789473684,1.0,0.0,0.0,1.0,0.0,1.0,10.0062,71.623326
11253,77,Nicholas,Mickelson,2540369.0,58.0,1.0,1.0,0.0,1249.0,58.0,0,2,https://kickbase.b-cdn.net/content/file/f16357c0983747ef91bacb8d05cc8499.png,2.0,2,22.0,33.0,"[{""hasPlayed"": false, ""points"": null}, {""hasPlayed"": true, ""points"": 58}, {""hasPlayed"": false, ""points"": null}]",5,Nicholas Mickelson,-126310.0,-126310.0,-129329.0,-122479.0,-832749.0,518547.0,0.0,1.0526315789473684,0.0,0.0,0.0,0.0,0.0,0.0,10.0062,0.0
12317,77,Raif,Adam,1851112.0,,,,,,,0,4,https://kickbase.b-cdn.net/content/file/47b81129a6b9411b92255354f3e36834.png,15.0,2,,0.0,"[{""hasPlayed"": false, ""points"": null}, {""hasPlayed"": false, ""points"": null}, {""hasPlayed"": false, ""points"": null}]",5,Raif Adam,-162519.0,-162519.0,-161660.0,-155435.0,-1041241.0,-3324673.0,0.0,1.0526315789473684,0.0,0.0,0.0,0.0,0.0,0.0,10.0062,0.0
4,7,Janis,Blaswich,1010873.0,,,,,,,0,1,https://kickbase.b-cdn.net/content/file/d17035064d4a480484cb35d2dab54e46.png,28.0,2,,0.0,"[{""hasPlayed"": false, ""points"": null}, {""hasPlayed"": false, ""points"": null}, {""hasPlayed"": false, ""points"": null}]",5,Janis Blaswich,-141759.0,-141759.0,-139853.0,-138347.0,-975328.0,-422717.0,0.0,1.4720491029272897,0.0,0.0,0.0,0.0,0.0,0.0,10.0062,0.0
72,7,Mark,Flekken,13021294.0,78.0,3.0,3.0,3.0,17387.0,235.0,0,1,https://kickbase.b-cdn.net/content/file/98ea8901b970421b88f6a41a3137142f.png,1.0,2,18.0,36.0,"[{""hasPlayed"": true, ""points"": 70}, {""hasPlayed"": true, ""points"": 118}, {""hasPlayed"": true, ""points"": 47}]",1,Mark Flekken,-220738.0,-220738.0,-236670.0,-225398.0,-858596.0,-1386786.0,5.8,1.4720491029272897,1.0,0.0,0.0,1.0,0.0,1.0,10.0062,85.431783
78,7,Jonas,Hofmann,4511916.0,43.0,1.0,1.0,0.0,1881.0,43.0,0,3,https://kickbase.b-cdn.net/content/file/328114051c1e42df84e2a6ac3e93cf42.png,7.0,2,9.0,24.0,"[{""hasPlayed"": false, ""points"": null}, {""hasPlayed"": false, ""points"": null}, {""hasPlayed"": true, ""points"": 43}]",5,Jonas Hofmann,-166643.0,-166643.0,-174161.0,-95608.0,469353.0,2772913.0,0.0,1.6543909348441925,0.0,0.0,0.0,0.0,0.0,0.0,10.0062,0.0
663,7,Robert,Andrich,3495073.0,38.0,1.0,1.0,0.0,1366.0,38.0,0,2,https://kickbase.b-cdn.net/content/file/0cdcdb27004443c09d112462f32ace2c.png,8.0,2,10.0,21.0,"[{""hasPlayed"": false, ""points"": null}, {""hasPlayed"": true, ""points"": 38}, {""hasPlayed"": false, ""points"": null}]",5,Robert Andrich,-130517.0,-130517.0,-125554.0,-76933.0,-586804.0,-5205821.0,0.0,1.6543909348441925,0.0,0.0,0.0,0.0,0.0,0.0,10.0062,0.0
2661,7,Moussa,Diaby,22640337.0,87.0,2.0,2.0,1.0,7414.0,173.0,0,4,https://kickbase.b-cdn.net/content/file/62cedf2a843f49b496969fb2c21fc150.png,19.0,2,7.0,55.0,"[{""hasPlayed"": true, ""points"": 126}, {""hasPlayed"": true, ""points"": 47}, {""hasPlayed"": false, ""points"": null}]",3,Moussa Diaby,-283876.0,-283876.0,-360363.0,-314404.0,-2859292.0,-15500219.0,7.5,1.6543909348441925,1.0,0.0,0.0,1.0,0.0,1.0,10.0062,124.156249
2746,7,Patrik,Schick,30409790.0,169.0,3.0,3.0,2.0,11964.0,508.0,0,4,https://kickbase.b-cdn.net/content/file/9f0daa3f23514ac7a72c46ba81396a95.png,14.0,1,16.0,62.0,"[{""hasPlayed"": true, ""points"": 131}, {""hasPlayed"": true, ""points"": 242}, {""hasPlayed"": true, ""points"": 135}]",3,Patrik Schick,53000.0,53000.0,64413.0,59364.0,440318.0,1193566.0,8.8,1.6543909348441925,0.6896551724137931,0.0,0.0,1.0,0.0,0.7517241379310345,10.0062,109.508666
2783,7,Edmond,Tapsoba,25208522.0,96.0,3.0,3.0,3.0,17387.0,289.0,0,2,https://kickbase.b-cdn.net/content/file/21031db97a054165806a98d2f0c0d73b.png,12.0,2,11.0,110.0,"[{""hasPlayed"": true, ""points"": 188}, {""hasPlayed"": true, ""points"": 127}, {""hasPlayed"": true, ""points"": -26}]",1,Edmond Tapsoba,30229.0,30229.0,296.0,-228599.0,-2370676.0,-6925176.0,7.1,1.6543909348441925,1.0,0.0,0.0,1.0,0.0,1.0,10.0062,117.534583
2846,7,Malik,Tillman,11844361.0,77.0,3.0,3.0,2.0,9316.0,230.0,0,3,https://kickbase.b-cdn.net/content/file/04966a0af0e2477db734c91fdd98d4e1.png,10.0,2,19.0,20.0,"[{""hasPlayed"": true, ""points"": 58}, {""hasPlayed"": true, ""points"": 98}, {""hasPlayed"": true, ""points"": 74}]",3,Malik Tillman,-560640.0,-560640.0,-571616.0,-485887.0,-3282957.0,-1463343.0,7.5,1.6543909348441925,0.36511156186612576,0.0,0.0,0.0,0.0,0.2920892494929006,10.0062,36.264706
3754,7,Lucas,Vázquez,4664072.0,13.0,3.0,3.0,1.0,4680.0,39.0,0,2,https://kickbase.b-cdn.net/content/file/1636c5905fe44210aa3526352673cb13.png,17.0,2,8.0,17.0,"[{""hasPlayed"": true, ""points"": 17}, {""hasPlayed"": true, ""points"": 28}, {""hasPlayed"": true, ""points"": -6}]",5,Lucas Vázquez,-138300.0,-138300.0,-138258.0,-353874.0,-2078343.0,1780561.0,6.5,1.6543909348441925,0.0,0.0,0.0,0.0,0.0,0.0,10.0062,0.0
3759,7,Miguel,Gutiérrez,23460293.0,164.0,3.0,3.0,3.0,16754.0,492.0,0,2,https://kickbase.b-cdn.net/content/file/e1b364b32dcc44539649cf1c88d0eba9.png,3.0,1,20.0,101.0,"[{""hasPlayed"": true, ""points"": 95}, {""hasPlayed"": true, ""points"": 280}, {""hasPlayed"": true, ""points"": 117}]",1,Miguel Gutiérrez,120560.0,120560.0,140805.0,140473.0,1003765.0,4333588.0,7.4,1.6543909348441925,1.0,0.0,0.0,1.0,0.0,1.0,10.0062,122.500833
4199,7,Aleix,García,38823368.0,160.0,3.0,3.0,3.0,17387.0,480.0,0,3,https://kickbase.b-cdn.net/content/file/3de0ab19c54f4523a5bf21f686259db0.png,24.0,1,12.0,66.0,"[{""hasPlayed"": true, ""points"": 151}, {""hasPlayed"": true, ""points"": 231}, {""hasPlayed"": true, ""points"": 98}]",1,Aleix García,12685.0,12685.0,17844.0,20048.0,63160.0,843566.0,7.8,1.6543909348441925,1.0,0.0,0.0,1.0,0.0,1.0,10.0062,129.122499
4318,7,Tim,Oermann,1802266.0,,,,,,,0,2,https://kickbase.b-cdn.net/content/file/b9857e88faaf4de1a3450f6301c5448e.png,15.0,2,,0.0,"[{""hasPlayed"": false, ""points"": null}, {""hasPlayed"": false, ""points"": null}, {""hasPlayed"": false, ""points"": null}]",5,Tim Oermann,-152784.0,-152784.0,-158774.0,-154998.0,-1012334.0,-3498984.0,0.0,1.6543909348441925,0.0,0.0,0.0,0.0,0.0,0.0,10.0062,0.0
4563,7,Loïc,Badé,7623572.0,35.0,2.0,2.0,1.0,4765.0,70.0,0,2,https://kickbase.b-cdn.net/content/file/80f11505e8d445ae827aefe485b1c4c7.png,5.0,2,9.0,20.0,"[{""hasPlayed"": false, ""points"": null}, {""hasPlayed"": true, ""points"": 40}, {""hasPlayed"": true, ""points"": 30}]",5,Loïc Badé,-364493.0,-364493.0,-371851.0,-342324.0,-2730032.0,-6154477.0,7.0,1.6543909348441925,0.0,0.0,0.0,0.0,0.0,0.0,10.0062,0.0
6061,7,Ibrahim,Maza,30865095.0,166.0,3.0,3.0,3.0,17387.0,497.0,0,3,https://kickbase.b-cdn.net/content/file/7ff9728d20544b96a1fe698af86f9f2f.png,30.0,1,16.0,134.0,"[{""hasPlayed"": true, ""points"": 71}, {""hasPlayed"": true, ""points"": 319}, {""hasPlayed"": true, ""points"": 107}]",1,Ibrahim Maza,59685.0,59685.0,63029.0,73036.0,468437.0,1633380.0,7.5,1.6543909348441925,0.6348884381338742,0.0,0.0,0.85,0.15,0.6779107505070994,10.0062,84.166856
6745,7,Victor,Boniface,3798889.0,43.0,1.0,1.0,0.0,667.0,43.0,0,4,https://kickbase.b-cdn.net/content/file/f5f3d11be23443cb9e4c8c472288e093.png,22.0,2,11.0,24.0,"[{""hasPlayed"": false, ""points"": null}, {""hasPlayed"": false, ""points"": null}, {""hasPlayed"": true, ""points"": 43}]",5,Victor Boniface,-130194.0,-130194.0,-130775.0,-113723.0,-791140.0,-544134.0,0.0,1.6543909348441925,0.0,0.0,0.0,0.0,0.0,0.0,10.0062,0.0
7269,7,Nathan,Tella,3731965.0,,,,,,,2,3,https://kickbase.b-cdn.net/content/file/e0df07546d38465080767efd17a0898e.png,23.0,2,,0.0,"[{""hasPlayed"": false, ""points"": null}, {""hasPlayed"": false, ""points"": null}, {""hasPlayed"": false, ""points"": null}]",5,Nathan Tella,-130764.0,-130764.0,-125377.0,-125984.0,-900108.0,-3720026.0,0.0,1.6543909348441925,0.0,0.0,0.0,0.0,0.0,0.0,10.0062,0.0
7963,7,Jarell,Quansah,18049498.0,95.0,3.0,3.0,2.0,12009.0,286.0,0,2,https://kickbase.b-cdn.net/content/file/c1361cbb456a4b23a8e3d178290141cd.png,4.0,1,15.0,88.0,"[{""hasPlayed"": true, ""points"": 39}, {""hasPlayed"": true, ""points"": 197}, {""hasPlayed"": true, ""points"": 50}]",3,Jarell Quansah,140674.0,140674.0,166122.0,172454.0,1118472.0,-3865547.0,7.3,1.6543909348441925,0.3103448275862069,0.0,0.0,1.0,0.0,0.44827586206896547,10.0062,54.172083
8374,7,Martin,Terrier,2518818.0,21.0,1.0,1.0,0.0,1212.0,21.0,0,4,https://kickbase.b-cdn.net/content/file/039e1528fe214c32ad0653b911ea944e.png,11.0,1,8.0,12.0,"[{""hasPlayed"": true, ""points"": 21}, {""hasPlayed"": false, ""points"": null}, {""hasPlayed"": false, ""points"": null}]",5,Martin Terrier,343351.0,343351.0,324122.0,294147.0,1618048.0,-259426.0,0.0,1.6543909348441925,0.0,0.0,0.0,0.0,0.0,0.0,10.0062,0.0
11513,7,Christian,Kofane,10162205.0,97.0,3.0,3.0,1.0,7915.0,292.0,0,4,https://kickbase.b-cdn.net/content/file/ce8356c51b154a87a40a56f723f2e3e3.png,35.0,1,28.0,53.0,"[{""hasPlayed"": true, ""points"": 144}, {""hasPlayed"": true, ""points"": 39}, {""hasPlayed"": true, ""points"": 109}]",3,Christian Kofane,147092.0,147092.0,141125.0,-126454.0,-147368.0,-1189029.0,8.6,1.6543909348441925,0.3103448275862069,0.0,0.0,0.0,0.0,0.2482758620689655,10.0062,35.346
11680,7,Kennet,Eichhorn,1838679.0,,,,,,,1,3,https://kickbase.b-cdn.net/content/file/ceafc42e35aa446595952bcbdf873954.png,18.0,2,,0.0,"[{""hasPlayed"": false, ""points"": null}, {""hasPlayed"": false, ""points"": null}, {""hasPlayed"": false, ""points"": null}]",5,Kennet Eichhorn,-115063.0,-115063.0,-116076.0,-115786.0,-823638.0,-4444673.0,0.0,1.6543909348441925,0.0,0.0,0.0,0.0,0.0,0.0,10.0062,0.0
11756,7,Montrell,Culbreath,1061368.0,,,,,,,4,3,https://kickbase.b-cdn.net/content/file/43c4c26e99f3442ab58db3d049e5f1ae.png,42.0,2,,0.0,"[{""hasPlayed"": false, ""points"": null}, {""hasPlayed"": false, ""points"": null}, {""hasPlayed"": false, ""points"": null}]",5,Montrell Culbreath,-89270.0,-89270.0,-95177.0,-78433.0,-620115.0,-3412336.0,0.0,1.6543909348441925,0.0,0.0,0.0,0.0,0.0,0.0,10.0062,0.0
11956,7,Ezequiél,Fernández,12114455.0,122.0,3.0,3.0,3.0,12307.0,365.0,0,3,https://kickbase.b-cdn.net/content/file/2c37f7daf46f4c9693ffa9ef33ff980b.png,6.0,1,30.0,96.0,"[{""hasPlayed"": true, ""points"": 98}, {""hasPlayed"": true, ""points"": 228}, {""hasPlayed"": true, ""points"": 39}]",2,Ezequiél Fernández,168749.0,168749.0,142745.0,130645.0,1089642.0,7445625.0,7.2,1.6543909348441925,1.0,0.0,0.0,1.0,0.0,1.0,10.0062,119.189999
11957,7,Eliesse,Ben Seghir,5087749.0,,,,,,,0,3,https://kickbase.b-cdn.net/content/file/83c0ccd07e1e42d0ac339779564cd1f4.png,17.0,1,,0.0,"[{""hasPlayed"": false, ""points"": null}, {""hasPlayed"": false, ""points"": null}, {""hasPlayed"": false, ""points"": null}]",5,Eliesse Ben Seghir,326016.0,326016.0,296765.0,273644.0,1864284.0,3221487.0,0.0,1.6543909348441925,0.0,0.0,0.0,0.0,0.0,0.0,10.0062,0.0
13888,7,Guéla,Doué,12951708.0,40.0,1.0,1.0,0.0,1989.0,40.0,0,2,https://kickbase.b-cdn.net/content/file/812bc3c9b83245c09d36a46dd5b0b56b.png,20.0,2,3.0,28.0,"[{""hasPlayed"": true, ""points"": 40}, {""hasPlayed"": false, ""points"": null}, {""hasPlayed"": false, ""points"": null}]",3,Guéla Doué,-535596.0,-535596.0,-515501.0,-473650.0,-3976036.0,12951708.0,0.0,1.6543909348441925,0.6896551724137931,0.0,0.0,0.0,0.0,0.5517241379310345,10.0062,0.0
14241,7,Facundo,Medina,11407597.0,106.0,3.0,3.0,2.0,11966.0,318.0,0,2,https://kickbase.b-cdn.net/content/file/a59d86f8dc644a43babfe89f615d199f.png,2.0,1,27.0,113.0,"[{""hasPlayed"": true, ""points"": 62}, {""hasPlayed"": true, ""points"": 235}, {""hasPlayed"": true, ""points"": 21}]",3,Facundo Medina,237204.0,237204.0,239934.0,234715.0,1916740.0,-2864376.0,7.0,1.6543909348441925,1.0,0.0,0.0,1.0,0.0,1.0,10.0062,115.879166
15199,7,Afonso,Moreira,20618732.0,71.0,3.0,3.0,3.0,15495.0,212.0,0,4,https://kickbase.b-cdn.net/content/file/91b4b5c394a1464f98589ffa59af5aec.png,9.0,2,10.0,62.0,"[{""hasPlayed"": true, ""points"": 77}, {""hasPlayed"": true, ""points"": 130}, {""hasPlayed"": true, ""points"": 5}]",2,Afonso Moreira,-609711.0,-609711.0,-618062.0,-469297.0,-3259937.0,-1569554.0,6.4,1.6543909348441925,1.0,0.0,0.0,1.0,0.0,1.0,10.0062,105.946666
417,28,Ron-Robert,Zieler,500000.0,,,,,,,0,1,https://kickbase.b-cdn.net/content/file/87bb56a22db74cfd99e639824b703f30.png,20.0,0,,0.0,"[{""hasPlayed"": false, ""points"": null}, {""hasPlayed"": false, ""points"": null}, {""hasPlayed"": false, ""points"": null}]",5,Ron-Robert Zieler,0.0,0.0,0.0,0.0,0.0,-2563516.0,0.0,1.3729127087291269,0.0,0.0,0.0,0.0,0.0,0.0,10.0062,0.0
737,28,Luca,Waldschmidt,1980861.0,,,,,,,0,3,https://kickbase.b-cdn.net/content/file/c6c99717a5834cacbb3161877ca3f29f.png,7.0,2,,0.0,"[{""hasPlayed"": false, ""points"": null}, {""hasPlayed"": false, ""points"": null}, {""hasPlayed"": false, ""points"": null}]",5,Luca Waldschmidt,-142076.0,-142076.0,-153618.0,-125998.0,-897314.0,-3192770.0,0.0,1.4419558044195577,0.0,0.0,0.0,0.0,0.0,0.0,10.0062,0.0
1580,28,Marvin,Schwäbe,15825429.0,124.0,3.0,3.0,3.0,17300.0,373.0,0,1,https://kickbase.b-cdn.net/content/file/2708fddc28474a2299885f3eb69be6bc.png,1.0,1,23.0,45.0,"[{""hasPlayed"": true, ""points"": 88}, {""hasPlayed"": true, ""points"": 109}, {""hasPlayed"": true, ""points"": 176}]",1,Marvin Schwäbe,15189.0,15189.0,2128.0,-6195.0,104261.0,1938708.0,6.1,1.3729127087291269,1.0,0.0,0.0,1.0,0.0,1.0,10.0062,83.799599
2069,28,Timo,Hübers,2520057.0,,,,,,,4,2,https://kickbase.b-cdn.net/content/file/6dbad3a67b1c4ffa892f8bef224e9f85.png,4.0,1,,0.0,"[{""hasPlayed"": false, ""points"": null}, {""hasPlayed"": false, ""points"": null}, {""hasPlayed"": false, ""points"": null}]",5,Timo Hübers,268019.0,268019.0,215356.0,154536.0,1421280.0,-182269.0,0.0,1.4419558044195577,0.0,0.0,0.0,0.0,0.0,0.0,10.0062,0.0
2201,28,Linton,Maina,7782057.0,92.0,3.0,3.0,2.0,10312.0,276.0,0,4,https://kickbase.b-cdn.net/content/file/54aad91024e84cf59b75e3c363775d71.png,37.0,2,35.0,56.0,"[{""hasPlayed"": true, ""points"": 145}, {""hasPlayed"": true, ""points"": 32}, {""hasPlayed"": true, ""points"": 99}]",2,Linton Maina,90698.0,90698.0,-5335.0,-224266.0,-15687.0,3804794.0,7.5,1.4419558044195577,1.0,0.0,0.0,1.0,0.0,1.0,10.0062,108.213736
2247,28,Borna,Sosa,4599571.0,,,,,,,0,2,https://kickbase.b-cdn.net/content/file/f8cf530ad652442a9688c49f058e3a8a.png,3.0,2,,0.0,"[{""hasPlayed"": false, ""points"": null}, {""hasPlayed"": false, ""points"": null}, {""hasPlayed"": false, ""points"": null}]",5,Borna Sosa,-161440.0,-161440.0,-184219.0,-391486.0,-587293.0,-10910797.0,0.0,1.4419558044195577,0.0,0.0,0.0,0.0,0.0,0.0,10.0062,0.0
2358,28,Tom,Krauß,7212368.0,62.0,3.0,3.0,3.0,16374.0,185.0,0,3,https://kickbase.b-cdn.net/content/file/55c214adfaba4a839c1bb19ad5a5f8ed.png,5.0,2,25.0,15.0,"[{""hasPlayed"": true, ""points"": 67}, {""hasPlayed"": true, ""points"": 44}, {""hasPlayed"": true, ""points"": 74}]",2,Tom Krauß,-161195.0,-161195.0,-241990.0,-226326.0,-1307897.0,-861577.0,5.5,1.4419558044195577,0.6896551724137931,0.0,0.0,1.0,0.0,0.7517241379310345,10.0062,59.654377
2536,28,Matthias,Köbbing,500000.0,,,,,,,0,1,https://kickbase.b-cdn.net/content/file/d7d4847201364186986efefd11b55766.png,44.0,0,,0.0,"[{""hasPlayed"": false, ""points"": null}, {""hasPlayed"": false, ""points"": null}, {""hasPlayed"": false, ""points"": null}]",5,Matthias Köbbing,0.0,0.0,0.0,0.0,0.0,0.0,0.0,1.3729127087291269,0.0,0.0,0.0,0.0,0.0,0.0,10.0062,0.0
2552,28,Marius,Bülter,4383469.0,38.0,3.0,3.0,1.0,7341.0,114.0,0,4,https://kickbase.b-cdn.net/content/file/020abec0763842a7af00f1ec5aafeea4.png,30.0,2,26.0,37.0,"[{""hasPlayed"": true, ""points"": 81}, {""hasPlayed"": true, ""points"": 14}, {""hasPlayed"": true, ""points"": 19}]",4,Marius Bülter,-35134.0,-35134.0,-64465.0,-98920.0,-1279984.0,-1599848.0,5.2,1.4419558044195577,0.0,0.0,0.0,0.0,0.0,0.0,10.0062,0.0
2718,28,Ellyes,Skhiri,8071337.0,69.0,3.0,3.0,1.0,10577.0,208.0,0,3,https://kickbase.b-cdn.net/content/file/1274d4acfc8845a789f74d858afe1168.png,6.0,1,25.0,77.0,"[{""hasPlayed"": true, ""points"": 156}, {""hasPlayed"": true, ""points"": 6}, {""hasPlayed"": true, ""points"": 46}]",1,Ellyes Skhiri,203347.0,203347.0,102566.0,7086.0,527805.0,4998581.0,6.8,1.4419558044195577,1.0,0.0,0.0,1.0,0.0,1.0,10.0062,98.113788
2765,28,Jan,Thielmann,4802788.0,50.0,2.0,2.0,2.0,8564.0,99.0,0,3,https://kickbase.b-cdn.net/content/file/bae198375c644308ba2bff1d0f3f0569.png,29.0,2,20.0,43.0,"[{""hasPlayed"": false, ""points"": null}, {""hasPlayed"": true, ""points"": 17}, {""hasPlayed"": true, ""points"": 82}]",4,Jan Thielmann,-342933.0,-342933.0,-354331.0,-217253.0,-1681658.0,-1239950.0,5.8,1.4419558044195577,0.0,0.0,0.0,0.0,0.0,0.0,10.0062,0.0
2855,28,Ragnar,Ache,11749952.0,49.0,3.0,3.0,2.0,10364.0,147.0,0,4,https://kickbase.b-cdn.net/content/file/659aab812d23451ba8e47f520a7d0754.png,9.0,2,12.0,36.0,"[{""hasPlayed"": true, ""points"": 26}, {""hasPlayed"": true, ""points"": 30}, {""hasPlayed"": true, ""points"": 91}]",3,Ragnar Ache,-620358.0,-620358.0,-626177.0,-451545.0,-2921890.0,-1491743.0,6.0,1.4419558044195577,0.6896551724137931,0.0,0.0,0.0,0.0,0.5517241379310345,10.0062,47.763304
7219,28,Ísak,Jóhannesson,9991469.0,66.0,3.0,3.0,2.0,13334.0,199.0,0,3,https://kickbase.b-cdn.net/content/file/2922eb48335343ccb79b49b03af03818.png,8.0,2,19.0,88.0,"[{""hasPlayed"": true, ""points"": 12}, {""hasPlayed"": true, ""points"": 19}, {""hasPlayed"": true, ""points"": 168}]",4,Ísak Jóhannesson,-764141.0,-764141.0,-634704.0,-218350.0,-1530193.0,1820245.0,6.4,1.4419558044195577,0.3103448275862069,0.0,0.0,0.0,0.0,0.2482758620689655,10.0062,22.926386
8001,28,Luka,Lochoshvili,9702781.0,65.0,3.0,3.0,3.0,17300.0,196.0,0,2,https://kickbase.b-cdn.net/content/file/f6faf6be6d674e898fbfa189b9c2ad5c.png,24.0,2,20.0,48.0,"[{""hasPlayed"": true, ""points"": 44}, {""hasPlayed"": true, ""points"": 31}, {""hasPlayed"": true, ""points"": 121}]",2,Luka Lochoshvili,-486570.0,-486570.0,-472936.0,-173631.0,-1187559.0,77480.0,5.5,1.4419558044195577,1.0,0.0,0.0,1.0,0.0,1.0,10.0062,79.35674
8274,28,Said,El Mala,24048433.0,80.0,2.0,2.0,1.0,5254.0,159.0,0,3,https://kickbase.b-cdn.net/content/file/f56e6d60e40c49189c830fb4ff65d4bf.png,10.0,2,6.0,78.0,"[{""hasPlayed"": true, ""points"": 16}, {""hasPlayed"": false, ""points"": null}, {""hasPlayed"": true, ""points"": 143}]",2,Said El Mala,-327539.0,-327539.0,-313803.0,-232599.0,-1223764.0,-1521847.0,7.1,1.4419558044195577,1.0,0.0,0.0,1.0,0.0,1.0,10.0062,102.442337
10024,28,Joël,Schmied,2727008.0,20.0,1.0,1.0,0.0,185.0,20.0,0,2,https://kickbase.b-cdn.net/content/file/312960f02c6e4acab4db65b9c63eaf01.png,2.0,1,7.0,11.0,"[{""hasPlayed"": false, ""points"": null}, {""hasPlayed"": false, ""points"": null}, {""hasPlayed"": true, ""points"": 20}]",4,Joël Schmied,250421.0,250421.0,198971.0,136702.0,1367813.0,-340805.0,0.0,1.4419558044195577,0.0,0.0,0.0,0.0,0.0,0.0,10.0062,0.0
11570,28,Sebastian,Sebulonsen,1442645.0,18.0,1.0,1.0,0.0,1803.0,18.0,0,2,https://kickbase.b-cdn.net/content/file/0f9cbbaaccb148a6ad251ba707b4f099.png,28.0,1,12.0,10.0,"[{""hasPlayed"": true, ""points"": 18}, {""hasPlayed"": false, ""points"": null}, {""hasPlayed"": false, ""points"": null}]",3,Sebastian Sebulonsen,107985.0,107985.0,14038.0,-16948.0,-61074.0,-2991213.0,0.0,1.4419558044195577,0.3103448275862069,0.0,0.0,0.0,0.0,0.2482758620689655,10.0062,0.0
11875,28,Rav,van den Berg,1430681.0,,,,,,,0,2,https://kickbase.b-cdn.net/content/file/0825c755c7df4f7ba70b3f8922154f99.png,33.0,1,,0.0,"[{""hasPlayed"": false, ""points"": null}, {""hasPlayed"": false, ""points"": null}, {""hasPlayed"": false, ""points"": null}]",4,Rav van den Berg,269993.0,269993.0,176061.0,65452.0,365109.0,-1795084.0,0.0,1.4419558044195577,0.0,0.0,0.0,0.0,0.0,0.0,10.0062,0.0
11958,28,Alessio,Castro-Montes,7019562.0,53.0,3.0,3.0,3.0,15312.0,158.0,0,3,https://kickbase.b-cdn.net/content/file/4df59c76b9024563892682f996043056.png,17.0,2,22.0,9.0,"[{""hasPlayed"": true, ""points"": 44}, {""hasPlayed"": true, ""points"": 51}, {""hasPlayed"": true, ""points"": 63}]",3,Alessio Castro-Montes,-248451.0,-248451.0,-281089.0,-287990.0,-2242308.0,2262035.0,5.4,1.4419558044195577,0.6896551724137931,0.0,0.0,1.0,0.0,0.7517241379310345,10.0062,58.569752
12321,28,Jahmai,Simpson-Pusey,9715562.0,75.0,3.0,3.0,3.0,17300.0,226.0,0,2,https://kickbase.b-cdn.net/content/file/f83f61dc46de468bb38cb6a9d9f51205.png,22.0,2,23.0,11.0,"[{""hasPlayed"": true, ""points"": 85}, {""hasPlayed"": true, ""points"": 79}, {""hasPlayed"": true, ""points"": 62}]",1,Jahmai Simpson-Pusey,17586.0,17586.0,-56566.0,-57931.0,-657707.0,-1330545.0,5.6,1.4419558044195577,1.0,0.0,0.0,1.0,0.0,1.0,10.0062,80.79959
14140,28,Gideon,Mensah,10588870.0,60.0,3.0,3.0,3.0,17300.0,179.0,0,2,https://kickbase.b-cdn.net/content/file/6cf365776d1d461fac56322c9e84e7ab.png,14.0,1,16.0,24.0,"[{""hasPlayed"": true, ""points"": 53}, {""hasPlayed"": true, ""points"": 39}, {""hasPlayed"": true, ""points"": 87}]",1,Gideon Mensah,184295.0,184295.0,190029.0,236914.0,777246.0,790683.0,5.3,1.4419558044195577,1.0,0.0,0.0,1.0,0.0,1.0,10.0062,76.47104
14300,28,Paul,Okon-Engstler,3799691.0,23.0,3.0,3.0,2.0,7047.0,69.0,0,3,https://kickbase.b-cdn.net/content/file/cfde74fcc93247699da56f08049928c0.png,23.0,2,18.0,30.0,"[{""hasPlayed"": true, ""points"": -5}, {""hasPlayed"": true, ""points"": 19}, {""hasPlayed"": true, ""points"": 55}]",4,Paul Okon-Engstler,-149715.0,-149715.0,-157999.0,-75290.0,-654319.0,-484149.0,5.7,1.4419558044195577,0.0,0.0,0.0,0.0,0.0,0.0,10.0062,0.0
15373,28,Reigan,Heskey,2744100.0,-8.0,1.0,1.0,0.0,1185.0,-8.0,0,3,https://kickbase.b-cdn.net/content/file/4ceda4e80b804183b8af45a55f8bbb24.png,11.0,2,,4.0,"[{""hasPlayed"": false, ""points"": null}, {""hasPlayed"": true, ""points"": -8}, {""hasPlayed"": false, ""points"": null}]",5,Reigan Heskey,-149745.0,-149745.0,-153183.0,-139118.0,-961142.0,-7399775.0,0.0,1.4419558044195577,0.0,0.0,0.0,0.0,0.0,0.0,10.0062,0.0
16945,28,Thijs,Dallinga,9731523.0,111.0,2.0,2.0,1.0,5749.0,221.0,0,4,https://kickbase.b-cdn.net/content/file/fab92b426a354aacae1fe7f26e0e6ab0.png,27.0,1,22.0,144.0,"[{""hasPlayed"": true, ""points"": -19}, {""hasPlayed"": false, ""points"": null}, {""hasPlayed"": true, ""points"": 240}]",3,Thijs Dallinga,323274.0,323274.0,284415.0,299471.0,1748763.0,9731523.0,6.1,1.4419558044195577,0.3103448275862069,0.0,0.0,1.0,0.0,0.44827586206896547,10.0062,39.454479
17282,28,Mikey,Moore,11868582.0,48.0,2.0,2.0,1.0,7482.0,96.0,0,3,https://kickbase.b-cdn.net/content/file/7f5524d22efb4465a313919dd3014114.png,47.0,1,8.0,16.0,"[{""hasPlayed"": true, ""points"": 60}, {""hasPlayed"": true, ""points"": 36}, {""hasPlayed"": false, ""points"": null}]",2,Mikey Moore,22552.0,22552.0,39305.0,67290.0,563797.0,11868582.0,6.6,1.4419558044195577,1.0,0.0,0.0,1.0,0.0,1.0,10.0062,95.228088
524,14,Oliver,Baumann,15956723.0,117.0,3.0,3.0,3.0,17799.0,352.0,0,1,https://kickbase.b-cdn.net/content/file/6e2c878756924da4a6fa4c11b8e4480c.png,1.0,2,22.0,38.0,"[{""hasPlayed"": true, ""points"": 149}, {""hasPlayed"": true, ""points"": 74}, {""hasPlayed"": true, ""points"": 129}]",1,Oliver Baumann,38580.0,38580.0,-38146.0,-242513.0,-711912.0,-3472771.0,5.5,1.6241310160427807,1.0,0.0,0.0,1.0,0.0,1.0,10.0062,89.382589
1815,14,Andrej,Kramarić,10006959.0,-1.0,3.0,3.0,0.0,2671.0,-3.0,0,3,https://kickbase.b-cdn.net/content/file/26cffab4e6be4195a3d2817f15c60ee2.png,27.0,2,,23.0,"[{""hasPlayed"": true, ""points"": 23}, {""hasPlayed"": true, ""points"": -23}, {""hasPlayed"": true, ""points"": -3}]",3,Andrej Kramarić,-422041.0,-422041.0,-420869.0,-253845.0,-2547872.0,-11051739.0,3.6,1.9802807486631018,0.3103448275862069,0.0,0.0,0.0,0.0,0.2482758620689655,10.0062,17.710587
1954,14,,Bernardo,4474098.0,62.0,1.0,1.0,1.0,3268.0,62.0,0,2,https://kickbase.b-cdn.net/content/file/2e01b620f1354d0f9383cc0003c49d97.png,13.0,2,13.0,35.0,"[{""hasPlayed"": false, ""points"": null}, {""hasPlayed"": false, ""points"": null}, {""hasPlayed"": true, ""points"": 62}]",4,Bernardo,-118070.0,-118070.0,-135534.0,-303916.0,-1740419.0,-4655459.0,0.0,1.9802807486631018,0.3103448275862069,0.0,0.0,0.0,0.0,0.2482758620689655,10.0062,0.0
2373,14,Ozan,Kabak,23708975.0,143.0,3.0,3.0,3.0,16772.0,429.0,0,2,https://kickbase.b-cdn.net/content/file/61c84298d75b4e86b4f46a133f91f33d.png,5.0,1,18.0,69.0,"[{""hasPlayed"": true, ""points"": 162}, {""hasPlayed"": true, ""points"": 66}, {""hasPlayed"": true, ""points"": 201}]",1,Ozan Kabak,74782.0,74782.0,43987.0,-3434.0,21900.0,2731148.0,7.5,1.9802807486631018,1.0,0.0,0.0,1.0,0.0,1.0,10.0062,148.613139
2803,14,Tim,Lemperle,13340080.0,100.0,2.0,2.0,2.0,10467.0,200.0,0,4,https://kickbase.b-cdn.net/content/file/531648f7c8e7446883243fb819e94d82.png,19.0,1,14.0,64.0,"[{""hasPlayed"": true, ""points"": 72}, {""hasPlayed"": true, ""points"": 128}, {""hasPlayed"": false, ""points"": null}]",2,Tim Lemperle,232903.0,232903.0,230691.0,213836.0,1541098.0,2223004.0,6.4,1.9802807486631018,1.0,0.0,0.0,1.0,0.0,1.0,10.0062,126.816545
2852,14,Luca,Philipp,500000.0,,,,,,,0,1,https://kickbase.b-cdn.net/content/file/e45a165d68934e8e8a2bbc33ecbbbc96.png,37.0,0,,0.0,"[{""hasPlayed"": false, ""points"": null}, {""hasPlayed"": false, ""points"": null}, {""hasPlayed"": false, ""points"": null}]",5,Luca Philipp,0.0,0.0,0.0,0.0,0.0,0.0,0.0,1.6241310160427807,0.0,0.0,0.0,0.0,0.0,0.0,10.0062,0.0
3124,14,Patrick,Wimmer,8090618.0,61.0,3.0,3.0,2.0,11334.0,184.0,0,3,https://kickbase.b-cdn.net/content/file/a1e6985ea5b8487ca2db9c16a66eafe7.png,8.0,2,22.0,43.0,"[{""hasPlayed"": true, ""points"": 96}, {""hasPlayed"": true, ""points"": 12}, {""hasPlayed"": true, ""points"": 76}]",3,Patrick Wimmer,-187872.0,-187872.0,-184108.0,-176430.0,-1425692.0,256818.0,7.0,1.9802807486631018,0.3103448275862069,0.0,0.0,0.0,0.0,0.2482758620689655,10.0062,34.437252
3158,14,Fisnik,Asllani,15674190.0,48.0,1.0,1.0,0.0,786.0,48.0,0,4,https://kickbase.b-cdn.net/content/file/61214fe54f31411ea068f8fb8b3c1e49.png,11.0,1,3.0,27.0,"[{""hasPlayed"": true, ""points"": 48}, {""hasPlayed"": false, ""points"": null}, {""hasPlayed"": false, ""points"": null}]",4,Fisnik Asllani,114344.0,114344.0,67435.0,-18554.0,-1746375.0,-11187962.0,0.0,1.9802807486631018,0.0,0.0,0.0,0.0,0.0,0.0,10.0062,0.0
3204,14,Bambasé,Conté,9679125.0,66.0,3.0,3.0,2.0,10772.0,197.0,0,4,https://kickbase.b-cdn.net/content/file/fa595ccc62ce4fdeafca00ccfc95088b.png,20.0,2,20.0,67.0,"[{""hasPlayed"": true, ""points"": 103}, {""hasPlayed"": true, ""points"": -12}, {""hasPlayed"": true, ""points"": 106}]",3,Bambasé Conté,125831.0,125831.0,26846.0,-185122.0,-177037.0,-1618901.0,6.4,1.9802807486631018,0.6896551724137931,0.0,0.0,1.0,0.0,0.7517241379310345,10.0062,95.331058
3471,14,Adam,Hložek,8217862.0,112.0,3.0,3.0,3.0,13110.0,336.0,0,4,https://kickbase.b-cdn.net/content/file/a70373665abe402993add63ac96b77de.png,10.0,1,40.0,137.0,"[{""hasPlayed"": true, ""points"": 270}, {""hasPlayed"": true, ""points"": 19}, {""hasPlayed"": true, ""points"": 47}]",3,Adam Hložek,231837.0,231837.0,211189.0,-157719.0,-712808.0,438594.0,7.3,1.9802807486631018,0.6896551724137931,0.0,0.0,1.0,0.0,0.7517241379310345,10.0062,108.736988
7543,14,Max,Moerstedt,3689449.0,-41.0,2.0,2.0,0.0,3269.0,-82.0,0,4,https://kickbase.b-cdn.net/content/file/901ac71d98064e48b7b250786d8ac1d2.png,9.0,2,,41.0,"[{""hasPlayed"": false, ""points"": null}, {""hasPlayed"": true, ""points"": -7}, {""hasPlayed"": true, ""points"": -75}]",3,Max Moerstedt,-137670.0,-137670.0,-149935.0,-132481.0,-921026.0,-2962333.0,5.5,1.9802807486631018,0.0,0.0,0.0,0.0,0.0,0.0,10.0062,0.0
7673,14,Albian,Hajdari,12718061.0,53.0,3.0,3.0,3.0,17292.0,160.0,0,2,https://kickbase.b-cdn.net/content/file/0f60a3cd21c94cc4913d13f811e532a9.png,21.0,2,12.0,63.0,"[{""hasPlayed"": true, ""points"": 115}, {""hasPlayed"": true, ""points"": -11}, {""hasPlayed"": true, ""points"": 56}]",3,Albian Hajdari,51232.0,51232.0,-39202.0,-285457.0,-2133253.0,-4691403.0,5.8,1.9802807486631018,0.6896551724137931,0.0,0.0,1.0,0.0,0.7517241379310345,10.0062,86.393772
7717,14,Alexander,Prass,1192998.0,,,,,,,2,3,https://kickbase.b-cdn.net/content/file/f9e6ef6646eb4d248d5ce3ee24abda2d.png,22.0,2,,0.0,"[{""hasPlayed"": false, ""points"": null}, {""hasPlayed"": false, ""points"": null}, {""hasPlayed"": false, ""points"": null}]",5,Alexander Prass,-81176.0,-81176.0,-84002.0,-76257.0,-546210.0,-3148613.0,0.0,1.9802807486631018,0.0,0.0,0.0,0.0,0.0,0.0,10.0062,0.0
7745,14,Vladimír,Coufal,24493619.0,115.0,3.0,3.0,3.0,16207.0,344.0,2,2,https://kickbase.b-cdn.net/content/file/3b2c057d49604e74af1ea35ac7411a4a.png,34.0,2,14.0,45.0,"[{""hasPlayed"": true, ""points"": 62}, {""hasPlayed"": true, ""points"": 146}, {""hasPlayed"": true, ""points"": 136}]",2,Vladimír Coufal,-628033.0,-628033.0,-467790.0,-15247.0,-1125646.0,-850921.0,7.2,1.9802807486631018,0.6348884381338742,0.0,0.0,0.0,0.15,0.5079107505070993,10.0062,72.462923
7750,14,Robin,Hranác,4475890.0,23.0,2.0,2.0,0.0,3564.0,45.0,0,2,https://kickbase.b-cdn.net/content/file/378ad76b9745472cb56cc5de220ea9f9.png,2.0,2,10.0,25.0,"[{""hasPlayed"": false, ""points"": null}, {""hasPlayed"": true, ""points"": 1}, {""hasPlayed"": true, ""points"": 44}]",3,Robin Hranác,-148228.0,-148228.0,-425109.0,-259445.0,-236590.0,205079.0,5.7,1.9802807486631018,0.0,0.0,0.0,0.0,0.0,0.0,10.0062,0.0
8289,14,Lúkas,Petersson,500000.0,,,,,,,0,1,https://kickbase.b-cdn.net/content/file/e12887e5419f4c63a3e0c0b0213fb3cc.png,36.0,0,,0.0,"[{""hasPlayed"": false, ""points"": null}, {""hasPlayed"": false, ""points"": null}, {""hasPlayed"": false, ""points"": null}]",5,Lúkas Petersson,0.0,0.0,0.0,0.0,0.0,0.0,0.0,1.6241310160427807,0.0,0.0,0.0,0.0,0.0,0.0,10.0062,0.0
9598,14,Valentin,Gendrey,1004426.0,56.0,1.0,1.0,0.0,1592.0,56.0,0,2,https://kickbase.b-cdn.net/content/file/963aa0e9a1bf4537bba171631d3ef595.png,15.0,2,55.0,32.0,"[{""hasPlayed"": true, ""points"": 56}, {""hasPlayed"": false, ""points"": null}, {""hasPlayed"": false, ""points"": null}]",4,Valentin Gendrey,20464.0,20464.0,-47532.0,-104289.0,-566267.0,-3777097.0,8.3,1.9802807486631018,0.36511156186612576,0.0,0.0,1.0,0.0,0.49208924949290067,10.0062,80.93156
11161,14,Koki,Machida,4720920.0,49.0,1.0,1.0,0.0,1579.0,49.0,0,2,https://kickbase.b-cdn.net/content/file/80f0a50727b54ea5a90a99a754cc7a6c.png,28.0,1,10.0,28.0,"[{""hasPlayed"": true, ""points"": 49}, {""hasPlayed"": false, ""points"": null}, {""hasPlayed"": false, ""points"": null}]",3,Koki Machida,321829.0,321829.0,207893.0,76171.0,1507506.0,2596102.0,0.0,1.9802807486631018,0.3103448275862069,0.0,0.0,0.0,0.0,0.2482758620689655,10.0062,0.0
11162,14,Leon,Avdullahu,16662616.0,98.0,3.0,3.0,3.0,17799.0,293.0,0,3,https://kickbase.b-cdn.net/content/file/805fdf4f3bec4018a1ff6bc85cc95546.png,7.0,1,17.0,33.0,"[{""hasPlayed"": true, ""points"": 82}, {""hasPlayed"": true, ""points"": 136}, {""hasPlayed"": true, ""points"": 75}]",1,Leon Avdullahu,89846.0,89846.0,47538.0,22454.0,201639.0,1609279.0,6.9,1.9802807486631018,1.0,0.0,0.0,1.0,0.0,1.0,10.0062,136.724088
11591,14,Cajetan,Lenz,621484.0,,,,,,,0,3,https://kickbase.b-cdn.net/content/file/2d15f1ede167438698d92ddc037e6abe.png,32.0,2,,0.0,"[{""hasPlayed"": false, ""points"": null}, {""hasPlayed"": false, ""points"": null}, {""hasPlayed"": false, ""points"": null}]",5,Cajetan Lenz,-78785.0,-78785.0,-72626.0,-47939.0,-522862.0,-3473676.0,0.0,1.9802807486631018,0.0,0.0,0.0,0.0,0.0,0.0,10.0062,0.0
11631,14,Wouter,Burger,17845863.0,71.0,3.0,3.0,3.0,16781.0,214.0,0,3,https://kickbase.b-cdn.net/content/file/50a59d7c22f64565b2f31bba1dfae5bd.png,18.0,2,11.0,18.0,"[{""hasPlayed"": true, ""points"": 93}, {""hasPlayed"": true, ""points"": 58}, {""hasPlayed"": true, ""points"": 63}]",2,Wouter Burger,-154566.0,-154566.0,-309718.0,-369728.0,-2871533.0,-4837979.0,6.2,1.9802807486631018,0.6896551724137931,0.0,0.0,1.0,0.0,0.7517241379310345,10.0062,92.351963
11959,14,Adam,Daghim,11866377.0,167.0,3.0,3.0,3.0,17286.0,502.0,0,4,https://kickbase.b-cdn.net/content/file/1919dcbd4fb6447aad155fb3c72f3e38.png,14.0,1,42.0,24.0,"[{""hasPlayed"": true, ""points"": 194}, {""hasPlayed"": true, ""points"": 145}, {""hasPlayed"": true, ""points"": 163}]",3,Adam Daghim,245631.0,245631.0,215800.0,167001.0,1361472.0,7130887.0,8.1,1.9802807486631018,1.0,0.0,0.0,1.0,0.0,1.0,10.0062,160.50219
15193,14,Mats,Rots,9294461.0,65.0,3.0,3.0,2.0,10920.0,196.0,0,2,https://kickbase.b-cdn.net/content/file/d96dc40ca1674b38aef03dff83ae8ab0.png,39.0,1,21.0,68.0,"[{""hasPlayed"": true, ""points"": 105}, {""hasPlayed"": true, ""points"": 105}, {""hasPlayed"": true, ""points"": -14}]",3,Mats Rots,301693.0,301693.0,268436.0,223887.0,1701116.0,-232777.0,7.2,1.9802807486631018,0.6896551724137931,0.0,0.0,1.0,0.0,0.7517241379310345,10.0062,107.247441
15262,14,Nathan,De Cat,8987053.0,-6.0,2.0,2.0,0.0,2514.0,-11.0,0,3,https://kickbase.b-cdn.net/content/file/8c55d861342c440b9966f1cd6dc86f29.png,17.0,2,,4.0,"[{""hasPlayed"": false, ""points"": null}, {""hasPlayed"": true, ""points"": -2}, {""hasPlayed"": true, ""points"": -9}]",3,Nathan De Cat,-345003.0,-345003.0,-368698.0,-567039.0,-3770555.0,-7320192.0,5.8,1.9802807486631018,0.3103448275862069,0.0,0.0,0.0,0.0,0.2482758620689655,10.0062,28.533723
51,40,Rani,Khedira,5581399.0,32.0,3.0,3.0,3.0,18135.0,97.0,0,3,https://kickbase.b-cdn.net/content/file/9ecae4fccb2648b8b2bd92c4cac3f955.png,8.0,2,17.0,18.0,"[{""hasPlayed"": true, ""points"": 32}, {""hasPlayed"": true, ""points"": 14}, {""hasPlayed"": true, ""points"": 51}]",1,Rani Khedira,-266187.0,-266187.0,-303791.0,-291951.0,-1569728.0,-265314.0,4.8,0.17776712985146148,1.0,0.0,0.0,1.0,0.0,1.0,10.0062,8.538113
1223,40,Marvin,Friedrich,846861.0,,,,,,,2,2,https://kickbase.b-cdn.net/content/file/0e7e99776b0c460eaaf8702878b90869.png,5.0,2,,0.0,"[{""hasPlayed"": false, ""points"": null}, {""hasPlayed"": false, ""points"": null}, {""hasPlayed"": false, ""points"": null}]",5,Marvin Friedrich,-109778.0,-109778.0,-135135.0,-142495.0,-923941.0,-218398.0,0.0,0.17776712985146148,0.0,0.0,0.0,0.0,0.0,0.0,10.0062,0.0
1553,40,Janik,Haberer,4331298.0,13.0,3.0,3.0,0.0,4111.0,38.0,0,3,https://kickbase.b-cdn.net/content/file/ce496ba0469a4a3b80d18b665d7466c0.png,19.0,1,8.0,17.0,"[{""hasPlayed"": true, ""points"": -6}, {""hasPlayed"": true, ""points"": 15}, {""hasPlayed"": true, ""points"": 29}]",4,Janik Haberer,375059.0,375059.0,347847.0,255357.0,1802787.0,-312709.0,5.7,0.17776712985146148,0.0,0.0,0.0,0.0,0.0,0.0,10.0062,0.0
1955,40,Oliver,Burke,1333440.0,,,,,,,2,4,https://kickbase.b-cdn.net/content/file/a76d8d4a531548f58ceb241fe4958952.png,7.0,2,,0.0,"[{""hasPlayed"": false, ""points"": null}, {""hasPlayed"": false, ""points"": null}, {""hasPlayed"": false, ""points"": null}]",5,Oliver Burke,-108436.0,-108436.0,-105054.0,-101343.0,-769217.0,-3949401.0,0.0,0.17776712985146148,0.0,0.0,0.0,0.0,0.0,0.0,10.0062,0.0
2065,40,Felix,Uduokhai,7059178.0,73.0,2.0,2.0,2.0,11974.0,145.0,0,2,https://kickbase.b-cdn.net/content/file/e407afb596ac48f2bab3f2f63a37f2c2.png,2.0,1,20.0,41.0,"[{""hasPlayed"": true, ""points"": 75}, {""hasPlayed"": true, ""points"": 70}, {""hasPlayed"": false, ""points"": null}]",2,Felix Uduokhai,203524.0,203524.0,161353.0,164118.0,1437205.0,-1639360.0,4.9,0.17776712985146148,1.0,0.0,0.0,1.0,0.0,1.0,10.0062,8.71599
2279,40,Frederik,Rönnow,10064313.0,94.0,2.0,2.0,2.0,11974.0,187.0,0,1,https://kickbase.b-cdn.net/content/file/a74539007fa347f28af0ce83caafef6f.png,1.0,1,18.0,54.0,"[{""hasPlayed"": true, ""points"": 97}, {""hasPlayed"": true, ""points"": 90}, {""hasPlayed"": false, ""points"": null}]",1,Frederik Rönnow,316909.0,316909.0,295556.0,290412.0,2068261.0,219149.0,5.3,0.782957993930682,1.0,0.0,0.0,1.0,0.0,1.0,10.0062,41.522502
2302,40,Woo-Yeong,Jeong,4174995.0,46.0,3.0,3.0,1.0,9458.0,137.0,0,3,https://kickbase.b-cdn.net/content/file/167f780b883445c1bb79e00354f1e807.png,11.0,2,32.0,33.0,"[{""hasPlayed"": true, ""points"": 69}, {""hasPlayed"": true, ""points"": 7}, {""hasPlayed"": true, ""points"": 61}]",3,Woo-Yeong Jeong,-118560.0,-118560.0,-62627.0,-29511.0,-504384.0,217450.0,5.8,0.17776712985146148,0.3103448275862069,0.0,0.0,1.0,0.0,0.44827586206896547,10.0062,4.624811
2400,40,Christopher,Trimmel,1651399.0,-6.0,1.0,1.0,0.0,1194.0,-6.0,0,2,https://kickbase.b-cdn.net/content/file/0133043125be433d91c3b93eb502aebe.png,28.0,2,,3.0,"[{""hasPlayed"": false, ""points"": null}, {""hasPlayed"": true, ""points"": -6}, {""hasPlayed"": false, ""points"": null}]",4,Christopher Trimmel,-135342.0,-135342.0,-144077.0,-146470.0,-875249.0,-4339619.0,0.0,0.17776712985146148,0.36511156186612576,0.0,0.0,0.0,0.0,0.2920892494929006,10.0062,0.0
2491,40,Tim,Skarke,7306803.0,95.0,3.0,3.0,0.0,5558.0,286.0,0,3,https://kickbase.b-cdn.net/content/file/530ba96741b943798d9be4d5dcc151f5.png,21.0,1,39.0,74.0,"[{""hasPlayed"": true, ""points"": 137}, {""hasPlayed"": true, ""points"": 9}, {""hasPlayed"": true, ""points"": 140}]",3,Tim Skarke,275672.0,275672.0,238629.0,114595.0,1454351.0,1958134.0,8.2,0.17776712985146148,0.6896551724137931,0.0,0.0,0.0,0.0,0.5517241379310345,10.0062,8.047416
2717,40,Robert,Skov,1782212.0,-12.0,1.0,1.0,0.0,742.0,-12.0,0,3,https://kickbase.b-cdn.net/content/file/ebae4e5c0fec43ebaed2b2aae064a346.png,24.0,2,,6.0,"[{""hasPlayed"": true, ""points"": -12}, {""hasPlayed"": false, ""points"": null}, {""hasPlayed"": false, ""points"": null}]",5,Robert Skov,-189135.0,-189135.0,-159578.0,-35195.0,341663.0,-1446255.0,0.0,0.17776712985146148,0.0,0.0,0.0,0.0,0.0,0.0,10.0062,0.0
3102,40,Tom,Rothe,8584661.0,84.0,3.0,3.0,3.0,18135.0,253.0,0,2,https://kickbase.b-cdn.net/content/file/82917858d1a74a7f90a2d9dfca456b71.png,15.0,2,29.0,62.0,"[{""hasPlayed"": true, ""points"": 150}, {""hasPlayed"": true, ""points"": 25}, {""hasPlayed"": true, ""points"": 78}]",1,Tom Rothe,-40737.0,-40737.0,-84240.0,-167947.0,-1008371.0,1615863.0,6.3,0.17776712985146148,1.0,0.0,0.0,1.0,0.0,1.0,10.0062,11.206273
3187,40,András,Schäfer,3443115.0,25.0,3.0,3.0,1.0,8489.0,76.0,0,3,https://kickbase.b-cdn.net/content/file/433f8b676b6b4b898ad3ede98e20f79d.png,13.0,2,22.0,29.0,"[{""hasPlayed"": true, ""points"": 47}, {""hasPlayed"": true, ""points"": -8}, {""hasPlayed"": true, ""points"": 37}]",3,András Schäfer,-128885.0,-128885.0,-132343.0,-120721.0,-794473.0,336992.0,6.2,0.17776712985146148,0.6896551724137931,0.0,0.0,0.0,0.0,0.5517241379310345,10.0062,6.084632
3364,40,Carl,Klaus,2026344.0,,,,,,,0,1,https://kickbase.b-cdn.net/content/file/03530ee1979440f6865c5fc39260c63a.png,25.0,2,,0.0,"[{""hasPlayed"": false, ""points"": null}, {""hasPlayed"": false, ""points"": null}, {""hasPlayed"": false, ""points"": null}]",5,Carl Klaus,-148873.0,-148873.0,-144207.0,-151358.0,-1033901.0,155593.0,0.0,0.782957993930682,0.0,0.0,0.0,0.0,0.0,0.0,10.0062,0.0
3419,40,Matheo,Raab,3861738.0,9.0,1.0,1.0,1.0,6161.0,9.0,0,1,https://kickbase.b-cdn.net/content/file/6f65c492a85a491b94cd3b8a37bae6f8.png,31.0,2,2.0,5.0,"[{""hasPlayed"": false, ""points"": null}, {""hasPlayed"": false, ""points"": null}, {""hasPlayed"": true, ""points"": 9}]",5,Matheo Raab,-152037.0,-152037.0,-150680.0,-147368.0,-1314394.0,2558386.0,0.0,0.782957993930682,0.0,0.0,0.0,0.0,0.0,0.0,10.0062,0.0
3453,40,Derrick,Köhn,3356544.0,19.0,1.0,1.0,0.0,811.0,19.0,0,2,https://kickbase.b-cdn.net/content/file/336162df73db46fdb0d35c73c0928582.png,17.0,1,5.0,10.0,"[{""hasPlayed"": false, ""points"": null}, {""hasPlayed"": false, ""points"": null}, {""hasPlayed"": true, ""points"": 19}]",5,Derrick Köhn,331098.0,331098.0,150832.0,79300.0,1428276.0,604218.0,0.0,0.17776712985146148,0.0,0.0,0.0,0.0,0.0,0.0,10.0062,0.0
4352,40,Stanley,Nsoki,842042.0,,,,,,,2,2,https://kickbase.b-cdn.net/content/file/6c54070a804d4f15acb3d09b63af882a.png,34.0,2,,0.0,"[{""hasPlayed"": false, ""points"": null}, {""hasPlayed"": false, ""points"": null}, {""hasPlayed"": false, ""points"": null}]",5,Stanley Nsoki,-122444.0,-122444.0,-142936.0,-151631.0,-911711.0,-3908933.0,0.0,0.17776712985146148,0.0,0.0,0.0,0.0,0.0,0.0,10.0062,0.0
4446,40,Aljoscha,Kemlein,6017265.0,24.0,3.0,3.0,3.0,11650.0,73.0,0,3,https://kickbase.b-cdn.net/content/file/2dc45e5315ff4262a38925af69a6e745.png,6.0,2,12.0,27.0,"[{""hasPlayed"": true, ""points"": 6}, {""hasPlayed"": true, ""points"": 11}, {""hasPlayed"": true, ""points"": 56}]",2,Aljoscha Kemlein,-305418.0,-305418.0,-337347.0,-280914.0,-1707910.0,-2131175.0,4.8,0.17776712985146148,1.0,0.0,0.0,1.0,0.0,1.0,10.0062,8.538113
4598,40,Josip,Juranović,9498259.0,100.0,3.0,3.0,3.0,16940.0,300.0,2,2,https://kickbase.b-cdn.net/content/file/17ce8593891544bbae052579071e5c45.png,18.0,2,31.0,104.0,"[{""hasPlayed"": true, ""points"": 72}, {""hasPlayed"": true, ""points"": 12}, {""hasPlayed"": true, ""points"": 216}]",2,Josip Juranović,-330292.0,-330292.0,-642143.0,-512184.0,-1368853.0,5073367.0,6.6,0.17776712985146148,0.6348884381338742,0.0,0.0,0.85,0.15,0.6779107505070994,10.0062,7.958608
7684,40,Michel,Aebischer,3880196.0,14.0,3.0,3.0,3.0,13139.0,41.0,0,3,https://kickbase.b-cdn.net/content/file/53d3916429e94e6c8ea54b7c96c1fd91.png,20.0,2,10.0,17.0,"[{""hasPlayed"": true, ""points"": 22}, {""hasPlayed"": true, ""points"": -6}, {""hasPlayed"": true, ""points"": 25}]",2,Michel Aebischer,-119255.0,-119255.0,-138718.0,-99487.0,-656264.0,3880196.0,4.8,0.17776712985146148,0.6896551724137931,0.0,0.0,1.0,0.0,0.7517241379310345,10.0062,6.418305
7723,40,Leopold,Querfeld,12559364.0,185.0,2.0,2.0,2.0,12486.0,369.0,0,2,https://kickbase.b-cdn.net/content/file/b9dfbb26ed9347b9a1585f29718c9d76.png,14.0,2,29.0,128.0,"[{""hasPlayed"": true, ""points"": 112}, {""hasPlayed"": false, ""points"": null}, {""hasPlayed"": true, ""points"": 257}]",3,Leopold Querfeld,-324141.0,-324141.0,-332265.0,-299838.0,-2222639.0,-1118892.0,6.9,0.17776712985146148,0.6896551724137931,0.0,0.0,1.0,0.0,0.7517241379310345,10.0062,9.226314
8381,40,Livan,Burcu,4475235.0,21.0,3.0,3.0,2.0,9683.0,64.0,0,3,https://kickbase.b-cdn.net/content/file/9ee1048c9191462c82b58e23f1dbf647.png,9.0,2,14.0,10.0,"[{""hasPlayed"": true, ""points"": 9}, {""hasPlayed"": true, ""points"": 28}, {""hasPlayed"": true, ""points"": 27}]",3,Livan Burcu,-129153.0,-129153.0,-133469.0,-106664.0,-1092215.0,-2908241.0,5.3,0.17776712985146148,0.3103448275862069,0.0,0.0,1.0,0.0,0.44827586206896547,10.0062,4.22612
9683,40,Andrej,Ilic,2919318.0,,,,,,,2,4,https://kickbase.b-cdn.net/content/file/1a56a70bd0c1483894bc78d61bf30f46.png,23.0,2,,0.0,"[{""hasPlayed"": false, ""points"": null}, {""hasPlayed"": false, ""points"": null}, {""hasPlayed"": false, ""points"": null}]",5,Andrej Ilic,-104864.0,-104864.0,-100909.0,-96091.0,-840647.0,-5415344.0,0.0,0.17776712985146148,0.0,0.0,0.0,0.0,0.0,0.0,10.0062,0.0
10106,40,Marin,Ljubičić,4349837.0,1.0,3.0,3.0,2.0,14522.0,4.0,0,4,https://kickbase.b-cdn.net/content/file/fcb660bdc74f41ef85fd3f45ac56962e.png,27.0,2,0.0,18.0,"[{""hasPlayed"": true, ""points"": -10}, {""hasPlayed"": true, ""points"": -9}, {""hasPlayed"": true, ""points"": 23}]",3,Marin Ljubičić,-135536.0,-135536.0,-123807.0,-54529.0,-366174.0,1747692.0,4.9,0.17776712985146148,0.3103448275862069,0.0,0.0,0.0,0.0,0.2482758620689655,10.0062,2.16397
12763,40,Emmanuel,Latte Lath,7323331.0,30.0,3.0,3.0,3.0,12576.0,91.0,0,4,https://kickbase.b-cdn.net/content/file/d94f619b8cda4f03a559f3b3b10c2ffc.png,29.0,2,12.0,58.0,"[{""hasPlayed"": true, ""points"": 11}, {""hasPlayed"": true, ""points"": -16}, {""hasPlayed"": true, ""points"": 96}]",3,Emmanuel Latte Lath,-347035.0,-347035.0,-350194.0,-294571.0,-1994275.0,-770277.0,4.9,0.17776712985146148,1.0,0.0,0.0,1.0,0.0,1.0,10.0062,8.71599
13629,40,Linus,Güther,977174.0,,,,,,,0,3,https://kickbase.b-cdn.net/content/file/d92375c9bb9640858ef3fa4deebadf84.png,49.0,2,,0.0,"[{""hasPlayed"": false, ""points"": null}, {""hasPlayed"": false, ""points"": null}, {""hasPlayed"": false, ""points"": null}]",5,Linus Güther,-133553.0,-133553.0,-135687.0,-144727.0,-946068.0,477174.0,0.0,0.17776712985146148,0.0,0.0,0.0,0.0,0.0,0.0,10.0062,0.0
14917,40,Zeno,Van den Bosch,7574402.0,51.0,2.0,2.0,2.0,11810.0,101.0,0,2,https://kickbase.b-cdn.net/content/file/f19174a181cb4b18a6fb28116d085029.png,4.0,2,13.0,49.0,"[{""hasPlayed"": false, ""points"": null}, {""hasPlayed"": true, ""points"": 10}, {""hasPlayed"": true, ""points"": 91}]",3,Zeno Van den Bosch,-348997.0,-348997.0,-350951.0,-349244.0,-2042347.0,-5247241.0,5.6,0.17776712985146148,0.3103448275862069,0.0,0.0,0.0,0.0,0.2482758620689655,10.0062,2.473108
17306,40,Kastriot,Imeri,2419453.0,,,,,,,2,3,https://kickbase.b-cdn.net/content/file/a4b7da39d3b84ed08289b6992fe6d4ee.png,0.0,2,,0.0,"[{""hasPlayed"": false, ""points"": null}, {""hasPlayed"": false, ""points"": null}, {""hasPlayed"": false, ""points"": null}]",5,Kastriot Imeri,-149733.0,-149733.0,-147657.0,-145666.0,-1050987.0,2419453.0,0.0,0.17776712985146148,0.0,0.0,0.0,0.0,0.0,0.0,10.0062,0.0
357,4,Jens,Grahl,500000.0,,,,,,,0,1,https://kickbase.b-cdn.net/content/file/e76a9805862d4c849883f4035d7912a7.png,33.0,0,,0.0,"[{""hasPlayed"": false, ""points"": null}, {""hasPlayed"": false, ""points"": null}, {""hasPlayed"": false, ""points"": null}]",5,Jens Grahl,0.0,0.0,0.0,0.0,0.0,0.0,0.0,1.371005917159763,0.0,0.0,0.0,0.0,0.0,0.0,10.0062,0.0
461,4,Timothy,Chandler,500000.0,6.0,2.0,2.0,0.0,1847.0,12.0,0,2,https://kickbase.b-cdn.net/content/file/e7c03911a4054596904af25c839e49a8.png,22.0,2,24.0,15.0,"[{""hasPlayed"": true, ""points"": 21}, {""hasPlayed"": true, ""points"": -9}, {""hasPlayed"": false, ""points"": null}]",5,Timothy Chandler,0.0,0.0,-53171.0,-107540.0,-551501.0,0.0,4.4,1.437869822485207,0.0,0.0,0.0,0.0,0.0,0.0,10.0062,0.0
513,4,Mario,Götze,5844093.0,75.0,2.0,2.0,1.0,6305.0,150.0,0,3,https://kickbase.b-cdn.net/content/file/d3877d0c416e4d30a99efbd5a673b455.png,27.0,1,25.0,47.0,"[{""hasPlayed"": true, ""points"": 94}, {""hasPlayed"": true, ""points"": 56}, {""hasPlayed"": false, ""points"": null}]",3,Mario Götze,373329.0,373329.0,362936.0,368969.0,1797605.0,692327.0,7.6,1.437869822485207,0.0,0.0,0.0,0.0,0.0,0.0,10.0062,0.0
2144,4,Robin,Koch,24828432.0,141.0,3.0,3.0,3.0,17621.0,424.0,0,2,https://kickbase.b-cdn.net/content/file/9ec4a1262fb84d21b3b5458cc97f9cf3.png,4.0,1,17.0,15.0,"[{""hasPlayed"": true, ""points"": 159}, {""hasPlayed"": true, ""points"": 133}, {""hasPlayed"": true, ""points"": 132}]",1,Robin Koch,107219.0,107219.0,93752.0,28688.0,415070.0,1429863.0,7.5,1.437869822485207,1.0,0.0,0.0,1.0,0.0,1.0,10.0062,107.907098
2255,4,Jonathan,Burkardt,24198786.0,135.0,3.0,3.0,3.0,14685.0,406.0,0,4,https://kickbase.b-cdn.net/content/file/f11b49646cad49699fd37664e712e9c9.png,9.0,1,16.0,101.0,"[{""hasPlayed"": true, ""points"": 246}, {""hasPlayed"": true, ""points"": 114}, {""hasPlayed"": true, ""points"": 46}]",1,Jonathan Burkardt,147111.0,147111.0,115943.0,-63868.0,-1064495.0,-1822878.0,7.7,1.437869822485207,1.0,0.0,0.0,1.0,0.0,1.0,10.0062,110.78462
2863,4,Ansgar,Knauff,3083862.0,,,,,,,4,3,https://kickbase.b-cdn.net/content/file/df49f152f9bc4fd99f45742758ff5cfc.png,7.0,2,,0.0,"[{""hasPlayed"": false, ""points"": null}, {""hasPlayed"": false, ""points"": null}, {""hasPlayed"": false, ""points"": null}]",5,Ansgar Knauff,-114903.0,-114903.0,-112490.0,-112072.0,-832091.0,-1406828.0,0.0,1.437869822485207,0.0,0.0,0.0,0.0,0.0,0.0,10.0062,0.0
2864,4,Nnamdi,Collins,5208336.0,,,,,,,0,2,https://kickbase.b-cdn.net/content/file/47efb7c32b294c238dcddcc3bd26ac21.png,34.0,1,,0.0,"[{""hasPlayed"": false, ""points"": null}, {""hasPlayed"": false, ""points"": null}, {""hasPlayed"": false, ""points"": null}]",4,Nnamdi Collins,291505.0,291505.0,123577.0,7613.0,-345790.0,-8451022.0,0.0,1.437869822485207,0.0,0.0,0.0,0.0,0.0,0.0,10.0062,0.0
2887,4,Ritsu,Dōan,16540710.0,88.0,2.0,2.0,2.0,11057.0,176.0,0,3,https://kickbase.b-cdn.net/content/file/8ad9394d1b4e4df9b692dad3a7539c1d.png,20.0,1,10.0,53.0,"[{""hasPlayed"": true, ""points"": 106}, {""hasPlayed"": true, ""points"": 70}, {""hasPlayed"": false, ""points"": null}]",2,Ritsu Dōan,232796.0,232796.0,215605.0,158177.0,880880.0,-4055680.0,5.3,1.437869822485207,0.6348884381338742,0.0,0.0,1.0,0.15,0.7079107505070994,10.0062,53.981273
3019,4,Noah,Atubolu,14067230.0,118.0,3.0,3.0,3.0,17621.0,355.0,0,1,https://kickbase.b-cdn.net/content/file/1a428dbd61524b48bb209d1ebee4ac6d.png,1.0,1,25.0,77.0,"[{""hasPlayed"": true, ""points"": 189}, {""hasPlayed"": true, ""points"": 36}, {""hasPlayed"": true, ""points"": 130}]",1,Noah Atubolu,162979.0,162979.0,144756.0,77238.0,813693.0,5733603.0,6.5,1.371005917159763,1.0,0.0,0.0,1.0,0.0,1.0,10.0062,89.170636
6081,4,Can,Uzun,25467664.0,134.0,3.0,3.0,3.0,14825.0,403.0,0,3,https://kickbase.b-cdn.net/content/file/d508a06c367e48b4a6ad92a95ee8612d.png,42.0,2,15.0,125.0,"[{""hasPlayed"": true, ""points"": 279}, {""hasPlayed"": true, ""points"": 59}, {""hasPlayed"": true, ""points"": 65}]",1,Can Uzun,31136.0,31136.0,51427.0,-308847.0,-2828716.0,-1969766.0,7.2,1.437869822485207,1.0,0.0,0.0,1.0,0.0,1.0,10.0062,103.590814
7275,4,Kauã,Santos,3275386.0,,,,,,,0,1,https://kickbase.b-cdn.net/content/file/aa2d99e5647f41be9c144d86afcdde54.png,40.0,2,,0.0,"[{""hasPlayed"": false, ""points"": null}, {""hasPlayed"": false, ""points"": null}, {""hasPlayed"": false, ""points"": null}]",5,Kauã Santos,-151131.0,-151131.0,-150123.0,-147512.0,-1037505.0,-6883159.0,0.0,1.371005917159763,0.0,0.0,0.0,0.0,0.0,0.0,10.0062,0.0
7277,4,Farès,Chaïbi,8420234.0,54.0,2.0,2.0,1.0,7623.0,107.0,2,3,https://kickbase.b-cdn.net/content/file/774d9ee4bd994b9dae8672fbf45215fe.png,8.0,2,12.0,40.0,"[{""hasPlayed"": false, ""points"": null}, {""hasPlayed"": true, ""points"": 28}, {""hasPlayed"": true, ""points"": 79}]",3,Farès Chaïbi,-360439.0,-360439.0,-355415.0,-331317.0,-1134159.0,-1971233.0,6.7,1.437869822485207,0.3103448275862069,0.0,0.0,0.0,0.0,0.2482758620689655,10.0062,23.93305
7325,4,Elias,Baum,13605047.0,112.0,3.0,3.0,3.0,15773.0,336.0,0,2,https://kickbase.b-cdn.net/content/file/0f3d607126284679ac5bc7ee81f890ad.png,2.0,2,24.0,65.0,"[{""hasPlayed"": true, ""points"": 105}, {""hasPlayed"": true, ""points"": 50}, {""hasPlayed"": true, ""points"": 181}]",2,Elias Baum,53131.0,53131.0,-2229.0,-109725.0,-83494.0,4107983.0,6.5,1.437869822485207,1.0,0.0,0.0,1.0,0.0,1.0,10.0062,93.519485
7417,4,Noël,Aséko,4177527.0,58.0,1.0,1.0,1.0,3692.0,58.0,0,3,https://kickbase.b-cdn.net/content/file/4c3b212857824d74bed5f3922ab26e64.png,15.0,1,13.0,33.0,"[{""hasPlayed"": true, ""points"": 58}, {""hasPlayed"": false, ""points"": null}, {""hasPlayed"": false, ""points"": null}]",3,Noël Aséko,263757.0,263757.0,126391.0,-45415.0,-125163.0,-5080562.0,0.0,1.437869822485207,0.6896551724137931,0.0,0.0,1.0,0.0,0.7517241379310345,10.0062,0.0
8351,4,Oscar,Højlund,3636910.0,1.0,1.0,1.0,0.0,945.0,1.0,2,3,https://kickbase.b-cdn.net/content/file/9f25f3c48efd47488db3f0fea31226bc.png,6.0,2,0.0,0.0,"[{""hasPlayed"": false, ""points"": null}, {""hasPlayed"": false, ""points"": null}, {""hasPlayed"": true, ""points"": 1}]",4,Oscar Højlund,-141446.0,-141446.0,-151987.0,-123431.0,-853856.0,43385.0,0.0,1.437869822485207,0.0,0.0,0.0,0.0,0.0,0.0,10.0062,0.0
10004,4,Younes,Ebnoutalib,16331952.0,151.0,3.0,3.0,2.0,12410.0,453.0,0,4,https://kickbase.b-cdn.net/content/file/0a607bef8a9448cabbf3308c90e0dc6f.png,11.0,1,27.0,146.0,"[{""hasPlayed"": true, ""points"": 11}, {""hasPlayed"": true, ""points"": 138}, {""hasPlayed"": true, ""points"": 304}]",4,Younes Ebnoutalib,73366.0,73366.0,147213.0,213339.0,1430929.0,6223349.0,7.2,1.437869822485207,0.0,0.0,0.0,0.0,0.0,0.0,10.0062,0.0
11186,4,Jeremiaha,Maluze,5300967.0,198.0,2.0,2.0,2.0,11959.0,396.0,0,2,https://kickbase.b-cdn.net/content/file/41180e5bf4d046fbb3c24268c49459cb.png,37.0,1,74.0,114.0,"[{""hasPlayed"": true, ""points"": 202}, {""hasPlayed"": false, ""points"": null}, {""hasPlayed"": true, ""points"": 194}]",2,Jeremiaha Maluze,336622.0,336622.0,248781.0,28544.0,1127195.0,4800967.0,8.2,1.437869822485207,1.0,0.0,0.0,1.0,0.0,1.0,10.0062,117.978427
12284,4,Keita,Kosugi,8404503.0,73.0,3.0,3.0,3.0,17621.0,219.0,0,2,https://kickbase.b-cdn.net/content/file/4626c41eb1dd44d5b36bfde09dc9f229.png,26.0,2,26.0,24.0,"[{""hasPlayed"": true, ""points"": 101}, {""hasPlayed"": true, ""points"": 54}, {""hasPlayed"": true, ""points"": 64}]",1,Keita Kosugi,2982.0,2982.0,-80117.0,-213281.0,-1109786.0,1949228.0,6.2,1.437869822485207,1.0,0.0,0.0,1.0,0.0,1.0,10.0062,89.203201
12285,4,Love,Arrhov,648550.0,-6.0,1.0,1.0,0.0,944.0,-6.0,0,3,https://kickbase.b-cdn.net/content/file/02ec19133f8a43768226917be968f9f8.png,31.0,2,,3.0,"[{""hasPlayed"": false, ""points"": null}, {""hasPlayed"": false, ""points"": null}, {""hasPlayed"": true, ""points"": -6}]",5,Love Arrhov,-115433.0,-115433.0,-130017.0,-120730.0,-800434.0,-3815933.0,4.6,1.437869822485207,0.0,0.0,0.0,0.0,0.0,0.0,10.0062,0.0
12294,4,Ayoube,Amaimouni,6964147.0,31.0,3.0,3.0,1.0,7067.0,94.0,0,3,https://kickbase.b-cdn.net/content/file/5f68ec42f258435a8233881431dc3c75.png,29.0,2,13.0,36.0,"[{""hasPlayed"": true, ""points"": 12}, {""hasPlayed"": true, ""points"": 9}, {""hasPlayed"": true, ""points"": 73}]",4,Ayoube Amaimouni,-401926.0,-401926.0,-423127.0,-379541.0,-1401408.0,2714792.0,6.3,1.437869822485207,0.36511156186612576,0.0,0.0,0.0,0.0,0.2920892494929006,10.0062,26.475543
14920,4,Malik,Pimpong,1304690.0,-6.0,2.0,2.0,0.0,2139.0,-12.0,0,4,https://kickbase.b-cdn.net/content/file/0800fc3bf36841cbb6450f1a83cf8ee3.png,35.0,2,,12.0,"[{""hasPlayed"": false, ""points"": null}, {""hasPlayed"": true, ""points"": -18}, {""hasPlayed"": true, ""points"": 6}]",5,Malik Pimpong,-133003.0,-133003.0,-140041.0,-126390.0,-882017.0,-3471607.0,6.2,1.437869822485207,0.0,0.0,0.0,0.0,0.0,0.0,10.0062,0.0
15589,4,,Otávio,4472485.0,-1.0,1.0,1.0,0.0,611.0,-1.0,0,2,https://kickbase.b-cdn.net/content/file/29d28defc06541cdb2d6e020dc443ca1.png,5.0,2,,0.0,"[{""hasPlayed"": false, ""points"": null}, {""hasPlayed"": false, ""points"": null}, {""hasPlayed"": true, ""points"": -1}]",5,Otávio,-135321.0,-135321.0,-142895.0,-355892.0,-2143187.0,-2298611.0,6.4,1.437869822485207,0.0,0.0,0.0,0.0,0.0,0.0,10.0062,0.0
16369,4,Raphael,Onyedika,10302260.0,45.0,3.0,3.0,3.0,17621.0,134.0,0,3,https://kickbase.b-cdn.net/content/file/4413ed18fac54a58a6e94d858ea72074.png,25.0,2,13.0,43.0,"[{""hasPlayed"": true, ""points"": 12}, {""hasPlayed"": true, ""points"": 94}, {""hasPlayed"": true, ""points"": 28}]",1,Raphael Onyedika,-476982.0,-476982.0,-513387.0,-409955.0,-2729106.0,-2712408.0,5.5,1.437869822485207,1.0,0.0,0.0,1.0,0.0,1.0,10.0062,79.131872
17285,4,Lilian,Brassier,13051393.0,104.0,2.0,2.0,2.0,11460.0,207.0,0,2,https://kickbase.b-cdn.net/content/file/951b525cdfe04feaba0ac1724d5faf27.png,3.0,1,15.0,34.0,"[{""hasPlayed"": true, ""points"": 128}, {""hasPlayed"": true, ""points"": 79}, {""hasPlayed"": false, ""points"": null}]",1,Lilian Brassier,90495.0,90495.0,86407.0,24026.0,494635.0,13051393.0,6.5,1.437869822485207,1.0,0.0,0.0,1.0,0.0,1.0,10.0062,93.519485
60,18,Dominik,Kohr,4386638.0,96.0,1.0,1.0,1.0,4824.0,96.0,1,2,https://kickbase.b-cdn.net/content/file/fc6cb9d67771484baa8cd7547280f6cd.png,31.0,2,21.0,55.0,"[{""hasPlayed"": false, ""points"": null}, {""hasPlayed"": false, ""points"": null}, {""hasPlayed"": true, ""points"": 96}]",5,Dominik Kohr,-137464.0,-137464.0,-137039.0,-136388.0,-1899858.0,-4318003.0,0.0,1.5218819437735487,0.0,0.0,0.0,0.0,0.0,0.0,10.0062,0.0
550,18,Stefan,Bell,1682796.0,,,,,,,0,2,https://kickbase.b-cdn.net/content/file/b5f9d86fa6414225acae1ed532dfb2e7.png,16.0,1,,0.0,"[{""hasPlayed"": false, ""points"": null}, {""hasPlayed"": false, ""points"": null}, {""hasPlayed"": false, ""points"": null}]",5,Stefan Bell,289486.0,289486.0,262890.0,211315.0,794548.0,-1024665.0,0.0,1.5218819437735487,0.0,0.0,0.0,0.0,0.0,0.0,10.0062,0.0
620,18,Alexander,Schwolow,5068619.0,151.0,1.0,1.0,1.0,5624.0,151.0,0,1,https://kickbase.b-cdn.net/content/file/8c632c3299954c0f8703f77102907955.png,1.0,1,29.0,87.0,"[{""hasPlayed"": false, ""points"": null}, {""hasPlayed"": true, ""points"": 151}, {""hasPlayed"": false, ""points"": null}]",5,Alexander Schwolow,399655.0,399655.0,389895.0,396758.0,2257627.0,684921.0,0.0,1.4102115737609893,1.0,0.0,0.0,1.0,0.0,1.0,10.0062,0.0
1540,18,Danny,Da Costa,8820106.0,58.0,3.0,3.0,1.0,8364.0,174.0,0,2,https://kickbase.b-cdn.net/content/file/d7479cd684eb4636932e2e5651e92411.png,21.0,2,19.0,76.0,"[{""hasPlayed"": true, ""points"": -4}, {""hasPlayed"": true, ""points"": 35}, {""hasPlayed"": true, ""points"": 143}]",3,Danny Da Costa,-344941.0,-344941.0,-352496.0,-323924.0,-2376231.0,-135158.0,6.6,1.5218819437735487,0.3103448275862069,0.0,0.0,0.0,0.0,0.2482758620689655,10.0062,24.953334
1590,18,Robin,Zentner,11358474.0,72.0,2.0,2.0,2.0,11529.0,144.0,0,1,https://kickbase.b-cdn.net/content/file/dad81a3053174c60b16a47385173f2d5.png,27.0,2,12.0,52.0,"[{""hasPlayed"": true, ""points"": 40}, {""hasPlayed"": false, ""points"": null}, {""hasPlayed"": true, ""points"": 104}]",1,Robin Zentner,-194892.0,-194892.0,-286206.0,-254266.0,-3014158.0,-1208711.0,6.1,1.4102115737609893,0.0,0.0,0.0,0.0,0.0,0.0,10.0062,0.0
1639,18,Nadiem,Amiri,34973866.0,105.0,3.0,3.0,3.0,16626.0,316.0,0,3,https://kickbase.b-cdn.net/content/file/7d4c71e7f54e4886a93df87cf4f3987c.png,10.0,1,9.0,111.0,"[{""hasPlayed"": true, ""points"": -23}, {""hasPlayed"": true, ""points"": 172}, {""hasPlayed"": true, ""points"": 167}]",1,Nadiem Amiri,-39196.0,-39196.0,2393.0,43998.0,176428.0,2191895.0,7.1,1.5218819437735487,1.0,0.0,0.0,1.0,0.0,1.0,10.0062,108.120611
2006,18,Stefan,Posch,9194319.0,93.0,2.0,2.0,2.0,11097.0,185.0,0,2,https://kickbase.b-cdn.net/content/file/890290d8b9bd491fb3c624f1c57d47bd.png,4.0,1,20.0,61.0,"[{""hasPlayed"": true, ""points"": 62}, {""hasPlayed"": true, ""points"": 123}, {""hasPlayed"": false, ""points"": null}]",1,Stefan Posch,188276.0,188276.0,124885.0,74215.0,682768.0,355549.0,6.3,1.5218819437735487,1.0,0.0,0.0,1.0,0.0,1.0,10.0062,95.938007
2030,18,Phillip,Tietz,16507015.0,178.0,3.0,3.0,3.0,17153.0,535.0,0,4,https://kickbase.b-cdn.net/content/file/2acf94096d5443fcb6d70524c93fb74e.png,9.0,1,32.0,125.0,"[{""hasPlayed"": true, ""points"": 129}, {""hasPlayed"": true, ""points"": 321}, {""hasPlayed"": true, ""points"": 85}]",1,Phillip Tietz,188513.0,188513.0,173215.0,143074.0,1109055.0,4501491.0,8.3,1.5218819437735487,1.0,0.0,0.0,1.0,0.0,1.0,10.0062,126.394517
2232,18,Philipp,Mwene,12090936.0,125.0,3.0,3.0,3.0,15959.0,374.0,0,2,https://kickbase.b-cdn.net/content/file/90c9ea6f2e3c49fd8dc4455a289facd0.png,2.0,1,30.0,157.0,"[{""hasPlayed"": true, ""points"": 1}, {""hasPlayed"": true, ""points"": 302}, {""hasPlayed"": true, ""points"": 71}]",2,Philipp Mwene,63295.0,63295.0,93408.0,114799.0,998772.0,4030936.0,6.9,1.5218819437735487,1.0,0.0,0.0,1.0,0.0,1.0,10.0062,105.07496
2399,18,Lennard,Maloney,1573720.0,23.0,1.0,1.0,0.0,312.0,23.0,0,3,https://kickbase.b-cdn.net/content/file/8ae05919f4ae4c4a8ea0e0fdc6e08e32.png,15.0,2,14.0,13.0,"[{""hasPlayed"": false, ""points"": null}, {""hasPlayed"": true, ""points"": 23}, {""hasPlayed"": false, ""points"": null}]",5,Lennard Maloney,-142593.0,-142593.0,-143998.0,-137399.0,-982192.0,-505020.0,0.0,1.5218819437735487,0.0,0.0,0.0,0.0,0.0,0.0,10.0062,0.0
2476,18,Jae-Sung,Lee,13793833.0,95.0,3.0,3.0,3.0,12307.0,285.0,0,3,https://kickbase.b-cdn.net/content/file/b0241527f3d94a8c976c749e2004944d.png,7.0,1,20.0,81.0,"[{""hasPlayed"": true, ""points"": 9}, {""hasPlayed"": true, ""points"": 172}, {""hasPlayed"": true, ""points"": 104}]",3,Jae-Sung Lee,11447.0,11447.0,48208.0,70657.0,608834.0,4648370.0,7.4,1.5218819437735487,0.6896551724137931,0.0,0.0,1.0,0.0,0.7517241379310345,10.0062,84.711107
2646,18,Sheraldo,Becker,14462395.0,135.0,3.0,3.0,3.0,12809.0,405.0,0,4,https://kickbase.b-cdn.net/content/file/e279d94dff1f46ea8a7f16ea6656528c.png,23.0,1,28.0,144.0,"[{""hasPlayed"": true, ""points"": 54}, {""hasPlayed"": true, ""points"": 302}, {""hasPlayed"": true, ""points"": 49}]",1,Sheraldo Becker,141829.0,141829.0,125683.0,144409.0,984966.0,1325668.0,7.5,1.5218819437735487,1.0,0.0,0.0,1.0,0.0,1.0,10.0062,114.211913
2702,18,Eric,Martel,2264127.0,,,,,,,0,3,https://kickbase.b-cdn.net/content/file/8744ec1d907e4042b8afa0f7d030628c.png,5.0,1,,0.0,"[{""hasPlayed"": false, ""points"": null}, {""hasPlayed"": false, ""points"": null}, {""hasPlayed"": false, ""points"": null}]",5,Eric Martel,112187.0,112187.0,7266.0,-23503.0,-292324.0,-3605398.0,0.0,1.5218819437735487,0.0,0.0,0.0,0.0,0.0,0.0,10.0062,0.0
2822,18,,Silas,517879.0,,,,,,,1,4,https://kickbase.b-cdn.net/content/file/c9d8809a21ab421eae753d788da8f8e3.png,26.0,2,,0.0,"[{""hasPlayed"": false, ""points"": null}, {""hasPlayed"": false, ""points"": null}, {""hasPlayed"": false, ""points"": null}]",5,Silas,17879.0,17879.0,0.0,-42909.0,-337708.0,17879.0,0.0,1.5218819437735487,0.0,0.0,0.0,0.0,0.0,0.0,10.0062,0.0
2895,18,Paul,Nebel,3422784.0,,,,,,,1,3,https://kickbase.b-cdn.net/content/file/03b835615e0c4ae3850ce2970f9cec04.png,8.0,1,,0.0,"[{""hasPlayed"": false, ""points"": null}, {""hasPlayed"": false, ""points"": null}, {""hasPlayed"": false, ""points"": null}]",5,Paul Nebel,80864.0,80864.0,7537.0,-28912.0,-306743.0,-4986697.0,0.0,1.5218819437735487,0.0,0.0,0.0,0.0,0.0,0.0,10.0062,0.0
3041,18,Silvan,Widmer,2054989.0,29.0,1.0,1.0,0.0,1324.0,29.0,1,2,https://kickbase.b-cdn.net/content/file/0c5f8e3a3a1145cfadc9fbe799559ed4.png,30.0,2,14.0,16.0,"[{""hasPlayed"": false, ""points"": null}, {""hasPlayed"": false, ""points"": null}, {""hasPlayed"": true, ""points"": 29}]",5,Silvan Widmer,-156237.0,-156237.0,-164173.0,-163893.0,-152011.0,-1098754.0,0.0,1.5218819437735487,0.0,0.0,0.0,0.0,0.0,0.0,10.0062,0.0
3318,18,Ransford,Königsdörffer,5854443.0,60.0,3.0,3.0,0.0,6108.0,180.0,0,4,https://kickbase.b-cdn.net/content/file/4f3abfff728148fda062801c5af46204.png,11.0,1,30.0,62.0,"[{""hasPlayed"": true, ""points"": 31}, {""hasPlayed"": true, ""points"": 132}, {""hasPlayed"": true, ""points"": 17}]",3,Ransford Königsdörffer,170586.0,170586.0,100853.0,72125.0,1133917.0,724268.0,7.7,1.5218819437735487,0.3103448275862069,0.0,0.0,0.0,0.0,0.2482758620689655,10.0062,29.112223
3470,18,Anthony,Caci,11875602.0,73.0,3.0,3.0,3.0,13194.0,219.0,0,2,https://kickbase.b-cdn.net/content/file/5bb349b2622049a7aa73a59edcec1781.png,19.0,2,18.0,62.0,"[{""hasPlayed"": true, ""points"": 3}, {""hasPlayed"": true, ""points"": 92}, {""hasPlayed"": true, ""points"": 124}]",2,Anthony Caci,-586300.0,-586300.0,-360591.0,-74066.0,-803938.0,3488650.0,6.5,1.5218819437735487,1.0,0.0,0.0,1.0,0.0,1.0,10.0062,98.983658
6111,18,Benedict,Hollerbach,1723296.0,7.0,1.0,1.0,0.0,1187.0,7.0,0,4,https://kickbase.b-cdn.net/content/file/212f0c9603f04c869640c40bdbb0a396.png,17.0,2,4.0,4.0,"[{""hasPlayed"": true, ""points"": 7}, {""hasPlayed"": false, ""points"": null}, {""hasPlayed"": false, ""points"": null}]",5,Benedict Hollerbach,-34693.0,-34693.0,-57195.0,-82073.0,-556617.0,-3372969.0,0.0,1.5218819437735487,0.0,0.0,0.0,0.0,0.0,0.0,10.0062,0.0
8307,18,Kaishu,Sano,18953337.0,137.0,3.0,3.0,3.0,16840.0,412.0,0,3,https://kickbase.b-cdn.net/content/file/aa2bb0e7fba5493db89b7b6646147ddc.png,6.0,1,21.0,40.0,"[{""hasPlayed"": true, ""points"": 99}, {""hasPlayed"": true, ""points"": 180}, {""hasPlayed"": true, ""points"": 133}]",1,Kaishu Sano,146910.0,146910.0,132691.0,100788.0,886113.0,4434810.0,7.8,1.5218819437735487,1.0,0.0,0.0,1.0,0.0,1.0,10.0062,118.78039
10122,18,Fabio,Gruber,13472670.0,117.0,3.0,3.0,3.0,17153.0,351.0,0,2,https://kickbase.b-cdn.net/content/file/278ee138191a434c98f6a644a68e553c.png,3.0,1,26.0,77.0,"[{""hasPlayed"": true, ""points"": 34}, {""hasPlayed"": true, ""points"": 187}, {""hasPlayed"": true, ""points"": 130}]",3,Fabio Gruber,224913.0,224913.0,223661.0,232982.0,1537861.0,330290.0,7.1,1.5218819437735487,0.6896551724137931,0.0,0.0,1.0,0.0,0.7517241379310345,10.0062,81.276873
11261,18,Sota,Kawasaki,1641089.0,,,,,,,0,3,https://kickbase.b-cdn.net/content/file/4678b1fe37904abeb5122cf3927324dc.png,24.0,2,,0.0,"[{""hasPlayed"": false, ""points"": null}, {""hasPlayed"": false, ""points"": null}, {""hasPlayed"": false, ""points"": null}]",5,Sota Kawasaki,-146750.0,-146750.0,-155031.0,-153113.0,-977030.0,-3711092.0,0.0,1.5218819437735487,0.0,0.0,0.0,0.0,0.0,0.0,10.0062,0.0
11665,18,Kacper,Potulski,8646933.0,52.0,3.0,3.0,2.0,12329.0,156.0,0,2,https://kickbase.b-cdn.net/content/file/b1ee33c0ce864060a4d44adf70936760.png,48.0,1,18.0,69.0,"[{""hasPlayed"": true, ""points"": -2}, {""hasPlayed"": true, ""points"": 130}, {""hasPlayed"": true, ""points"": 28}]",3,Kacper Potulski,286391.0,286391.0,286195.0,311717.0,2267322.0,1186709.0,6.2,1.5218819437735487,1.0,0.0,0.0,1.0,0.0,1.0,10.0062,94.415182
11666,18,Maximilian,Kinzig,500000.0,,,,,,,0,1,https://kickbase.b-cdn.net/content/file/7add439bbfdf4921bf609edc2ed32e8e.png,40.0,0,,0.0,"[{""hasPlayed"": false, ""points"": null}, {""hasPlayed"": false, ""points"": null}, {""hasPlayed"": false, ""points"": null}]",5,Maximilian Kinzig,0.0,0.0,0.0,0.0,0.0,0.0,0.0,1.4102115737609893,0.0,0.0,0.0,0.0,0.0,0.0,10.0062,0.0
13438,18,Otto,Ruoppi,1141199.0,28.0,3.0,3.0,0.0,2479.0,85.0,0,3,https://kickbase.b-cdn.net/content/file/87f2fcbedcfd4094b1aa3112efb54de3.png,20.0,2,74.0,16.0,"[{""hasPlayed"": true, ""points"": 47}, {""hasPlayed"": true, ""points"": 23}, {""hasPlayed"": true, ""points"": 15}]",3,Otto Ruoppi,-19691.0,-19691.0,-41716.0,-61728.0,-430270.0,-3034337.0,7.3,1.5218819437735487,0.0,0.0,0.0,0.0,0.0,0.0,10.0062,0.0
17179,18,Rael-Tshimbela,Nakuzola,893153.0,27.0,2.0,2.0,0.0,1517.0,54.0,0,2,https://kickbase.b-cdn.net/content/file/6c0a23ba3672480f9163c215c36670c8.png,47.0,2,60.0,16.0,"[{""hasPlayed"": true, ""points"": 31}, {""hasPlayed"": true, ""points"": 23}, {""hasPlayed"": false, ""points"": null}]",4,Rael-Tshimbela Nakuzola,-99574.0,-99574.0,-124061.0,-137025.0,-845424.0,893153.0,0.0,1.5218819437735487,0.0,0.0,0.0,0.0,0.0,0.0,10.0062,0.0
168,29,Sven,Michel,1518945.0,,,,,,,4,4,https://kickbase.b-cdn.net/content/file/e03c92ddb64b4dfaa85fddc8832168ef.png,11.0,2,,0.0,"[{""hasPlayed"": false, ""points"": null}, {""hasPlayed"": false, ""points"": null}, {""hasPlayed"": false, ""points"": null}]",5,Sven Michel,-167882.0,-167882.0,-193352.0,-151446.0,27332.0,-1299479.0,0.0,0.7941176470588236,0.0,0.0,0.0,0.0,0.0,0.0,10.0062,0.0
1964,29,Felix,Götze,3621568.0,,,,,,,0,2,https://kickbase.b-cdn.net/content/file/211c165645f84bc08e3bac17e3ba0dcf.png,20.0,2,,0.0,"[{""hasPlayed"": false, ""points"": null}, {""hasPlayed"": false, ""points"": null}, {""hasPlayed"": false, ""points"": null}]",3,Felix Götze,-114235.0,-114235.0,-111510.0,-96013.0,-760175.0,-4811028.0,0.0,0.7941176470588236,0.0,0.0,0.0,0.0,0.0,0.0,10.0062,0.0
2015,29,Raphael,Obermair,8697976.0,65.0,3.0,3.0,3.0,17225.0,196.0,0,3,https://kickbase.b-cdn.net/content/file/0d9820e6e0904252b629770883bf6ed2.png,23.0,2,22.0,21.0,"[{""hasPlayed"": true, ""points"": 56}, {""hasPlayed"": true, ""points"": 50}, {""hasPlayed"": true, ""points"": 90}]",1,Raphael Obermair,-334915.0,-334915.0,-294647.0,-113063.0,-167890.0,-1351829.0,5.5,0.7941176470588236,1.0,0.0,0.0,1.0,0.0,1.0,10.0062,43.70355
2301,29,Oliver,Batista Meier,3484225.0,-9.0,2.0,2.0,0.0,2817.0,-18.0,0,3,https://kickbase.b-cdn.net/content/file/80153ba03a7849fdae3b398764d24b18.png,7.0,2,,5.0,"[{""hasPlayed"": true, ""points"": -7}, {""hasPlayed"": true, ""points"": -11}, {""hasPlayed"": false, ""points"": null}]",4,Oliver Batista Meier,-136747.0,-136747.0,-141997.0,-133497.0,-980294.0,-1718532.0,5.6,0.7941176470588236,0.0,0.0,0.0,0.0,0.0,0.0,10.0062,0.0
2471,29,Markus,Schubert,736111.0,,,,,,,0,1,https://kickbase.b-cdn.net/content/file/1602a8ef777540f4ac5390f258ed237c.png,1.0,2,,0.0,"[{""hasPlayed"": false, ""points"": null}, {""hasPlayed"": false, ""points"": null}, {""hasPlayed"": false, ""points"": null}]",5,Markus Schubert,-147019.0,-147019.0,-151269.0,-152639.0,-1051139.0,-4638652.0,0.0,1.0705882352941176,0.0,0.0,0.0,0.0,0.0,0.0,10.0062,0.0
2498,29,Tom,Baack,1138576.0,12.0,1.0,1.0,0.0,1187.0,12.0,0,3,https://kickbase.b-cdn.net/content/file/e009e7eb6946411f8f86641cb56174fe.png,6.0,2,10.0,6.0,"[{""hasPlayed"": false, ""points"": null}, {""hasPlayed"": false, ""points"": null}, {""hasPlayed"": true, ""points"": 12}]",5,Tom Baack,-143102.0,-143102.0,-146533.0,-129728.0,-910869.0,-4981981.0,0.0,0.7941176470588236,0.0,0.0,0.0,0.0,0.0,0.0,10.0062,0.0
2749,29,Steffen,Tigges,3326906.0,19.0,3.0,3.0,0.0,6206.0,57.0,0,4,https://kickbase.b-cdn.net/content/file/10d7abeb491e42818537662e1ceba8d1.png,27.0,2,17.0,28.0,"[{""hasPlayed"": true, ""points"": -14}, {""hasPlayed"": true, ""points"": 39}, {""hasPlayed"": true, ""points"": 32}]",4,Steffen Tigges,-136303.0,-136303.0,-139502.0,-117163.0,-845019.0,2769642.0,6.4,0.7941176470588236,0.0,0.0,0.0,0.0,0.0,0.0,10.0062,0.0
2977,29,Nahuel,Noll,13070167.0,127.0,3.0,3.0,3.0,17225.0,382.0,0,1,https://kickbase.b-cdn.net/content/file/48b2c904ac8c41fdaa5c9503ba6e81ca.png,15.0,2,29.0,26.0,"[{""hasPlayed"": true, ""points"": 158}, {""hasPlayed"": true, ""points"": 113}, {""hasPlayed"": true, ""points"": 111}]",1,Nahuel Noll,57585.0,57585.0,15957.0,-126770.0,-69039.0,1047821.0,6.1,1.0705882352941176,1.0,0.0,0.0,1.0,0.0,1.0,10.0062,65.346372
3027,29,Marvin,Pieringer,4225971.0,25.0,3.0,3.0,3.0,16303.0,74.0,0,4,https://kickbase.b-cdn.net/content/file/599aac2ada574e618a4b2ef6956cd9b3.png,18.0,2,17.0,88.0,"[{""hasPlayed"": true, ""points"": 9}, {""hasPlayed"": true, ""points"": 1}, {""hasPlayed"": true, ""points"": 64}]",1,Marvin Pieringer,-102276.0,-102276.0,-101566.0,-65990.0,16652.0,2981454.0,4.2,0.7941176470588236,1.0,0.0,0.0,1.0,0.0,1.0,10.0062,33.37362
3081,29,Gabriel,Vidović,5535721.0,34.0,3.0,3.0,3.0,15641.0,101.0,0,3,https://kickbase.b-cdn.net/content/file/cbf9ad550a164e0392e43ae723e2d83d.png,40.0,2,18.0,35.0,"[{""hasPlayed"": true, ""points"": 27}, {""hasPlayed"": true, ""points"": 2}, {""hasPlayed"": true, ""points"": 72}]",1,Gabriel Vidović,-315834.0,-315834.0,-336781.0,-306090.0,-2233976.0,5035721.0,5.6,0.7941176470588236,1.0,0.0,0.0,1.0,0.0,1.0,10.0062,44.49816
3336,29,Stefano,Marino,4081815.0,21.0,3.0,3.0,2.0,9003.0,63.0,0,4,https://kickbase.b-cdn.net/content/file/197aeeb1c0994cb68e398212e6941782.png,30.0,2,15.0,21.0,"[{""hasPlayed"": true, ""points"": 32}, {""hasPlayed"": true, ""points"": -4}, {""hasPlayed"": true, ""points"": 35}]",3,Stefano Marino,-124472.0,-124472.0,-117735.0,-105516.0,-1063217.0,-5055304.0,5.9,0.7941176470588236,0.6896551724137931,0.0,0.0,1.0,0.0,0.7517241379310345,10.0062,35.242324
3491,29,Sebastian,Klaas,884021.0,,,,,,,0,3,https://kickbase.b-cdn.net/content/file/889217c751e5403eaf39162d4dc54b9a.png,26.0,2,,0.0,"[{""hasPlayed"": false, ""points"": null}, {""hasPlayed"": false, ""points"": null}, {""hasPlayed"": false, ""points"": null}]",5,Sebastian Klaas,-145736.0,-145736.0,-150628.0,-147257.0,-986096.0,384021.0,0.0,0.7941176470588236,0.0,0.0,0.0,0.0,0.0,0.0,10.0062,0.0
3492,29,Marcel,Hoffmeier,2637246.0,,,,,,,0,2,https://kickbase.b-cdn.net/content/file/b4ad73b6a3334bf8a2efdbe5b1d7e19c.png,33.0,2,,0.0,"[{""hasPlayed"": false, ""points"": null}, {""hasPlayed"": false, ""points"": null}, {""hasPlayed"": false, ""points"": null}]",5,Marcel Hoffmeier,-152224.0,-152224.0,-150075.0,-145938.0,-998698.0,-4644212.0,0.0,0.7941176470588236,0.0,0.0,0.0,0.0,0.0,0.0,10.0062,0.0
3559,29,Laurin,Ulrich,5538763.0,56.0,3.0,3.0,3.0,13793.0,168.0,0,3,https://kickbase.b-cdn.net/content/file/bd6e7a7bc0ff4f5397cce0a6fb3864fa.png,28.0,2,30.0,19.0,"[{""hasPlayed"": true, ""points"": 45}, {""hasPlayed"": true, ""points"": 79}, {""hasPlayed"": true, ""points"": 44}]",2,Laurin Ulrich,-275994.0,-275994.0,-316926.0,-293300.0,-1790155.0,5038763.0,5.6,0.7941176470588236,1.0,0.0,0.0,1.0,0.0,1.0,10.0062,44.49816
6197,29,Laurin,Curda,9073884.0,79.0,3.0,3.0,3.0,15627.0,238.0,2,2,https://kickbase.b-cdn.net/content/file/ba195e9442954a30a3835950c99832a5.png,17.0,2,26.0,93.0,"[{""hasPlayed"": true, ""points"": 36}, {""hasPlayed"": true, ""points"": 15}, {""hasPlayed"": true, ""points"": 187}]",1,Laurin Curda,-370110.0,-370110.0,-697206.0,-408302.0,-1669750.0,-2741312.0,6.0,0.7941176470588236,0.6348884381338742,0.0,0.0,0.85,0.15,0.6779107505070994,10.0062,32.32048
6217,29,Rayan,Philippe,5366325.0,4.0,3.0,3.0,1.0,3819.0,12.0,0,4,https://kickbase.b-cdn.net/content/file/585c2df9602d47268fb6aaf32245792c.png,9.0,1,2.0,20.0,"[{""hasPlayed"": true, ""points"": -14}, {""hasPlayed"": true, ""points"": 27}, {""hasPlayed"": true, ""points"": -1}]",3,Rayan Philippe,296374.0,296374.0,321815.0,297435.0,2188417.0,1738927.0,5.7,0.7941176470588236,0.3103448275862069,0.0,0.0,0.0,0.0,0.2482758620689655,10.0062,11.245102
6292,29,Mattes,Hansen,7143777.0,53.0,3.0,3.0,3.0,14988.0,160.0,0,2,https://kickbase.b-cdn.net/content/file/c747e1ad35ed44f4afbc5de1075d8bf1.png,22.0,1,22.0,10.0,"[{""hasPlayed"": true, ""points"": 44}, {""hasPlayed"": true, ""points"": 52}, {""hasPlayed"": true, ""points"": 64}]",3,Mattes Hansen,277007.0,277007.0,212074.0,102714.0,1511766.0,2687271.0,5.8,0.7941176470588236,1.0,0.0,0.0,1.0,0.0,1.0,10.0062,46.08738
6751,29,Florian,Pruhs,1048722.0,,,,,,,0,1,https://kickbase.b-cdn.net/content/file/3878770830244658b3841f0074466ab7.png,31.0,2,,0.0,"[{""hasPlayed"": false, ""points"": null}, {""hasPlayed"": false, ""points"": null}, {""hasPlayed"": false, ""points"": null}]",5,Florian Pruhs,-163657.0,-163657.0,-161781.0,-157993.0,-1078605.0,-2460114.0,0.0,1.0705882352941176,0.0,0.0,0.0,0.0,0.0,0.0,10.0062,0.0
7320,29,Tjark,Scheller,8668613.0,84.0,3.0,3.0,3.0,17225.0,253.0,0,2,https://kickbase.b-cdn.net/content/file/06f63d14a0f4493faf04f78ea6aa5f10.png,25.0,2,29.0,45.0,"[{""hasPlayed"": true, ""points"": 44}, {""hasPlayed"": true, ""points"": 76}, {""hasPlayed"": true, ""points"": 133}]",2,Tjark Scheller,-355143.0,-355143.0,-284219.0,-97533.0,22575.0,2341067.0,5.6,0.7941176470588236,1.0,0.0,0.0,1.0,0.0,1.0,10.0062,44.49816
7616,29,Jano,ter Horst,8505557.0,82.0,3.0,3.0,3.0,16485.0,245.0,0,2,https://kickbase.b-cdn.net/content/file/a931e1f10bb84a9bb35b795a7857b8ee.png,21.0,2,28.0,54.0,"[{""hasPlayed"": true, ""points"": 64}, {""hasPlayed"": true, ""points"": 38}, {""hasPlayed"": true, ""points"": 143}]",2,Jano ter Horst,-335250.0,-335250.0,-366168.0,-374673.0,-1062228.0,4083866.0,6.4,0.7941176470588236,1.0,0.0,0.0,1.0,0.0,1.0,10.0062,50.85504
8292,29,Santiago,Castañeda,9494451.0,87.0,3.0,3.0,3.0,17225.0,260.0,0,3,https://kickbase.b-cdn.net/content/file/37ddcd7042414ce59c844f52d87ee300.png,5.0,2,27.0,15.0,"[{""hasPlayed"": true, ""points"": 89}, {""hasPlayed"": true, ""points"": 70}, {""hasPlayed"": true, ""points"": 101}]",1,Santiago Castañeda,-238054.0,-238054.0,-205885.0,-207871.0,-175479.0,-374067.0,6.6,0.7941176470588236,1.0,0.0,0.0,1.0,0.0,1.0,10.0062,52.44426
8872,29,Jonah,Sticker,2347660.0,8.0,2.0,2.0,0.0,1936.0,15.0,0,2,https://kickbase.b-cdn.net/content/file/74f3dad539cd4e30aabca849e8e8bc64.png,3.0,2,6.0,14.0,"[{""hasPlayed"": false, ""points"": null}, {""hasPlayed"": true, ""points"": -6}, {""hasPlayed"": true, ""points"": 21}]",5,Jonah Sticker,-149499.0,-149499.0,-144581.0,-134737.0,-922842.0,-2664832.0,6.7,0.7941176470588236,0.0,0.0,0.0,0.0,0.0,0.0,10.0062,0.0
8984,29,Nyamekye,Awortwie-Grant,500000.0,,,,,,,1,2,https://kickbase.b-cdn.net/content/file/6b0e71018bd542b0b17a0e0a3e9058ac.png,4.0,2,,0.0,"[{""hasPlayed"": false, ""points"": null}, {""hasPlayed"": false, ""points"": null}, {""hasPlayed"": false, ""points"": null}]",5,Nyamekye Awortwie-Grant,0.0,0.0,-50236.0,-129948.0,-662408.0,0.0,0.0,0.7941176470588236,0.0,0.0,0.0,0.0,0.0,0.0,10.0062,0.0
9283,29,Deniz,Zeitler,1696933.0,,,,,,,0,4,https://kickbase.b-cdn.net/content/file/cde6a72f67e043e0b1b56ac70e3f9c19.png,38.0,2,,0.0,"[{""hasPlayed"": false, ""points"": null}, {""hasPlayed"": false, ""points"": null}, {""hasPlayed"": false, ""points"": null}]",5,Deniz Zeitler,-140529.0,-140529.0,-149313.0,-148559.0,-1033320.0,927020.0,0.0,0.7941176470588236,0.0,0.0,0.0,0.0,0.0,0.0,10.0062,0.0
10048,29,Luka,Duric,950367.0,-16.0,1.0,1.0,0.0,1010.0,-16.0,0,3,https://kickbase.b-cdn.net/content/file/fdce53ba9bff4a39b30dda997ad991ee.png,8.0,2,,9.0,"[{""hasPlayed"": true, ""points"": -16}, {""hasPlayed"": false, ""points"": null}, {""hasPlayed"": false, ""points"": null}]",5,Luka Duric,-137974.0,-137974.0,-146912.0,-146825.0,-948355.0,-4870592.0,0.0,0.7941176470588236,0.0,0.0,0.0,0.0,0.0,0.0,10.0062,0.0
11170,29,Ruben,Müller,1760467.0,,,,,,,0,3,https://kickbase.b-cdn.net/content/file/30dea41b80454a638771929f17e0d368.png,2.0,2,,0.0,"[{""hasPlayed"": false, ""points"": null}, {""hasPlayed"": false, ""points"": null}, {""hasPlayed"": false, ""points"": null}]",5,Ruben Müller,-157774.0,-157774.0,-155011.0,-142562.0,-1019386.0,-1694966.0,0.0,0.7941176470588236,0.0,0.0,0.0,0.0,0.0,0.0,10.0062,0.0
12262,29,Albert Frank,Millgramm,1831413.0,,,,,,,0,4,https://kickbase.b-cdn.net/content/file/0635ef3343fb4b138fd946cc4a199637.png,19.0,2,,0.0,"[{""hasPlayed"": false, ""points"": null}, {""hasPlayed"": false, ""points"": null}, {""hasPlayed"": false, ""points"": null}]",5,Albert Frank Millgramm,-151927.0,-151927.0,-156391.0,-158961.0,-1058662.0,-4980185.0,0.0,0.7941176470588236,0.0,0.0,0.0,0.0,0.0,0.0,10.0062,0.0
14911,29,Clemens,Lippmann,1883668.0,-11.0,2.0,2.0,0.0,1779.0,-21.0,0,2,https://kickbase.b-cdn.net/content/file/7462061e1e7843ffb7efaa2fe7e2b5f5.png,29.0,2,,13.0,"[{""hasPlayed"": true, ""points"": -23}, {""hasPlayed"": false, ""points"": null}, {""hasPlayed"": true, ""points"": 2}]",5,Clemens Lippmann,-179705.0,-179705.0,-183466.0,-137258.0,214810.0,-730767.0,4.9,0.7941176470588236,0.36511156186612576,0.0,0.0,0.0,0.0,0.2920892494929006,10.0062,11.372755
14914,29,Timur,Gayret,500000.0,,,,,,,1,3,https://kickbase.b-cdn.net/content/file/174077d2fba447fbb8a0e46a12d28245.png,44.0,0,,0.0,"[{""hasPlayed"": false, ""points"": null}, {""hasPlayed"": false, ""points"": null}, {""hasPlayed"": false, ""points"": null}]",5,Timur Gayret,0.0,0.0,0.0,0.0,-36782.0,0.0,0.0,0.7941176470588236,0.0,0.0,0.0,0.0,0.0,0.0,10.0062,0.0
1225,43,Leopold,Zingerle,500000.0,,,,,,,0,1,https://kickbase.b-cdn.net/content/file/d257ae98474e45c4ad7082fbe5adde82.png,25.0,0,,0.0,"[{""hasPlayed"": false, ""points"": null}, {""hasPlayed"": false, ""points"": null}, {""hasPlayed"": false, ""points"": null}]",5,Leopold Zingerle,0.0,0.0,0.0,0.0,0.0,0.0,0.0,1.2221907459867798,0.0,0.0,0.0,0.0,0.0,0.0,10.0062,0.0
1246,43,Willi,Orban,27450180.0,196.0,3.0,3.0,3.0,17524.0,587.0,0,2,https://kickbase.b-cdn.net/content/file/1f7999ae3a674c74ac9b8d4f00ed1028.png,4.0,2,21.0,94.0,"[{""hasPlayed"": true, ""points"": 300}, {""hasPlayed"": true, ""points"": 116}, {""hasPlayed"": true, ""points"": 171}]",2,Willi Orban,-93744.0,-93744.0,-438660.0,-665726.0,-2929285.0,-3500895.0,7.4,1.1189801699716713,1.0,0.0,0.0,1.0,0.0,1.0,10.0062,82.855871
1333,43,Lukas,Klostermann,1854510.0,,,,,,,0,2,https://kickbase.b-cdn.net/content/file/91ea3cbf0389453ca1c0add22d52e089.png,16.0,1,,0.0,"[{""hasPlayed"": false, ""points"": null}, {""hasPlayed"": false, ""points"": null}, {""hasPlayed"": false, ""points"": null}]",5,Lukas Klostermann,308604.0,308604.0,281313.0,253329.0,1141002.0,-1118205.0,0.0,1.1189801699716713,0.0,0.0,0.0,0.0,0.0,0.0,10.0062,0.0
1689,43,Benjamin,Henrichs,5026612.0,73.0,2.0,2.0,1.0,5903.0,145.0,0,2,https://kickbase.b-cdn.net/content/file/c091f35a668e446caa75ecc93b1084dd.png,39.0,1,28.0,56.0,"[{""hasPlayed"": true, ""points"": 111}, {""hasPlayed"": false, ""points"": null}, {""hasPlayed"": true, ""points"": 34}]",4,Benjamin Henrichs,414782.0,414782.0,183283.0,30268.0,378392.0,-2033213.0,7.7,1.1189801699716713,0.3103448275862069,0.0,0.0,0.0,0.0,0.2482758620689655,10.0062,21.405077
1728,43,Örjan,Nyland,1402327.0,,,,,,,0,1,https://kickbase.b-cdn.net/content/file/361c8899e8db48868bb66d49e2cd4d2d.png,1.0,2,,0.0,"[{""hasPlayed"": false, ""points"": null}, {""hasPlayed"": false, ""points"": null}, {""hasPlayed"": false, ""points"": null}]",5,Örjan Nyland,-154043.0,-154043.0,-151737.0,-143867.0,-1008231.0,-2213929.0,0.0,1.2221907459867798,0.0,0.0,0.0,0.0,0.0,0.0,10.0062,0.0
2141,43,Ridle ,Baku,21721901.0,178.0,3.0,3.0,2.0,11620.0,535.0,0,2,https://kickbase.b-cdn.net/content/file/938a124759354a928af165b155e6925a.png,17.0,1,24.0,99.0,"[{""hasPlayed"": true, ""points"": 64}, {""hasPlayed"": true, ""points"": 238}, {""hasPlayed"": true, ""points"": 233}]",2,Ridle  Baku,129345.0,129345.0,160304.0,168055.0,1215251.0,2576426.0,7.9,1.1189801699716713,0.6896551724137931,0.0,0.0,1.0,0.0,0.7517241379310345,10.0062,66.493188
2275,43,Christoph,Baumgartner,9224482.0,,,,,,,4,3,https://kickbase.b-cdn.net/content/file/de86594ccecb4a7899a87cdd662e1a9c.png,14.0,2,,0.0,"[{""hasPlayed"": false, ""points"": null}, {""hasPlayed"": false, ""points"": null}, {""hasPlayed"": false, ""points"": null}]",5,Christoph Baumgartner,-144172.0,-144172.0,-127341.0,-184296.0,-2171467.0,-10646537.0,0.0,1.1189801699716713,0.0,0.0,0.0,0.0,0.0,0.0,10.0062,0.0
2522,43,David,Raum,33233692.0,145.0,3.0,3.0,3.0,17524.0,436.0,0,2,https://kickbase.b-cdn.net/content/file/ff40a7c5554548ee8a8a51168c408d77.png,22.0,2,13.0,37.0,"[{""hasPlayed"": true, ""points"": 181}, {""hasPlayed"": true, ""points"": 106}, {""hasPlayed"": true, ""points"": 149}]",1,David Raum,-339651.0,-339651.0,-423495.0,-408946.0,-1635956.0,-122058.0,7.4,1.1189801699716713,1.0,0.0,0.0,1.0,0.0,1.0,10.0062,82.855871
2687,43,Christopher,Nkunku,26212336.0,133.0,3.0,3.0,1.0,10742.0,398.0,0,4,https://kickbase.b-cdn.net/content/file/bf619920e0d34e138aa57fe52dbcde21.png,28.0,1,15.0,70.0,"[{""hasPlayed"": true, ""points"": 211}, {""hasPlayed"": true, ""points"": 76}, {""hasPlayed"": true, ""points"": 111}]",2,Christopher Nkunku,57252.0,57252.0,37498.0,28044.0,289299.0,-13335285.0,7.5,1.1189801699716713,0.6896551724137931,0.0,0.0,1.0,0.0,0.7517241379310345,10.0062,63.126444
2897,43,Rocco,Reitz,8195366.0,208.0,1.0,1.0,1.0,5072.0,208.0,1,3,https://kickbase.b-cdn.net/content/file/4186115eb899498fbec64508ec48475c.png,20.0,2,25.0,120.0,"[{""hasPlayed"": false, ""points"": null}, {""hasPlayed"": false, ""points"": null}, {""hasPlayed"": true, ""points"": 208}]",5,Rocco Reitz,-321894.0,-321894.0,-332697.0,-325794.0,-2901732.0,-4963164.0,0.0,1.1189801699716713,0.0,0.0,0.0,0.0,0.0,0.0,10.0062,0.0
4596,43,Brajan,Gruda,20298068.0,126.0,2.0,2.0,2.0,10156.0,251.0,0,3,https://kickbase.b-cdn.net/content/file/fc98ceda9d134bd09d5526a600465611.png,10.0,2,12.0,72.0,"[{""hasPlayed"": true, ""points"": 123}, {""hasPlayed"": false, ""points"": null}, {""hasPlayed"": true, ""points"": 128}]",1,Brajan Gruda,-14.0,-14.0,-168193.0,-208569.0,-1360232.0,3055433.0,7.2,1.1189801699716713,1.0,0.0,0.0,1.0,0.0,1.0,10.0062,80.616524
6104,43,Marc,Guiu,7118520.0,-13.0,1.0,1.0,0.0,1327.0,-13.0,0,4,https://kickbase.b-cdn.net/content/file/89d3dea2dc2f4834a2c84a269d63745f.png,9.0,2,,9.0,"[{""hasPlayed"": false, ""points"": null}, {""hasPlayed"": true, ""points"": -13}, {""hasPlayed"": false, ""points"": null}]",4,Marc Guiu,-448783.0,-448783.0,-474245.0,-340549.0,-2809552.0,7118520.0,0.0,1.1189801699716713,0.0,0.0,0.0,0.0,0.0,0.0,10.0062,0.0
6176,43,Nicolas,Seiwald,16433504.0,82.0,2.0,2.0,2.0,11814.0,164.0,0,3,https://kickbase.b-cdn.net/content/file/5320dfb79fb348369e61599e552840b0.png,13.0,2,9.0,54.0,"[{""hasPlayed"": false, ""points"": null}, {""hasPlayed"": true, ""points"": 55}, {""hasPlayed"": true, ""points"": 109}]",2,Nicolas Seiwald,-646546.0,-646546.0,-670586.0,-483741.0,-2549572.0,141088.0,5.6,1.1189801699716713,0.3103448275862069,0.0,0.0,0.0,0.0,0.2482758620689655,10.0062,15.567329
6300,43,Assan,Ouédraogo,9869834.0,61.0,1.0,1.0,1.0,2047.0,61.0,2,3,https://kickbase.b-cdn.net/content/file/44f5198b463047fc88626d9698f3a2d0.png,8.0,2,6.0,35.0,"[{""hasPlayed"": true, ""points"": 61}, {""hasPlayed"": false, ""points"": null}, {""hasPlayed"": false, ""points"": null}]",5,Assan Ouédraogo,-358554.0,-358554.0,50847.0,289919.0,890685.0,-7641035.0,7.2,1.1189801699716713,0.0,0.0,0.0,0.0,0.0,0.0,10.0062,0.0
7224,43,Lukeba,Castello Jr.,19308589.0,140.0,2.0,2.0,2.0,10347.0,279.0,0,2,https://kickbase.b-cdn.net/content/file/52117c9891144d3998de1b87b91ca123.png,23.0,2,14.0,100.0,"[{""hasPlayed"": true, ""points"": 80}, {""hasPlayed"": false, ""points"": null}, {""hasPlayed"": true, ""points"": 199}]",2,Lukeba Castello Jr.,-472736.0,-472736.0,-418070.0,-332554.0,-1588532.0,-184378.0,7.5,1.1189801699716713,1.0,0.0,0.0,1.0,0.0,1.0,10.0062,83.975545
7239,43,Max,Finkgräfe,2630195.0,28.0,1.0,1.0,0.0,948.0,28.0,0,2,https://kickbase.b-cdn.net/content/file/14ced344f69a48a5aeed3cbdcd5938da.png,35.0,2,10.0,16.0,"[{""hasPlayed"": true, ""points"": 28}, {""hasPlayed"": false, ""points"": null}, {""hasPlayed"": false, ""points"": null}]",5,Max Finkgräfe,-115609.0,-115609.0,-112801.0,-103579.0,-817590.0,-2176347.0,0.0,1.1189801699716713,0.0,0.0,0.0,0.0,0.0,0.0,10.0062,0.0
8061,43,Johan,Bakayoko,6198163.0,24.0,2.0,2.0,1.0,5355.0,48.0,0,4,https://kickbase.b-cdn.net/content/file/1b1b3bd47f834642b2d8169d2b018ec2.png,11.0,2,7.0,16.0,"[{""hasPlayed"": false, ""points"": null}, {""hasPlayed"": true, ""points"": 33}, {""hasPlayed"": true, ""points"": 15}]",5,Johan Bakayoko,-339579.0,-339579.0,-340852.0,-289279.0,-1969528.0,-2535743.0,5.4,1.1189801699716713,0.0,0.0,0.0,0.0,0.0,0.0,10.0062,0.0
8227,43,Maarten,Vandevoordt,15267821.0,142.0,3.0,3.0,3.0,17524.0,425.0,0,1,https://kickbase.b-cdn.net/content/file/1aa808600ddb4c5b9883e7caedba5966.png,26.0,2,27.0,96.0,"[{""hasPlayed"": true, ""points"": 207}, {""hasPlayed"": true, ""points"": 31}, {""hasPlayed"": true, ""points"": 187}]",1,Maarten Vandevoordt,-58618.0,-58618.0,-346347.0,-398263.0,-2022772.0,111529.0,6.6,1.2221907459867798,1.0,0.0,0.0,1.0,0.0,1.0,10.0062,80.714601
9507,43,Antonio,Nusa,27218302.0,210.0,3.0,3.0,3.0,15785.0,630.0,0,3,https://kickbase.b-cdn.net/content/file/9a7ea9c911e04f9e9cf0fa6c4b57ca54.png,7.0,1,23.0,137.0,"[{""hasPlayed"": true, ""points"": 339}, {""hasPlayed"": true, ""points"": 65}, {""hasPlayed"": true, ""points"": 226}]",1,Antonio Nusa,-32077.0,-32077.0,46026.0,26342.0,209043.0,2007215.0,7.7,1.1189801699716713,1.0,0.0,0.0,1.0,0.0,1.0,10.0062,86.214893
9776,43,Andrija,Maksimovic,6120496.0,84.0,1.0,1.0,0.0,791.0,84.0,0,3,https://kickbase.b-cdn.net/content/file/4b987894fd8842a69a0341460d5ebc51.png,30.0,1,13.0,48.0,"[{""hasPlayed"": false, ""points"": null}, {""hasPlayed"": true, ""points"": 84}, {""hasPlayed"": false, ""points"": null}]",4,Andrija Maksimovic,337980.0,337980.0,362240.0,370078.0,2519504.0,633161.0,0.0,1.1189801699716713,0.0,0.0,0.0,0.0,0.0,0.0,10.0062,0.0
10113,43,Tidiam,Gomis,9998800.0,125.0,3.0,3.0,2.0,10463.0,376.0,0,4,https://kickbase.b-cdn.net/content/file/6fdc632f20f64bac905749a9c2b23a86.png,27.0,2,37.0,100.0,"[{""hasPlayed"": true, ""points"": 190}, {""hasPlayed"": true, ""points"": 10}, {""hasPlayed"": true, ""points"": 176}]",3,Tidiam Gomis,133175.0,133175.0,-72719.0,-150743.0,531673.0,5507543.0,7.3,1.1189801699716713,1.0,0.0,0.0,1.0,0.0,1.0,10.0062,81.736197
11008,43,Ezechiel,Banzuzi,10008294.0,98.0,3.0,3.0,3.0,16752.0,294.0,0,3,https://kickbase.b-cdn.net/content/file/a9c36464a61049d0b9acd73d6c4e9c96.png,6.0,2,29.0,69.0,"[{""hasPlayed"": true, ""points"": 165}, {""hasPlayed"": true, ""points"": 26}, {""hasPlayed"": true, ""points"": 103}]",3,Ezechiel Banzuzi,-49655.0,-49655.0,-434455.0,-613292.0,-1827183.0,4527858.0,6.6,1.1189801699716713,1.0,0.0,0.0,1.0,0.0,1.0,10.0062,73.89848
11886,43,,Rômulo,9405308.0,143.0,1.0,1.0,0.0,1200.0,143.0,0,4,https://kickbase.b-cdn.net/content/file/040691ff56a547f291aae153a0681fac.png,40.0,1,15.0,82.0,"[{""hasPlayed"": true, ""points"": 143}, {""hasPlayed"": false, ""points"": null}, {""hasPlayed"": false, ""points"": null}]",4,Rômulo,206740.0,206740.0,-21770.0,-138516.0,-1651466.0,-11039702.0,0.0,1.1189801699716713,0.0,0.0,0.0,0.0,0.0,0.0,10.0062,0.0
14249,43,Neil,El Aynaoui,10215682.0,99.0,2.0,2.0,2.0,10350.0,198.0,0,3,https://kickbase.b-cdn.net/content/file/ae7c14cb829b461a81b00042ef20e8c6.png,21.0,2,19.0,76.0,"[{""hasPlayed"": true, ""points"": 153}, {""hasPlayed"": true, ""points"": 45}, {""hasPlayed"": false, ""points"": null}]",2,Neil El Aynaoui,-10772.0,-10772.0,-449931.0,-570882.0,-3849824.0,10215682.0,5.7,1.1189801699716713,1.0,0.0,0.0,1.0,0.0,1.0,10.0062,63.821414
14896,43,Abdoul,Koné,991243.0,,,,,,,0,2,https://kickbase.b-cdn.net/content/file/4ca128a18c804aa59eeca0345b142d1c.png,2.0,2,,0.0,"[{""hasPlayed"": false, ""points"": null}, {""hasPlayed"": false, ""points"": null}, {""hasPlayed"": false, ""points"": null}]",5,Abdoul Koné,-132785.0,-132785.0,-133526.0,-105086.0,-749758.0,-3556057.0,0.0,1.1189801699716713,0.0,0.0,0.0,0.0,0.0,0.0,10.0062,0.0
15376,43,Maxime,Estève,11115812.0,104.0,2.0,2.0,1.0,7176.0,208.0,0,2,https://kickbase.b-cdn.net/content/file/a7416c976f85479b8ca67947eda7ef58.png,3.0,1,18.0,80.0,"[{""hasPlayed"": true, ""points"": 51}, {""hasPlayed"": true, ""points"": 157}, {""hasPlayed"": false, ""points"": null}]",4,Maxime Estève,81130.0,81130.0,147690.0,152026.0,1202264.0,-6922436.0,0.0,1.1189801699716713,0.0,0.0,0.0,0.0,0.0,0.0,10.0062,0.0
577,15,Daniel,Batz,500000.0,,,,,,,0,1,https://kickbase.b-cdn.net/content/file/61c6f55172674b6eb750e6263b23da0d.png,33.0,0,,0.0,"[{""hasPlayed"": false, ""points"": null}, {""hasPlayed"": false, ""points"": null}, {""hasPlayed"": false, ""points"": null}]",5,Daniel Batz,0.0,0.0,0.0,0.0,0.0,-2808613.0,0.0,1.2700898463916528,0.0,0.0,0.0,0.0,0.0,0.0,10.0062,0.0
619,15,Kevin,Stöger,5790110.0,3.0,2.0,2.0,2.0,8946.0,5.0,0,3,https://kickbase.b-cdn.net/content/file/ec9e6d0723944f8d846da3ac937cd7b3.png,7.0,2,0.0,4.0,"[{""hasPlayed"": true, ""points"": 7}, {""hasPlayed"": false, ""points"": null}, {""hasPlayed"": true, ""points"": -2}]",3,Kevin Stöger,-349570.0,-349570.0,-376061.0,-334091.0,-2501879.0,-391858.0,5.2,1.221621099410685,0.6051437216338881,0.0,0.0,1.0,0.0,0.6841149773071105,10.0062,43.484867
849,15,Tim,Kleindienst,14258768.0,3.0,3.0,3.0,3.0,13737.0,9.0,16,4,https://kickbase.b-cdn.net/content/file/c5a005a8dbaa4237a4d0cb0304ac67a0.png,11.0,2,0.0,81.0,"[{""hasPlayed"": true, ""points"": -64}, {""hasPlayed"": true, ""points"": 94}, {""hasPlayed"": true, ""points"": -21}]",5,Tim Kleindienst,-740195.0,-740195.0,-835546.0,-908520.0,-4365246.0,-2383330.0,4.2,1.221621099410685,0.0,0.0,0.0,0.0,0.0,0.0,10.0062,0.0
1883,15,Moritz,Nicolas,17150185.0,118.0,3.0,3.0,3.0,17331.0,354.0,0,1,https://kickbase.b-cdn.net/content/file/02e615fb0e3043649fe830816e2860ba.png,1.0,2,20.0,78.0,"[{""hasPlayed"": true, ""points"": 34}, {""hasPlayed"": true, ""points"": 131}, {""hasPlayed"": true, ""points"": 189}]",1,Moritz Nicolas,-457662.0,-457662.0,-435250.0,-171981.0,-1085408.0,-1723666.0,5.4,1.2700898463916528,1.0,0.0,0.0,1.0,0.0,1.0,10.0062,68.627374
2074,15,Robin,Hack,5911888.0,-2.0,3.0,3.0,2.0,9535.0,-5.0,0,3,https://kickbase.b-cdn.net/content/file/05225d0ae1a74293a432710302565e54.png,25.0,2,,17.0,"[{""hasPlayed"": true, ""points"": 5}, {""hasPlayed"": true, ""points"": -22}, {""hasPlayed"": true, ""points"": 12}]",3,Robin Hack,-319266.0,-319266.0,-347208.0,-324904.0,-2421908.0,-2569409.0,5.1,1.221621099410685,0.36511156186612576,0.0,0.0,0.0,0.0,0.2920892494929006,10.0062,18.209225
2126,15,Nicolas,Kühn,4017584.0,21.0,1.0,1.0,0.0,1576.0,21.0,1,3,https://kickbase.b-cdn.net/content/file/4881796043e3415988bd7340d2f89b43.png,19.0,2,5.0,14.0,"[{""hasPlayed"": false, ""points"": null}, {""hasPlayed"": true, ""points"": 21}, {""hasPlayed"": false, ""points"": null}]",5,Nicolas Kühn,-155007.0,-155007.0,-155131.0,-155069.0,-2142216.0,3517584.0,0.0,1.221621099410685,0.0,0.0,0.0,0.0,0.0,0.0,10.0062,0.0
2261,15,Florian,Neuhaus,4583890.0,,,,,,,0,3,https://kickbase.b-cdn.net/content/file/0244f54c08f14d5e98d1ec66bd2bca77.png,10.0,1,,0.0,"[{""hasPlayed"": false, ""points"": null}, {""hasPlayed"": false, ""points"": null}, {""hasPlayed"": false, ""points"": null}]",5,Florian Neuhaus,327028.0,327028.0,246164.0,129376.0,1576690.0,2279712.0,0.0,1.221621099410685,0.0,0.0,0.0,0.0,0.0,0.0,10.0062,0.0
2560,15,Philipp,Sander,8153878.0,36.0,3.0,3.0,3.0,17331.0,107.0,0,3,https://kickbase.b-cdn.net/content/file/fb578835ac86440a8189e44877f9bcc8.png,16.0,2,13.0,59.0,"[{""hasPlayed"": true, ""points"": -8}, {""hasPlayed"": true, ""points"": 103}, {""hasPlayed"": true, ""points"": 12}]",1,Philipp Sander,-276320.0,-276320.0,-327753.0,-259239.0,-1865199.0,-3246277.0,5.6,1.221621099410685,1.0,0.0,0.0,1.0,0.0,1.0,10.0062,68.453196
2850,15,Jan,Olschowsky,500000.0,,,,,,,0,1,https://kickbase.b-cdn.net/content/file/871dd19a11bc47da8b9d1105bec98909.png,23.0,0,,0.0,"[{""hasPlayed"": false, ""points"": null}, {""hasPlayed"": false, ""points"": null}, {""hasPlayed"": false, ""points"": null}]",5,Jan Olschowsky,0.0,0.0,0.0,0.0,0.0,0.0,0.0,1.2700898463916528,0.0,0.0,0.0,0.0,0.0,0.0,10.0062,0.0
2862,15,Jens,Castrop,845393.0,,,,,,,1,3,https://kickbase.b-cdn.net/content/file/7c1e6725133e4dc5abd4022a37be73f3.png,17.0,2,,0.0,"[{""hasPlayed"": false, ""points"": null}, {""hasPlayed"": false, ""points"": null}, {""hasPlayed"": false, ""points"": null}]",5,Jens Castrop,-128310.0,-128310.0,-142553.0,-141509.0,-923466.0,-4469013.0,0.0,1.221621099410685,0.0,0.0,0.0,0.0,0.0,0.0,10.0062,0.0
2941,15,Joseph,Scally,7135107.0,36.0,3.0,3.0,2.0,11609.0,109.0,0,2,https://kickbase.b-cdn.net/content/file/d6ec0ce09dc940e7ae1e339aba844c03.png,29.0,1,15.0,69.0,"[{""hasPlayed"": true, ""points"": -4}, {""hasPlayed"": true, ""points"": 117}, {""hasPlayed"": true, ""points"": -4}]",3,Joseph Scally,239005.0,239005.0,211656.0,201975.0,1746164.0,1910219.0,5.4,1.221621099410685,0.6896551724137931,0.0,0.0,1.0,0.0,0.7517241379310345,10.0062,49.620137
3063,15,Fabio,Chiarodia,2291076.0,,,,,,,0,2,https://kickbase.b-cdn.net/content/file/b20e95c99c5c414dba98788ce536d7ad.png,2.0,2,,0.0,"[{""hasPlayed"": false, ""points"": null}, {""hasPlayed"": false, ""points"": null}, {""hasPlayed"": false, ""points"": null}]",4,Fabio Chiarodia,-154155.0,-154155.0,-155005.0,-141440.0,-1017456.0,1008424.0,0.0,1.221621099410685,0.12254160363086235,0.0,0.0,0.0,0.0,0.09803328290468988,10.0062,0.0
3129,15,Ko,Itakura,8455474.0,28.0,3.0,3.0,3.0,17331.0,85.0,0,2,https://kickbase.b-cdn.net/content/file/4b21780a283045729069fef7f989f200.png,6.0,2,10.0,10.0,"[{""hasPlayed"": true, ""points"": 16}, {""hasPlayed"": true, ""points"": 35}, {""hasPlayed"": true, ""points"": 34}]",2,Ko Itakura,-288278.0,-288278.0,-331013.0,-301292.0,-2514503.0,-5152323.0,4.9,1.221621099410685,1.0,0.0,0.0,1.0,0.0,1.0,10.0062,59.896547
3516,15,Enzo,Leopold,3672967.0,,,,,,,1,3,https://kickbase.b-cdn.net/content/file/55c63aaaf1484294892e8cc74ad7b53d.png,8.0,2,,0.0,"[{""hasPlayed"": false, ""points"": null}, {""hasPlayed"": false, ""points"": null}, {""hasPlayed"": false, ""points"": null}]",5,Enzo Leopold,-154179.0,-154179.0,-156263.0,-155295.0,-1095747.0,-11014609.0,0.0,1.221621099410685,0.0,0.0,0.0,0.0,0.0,0.0,10.0062,0.0
4292,15,David,Herold,3191721.0,7.0,3.0,3.0,1.0,8462.0,21.0,0,2,https://kickbase.b-cdn.net/content/file/78e179f9be5248c887e00608eaee10bc.png,20.0,2,6.0,2.0,"[{""hasPlayed"": true, ""points"": 7}, {""hasPlayed"": true, ""points"": 9}, {""hasPlayed"": true, ""points"": 5}]",3,David Herold,-77429.0,-77429.0,-70279.0,-65096.0,-596306.0,-5163787.0,4.8,1.221621099410685,0.3103448275862069,0.0,0.0,0.0,0.0,0.2482758620689655,10.0062,14.56738
4333,15,Lukas,Ullrich,4590665.0,40.0,2.0,2.0,2.0,8864.0,80.0,0,2,https://kickbase.b-cdn.net/content/file/27f19d9713034a05b1a7dedcb527f48d.png,26.0,2,17.0,32.0,"[{""hasPlayed"": false, ""points"": null}, {""hasPlayed"": true, ""points"": 63}, {""hasPlayed"": true, ""points"": 17}]",3,Lukas Ullrich,-115903.0,-115903.0,-365328.0,-337137.0,-1872189.0,-1522331.0,6.2,1.221621099410685,0.6896551724137931,0.0,0.0,1.0,0.0,0.7517241379310345,10.0062,56.971269
6199,15,Shuto,Machino,1954718.0,-7.0,1.0,1.0,0.0,2900.0,-7.0,0,4,https://kickbase.b-cdn.net/content/file/cefff6eb5d884a94b7d3b2ffb53b760c.png,18.0,2,,4.0,"[{""hasPlayed"": true, ""points"": -7}, {""hasPlayed"": false, ""points"": null}, {""hasPlayed"": false, ""points"": null}]",3,Shuto Machino,-103872.0,-103872.0,-132278.0,-141305.0,-928074.0,1154519.0,0.0,1.221621099410685,0.3103448275862069,0.0,0.0,0.0,0.0,0.2482758620689655,10.0062,0.0
6319,15,Franck,Honorat,11228856.0,82.0,3.0,3.0,2.0,10267.0,245.0,0,3,https://kickbase.b-cdn.net/content/file/ba369ac3889a4ce98a51468fb3f7c14b.png,9.0,1,21.0,57.0,"[{""hasPlayed"": true, ""points"": 28}, {""hasPlayed"": true, ""points"": 142}, {""hasPlayed"": true, ""points"": 75}]",3,Franck Honorat,112921.0,112921.0,103415.0,113366.0,1007978.0,1333098.0,7.4,1.221621099410685,1.0,0.0,0.0,1.0,0.0,1.0,10.0062,90.456009
7774,15,Yukhym,Konoplia,1963975.0,,,,,,,4,2,https://kickbase.b-cdn.net/content/file/37facc3b42e54ca4aa5a24fb0c96cc4d.png,22.0,2,,0.0,"[{""hasPlayed"": false, ""points"": null}, {""hasPlayed"": false, ""points"": null}, {""hasPlayed"": false, ""points"": null}]",5,Yukhym Konoplia,-156541.0,-156541.0,-99600.0,-3114.0,466783.0,-1463509.0,0.0,1.221621099410685,0.0,0.0,0.0,0.0,0.0,0.0,10.0062,0.0
9540,15,Isac,Lidberg,3506345.0,-10.0,3.0,3.0,0.0,4656.0,-30.0,0,4,https://kickbase.b-cdn.net/content/file/b759181ffa3546828a627f5efb974b06.png,3.0,2,,6.0,"[{""hasPlayed"": true, ""points"": -17}, {""hasPlayed"": true, ""points"": -5}, {""hasPlayed"": true, ""points"": -8}]",3,Isac Lidberg,-11359.0,-11359.0,-68088.0,-119262.0,-710557.0,-6808850.0,4.8,1.221621099410685,1.0,0.0,0.0,1.0,0.0,1.0,10.0062,58.674168
11010,15,Kevin,Diks,11272450.0,31.0,3.0,3.0,3.0,17331.0,92.0,0,2,https://kickbase.b-cdn.net/content/file/2963465030854dafa3b90fbfd15f4a89.png,4.0,2,8.0,21.0,"[{""hasPlayed"": true, ""points"": 10}, {""hasPlayed"": true, ""points"": 53}, {""hasPlayed"": true, ""points"": 29}]",1,Kevin Diks,-562120.0,-562120.0,-602577.0,-593493.0,-4002900.0,-4581085.0,5.1,1.221621099410685,1.0,0.0,0.0,1.0,0.0,1.0,10.0062,62.341304
11748,15,Wael,Mohya,6125416.0,14.0,3.0,3.0,2.0,9753.0,43.0,0,3,https://kickbase.b-cdn.net/content/file/4fc954ae0ffd4f5ab6d58a98b51cccd9.png,36.0,2,7.0,32.0,"[{""hasPlayed"": true, ""points"": -16}, {""hasPlayed"": true, ""points"": 48}, {""hasPlayed"": true, ""points"": 11}]",3,Wael Mohya,-288854.0,-288854.0,-320050.0,-272951.0,-1822372.0,-3740654.0,5.6,1.221621099410685,0.6896551724137931,0.0,0.0,1.0,0.0,0.7517241379310345,10.0062,51.45792
13442,15,Hugo,Bolin,11891064.0,104.0,3.0,3.0,3.0,14451.0,311.0,0,3,https://kickbase.b-cdn.net/content/file/7f789e6ac2c84d5b878ec36c44b31dc2.png,38.0,2,26.0,159.0,"[{""hasPlayed"": true, ""points"": -7}, {""hasPlayed"": true, ""points"": 286}, {""hasPlayed"": true, ""points"": 32}]",2,Hugo Bolin,-320171.0,-320171.0,-132003.0,-1976.0,18825.0,4399727.0,6.8,1.221621099410685,0.6348884381338742,0.0,0.0,0.85,0.15,0.6779107505070994,10.0062,56.34912
15181,15,Jan,Leszczynski,3512191.0,1.0,1.0,1.0,0.0,1116.0,1.0,0,2,https://kickbase.b-cdn.net/content/file/43eddfa24a0f4db3a737bf045f96d849.png,5.0,2,0.0,0.0,"[{""hasPlayed"": false, ""points"": null}, {""hasPlayed"": true, ""points"": 1}, {""hasPlayed"": false, ""points"": null}]",3,Jan Leszczynski,-106429.0,-106429.0,-122477.0,-116290.0,-853517.0,-771658.0,0.0,1.221621099410685,0.3103448275862069,0.0,0.0,0.0,0.0,0.2482758620689655,10.0062,0.0
15202,15,Zento,Uno,2469503.0,,,,,,,0,3,https://kickbase.b-cdn.net/content/file/9c1b0bb28e67413dad79f8a99c4eda88.png,47.0,1,,0.0,"[{""hasPlayed"": false, ""points"": null}, {""hasPlayed"": false, ""points"": null}, {""hasPlayed"": false, ""points"": null}]",5,Zento Uno,-57073.0,-57073.0,18873.0,44356.0,889195.0,-702204.0,0.0,1.221621099410685,0.0,0.0,0.0,0.0,0.0,0.0,10.0062,0.0
15613,15,Daiki,Hashioka,4429680.0,17.0,1.0,1.0,1.0,4604.0,17.0,2,2,https://kickbase.b-cdn.net/content/file/dc4f94ffdb854af9a954313e8b974d4c.png,14.0,2,3.0,9.0,"[{""hasPlayed"": false, ""points"": null}, {""hasPlayed"": false, ""points"": null}, {""hasPlayed"": true, ""points"": 17}]",4,Daiki Hashioka,-114768.0,-114768.0,-116612.0,-129784.0,-1865960.0,-3320091.0,0.0,1.221621099410685,0.0,0.0,0.0,0.0,0.0,0.0,10.0062,0.0
16564,15,Mathieu,Nguefack,2792060.0,13.0,3.0,3.0,1.0,8384.0,40.0,0,3,https://kickbase.b-cdn.net/content/file/e571de447a2c48c996992e7b729aeb55.png,34.0,2,14.0,30.0,"[{""hasPlayed"": true, ""points"": -19}, {""hasPlayed"": true, ""points"": 42}, {""hasPlayed"": true, ""points"": 17}]",4,Mathieu Nguefack,-183455.0,-183455.0,-184335.0,-144602.0,-192208.0,2292060.0,4.5,1.221621099410685,0.2723146747352497,0.0,0.0,0.0,0.0,0.21785173978819974,10.0062,11.983378
54,3,Emre,Can,922700.0,,,,,,,1,2,https://kickbase.b-cdn.net/content/file/fe3cc9ba92274b29890b3d2888584906.png,23.0,2,,0.0,"[{""hasPlayed"": false, ""points"": null}, {""hasPlayed"": false, ""points"": null}, {""hasPlayed"": false, ""points"": null}]",5,Emre Can,-123044.0,-123044.0,-124098.0,-125379.0,-823264.0,-766180.0,0.0,1.3218192285549797,0.0,0.0,0.0,0.0,0.0,0.0,10.0062,0.0
75,3,Patrick,Drewes,500000.0,,,,,,,0,1,https://kickbase.b-cdn.net/content/file/d4b85a111f624b02a8519a1a07c23e7f.png,30.0,0,,0.0,"[{""hasPlayed"": false, ""points"": null}, {""hasPlayed"": false, ""points"": null}, {""hasPlayed"": false, ""points"": null}]",5,Patrick Drewes,0.0,0.0,0.0,0.0,0.0,0.0,0.0,1.3168489733256572,0.0,0.0,0.0,0.0,0.0,0.0,10.0062,0.0
1704,3,Waldemar,Anton,33997815.0,195.0,3.0,3.0,3.0,17527.0,586.0,0,2,https://kickbase.b-cdn.net/content/file/5cbbbb34725b43dba3f7f4f6835b98f0.png,3.0,1,17.0,80.0,"[{""hasPlayed"": true, ""points"": 140}, {""hasPlayed"": true, ""points"": 288}, {""hasPlayed"": true, ""points"": 158}]",1,Waldemar Anton,40218.0,40218.0,43697.0,40291.0,225889.0,332040.0,8.1,1.3218192285549797,1.0,0.0,0.0,1.0,0.0,1.0,10.0062,107.133739
1856,3,Marcel,Sabitzer,8221547.0,50.0,3.0,3.0,0.0,4706.0,151.0,0,3,https://kickbase.b-cdn.net/content/file/579e192bcc2b413185587ba2eb3c082c.png,20.0,1,18.0,42.0,"[{""hasPlayed"": true, ""points"": 98}, {""hasPlayed"": true, ""points"": 16}, {""hasPlayed"": true, ""points"": 37}]",4,Marcel Sabitzer,101607.0,101607.0,81015.0,29126.0,879815.0,-1297339.0,8.2,1.3218192285549797,0.0,0.0,0.0,0.0,0.0,0.0,10.0062,0.0
1873,3,Gregor,Kobel,19493335.0,140.0,3.0,3.0,3.0,17527.0,419.0,0,1,https://kickbase.b-cdn.net/content/file/f2d4753d2676442bb38580d0b59a6293.png,1.0,2,21.0,37.0,"[{""hasPlayed"": true, ""points"": 98}, {""hasPlayed"": true, ""points"": 152}, {""hasPlayed"": true, ""points"": 169}]",1,Gregor Kobel,-182966.0,-182966.0,-235235.0,-259371.0,-995927.0,-3606796.0,6.9,1.3168489733256572,1.0,0.0,0.0,1.0,0.0,1.0,10.0062,90.918914
1920,3,Serhou,Guirassy,31576428.0,190.0,3.0,3.0,3.0,17018.0,569.0,0,4,https://kickbase.b-cdn.net/content/file/f60de765e2e34fce8747b78399dca305.png,9.0,1,18.0,38.0,"[{""hasPlayed"": true, ""points"": 157}, {""hasPlayed"": true, ""points"": 232}, {""hasPlayed"": true, ""points"": 180}]",1,Serhou Guirassy,119708.0,119708.0,114024.0,94862.0,723780.0,2847531.0,9.0,1.3218192285549797,1.0,0.0,0.0,1.0,0.0,1.0,10.0062,119.037488
2148,3,Alexander,Meyer,576677.0,,,,,,,0,1,https://kickbase.b-cdn.net/content/file/5502ac110b6c42ddad9d1cdb351cbbcc.png,33.0,2,,0.0,"[{""hasPlayed"": false, ""points"": null}, {""hasPlayed"": false, ""points"": null}, {""hasPlayed"": false, ""points"": null}]",5,Alexander Meyer,-133308.0,-133308.0,-138631.0,-131923.0,-919741.0,-889350.0,0.0,1.3168489733256572,0.0,0.0,0.0,0.0,0.0,0.0,10.0062,0.0
2383,3,Nico,Schlotterbeck,25351494.0,136.0,1.0,1.0,1.0,4766.0,136.0,0,2,https://kickbase.b-cdn.net/content/file/bc913364cbca4d48b0393c36b9f01728.png,4.0,1,5.0,78.0,"[{""hasPlayed"": true, ""points"": 136}, {""hasPlayed"": false, ""points"": null}, {""hasPlayed"": false, ""points"": null}]",1,Nico Schlotterbeck,156672.0,156672.0,271316.0,260353.0,1228183.0,-4950684.0,0.0,1.3218192285549797,1.0,0.0,0.0,1.0,0.0,1.0,10.0062,0.0
2395,3,Julian,Ryerson,23151141.0,87.0,3.0,3.0,3.0,15273.0,262.0,0,2,https://kickbase.b-cdn.net/content/file/2998191f5e674fecb9ddf7762821ebc5.png,26.0,2,11.0,27.0,"[{""hasPlayed"": true, ""points"": 64}, {""hasPlayed"": true, ""points"": 118}, {""hasPlayed"": true, ""points"": 80}]",1,Julian Ryerson,-453638.0,-453638.0,-432821.0,-302008.0,-2213535.0,-2410566.0,6.6,1.3218192285549797,0.6896551724137931,0.0,0.0,1.0,0.0,0.7517241379310345,10.0062,65.621126
2714,3,Maximilian,Beier,22113251.0,107.0,3.0,3.0,2.0,12137.0,322.0,0,4,https://kickbase.b-cdn.net/content/file/d9ef0f909c4c4610aef2af20def367ba.png,14.0,2,14.0,54.0,"[{""hasPlayed"": true, ""points"": 101}, {""hasPlayed"": true, ""points"": 56}, {""hasPlayed"": true, ""points"": 165}]",3,Maximilian Beier,-383624.0,-383624.0,-123611.0,-45410.0,-242366.0,-3778323.0,7.3,1.3218192285549797,0.3103448275862069,0.0,0.0,0.0,0.0,0.2482758620689655,10.0062,23.971687
2736,3,Ramy,Bensebaini,13792383.0,49.0,1.0,1.0,0.0,1005.0,49.0,0,2,https://kickbase.b-cdn.net/content/file/f2e48e2f879643559eb9d2cdb6db0d7a.png,5.0,2,3.0,28.0,"[{""hasPlayed"": true, ""points"": 49}, {""hasPlayed"": false, ""points"": null}, {""hasPlayed"": false, ""points"": null}]",5,Ramy Bensebaini,14237.0,14237.0,-2478.0,-51479.0,-1239277.0,-6552628.0,0.0,1.3218192285549797,0.0,0.0,0.0,0.0,0.0,0.0,10.0062,0.0
3069,3,Felix,Nmecha,25487721.0,150.0,3.0,3.0,2.0,9236.0,449.0,0,3,https://kickbase.b-cdn.net/content/file/f83b3a24df594aaf81be1d58da773656.png,8.0,2,17.0,114.0,"[{""hasPlayed"": true, ""points"": 275}, {""hasPlayed"": true, ""points"": 51}, {""hasPlayed"": true, ""points"": 123}]",2,Felix Nmecha,28997.0,28997.0,28648.0,-429090.0,-2688356.0,-607660.0,8.2,1.3218192285549797,1.0,0.0,0.0,1.0,0.0,1.0,10.0062,108.456378
7737,3,Joey,Veerman,16029375.0,71.0,3.0,3.0,1.0,8310.0,212.0,0,3,https://kickbase.b-cdn.net/content/file/529a765a8c184857a82fa881408360cf.png,25.0,1,13.0,32.0,"[{""hasPlayed"": true, ""points"": 101}, {""hasPlayed"": true, ""points"": 75}, {""hasPlayed"": true, ""points"": 36}]",4,Joey Veerman,54092.0,54092.0,91061.0,69352.0,-9388.0,16029375.0,8.0,1.3218192285549797,0.6896551724137931,0.0,0.0,1.0,0.0,0.7517241379310345,10.0062,79.540758
9440,3,Filippo,Mane,3855800.0,32.0,2.0,2.0,1.0,3152.0,64.0,1,2,https://kickbase.b-cdn.net/content/file/c944b500e3224366ad9e5a494a84ee47.png,39.0,2,16.0,23.0,"[{""hasPlayed"": false, ""points"": null}, {""hasPlayed"": true, ""points"": 47}, {""hasPlayed"": true, ""points"": 17}]",5,Filippo Mane,-146077.0,-146077.0,-142129.0,-142771.0,-1017084.0,-131754.0,7.6,1.3218192285549797,0.0,0.0,0.0,0.0,0.0,0.0,10.0062,0.0
9698,3,,Fábio Silva,10672243.0,139.0,2.0,2.0,1.0,6035.0,278.0,0,4,https://kickbase.b-cdn.net/content/file/2aaeda6f5123438e95f1958a10ce0058.png,21.0,1,26.0,81.0,"[{""hasPlayed"": true, ""points"": 154}, {""hasPlayed"": true, ""points"": 124}, {""hasPlayed"": false, ""points"": null}]",3,Fábio Silva,285000.0,285000.0,278441.0,373395.0,2346152.0,2965956.0,9.2,1.3218192285549797,1.0,0.0,0.0,1.0,0.0,1.0,10.0062,121.682766
10114,3,Carney,Chukwuemeka,5613547.0,35.0,1.0,1.0,0.0,1743.0,35.0,0,3,https://kickbase.b-cdn.net/content/file/d823612bd32f4715b90b0c7b626973ac.png,17.0,1,6.0,20.0,"[{""hasPlayed"": true, ""points"": 35}, {""hasPlayed"": false, ""points"": null}, {""hasPlayed"": false, ""points"": null}]",5,Carney Chukwuemeka,316899.0,316899.0,382498.0,385173.0,2410280.0,1242214.0,7.6,1.3218192285549797,0.0,0.0,0.0,0.0,0.0,0.0,10.0062,0.0
10115,3,Daniel,Svensson,20289343.0,143.0,3.0,3.0,3.0,17527.0,428.0,0,2,https://kickbase.b-cdn.net/content/file/da063055c5d14c798dd8d7427fb2a48f.png,24.0,1,21.0,20.0,"[{""hasPlayed"": true, ""points"": 142}, {""hasPlayed"": true, ""points"": 123}, {""hasPlayed"": true, ""points"": 163}]",1,Daniel Svensson,211981.0,211981.0,211742.0,191745.0,1378181.0,1504303.0,7.5,1.3218192285549797,1.0,0.0,0.0,1.0,0.0,1.0,10.0062,99.197907
11099,3,Jobe,Bellingham,19771524.0,135.0,3.0,3.0,3.0,17527.0,404.0,0,3,https://kickbase.b-cdn.net/content/file/5f42cc7cc7c5447aa341c17ba41ebcbe.png,7.0,1,20.0,38.0,"[{""hasPlayed"": true, ""points"": 158}, {""hasPlayed"": true, ""points"": 90}, {""hasPlayed"": true, ""points"": 156}]",2,Jobe Bellingham,230441.0,230441.0,229154.0,221845.0,1504261.0,454041.0,7.9,1.3218192285549797,0.3103448275862069,0.0,0.0,0.0,0.0,0.2482758620689655,10.0062,25.941963
11100,3,Samuele,Inácio,4878513.0,-60.0,1.0,1.0,0.0,155.0,-60.0,0,3,https://kickbase.b-cdn.net/content/file/3990db0656bc411cac06104a42bdb903.png,40.0,1,,34.0,"[{""hasPlayed"": false, ""points"": null}, {""hasPlayed"": false, ""points"": null}, {""hasPlayed"": true, ""points"": -60}]",5,Samuele Inácio,82031.0,82031.0,-4142.0,-50977.0,-1002567.0,-4670796.0,0.0,1.3218192285549797,0.0,0.0,0.0,0.0,0.0,0.0,10.0062,0.0
13472,3,Luca,Reggiani,5056416.0,57.0,1.0,1.0,0.0,1999.0,57.0,0,2,https://kickbase.b-cdn.net/content/file/8250a085897d474a87bd2a15e5558528.png,49.0,1,11.0,32.0,"[{""hasPlayed"": false, ""points"": null}, {""hasPlayed"": true, ""points"": 57}, {""hasPlayed"": false, ""points"": null}]",5,Luca Reggiani,403032.0,403032.0,373461.0,397152.0,2355323.0,616909.0,0.0,1.3218192285549797,0.0,0.0,0.0,0.0,0.0,0.0,10.0062,0.0
14662,3,Justin,Lerma,1648227.0,,,,,,,1,3,https://kickbase.b-cdn.net/content/file/ec7bf8e163864c2fb47fb324c7a06a82.png,28.0,2,,0.0,"[{""hasPlayed"": false, ""points"": null}, {""hasPlayed"": false, ""points"": null}, {""hasPlayed"": false, ""points"": null}]",5,Justin Lerma,-148954.0,-148954.0,-145730.0,-148846.0,-1049164.0,-6391591.0,0.0,1.3218192285549797,0.0,0.0,0.0,0.0,0.0,0.0,10.0062,0.0
14899,3,Kauã,Prates,4812498.0,34.0,1.0,1.0,0.0,632.0,34.0,0,2,https://kickbase.b-cdn.net/content/file/3c7f16c226b44240b9d55d65798e5f29.png,36.0,2,7.0,19.0,"[{""hasPlayed"": false, ""points"": null}, {""hasPlayed"": false, ""points"": null}, {""hasPlayed"": true, ""points"": 34}]",5,Kauã Prates,-241301.0,-241301.0,13210.0,79353.0,994365.0,1120603.0,7.6,1.3218192285549797,0.0,0.0,0.0,0.0,0.0,0.0,10.0062,0.0
15211,3,Joane,Gadou,23247156.0,102.0,3.0,3.0,3.0,15527.0,307.0,0,2,https://kickbase.b-cdn.net/content/file/48c386df17604a3cbfeaffff6bdffae7.png,22.0,2,13.0,34.0,"[{""hasPlayed"": true, ""points"": 111}, {""hasPlayed"": true, ""points"": 64}, {""hasPlayed"": true, ""points"": 132}]",1,Joane Gadou,-221154.0,-221154.0,-288297.0,-336358.0,-2396702.0,-102013.0,7.1,1.3218192285549797,1.0,0.0,0.0,1.0,0.0,1.0,10.0062,93.907352
16378,3,Konstantinos,Karetsas,23829919.0,125.0,2.0,2.0,2.0,8514.0,249.0,2,3,https://kickbase.b-cdn.net/content/file/f4e89a3523cb47e09c5be6702baec885.png,19.0,2,10.0,114.0,"[{""hasPlayed"": false, ""points"": null}, {""hasPlayed"": true, ""points"": 35}, {""hasPlayed"": true, ""points"": 214}]",3,Konstantinos Karetsas,-60623.0,-60623.0,-132729.0,-274353.0,-2536240.0,2292806.0,7.3,1.3218192285549797,0.18864097363083165,0.0,0.0,0.0,0.15,0.1509127789046653,10.0062,14.571026
16948,3,Giannis,Konstantelias,8719840.0,181.0,1.0,1.0,1.0,3348.0,181.0,1,3,https://kickbase.b-cdn.net/content/file/222864c862d743758c5cdcbcbd1bba48.png,45.0,2,20.0,104.0,"[{""hasPlayed"": false, ""points"": null}, {""hasPlayed"": false, ""points"": null}, {""hasPlayed"": true, ""points"": 181}]",5,Giannis Konstantelias,-374063.0,-374063.0,-375373.0,-671792.0,-4084103.0,8719840.0,0.0,1.3218192285549797,0.0,0.0,0.0,0.0,0.0,0.0,10.0062,0.0
17309,3,Ethan,Nwaneri,19240394.0,105.0,2.0,2.0,1.0,8065.0,209.0,0,3,https://kickbase.b-cdn.net/content/file/80320ca8522a4369b908308269d074ad.png,18.0,1,10.0,55.0,"[{""hasPlayed"": true, ""points"": 144}, {""hasPlayed"": true, ""points"": 65}, {""hasPlayed"": false, ""points"": null}]",3,Ethan Nwaneri,65007.0,65007.0,81113.0,82306.0,599961.0,19240394.0,7.4,1.3218192285549797,0.8113590263691683,0.0,0.0,1.0,0.0,0.8490872210953346,10.0062,83.104639
1863,6,Daniel,Heuer Fernandes,11262175.0,54.0,3.0,3.0,3.0,17140.0,163.0,0,1,https://kickbase.b-cdn.net/content/file/25bb5ce570244f8296d6e817316ad707.png,1.0,2,14.0,39.0,"[{""hasPlayed"": true, ""points"": 20}, {""hasPlayed"": true, ""points"": 46}, {""hasPlayed"": true, ""points"": 97}]",1,Daniel Heuer Fernandes,-379283.0,-379283.0,-367350.0,-367353.0,-2390266.0,-2478680.0,4.2,1.296760323967603,1.0,0.0,0.0,1.0,0.0,1.0,10.0062,54.497701
1865,6,Yussuf,Poulsen,853674.0,-5.0,2.0,2.0,1.0,3566.0,-10.0,0,4,https://kickbase.b-cdn.net/content/file/b3e645c3a34347808d97e722fcbe2ced.png,15.0,2,,4.0,"[{""hasPlayed"": true, ""points"": -1}, {""hasPlayed"": false, ""points"": null}, {""hasPlayed"": true, ""points"": -9}]",4,Yussuf Poulsen,-77282.0,-77282.0,-69385.0,-44921.0,-498796.0,-3162932.0,4.7,1.2787721227877211,0.3103448275862069,0.0,0.0,0.0,0.0,0.2482758620689655,10.0062,14.931199
1889,6,Bakery,Jatta,4514487.0,8.0,2.0,2.0,1.0,5366.0,15.0,0,3,https://kickbase.b-cdn.net/content/file/7b147e15dd4b4df4bddb50f00fa8ce4e.png,18.0,2,3.0,21.0,"[{""hasPlayed"": true, ""points"": -14}, {""hasPlayed"": false, ""points"": null}, {""hasPlayed"": true, ""points"": 29}]",5,Bakery Jatta,-141479.0,-141479.0,-142691.0,-353042.0,-2145175.0,306201.0,5.4,1.2787721227877211,0.0,0.0,0.0,0.0,0.0,0.0,10.0062,0.0
1978,6,Jordan,Torunarigha,7108374.0,15.0,3.0,3.0,3.0,13525.0,45.0,2,2,https://kickbase.b-cdn.net/content/file/58a51dcb3fef41de90e23a162e7fe44e.png,23.0,2,6.0,27.0,"[{""hasPlayed"": true, ""points"": 47}, {""hasPlayed"": true, ""points"": -4}, {""hasPlayed"": true, ""points"": 2}]",1,Jordan Torunarigha,-162846.0,-162846.0,-145674.0,-183867.0,-1572788.0,-3917799.0,4.3,1.2787721227877211,0.6348884381338742,0.0,0.0,0.85,0.15,0.6779107505070994,10.0062,37.299526
2725,6,Sebastiaan,Bornauw,6785641.0,38.0,2.0,2.0,2.0,11430.0,75.0,2,2,https://kickbase.b-cdn.net/content/file/06472f6d8eb24eccaeae4898fa81b045.png,33.0,2,11.0,24.0,"[{""hasPlayed"": false, ""points"": null}, {""hasPlayed"": true, ""points"": 49}, {""hasPlayed"": true, ""points"": 26}]",4,Sebastiaan Bornauw,-375755.0,-375755.0,-367265.0,-355076.0,-2666218.0,6249253.0,5.3,1.2787721227877211,0.0,0.0,0.0,0.0,0.0,0.0,10.0062,0.0
3277,6,Miro,Muheim,3499833.0,,,,,,,0,2,https://kickbase.b-cdn.net/content/file/6b31cba3484c46c98c5575fe4f79b349.png,28.0,2,,0.0,"[{""hasPlayed"": false, ""points"": null}, {""hasPlayed"": false, ""points"": null}, {""hasPlayed"": false, ""points"": null}]",4,Miro Muheim,-129522.0,-129522.0,-127546.0,-116169.0,-842137.0,-6082375.0,0.0,1.2787721227877211,0.0,0.0,0.0,0.0,0.0,0.0,10.0062,0.0
6201,6,Nicolai,Remberg,7869429.0,31.0,3.0,3.0,3.0,17140.0,92.0,0,3,https://kickbase.b-cdn.net/content/file/8838a772b69f4284a8f34b1d63f406d8.png,21.0,2,11.0,30.0,"[{""hasPlayed"": true, ""points"": 50}, {""hasPlayed"": true, ""points"": -5}, {""hasPlayed"": true, ""points"": 47}]",1,Nicolai Remberg,-221046.0,-221046.0,-235784.0,-221185.0,-1677091.0,-3693142.0,5.2,1.2787721227877211,1.0,0.0,0.0,1.0,0.0,1.0,10.0062,66.537378
7350,6,Otto,Stange,3094813.0,-12.0,3.0,3.0,0.0,4306.0,-37.0,2,4,https://kickbase.b-cdn.net/content/file/d876e417d53e4983b76765c28cb2825d.png,19.0,2,,5.0,"[{""hasPlayed"": true, ""points"": -15}, {""hasPlayed"": true, ""points"": -16}, {""hasPlayed"": true, ""points"": -6}]",4,Otto Stange,-143799.0,-143799.0,-131829.0,-136801.0,-941905.0,94010.0,4.8,1.2787721227877211,0.0,0.0,0.0,0.0,0.0,0.0,10.0062,0.0
7394,6,Kofi,Amoako,543572.0,,,,,,,2,3,https://kickbase.b-cdn.net/content/file/6faaaadc0c43454aa7802b77b1455f2e.png,22.0,2,,0.0,"[{""hasPlayed"": false, ""points"": null}, {""hasPlayed"": false, ""points"": null}, {""hasPlayed"": false, ""points"": null}]",5,Kofi Amoako,-92414.0,-92414.0,-103667.0,-101825.0,-660808.0,-3539622.0,0.0,1.2787721227877211,0.0,0.0,0.0,0.0,0.0,0.0,10.0062,0.0
8367,6,Albert,Sambi Lokonga,7353480.0,21.0,2.0,2.0,2.0,10562.0,42.0,0,3,https://kickbase.b-cdn.net/content/file/c9c716c7e03d47078ca74b707b1577a9.png,6.0,2,5.0,26.0,"[{""hasPlayed"": true, ""points"": -2}, {""hasPlayed"": false, ""points"": null}, {""hasPlayed"": true, ""points"": 44}]",1,Albert Sambi Lokonga,-271146.0,-271146.0,-233892.0,-257018.0,-2188448.0,-3175299.0,4.8,1.2787721227877211,1.0,0.0,0.0,1.0,0.0,1.0,10.0062,61.419118
9605,6,Albert,Grønbæk,8795513.0,18.0,3.0,3.0,3.0,17140.0,53.0,0,3,https://kickbase.b-cdn.net/content/file/02b24cefd3da410ca1d4639a2fb7ccac.png,11.0,2,6.0,23.0,"[{""hasPlayed"": true, ""points"": 32}, {""hasPlayed"": true, ""points"": -9}, {""hasPlayed"": true, ""points"": 30}]",1,Albert Grønbæk,-319133.0,-319133.0,-302438.0,-304296.0,-3414824.0,-1631112.0,5.2,1.2787721227877211,1.0,0.0,0.0,1.0,0.0,1.0,10.0062,66.537378
10120,6,Alexander,Røssing-Lelesiit,1511275.0,,,,,,,2,4,https://kickbase.b-cdn.net/content/file/1e0140e6053349279a689f6bac4fdc91.png,38.0,2,,0.0,"[{""hasPlayed"": false, ""points"": null}, {""hasPlayed"": false, ""points"": null}, {""hasPlayed"": false, ""points"": null}]",5,Alexander Røssing-Lelesiit,-159584.0,-159584.0,-164371.0,-102988.0,201488.0,-949912.0,0.0,1.2787721227877211,0.0,0.0,0.0,0.0,0.0,0.0,10.0062,0.0
11512,6,Nicolás,Capaldo,7670935.0,17.0,3.0,3.0,3.0,17140.0,52.0,0,2,https://kickbase.b-cdn.net/content/file/bb8ff3d0932d47bd9d7fa4a4f38068ef.png,24.0,2,6.0,30.0,"[{""hasPlayed"": true, ""points"": 1}, {""hasPlayed"": true, ""points"": -2}, {""hasPlayed"": true, ""points"": 53}]",2,Nicolás Capaldo,-339592.0,-339592.0,-291045.0,-261637.0,-1940339.0,-2886323.0,4.7,1.2787721227877211,1.0,0.0,0.0,1.0,0.0,1.0,10.0062,60.139553
11752,6,Warmed,Omari,1209090.0,-59.0,1.0,1.0,0.0,1262.0,-59.0,0,2,https://kickbase.b-cdn.net/content/file/6565bd5f9c14426aad721f006cf6f971.png,17.0,2,,34.0,"[{""hasPlayed"": true, ""points"": -59}, {""hasPlayed"": false, ""points"": null}, {""hasPlayed"": false, ""points"": null}]",3,Warmed Omari,-84056.0,-84056.0,-56646.0,-39553.0,-484632.0,-3534849.0,0.0,1.2787721227877211,0.6896551724137931,0.0,0.0,1.0,0.0,0.7517241379310345,10.0062,0.0
11949,6,Shafiq,Nandja,1741402.0,-17.0,2.0,2.0,1.0,7361.0,-34.0,0,2,https://kickbase.b-cdn.net/content/file/74d769a877844fa1bf2f65f53f4fb91f.png,43.0,2,,18.0,"[{""hasPlayed"": true, ""points"": -33}, {""hasPlayed"": true, ""points"": -1}, {""hasPlayed"": false, ""points"": null}]",3,Shafiq Nandja,-133797.0,-133797.0,-102305.0,-80585.0,-767525.0,1241402.0,4.7,1.2787721227877211,0.3103448275862069,0.0,0.0,0.0,0.0,0.2482758620689655,10.0062,14.931199
11967,6,Fábio,Vieira,16617302.0,-3.0,2.0,2.0,0.0,4179.0,-6.0,0,3,https://kickbase.b-cdn.net/content/file/c93ccb5240654ea0832be06471767031.png,20.0,2,,8.0,"[{""hasPlayed"": true, ""points"": -9}, {""hasPlayed"": true, ""points"": 3}, {""hasPlayed"": false, ""points"": null}]",2,Fábio Vieira,-588162.0,-588162.0,-545341.0,-388411.0,-2747956.0,-1969633.0,4.6,1.2787721227877211,1.0,0.0,0.0,1.0,0.0,1.0,10.0062,58.859988
12368,6,Sander,Tangvik,500000.0,,,,,,,0,1,https://kickbase.b-cdn.net/content/file/3d7ab89b5e874e77bbb6b1fb6724745f.png,12.0,2,,0.0,"[{""hasPlayed"": false, ""points"": null}, {""hasPlayed"": false, ""points"": null}, {""hasPlayed"": false, ""points"": null}]",5,Sander Tangvik,0.0,0.0,-41657.0,-139552.0,-728309.0,-183149.0,0.0,1.296760323967603,0.0,0.0,0.0,0.0,0.0,0.0,10.0062,0.0
13433,6,Louis,Lemke,4206902.0,-7.0,2.0,2.0,1.0,6001.0,-13.0,0,2,https://kickbase.b-cdn.net/content/file/46eac50def834b9983f1475d94d28249.png,37.0,2,,9.0,"[{""hasPlayed"": false, ""points"": null}, {""hasPlayed"": true, ""points"": -15}, {""hasPlayed"": true, ""points"": 2}]",4,Louis Lemke,-146617.0,-146617.0,-150772.0,-142021.0,-1571132.0,2375359.0,6.3,1.2787721227877211,0.3103448275862069,0.0,0.0,0.0,0.0,0.2482758620689655,10.0062,20.014161
14256,6,Zakaria,El Ouahdi,7839429.0,-5.0,2.0,2.0,2.0,11028.0,-10.0,0,2,https://kickbase.b-cdn.net/content/file/aaa59ffd4dbb4a3ca8cbdc97f7a6f5d3.png,0.0,2,,26.0,"[{""hasPlayed"": true, ""points"": 14}, {""hasPlayed"": true, ""points"": -24}, {""hasPlayed"": false, ""points"": null}]",1,Zakaria El Ouahdi,-346884.0,-346884.0,-328190.0,-291329.0,-2830175.0,7839429.0,3.8,1.2787721227877211,1.0,0.0,0.0,1.0,0.0,1.0,10.0062,48.623469
14425,6,David,Møller Wolfe,6826872.0,16.0,2.0,2.0,2.0,10796.0,31.0,0,2,https://kickbase.b-cdn.net/content/file/ebc8dfc4fe9a44deb9eb939667d97619.png,3.0,2,4.0,6.0,"[{""hasPlayed"": true, ""points"": 11}, {""hasPlayed"": true, ""points"": 20}, {""hasPlayed"": false, ""points"": null}]",2,David Møller Wolfe,-405007.0,-405007.0,-409743.0,-332059.0,-2448539.0,6826872.0,3.9,1.2787721227877211,0.6896551724137931,0.0,0.0,1.0,0.0,0.7517241379310345,10.0062,37.513315
15283,6,Martin,Adeline,3858417.0,-5.0,2.0,2.0,2.0,6947.0,-9.0,0,3,https://kickbase.b-cdn.net/content/file/a88b98f2845e4a508b7e59e2bce5ff27.png,5.0,2,,7.0,"[{""hasPlayed"": false, ""points"": null}, {""hasPlayed"": true, ""points"": -12}, {""hasPlayed"": true, ""points"": 3}]",4,Martin Adeline,-147944.0,-147944.0,-138878.0,-132566.0,-972658.0,-3854820.0,4.5,1.2787721227877211,0.0,0.0,0.0,0.0,0.0,0.0,10.0062,0.0
15472,6,Patson,Daka,7054732.0,13.0,3.0,3.0,2.0,11532.0,39.0,0,4,https://kickbase.b-cdn.net/content/file/218db4a2d0cb4f89be008597b2e2d9a7.png,27.0,2,5.0,20.0,"[{""hasPlayed"": true, ""points"": 34}, {""hasPlayed"": true, ""points"": -7}, {""hasPlayed"": true, ""points"": 12}]",3,Patson Daka,-347858.0,-347858.0,-302554.0,-307447.0,-2281801.0,-4140023.0,5.1,1.2787721227877211,0.36511156186612576,0.0,0.0,0.0,0.0,0.2920892494929006,10.0062,19.061106
15478,6,Bilal,Nadir,1031132.0,-4.0,2.0,2.0,1.0,3526.0,-7.0,0,3,https://kickbase.b-cdn.net/content/file/d153e6d5703a4637bf8ee1c23c857608.png,4.0,2,,7.0,"[{""hasPlayed"": false, ""points"": null}, {""hasPlayed"": true, ""points"": 4}, {""hasPlayed"": true, ""points"": -11}]",4,Bilal Nadir,-151966.0,-151966.0,-142735.0,-83415.0,-632221.0,-3462657.0,5.6,1.2787721227877211,0.0,0.0,0.0,0.0,0.0,0.0,10.0062,0.0
17203,6,Terem,Moffi,3572992.0,-4.0,3.0,3.0,1.0,8477.0,-12.0,0,4,https://kickbase.b-cdn.net/content/file/84e882059fcb4accba56e1b212d31e8f.png,9.0,2,,13.0,"[{""hasPlayed"": true, ""points"": 5}, {""hasPlayed"": true, ""points"": -19}, {""hasPlayed"": true, ""points"": 2}]",3,Terem Moffi,-106121.0,-106121.0,-98296.0,-90976.0,-701537.0,3572992.0,4.6,1.2787721227877211,0.6896551724137931,0.0,0.0,1.0,0.0,0.7517241379310345,10.0062,44.246474
49,5,Matthias,Ginter,26972324.0,223.0,3.0,3.0,3.0,17069.0,668.0,0,2,https://kickbase.b-cdn.net/content/file/a8c1cfae192947a6b91e1c32238cf2d6.png,28.0,1,24.0,92.0,"[{""hasPlayed"": true, ""points"": 326}, {""hasPlayed"": true, ""points"": 148}, {""hasPlayed"": true, ""points"": 194}]",1,Matthias Ginter,-11584.0,-11584.0,85949.0,25912.0,188210.0,563135.0,8.5,1.3065088757396448,1.0,0.0,0.0,1.0,0.0,1.0,10.0062,111.122107
89,5,Christian,Günter,3129605.0,,,,,,,0,2,https://kickbase.b-cdn.net/content/file/6cf382255517427e83824869e5a182d9.png,30.0,2,,0.0,"[{""hasPlayed"": false, ""points"": null}, {""hasPlayed"": false, ""points"": null}, {""hasPlayed"": false, ""points"": null}]",4,Christian Günter,-133583.0,-133583.0,-139916.0,-129420.0,-928386.0,314546.0,0.0,1.3065088757396448,0.0,0.0,0.0,0.0,0.0,0.0,10.0062,0.0
118,5,Vincenzo,Grifo,7029143.0,70.0,2.0,2.0,0.0,2812.0,140.0,0,3,https://kickbase.b-cdn.net/content/file/eabed4e9dee0416bbcc8ff5864f44ea5.png,32.0,2,19.0,51.0,"[{""hasPlayed"": true, ""points"": 102}, {""hasPlayed"": true, ""points"": 38}, {""hasPlayed"": false, ""points"": null}]",4,Vincenzo Grifo,-229123.0,-229123.0,-235412.0,-199294.0,-1695171.0,-4701647.0,8.3,1.3065088757396448,0.0,0.0,0.0,0.0,0.0,0.0,10.0062,0.0
1257,5,Lukas,Kübler,6111212.0,53.0,3.0,3.0,1.0,6160.0,158.0,0,2,https://kickbase.b-cdn.net/content/file/a2d24146b6354e6f9b967bb58061f2ac.png,17.0,2,25.0,43.0,"[{""hasPlayed"": true, ""points"": 22}, {""hasPlayed"": true, ""points"": 34}, {""hasPlayed"": true, ""points"": 102}]",4,Lukas Kübler,-356524.0,-356524.0,-393419.0,-272739.0,-588242.0,1693580.0,7.5,1.3065088757396448,0.0,0.0,0.0,0.0,0.0,0.0,10.0062,0.0
1645,5,Maximilian,Eggestein,18475778.0,194.0,3.0,3.0,3.0,17069.0,581.0,0,3,https://kickbase.b-cdn.net/content/file/7b762754c912496287f84b3c38b24a82.png,8.0,1,31.0,64.0,"[{""hasPlayed"": true, ""points"": 232}, {""hasPlayed"": true, ""points"": 230}, {""hasPlayed"": true, ""points"": 119}]",1,Maximilian Eggestein,227098.0,227098.0,203349.0,124736.0,1059971.0,3821590.0,8.7,1.3065088757396448,1.0,0.0,0.0,1.0,0.0,1.0,10.0062,113.736745
1767,5,Jannik,Huth,500000.0,,,,,,,0,1,https://kickbase.b-cdn.net/content/file/32936879ffa043938bf688dd5dbca746.png,24.0,0,,0.0,"[{""hasPlayed"": false, ""points"": null}, {""hasPlayed"": false, ""points"": null}, {""hasPlayed"": false, ""points"": null}]",5,Jannik Huth,0.0,0.0,0.0,0.0,0.0,0.0,0.0,1.3097041420118343,0.0,0.0,0.0,0.0,0.0,0.0,10.0062,0.0
1858,5,Anthony,Jung,1368881.0,,,,,,,0,2,https://kickbase.b-cdn.net/content/file/5de873b60e7a46eb83255e4a5297a974.png,5.0,2,,0.0,"[{""hasPlayed"": false, ""points"": null}, {""hasPlayed"": false, ""points"": null}, {""hasPlayed"": false, ""points"": null}]",5,Anthony Jung,-142573.0,-142573.0,-147176.0,-145237.0,-1013072.0,-861417.0,0.0,1.3065088757396448,0.0,0.0,0.0,0.0,0.0,0.0,10.0062,0.0
1910,5,Florian,Müller,500000.0,,,,,,,0,1,https://kickbase.b-cdn.net/content/file/812a2cedbff7444099345ed29acae1a0.png,21.0,0,,0.0,"[{""hasPlayed"": false, ""points"": null}, {""hasPlayed"": false, ""points"": null}, {""hasPlayed"": false, ""points"": null}]",5,Florian Müller,0.0,0.0,0.0,0.0,0.0,0.0,0.0,1.3097041420118343,0.0,0.0,0.0,0.0,0.0,0.0,10.0062,0.0
2084,5,Philipp,Lienhart,14622328.0,135.0,3.0,3.0,3.0,15577.0,404.0,0,2,https://kickbase.b-cdn.net/content/file/748f11f6c0294a41850137ab1c162436.png,3.0,1,27.0,44.0,"[{""hasPlayed"": true, ""points"": 183}, {""hasPlayed"": true, ""points"": 94}, {""hasPlayed"": true, ""points"": 127}]",2,Philipp Lienhart,190268.0,190268.0,131057.0,27380.0,668989.0,2606977.0,7.8,1.3065088757396448,1.0,0.0,0.0,1.0,0.0,1.0,10.0062,101.970875
2125,5,Jan-Niklas,Beste,14538500.0,113.0,3.0,3.0,3.0,12217.0,339.0,0,3,https://kickbase.b-cdn.net/content/file/50008e312d584e419fc78f1d54151bc3.png,19.0,1,23.0,23.0,"[{""hasPlayed"": true, ""points"": 125}, {""hasPlayed"": true, ""points"": 86}, {""hasPlayed"": true, ""points"": 128}]",1,Jan-Niklas Beste,144903.0,144903.0,110689.0,39896.0,694464.0,3932502.0,7.6,1.3065088757396448,1.0,0.0,0.0,1.0,0.0,1.0,10.0062,99.356237
2176,5,Lucas,Höler,3861964.0,35.0,2.0,2.0,0.0,2169.0,70.0,0,4,https://kickbase.b-cdn.net/content/file/fd6c0b5e138c4a7382c1f0eade49e3f9.png,9.0,2,18.0,20.0,"[{""hasPlayed"": true, ""points"": 33}, {""hasPlayed"": false, ""points"": null}, {""hasPlayed"": true, ""points"": 37}]",5,Lucas Höler,-129429.0,-129429.0,-133282.0,-123868.0,-861186.0,1286535.0,7.7,1.3065088757396448,0.0,0.0,0.0,0.0,0.0,0.0,10.0062,0.0
2722,5,Patrick,Osterhage,1426729.0,,,,,,,0,3,https://kickbase.b-cdn.net/content/file/60fae74949d64f7dbfc181f788ffc48c.png,6.0,2,,0.0,"[{""hasPlayed"": false, ""points"": null}, {""hasPlayed"": false, ""points"": null}, {""hasPlayed"": false, ""points"": null}]",5,Patrick Osterhage,-126487.0,-126487.0,-135571.0,-112289.0,-858256.0,-4103125.0,0.0,1.3065088757396448,0.0,0.0,0.0,0.0,0.0,0.0,10.0062,0.0
3209,5,Yannik,Engelhardt,10807073.0,174.0,3.0,3.0,3.0,16288.0,522.0,0,3,https://kickbase.b-cdn.net/content/file/026c80a428ef428ba28a09167853739e.png,16.0,2,48.0,193.0,"[{""hasPlayed"": true, ""points"": 397}, {""hasPlayed"": true, ""points"": 54}, {""hasPlayed"": true, ""points"": 71}]",1,Yannik Engelhardt,-61667.0,-61667.0,132332.0,-176770.0,-974102.0,1860931.0,7.1,1.3065088757396448,1.0,0.0,0.0,1.0,0.0,1.0,10.0062,92.819643
3218,5,Mio,Backhaus,15371410.0,118.0,3.0,3.0,3.0,17069.0,354.0,0,1,https://kickbase.b-cdn.net/content/file/5b9a29bca41244bb8c7e691643d00e7d.png,1.0,1,23.0,40.0,"[{""hasPlayed"": true, ""points"": 144}, {""hasPlayed"": true, ""points"": 139}, {""hasPlayed"": true, ""points"": 71}]",1,Mio Backhaus,120806.0,120806.0,72678.0,29153.0,265671.0,-1294758.0,6.4,1.3097041420118343,1.0,0.0,0.0,1.0,0.0,1.0,10.0062,83.873034
3304,5,Igor,Matanović,23056864.0,253.0,3.0,3.0,3.0,14899.0,759.0,0,4,https://kickbase.b-cdn.net/content/file/6bb42fe3c2da4e1e9f8ad8dc25f1cc85.png,31.0,1,32.0,50.0,"[{""hasPlayed"": true, ""points"": 272}, {""hasPlayed"": true, ""points"": 196}, {""hasPlayed"": true, ""points"": 291}]",1,Igor Matanović,236639.0,236639.0,228983.0,185915.0,1422200.0,5236816.0,9.4,1.3065088757396448,1.0,0.0,0.0,1.0,0.0,1.0,10.0062,122.887978
4335,5,Derry,Scherhant,11842149.0,131.0,3.0,3.0,3.0,14257.0,394.0,0,3,https://kickbase.b-cdn.net/content/file/bef26d4942154c3483dbb80207a36d4d.png,7.0,1,33.0,11.0,"[{""hasPlayed"": true, ""points"": 128}, {""hasPlayed"": true, ""points"": 122}, {""hasPlayed"": true, ""points"": 144}]",2,Derry Scherhant,209311.0,209311.0,191346.0,137971.0,1268235.0,7101073.0,8.2,1.3065088757396448,1.0,0.0,0.0,1.0,0.0,1.0,10.0062,107.200151
6209,5,Philipp,Treu,10651997.0,92.0,3.0,3.0,2.0,12157.0,275.0,0,2,https://kickbase.b-cdn.net/content/file/76b764f7f4a448e39454f846207e2071.png,29.0,1,25.0,55.0,"[{""hasPlayed"": true, ""points"": 103}, {""hasPlayed"": true, ""points"": 141}, {""hasPlayed"": true, ""points"": 31}]",2,Philipp Treu,163286.0,163286.0,110302.0,29851.0,522187.0,-319222.0,7.1,1.3065088757396448,1.0,0.0,0.0,1.0,0.0,1.0,10.0062,92.819643
7215,5,Jordy,Makengo,10635663.0,162.0,3.0,3.0,3.0,17069.0,486.0,0,2,https://kickbase.b-cdn.net/content/file/fd0567aa1f2a49ac97f7b4bdc6aa87a7.png,33.0,1,45.0,99.0,"[{""hasPlayed"": true, ""points"": 276}, {""hasPlayed"": true, ""points"": 120}, {""hasPlayed"": true, ""points"": 90}]",2,Jordy Makengo,180508.0,180508.0,189587.0,133571.0,1576166.0,8849362.0,8.0,1.3065088757396448,1.0,0.0,0.0,1.0,0.0,1.0,10.0062,104.585513
7216,5,Max,Rosenfelder,4730660.0,37.0,1.0,1.0,0.0,1491.0,37.0,0,2,https://kickbase.b-cdn.net/content/file/e433049f58c743a5959513619885f55b.png,37.0,2,7.0,21.0,"[{""hasPlayed"": false, ""points"": null}, {""hasPlayed"": false, ""points"": null}, {""hasPlayed"": true, ""points"": 37}]",4,Max Rosenfelder,-164537.0,-164537.0,-438983.0,-297413.0,-603456.0,927331.0,0.0,1.3065088757396448,0.0,0.0,0.0,0.0,0.0,0.0,10.0062,0.0
8363,5,Berkay,Yilmaz,2756947.0,24.0,1.0,1.0,0.0,780.0,24.0,0,2,https://kickbase.b-cdn.net/content/file/1fc23d1e07db4a7da80071b9456c1dfc.png,27.0,2,8.0,13.0,"[{""hasPlayed"": false, ""points"": null}, {""hasPlayed"": true, ""points"": 24}, {""hasPlayed"": false, ""points"": null}]",5,Berkay Yilmaz,-138844.0,-138844.0,-147102.0,-121040.0,-865740.0,-6572663.0,0.0,1.3065088757396448,0.0,0.0,0.0,0.0,0.0,0.0,10.0062,0.0
8364,5,Bruno,Ogbus,3948971.0,,,,,,,0,2,https://kickbase.b-cdn.net/content/file/e64737da07c343e9a8027194fa943078.png,43.0,2,,0.0,"[{""hasPlayed"": false, ""points"": null}, {""hasPlayed"": false, ""points"": null}, {""hasPlayed"": false, ""points"": null}]",5,Bruno Ogbus,-172080.0,-172080.0,-172672.0,-99178.0,487561.0,1668146.0,0.0,1.3065088757396448,0.0,0.0,0.0,0.0,0.0,0.0,10.0062,0.0
11006,5,Yuito,Suzuki,17429319.0,189.0,3.0,3.0,3.0,14504.0,566.0,0,3,https://kickbase.b-cdn.net/content/file/b6f12e7f20704297b8205da224ce56f1.png,14.0,1,32.0,178.0,"[{""hasPlayed"": true, ""points"": 96}, {""hasPlayed"": true, ""points"": 75}, {""hasPlayed"": true, ""points"": 395}]",1,Yuito Suzuki,179448.0,179448.0,139423.0,158918.0,1137253.0,5139163.0,7.0,1.3065088757396448,1.0,0.0,0.0,1.0,0.0,1.0,10.0062,91.512324
11007,5,Cyriaque,Irié,4626298.0,45.0,2.0,2.0,0.0,3674.0,90.0,0,3,https://kickbase.b-cdn.net/content/file/495fd2fe440e4673a4c36e223f53eb4e.png,22.0,2,19.0,30.0,"[{""hasPlayed"": true, ""points"": 30}, {""hasPlayed"": false, ""points"": null}, {""hasPlayed"": true, ""points"": 60}]",5,Cyriaque Irié,-418588.0,-418588.0,-420016.0,-291320.0,-619472.0,-378690.0,8.6,1.3065088757396448,0.0,0.0,0.0,0.0,0.0,0.0,10.0062,0.0
14048,5,Keisuke,Goto,2668800.0,26.0,3.0,3.0,0.0,2564.0,78.0,0,4,https://kickbase.b-cdn.net/content/file/51c1a52f7444432aab2f7b125fe5ac33.png,42.0,2,29.0,19.0,"[{""hasPlayed"": true, ""points"": 48}, {""hasPlayed"": true, ""points"": 19}, {""hasPlayed"": true, ""points"": 11}]",5,Keisuke Goto,-94391.0,-94391.0,-90084.0,-79041.0,-643905.0,-4645240.0,8.0,1.3065088757396448,0.0,0.0,0.0,0.0,0.0,0.0,10.0062,0.0
15196,5,Rihito,Yamamoto,2029373.0,,,,,,,0,3,https://kickbase.b-cdn.net/content/file/500d566763b246d9b74d65bf2cf33241.png,20.0,2,,0.0,"[{""hasPlayed"": false, ""points"": null}, {""hasPlayed"": false, ""points"": null}, {""hasPlayed"": false, ""points"": null}]",5,Rihito Yamamoto,-144400.0,-144400.0,-150421.0,-146307.0,-979059.0,-5850036.0,0.0,1.3065088757396448,0.0,0.0,0.0,0.0,0.0,0.0,10.0062,0.0
43,10,Mitchell,Weiser,4893093.0,13.0,1.0,1.0,0.0,746.0,13.0,0,2,https://kickbase.b-cdn.net/content/file/d4075d101f5c49f88113a719ed8f34e5.png,8.0,1,2.0,7.0,"[{""hasPlayed"": true, ""points"": 13}, {""hasPlayed"": false, ""points"": null}, {""hasPlayed"": false, ""points"": null}]",5,Mitchell Weiser,313106.0,313106.0,187719.0,14739.0,249266.0,-244555.0,0.0,1.4856700232378002,0.0,0.0,0.0,0.0,0.0,0.0,10.0062,0.0
157,10,Niklas,Stark,3965308.0,,,,,,,0,2,https://kickbase.b-cdn.net/content/file/47d350de3ba7487dad6fff58c11b5910.png,4.0,2,,0.0,"[{""hasPlayed"": false, ""points"": null}, {""hasPlayed"": false, ""points"": null}, {""hasPlayed"": false, ""points"": null}]",5,Niklas Stark,-193191.0,-193191.0,-166724.0,-15653.0,624075.0,1112717.0,0.0,1.4856700232378002,0.0,0.0,0.0,0.0,0.0,0.0,10.0062,0.0
608,10,Niclas,Füllkrug,13651845.0,81.0,3.0,3.0,3.0,13334.0,243.0,0,4,https://kickbase.b-cdn.net/content/file/b83a0c4ef29b40d99020bb11e9e1bc7f.png,10.0,1,17.0,110.0,"[{""hasPlayed"": true, ""points"": 152}, {""hasPlayed"": true, ""points"": 137}, {""hasPlayed"": true, ""points"": -46}]",1,Niclas Füllkrug,165002.0,165002.0,147217.0,88682.0,826892.0,-10478523.0,7.4,1.4856700232378002,1.0,0.0,0.0,1.0,0.0,1.0,10.0062,110.007744
1996,10,Marco,Friedl,10373372.0,89.0,3.0,3.0,3.0,17467.0,267.0,0,2,https://kickbase.b-cdn.net/content/file/7ab07056637e493d80590700542ee887.png,32.0,2,25.0,19.0,"[{""hasPlayed"": true, ""points"": 109}, {""hasPlayed"": true, ""points"": 88}, {""hasPlayed"": true, ""points"": 70}]",1,Marco Friedl,9874.0,9874.0,-122816.0,-284931.0,-1308343.0,-1951165.0,6.3,1.4856700232378002,1.0,0.0,0.0,1.0,0.0,1.0,10.0062,93.655242
2294,10,Amos,Pieper,12322368.0,122.0,3.0,3.0,3.0,17467.0,365.0,0,2,https://kickbase.b-cdn.net/content/file/32262c6e17164fd1a62ee34e358e2540.png,5.0,1,29.0,40.0,"[{""hasPlayed"": true, ""points"": 168}, {""hasPlayed"": true, ""points"": 102}, {""hasPlayed"": true, ""points"": 95}]",1,Amos Pieper,59782.0,59782.0,22450.0,-42222.0,237709.0,2870731.0,6.6,1.4856700232378002,1.0,0.0,0.0,1.0,0.0,1.0,10.0062,98.115015
2842,10,Felix,Agu,1027783.0,,,,,,,2,2,https://kickbase.b-cdn.net/content/file/d3aec548a0d84afcb6a8f6c90cc09e72.png,27.0,2,,0.0,"[{""hasPlayed"": false, ""points"": null}, {""hasPlayed"": false, ""points"": null}, {""hasPlayed"": false, ""points"": null}]",5,Felix Agu,-102701.0,-102701.0,-115772.0,-102432.0,-739703.0,-4146005.0,0.0,1.4856700232378002,0.0,0.0,0.0,0.0,0.0,0.0,10.0062,0.0
2939,10,Eren Sami,Dinkçi,7518213.0,46.0,3.0,3.0,2.0,9814.0,139.0,0,3,https://kickbase.b-cdn.net/content/file/174ad85385c44b14afdb5c2c71ce799f.png,18.0,1,18.0,68.0,"[{""hasPlayed"": true, ""points"": 28}, {""hasPlayed"": true, ""points"": 122}, {""hasPlayed"": true, ""points"": -11}]",1,Eren Sami Dinkçi,318232.0,318232.0,267743.0,246315.0,1868552.0,3935640.0,6.0,1.4856700232378002,1.0,0.0,0.0,1.0,0.0,1.0,10.0062,89.195468
3139,10,Cédric,Itten,3220851.0,15.0,3.0,3.0,0.0,4131.0,46.0,0,4,https://kickbase.b-cdn.net/content/file/c4cfdfdc99a949ea8f5f97c7c316efd8.png,26.0,2,14.0,5.0,"[{""hasPlayed"": true, ""points"": 11}, {""hasPlayed"": true, ""points"": 21}, {""hasPlayed"": true, ""points"": 14}]",5,Cédric Itten,-125478.0,-125478.0,-139541.0,-104153.0,-792752.0,-6338491.0,6.5,1.4856700232378002,0.0,0.0,0.0,0.0,0.0,0.0,10.0062,0.0
3166,10,Keke,Topp,820039.0,,,,,,,1,4,https://kickbase.b-cdn.net/content/file/3b2c4046987d46a6a2afe1a90455d7ea.png,9.0,1,,0.0,"[{""hasPlayed"": false, ""points"": null}, {""hasPlayed"": false, ""points"": null}, {""hasPlayed"": false, ""points"": null}]",5,Keke Topp,30605.0,30605.0,56553.0,84340.0,320039.0,320039.0,0.0,1.4856700232378002,0.0,0.0,0.0,0.0,0.0,0.0,10.0062,0.0
3228,10,Justin,Njinmah,3698999.0,2.0,1.0,1.0,1.0,3750.0,2.0,1,4,https://kickbase.b-cdn.net/content/file/aecaedfbbfac4fc189856b5b5d560b2d.png,11.0,2,0.0,1.0,"[{""hasPlayed"": false, ""points"": null}, {""hasPlayed"": false, ""points"": null}, {""hasPlayed"": true, ""points"": 2}]",5,Justin Njinmah,-143587.0,-143587.0,-145983.0,-142430.0,-1005335.0,-1845419.0,0.0,1.4856700232378002,0.0,0.0,0.0,0.0,0.0,0.0,10.0062,0.0
3281,10,Ludovit,Reis,9640516.0,62.0,3.0,3.0,3.0,15433.0,186.0,0,3,https://kickbase.b-cdn.net/content/file/4b8927aad68d467b96d281d272a77f35.png,15.0,2,19.0,34.0,"[{""hasPlayed"": true, ""points"": 60}, {""hasPlayed"": true, ""points"": 97}, {""hasPlayed"": true, ""points"": 29}]",1,Ludovit Reis,-261072.0,-261072.0,-65552.0,38673.0,454177.0,1093233.0,6.1,1.4856700232378002,0.6896551724137931,0.0,0.0,1.0,0.0,0.7517241379310345,10.0062,68.167893
3450,10,Markus,Kolke,500000.0,,,,,,,0,1,https://kickbase.b-cdn.net/content/file/8e62a66ca620435fa877b6e0ed662c0b.png,25.0,0,,0.0,"[{""hasPlayed"": false, ""points"": null}, {""hasPlayed"": false, ""points"": null}, {""hasPlayed"": false, ""points"": null}]",5,Markus Kolke,0.0,0.0,0.0,0.0,0.0,0.0,0.0,1.3933126775109734,0.0,0.0,0.0,0.0,0.0,0.0,10.0062,0.0
3481,10,Jens,Stage,9254793.0,,,,,,,1,3,https://kickbase.b-cdn.net/content/file/1660e6fa98fe418d8a4abdb17bda1d62.png,6.0,2,,0.0,"[{""hasPlayed"": false, ""points"": null}, {""hasPlayed"": false, ""points"": null}, {""hasPlayed"": false, ""points"": null}]",5,Jens Stage,-368378.0,-368378.0,-658292.0,-638815.0,-4337480.0,-9589417.0,0.0,1.4856700232378002,0.0,0.0,0.0,0.0,0.0,0.0,10.0062,0.0
6174,10,,Arthur,8209073.0,52.0,2.0,2.0,2.0,9147.0,103.0,0,2,https://kickbase.b-cdn.net/content/file/1a97160785984f9ba1247c828bca87a5.png,13.0,1,12.0,29.0,"[{""hasPlayed"": true, ""points"": 54}, {""hasPlayed"": true, ""points"": 49}, {""hasPlayed"": false, ""points"": null}]",1,Arthur,333866.0,333866.0,320307.0,303305.0,2101243.0,3734564.0,5.6,1.4856700232378002,1.0,0.0,0.0,1.0,0.0,1.0,10.0062,83.249104
7167,10,Senne,Lynen,4631224.0,0.0,1.0,1.0,1.0,2812.0,0.0,2,3,https://kickbase.b-cdn.net/content/file/155288638ca9459bbebfab0684e818ef.png,14.0,2,,0.0,"[{""hasPlayed"": false, ""points"": null}, {""hasPlayed"": false, ""points"": null}, {""hasPlayed"": true, ""points"": 0}]",5,Senne Lynen,-117537.0,-117537.0,-320742.0,-331794.0,-2266250.0,-4071944.0,0.0,1.4856700232378002,0.3103448275862069,0.0,0.0,0.0,0.0,0.2482758620689655,10.0062,0.0
7282,10,Olivier,Deman,10400166.0,101.0,3.0,3.0,3.0,17467.0,302.0,0,2,https://kickbase.b-cdn.net/content/file/581d084f390f47a38c3d2d35085fb1e4.png,2.0,1,29.0,70.0,"[{""hasPlayed"": true, ""points"": 117}, {""hasPlayed"": true, ""points"": 162}, {""hasPlayed"": true, ""points"": 23}]",1,Olivier Deman,165488.0,165488.0,126194.0,62241.0,1209858.0,-30935.0,6.9,1.4856700232378002,1.0,0.0,0.0,1.0,0.0,1.0,10.0062,102.574789
7721,10,Marco,Grüll,9920800.0,158.0,3.0,3.0,3.0,16917.0,473.0,0,3,https://kickbase.b-cdn.net/content/file/73071b81354346399a14dd6431d4e823.png,17.0,1,47.0,119.0,"[{""hasPlayed"": true, ""points"": 56}, {""hasPlayed"": true, ""points"": 290}, {""hasPlayed"": true, ""points"": 127}]",1,Marco Grüll,423053.0,423053.0,380029.0,369488.0,2513658.0,4866160.0,7.5,1.4856700232378002,1.0,0.0,0.0,1.0,0.0,1.0,10.0062,111.494335
8166,10,,Chuki,9644050.0,93.0,3.0,3.0,3.0,16659.0,280.0,0,3,https://kickbase.b-cdn.net/content/file/480d2ef5bfd94f57a5db7545d63b0828.png,20.0,1,29.0,67.0,"[{""hasPlayed"": true, ""points"": 110}, {""hasPlayed"": true, ""points"": 151}, {""hasPlayed"": true, ""points"": 19}]",1,Chuki,412732.0,412732.0,381068.0,360696.0,2334778.0,-1341282.0,6.5,1.4856700232378002,1.0,0.0,0.0,1.0,0.0,1.0,10.0062,96.628424
9513,10,Karl,Hein,12311290.0,128.0,3.0,3.0,3.0,17467.0,384.0,0,1,https://kickbase.b-cdn.net/content/file/0342913c28ed45b18f310732f9b90b16.png,1.0,1,31.0,113.0,"[{""hasPlayed"": true, ""points"": 234}, {""hasPlayed"": true, ""points"": 142}, {""hasPlayed"": true, ""points"": 8}]",1,Karl Hein,132870.0,132870.0,66198.0,-15683.0,204783.0,-194531.0,6.8,1.3933126775109734,1.0,0.0,0.0,1.0,0.0,1.0,10.0062,94.804004
9600,10,Alexander,Schlager,691503.0,,,,,,,0,1,https://kickbase.b-cdn.net/content/file/c677b3706079488a8ee0283db8fdd970.png,30.0,2,,0.0,"[{""hasPlayed"": false, ""points"": null}, {""hasPlayed"": false, ""points"": null}, {""hasPlayed"": false, ""points"": null}]",5,Alexander Schlager,-136435.0,-136435.0,-141530.0,-138213.0,-971215.0,-3930963.0,0.0,1.3933126775109734,0.0,0.0,0.0,0.0,0.0,0.0,10.0062,0.0
10131,10,Dariusz,Stalmach,4708279.0,63.0,3.0,3.0,0.0,5260.0,188.0,0,3,https://kickbase.b-cdn.net/content/file/24197523c05b4e17ac6e922264265d37.png,23.0,2,39.0,73.0,"[{""hasPlayed"": true, ""points"": 16}, {""hasPlayed"": true, ""points"": 25}, {""hasPlayed"": true, ""points"": 147}]",5,Dariusz Stalmach,-142590.0,-142590.0,-146852.0,-109074.0,679353.0,1095711.0,7.0,1.4856700232378002,0.0,0.0,0.0,0.0,0.0,0.0,10.0062,0.0
10134,10,Mick,Schmetgens,4039353.0,16.0,3.0,3.0,1.0,8318.0,48.0,0,2,https://kickbase.b-cdn.net/content/file/cbb89b4949af4997a53ca8ecc1ce7c78.png,33.0,2,11.0,22.0,"[{""hasPlayed"": true, ""points"": 6}, {""hasPlayed"": true, ""points"": 42}, {""hasPlayed"": true, ""points"": 0}]",5,Mick Schmetgens,-124553.0,-124553.0,-137611.0,-128560.0,-1126517.0,-1354491.0,6.3,1.4856700232378002,0.0,0.0,0.0,0.0,0.0,0.0,10.0062,0.0
11262,10,Salim Amani,Musah,2948760.0,1.0,2.0,2.0,0.0,2762.0,1.0,0,4,https://kickbase.b-cdn.net/content/file/06171b2c46b740f29fc107281e5b489c.png,29.0,2,0.0,5.0,"[{""hasPlayed"": false, ""points"": null}, {""hasPlayed"": true, ""points"": 6}, {""hasPlayed"": true, ""points"": -5}]",5,Salim Amani Musah,-148978.0,-148978.0,-150077.0,-116909.0,-867183.0,-3281110.0,5.7,1.4856700232378002,0.0,0.0,0.0,0.0,0.0,0.0,10.0062,0.0
13449,10,Moussa,Ndiaye,2778362.0,,,,,,,2,2,https://kickbase.b-cdn.net/content/file/2af2bd87e1ec448bb98741662c2c9fe4.png,16.0,2,,0.0,"[{""hasPlayed"": false, ""points"": null}, {""hasPlayed"": false, ""points"": null}, {""hasPlayed"": false, ""points"": null}]",5,Moussa Ndiaye,-172107.0,-172107.0,-186983.0,-185287.0,-637809.0,2778362.0,0.0,1.4856700232378002,0.0,0.0,0.0,0.0,0.0,0.0,10.0062,0.0
14923,10,Kenny,Quetant,567100.0,,,,,,,0,4,https://kickbase.b-cdn.net/content/file/ce71a0ceab994338b9911cf79b91e00c.png,19.0,2,,0.0,"[{""hasPlayed"": false, ""points"": null}, {""hasPlayed"": false, ""points"": null}, {""hasPlayed"": false, ""points"": null}]",5,Kenny Quetant,-52392.0,-52392.0,-35484.0,-14121.0,-344254.0,-3309939.0,0.0,1.4856700232378002,0.0,0.0,0.0,0.0,0.0,0.0,10.0062,0.0
14926,10,Darwin,Soylu,1045499.0,,,,,,,0,3,https://kickbase.b-cdn.net/content/file/5cb0e397fead443c8b6edad320c05fb5.png,34.0,1,,0.0,"[{""hasPlayed"": false, ""points"": null}, {""hasPlayed"": false, ""points"": null}, {""hasPlayed"": false, ""points"": null}]",5,Darwin Soylu,246046.0,246046.0,86182.0,18964.0,242714.0,-2803663.0,0.0,1.4856700232378002,0.0,0.0,0.0,0.0,0.0,0.0,10.0062,0.0
15256,10,Oskar,Wójcik,1312577.0,,,,,,,0,2,https://kickbase.b-cdn.net/content/file/97c455965a994f56b1d9c44f02427633.png,3.0,2,,0.0,"[{""hasPlayed"": false, ""points"": null}, {""hasPlayed"": false, ""points"": null}, {""hasPlayed"": false, ""points"": null}]",5,Oskar Wójcik,-135240.0,-135240.0,-141774.0,-134792.0,-914174.0,-5175197.0,0.0,1.4856700232378002,0.0,0.0,0.0,0.0,0.0,0.0,10.0062,0.0
15313,10,Paul,Erevbenagie,3012608.0,25.0,2.0,2.0,0.0,2494.0,49.0,0,4,https://kickbase.b-cdn.net/content/file/6e29480ac28c4af59908453b181e813c.png,38.0,2,16.0,18.0,"[{""hasPlayed"": true, ""points"": 12}, {""hasPlayed"": true, ""points"": 37}, {""hasPlayed"": false, ""points"": null}]",5,Paul Erevbenagie,-115661.0,-115661.0,-126102.0,-96187.0,-797469.0,221960.0,7.2,1.4856700232378002,0.0,0.0,0.0,0.0,0.0,0.0,10.0062,0.0
17288,10,Youri,Regeer,8245070.0,78.0,2.0,2.0,2.0,10204.0,155.0,0,3,https://kickbase.b-cdn.net/content/file/f4b7ace177bb4699aad8c93d93c91829.png,44.0,1,18.0,74.0,"[{""hasPlayed"": true, ""points"": 25}, {""hasPlayed"": true, ""points"": 130}, {""hasPlayed"": false, ""points"": null}]",1,Youri Regeer,143509.0,143509.0,194976.0,221556.0,1679588.0,8245070.0,5.9,1.4856700232378002,1.0,0.0,0.0,1.0,0.0,1.0,10.0062,87.708877
493,13,Michael,Gregoritsch,13974167.0,178.0,3.0,3.0,3.0,14533.0,533.0,0,4,https://kickbase.b-cdn.net/content/file/90d8bfeb702e4fc9a12b70e61d1cada3.png,11.0,1,38.0,89.0,"[{""hasPlayed"": true, ""points"": 257}, {""hasPlayed"": true, ""points"": 81}, {""hasPlayed"": true, ""points"": 195}]",1,Michael Gregoritsch,252234.0,252234.0,264755.0,195012.0,1415239.0,4192485.0,8.3,1.2649109217660726,1.0,0.0,0.0,1.0,0.0,1.0,10.0062,105.052699
1809,13,Marius,Wolf,10055584.0,145.0,3.0,3.0,3.0,14544.0,436.0,0,3,https://kickbase.b-cdn.net/content/file/a1f80afaec424464a483185498e81a2e.png,27.0,1,43.0,102.0,"[{""hasPlayed"": true, ""points"": 36}, {""hasPlayed"": true, ""points"": 162}, {""hasPlayed"": true, ""points"": 238}]",3,Marius Wolf,160148.0,160148.0,150353.0,191034.0,1501917.0,9434182.0,6.7,1.2649109217660726,1.0,0.0,0.0,1.0,0.0,1.0,10.0062,84.801576
1811,13,Jeffrey,Gouweleeuw,5040908.0,26.0,2.0,2.0,0.0,777.0,52.0,0,2,https://kickbase.b-cdn.net/content/file/12102af2b43f4161bfaeb1a6d0172ad2.png,6.0,2,10.0,15.0,"[{""hasPlayed"": false, ""points"": null}, {""hasPlayed"": true, ""points"": 30}, {""hasPlayed"": true, ""points"": 22}]",5,Jeffrey Gouweleeuw,-357100.0,-357100.0,-330487.0,-229427.0,-2006161.0,-5321570.0,0.0,1.2649109217660726,0.0,0.0,0.0,0.0,0.0,0.0,10.0062,0.0
2195,13,Finn,Dahmen,17018825.0,158.0,3.0,3.0,3.0,17155.0,475.0,0,1,https://kickbase.b-cdn.net/content/file/78075846ec2d4f2eaeef6be38fdb6681.png,1.0,1,27.0,65.0,"[{""hasPlayed"": true, ""points"": 86}, {""hasPlayed"": true, ""points"": 176}, {""hasPlayed"": true, ""points"": 213}]",1,Finn Dahmen,97146.0,97146.0,90765.0,62971.0,559171.0,1233385.0,7.1,1.2902917634908337,1.0,0.0,0.0,1.0,0.0,1.0,10.0062,91.667514
2764,13,Yannik,Keitel,967579.0,11.0,2.0,2.0,0.0,1298.0,21.0,0,3,https://kickbase.b-cdn.net/content/file/4f4bc9f6569e49588aa7dd39288b614f.png,14.0,2,21.0,13.0,"[{""hasPlayed"": true, ""points"": -2}, {""hasPlayed"": false, ""points"": null}, {""hasPlayed"": true, ""points"": 23}]",5,Yannik Keitel,-123998.0,-123998.0,-135282.0,-106575.0,-732715.0,-3331234.0,6.6,1.2649109217660726,0.0,0.0,0.0,0.0,0.0,0.0,10.0062,0.0
3176,13,Arijon,Ibrahimović,8868987.0,115.0,2.0,2.0,2.0,7295.0,229.0,0,3,https://kickbase.b-cdn.net/content/file/f88dab5aaf7b458a971b11fb9ae2eb82.png,21.0,1,25.0,93.0,"[{""hasPlayed"": true, ""points"": 48}, {""hasPlayed"": true, ""points"": 181}, {""hasPlayed"": false, ""points"": null}]",2,Arijon Ibrahimović,391476.0,391476.0,376136.0,361986.0,2614769.0,4429515.0,6.4,1.2649109217660726,0.6896551724137931,0.0,0.0,1.0,0.0,0.7517241379310345,10.0062,60.893031
3183,13,Anton,Kade,11412903.0,273.0,1.0,1.0,1.0,5649.0,273.0,1,4,https://kickbase.b-cdn.net/content/file/023539a6ce2b4b2d971d98593d7ce584.png,30.0,2,23.0,157.0,"[{""hasPlayed"": false, ""points"": null}, {""hasPlayed"": false, ""points"": null}, {""hasPlayed"": true, ""points"": 273}]",5,Anton Kade,-608867.0,-608867.0,-641705.0,-552612.0,-2877852.0,264770.0,0.0,1.2649109217660726,0.0,0.0,0.0,0.0,0.0,0.0,10.0062,0.0
4654,13,Mert,Kömür,3745684.0,40.0,3.0,3.0,0.0,4099.0,120.0,0,3,https://kickbase.b-cdn.net/content/file/f2c46eb7f8d3482c8bb69240abd7762d.png,10.0,2,32.0,18.0,"[{""hasPlayed"": true, ""points"": 20}, {""hasPlayed"": true, ""points"": 57}, {""hasPlayed"": true, ""points"": 43}]",4,Mert Kömür,-80066.0,-80066.0,-95332.0,-85722.0,-659946.0,1029023.0,7.5,1.2649109217660726,0.0,0.0,0.0,0.0,0.0,0.0,10.0062,0.0
6168,13,Robin,Fellhauer,9880784.0,84.0,3.0,3.0,3.0,13047.0,251.0,0,3,https://kickbase.b-cdn.net/content/file/c458283e0fd243beb4cd2bd270cbfb54.png,19.0,2,25.0,57.0,"[{""hasPlayed"": true, ""points"": 44}, {""hasPlayed"": true, ""points"": 149}, {""hasPlayed"": true, ""points"": 58}]",2,Robin Fellhauer,-343536.0,-343536.0,-136924.0,-23593.0,115249.0,-283720.0,6.3,1.2649109217660726,1.0,0.0,0.0,1.0,0.0,1.0,10.0062,79.738795
7283,13,Calvin,Brackelmann,9263514.0,120.0,3.0,3.0,3.0,16377.0,361.0,0,2,https://kickbase.b-cdn.net/content/file/e13f320cbaad4bad96143f969d2cf434.png,2.0,1,38.0,36.0,"[{""hasPlayed"": true, ""points"": 136}, {""hasPlayed"": true, ""points"": 79}, {""hasPlayed"": true, ""points"": 146}]",2,Calvin Brackelmann,363195.0,363195.0,322379.0,260903.0,1896590.0,2694109.0,7.0,1.2649109217660726,1.0,0.0,0.0,1.0,0.0,1.0,10.0062,88.598662
7336,13,Sima,Suso,500000.0,,,,,,,1,3,https://kickbase.b-cdn.net/content/file/183351daddfd4c36b0c80c411b0e061c.png,8.0,2,,0.0,"[{""hasPlayed"": false, ""points"": null}, {""hasPlayed"": false, ""points"": null}, {""hasPlayed"": false, ""points"": null}]",5,Sima Suso,-2120.0,-2120.0,-106059.0,-110634.0,-330200.0,-3406054.0,0.0,1.2649109217660726,0.0,0.0,0.0,0.0,0.0,0.0,10.0062,0.0
7676,13,Fabian,Rieder,17391761.0,181.0,3.0,3.0,3.0,16513.0,543.0,0,3,https://kickbase.b-cdn.net/content/file/bdc22db52af641168bf48d012401bd6b.png,32.0,1,31.0,48.0,"[{""hasPlayed"": true, ""points"": 127}, {""hasPlayed"": true, ""points"": 221}, {""hasPlayed"": true, ""points"": 195}]",1,Fabian Rieder,178555.0,178555.0,156451.0,108577.0,991574.0,4682223.0,8.0,1.2649109217660726,1.0,0.0,0.0,1.0,0.0,1.0,10.0062,101.255613
7696,13,Nediljko,Labrović,500000.0,,,,,,,0,1,https://kickbase.b-cdn.net/content/file/ab74d9253f714c34b29783c84700fd13.png,22.0,0,,0.0,"[{""hasPlayed"": false, ""points"": null}, {""hasPlayed"": false, ""points"": null}, {""hasPlayed"": false, ""points"": null}]",5,Nediljko Labrović,0.0,0.0,0.0,0.0,0.0,-2161351.0,0.0,1.2902917634908337,0.0,0.0,0.0,0.0,0.0,0.0,10.0062,0.0
8355,13,Noahkai,Banks,11507876.0,120.0,3.0,3.0,3.0,17155.0,361.0,0,2,https://kickbase.b-cdn.net/content/file/eee3a63f6cd84553ac20c6854134da5c.png,40.0,1,31.0,30.0,"[{""hasPlayed"": true, ""points"": 86}, {""hasPlayed"": true, ""points"": 130}, {""hasPlayed"": true, ""points"": 145}]",1,Noahkai Banks,213240.0,213240.0,211921.0,210328.0,1702311.0,4395508.0,7.2,1.2649109217660726,1.0,0.0,0.0,1.0,0.0,1.0,10.0062,91.130052
9642,13,Chrislain,Matsima,15696735.0,140.0,3.0,3.0,3.0,17155.0,421.0,0,2,https://kickbase.b-cdn.net/content/file/0337794cdbe74c759f6ea4c6ac9c796b.png,5.0,1,26.0,34.0,"[{""hasPlayed"": true, ""points"": 107}, {""hasPlayed"": true, ""points"": 176}, {""hasPlayed"": true, ""points"": 138}]",1,Chrislain Matsima,178173.0,178173.0,140812.0,106578.0,958611.0,4829490.0,7.4,1.2649109217660726,1.0,0.0,0.0,1.0,0.0,1.0,10.0062,93.661442
9684,13,Alexis,Claude-Maurice,8985874.0,89.0,2.0,2.0,0.0,4217.0,177.0,0,3,https://kickbase.b-cdn.net/content/file/6fcd0e7bf78f4355ac28aecef9efb589.png,20.0,1,19.0,93.0,"[{""hasPlayed"": true, ""points"": 10}, {""hasPlayed"": true, ""points"": 167}, {""hasPlayed"": false, ""points"": null}]",3,Alexis Claude-Maurice,306346.0,306346.0,300459.0,331747.0,2235630.0,-3180297.0,7.5,1.2649109217660726,0.3103448275862069,0.0,0.0,0.0,0.0,0.2482758620689655,10.0062,23.568117
9754,13,Juma,Bah,4469536.0,,,,,,,0,2,https://kickbase.b-cdn.net/content/file/5627c3fa11834a97ae7c6963d68a09a6.png,35.0,2,,0.0,"[{""hasPlayed"": false, ""points"": null}, {""hasPlayed"": false, ""points"": null}, {""hasPlayed"": false, ""points"": null}]",4,Juma Bah,-155675.0,-155675.0,-159773.0,-391187.0,-2365133.0,4469536.0,0.0,1.2649109217660726,0.0,0.0,0.0,0.0,0.0,0.0,10.0062,0.0
9965,13,Faik,Sakar,1719446.0,,,,,,,2,3,https://kickbase.b-cdn.net/content/file/8acfc6a0b1524998999efe1e686302d4.png,23.0,2,,0.0,"[{""hasPlayed"": false, ""points"": null}, {""hasPlayed"": false, ""points"": null}, {""hasPlayed"": false, ""points"": null}]",5,Faik Sakar,-157873.0,-157873.0,-156778.0,-162235.0,-1069752.0,-3911640.0,0.0,1.2649109217660726,0.0,0.0,0.0,0.0,0.0,0.0,10.0062,0.0
10049,13,Hennes,Behrens,13064492.0,134.0,3.0,3.0,3.0,17155.0,401.0,0,2,https://kickbase.b-cdn.net/content/file/18dac711dedc44698522f7c499401190.png,16.0,1,30.0,31.0,"[{""hasPlayed"": true, ""points"": 159}, {""hasPlayed"": true, ""points"": 99}, {""hasPlayed"": true, ""points"": 143}]",1,Hennes Behrens,181859.0,181859.0,135723.0,42596.0,638519.0,4027798.0,7.2,1.2649109217660726,1.0,0.0,0.0,1.0,0.0,1.0,10.0062,91.130052
11556,13,Han-Noah,Massengo,12787355.0,109.0,3.0,3.0,3.0,16498.0,328.0,0,3,https://kickbase.b-cdn.net/content/file/d5c086e505984d7ba4c7e0af23d1a901.png,4.0,1,25.0,64.0,"[{""hasPlayed"": true, ""points"": 36}, {""hasPlayed"": true, ""points"": 137}, {""hasPlayed"": true, ""points"": 155}]",1,Han-Noah Massengo,195012.0,195012.0,193984.0,178160.0,1297656.0,3488695.0,6.9,1.2649109217660726,1.0,0.0,0.0,1.0,0.0,1.0,10.0062,87.332966
12341,13,Rodrigo,Ribeiro,4809986.0,42.0,3.0,3.0,0.0,2620.0,127.0,0,4,https://kickbase.b-cdn.net/content/file/7d60acf2c66d45288438f5f879775e01.png,9.0,2,26.0,54.0,"[{""hasPlayed"": true, ""points"": -4}, {""hasPlayed"": true, ""points"": 28}, {""hasPlayed"": true, ""points"": 103}]",5,Rodrigo Ribeiro,-377756.0,-377756.0,-397633.0,-193745.0,-412303.0,447088.0,7.3,1.2649109217660726,0.0,0.0,0.0,0.0,0.0,0.0,10.0062,0.0
13479,13,Uchenna,Ogundu,1876052.0,,,,,,,0,4,https://kickbase.b-cdn.net/content/file/c9277b2f662b4b60a7ad1b27ddb68201.png,39.0,2,,0.0,"[{""hasPlayed"": false, ""points"": null}, {""hasPlayed"": false, ""points"": null}, {""hasPlayed"": false, ""points"": null}]",5,Uchenna Ogundu,-154828.0,-154828.0,-161036.0,-157286.0,-1022874.0,-3484210.0,0.0,1.2649109217660726,0.0,0.0,0.0,0.0,0.0,0.0,10.0062,0.0
13671,13,Tom,Wisbereit,500000.0,,,,,,,0,1,https://kickbase.b-cdn.net/content/file/487a6f69783d4bf69fa8c1b023e108e1.png,48.0,0,,0.0,"[{""hasPlayed"": false, ""points"": null}, {""hasPlayed"": false, ""points"": null}, {""hasPlayed"": false, ""points"": null}]",5,Tom Wisbereit,0.0,0.0,0.0,0.0,0.0,0.0,0.0,1.2902917634908337,0.0,0.0,0.0,0.0,0.0,0.0,10.0062,0.0
13806,13,Young-Woo,Seol,2340248.0,35.0,3.0,3.0,0.0,2609.0,104.0,0,2,https://kickbase.b-cdn.net/content/file/e7ba68f831b843ba9e8251edb80f7989.png,7.0,2,44.0,37.0,"[{""hasPlayed"": true, ""points"": -1}, {""hasPlayed"": true, ""points"": 32}, {""hasPlayed"": true, ""points"": 73}]",4,Young-Woo Seol,-123554.0,-123554.0,-125258.0,-95310.0,-707003.0,2340248.0,6.1,1.2649109217660726,0.0,0.0,0.0,0.0,0.0,0.0,10.0062,0.0
32,8,Loris,Karius,17233620.0,137.0,3.0,3.0,3.0,17715.0,412.0,0,1,https://kickbase.b-cdn.net/content/file/9b53a17786bd45d8b843b3e188f2ceae.png,1.0,1,23.0,12.0,"[{""hasPlayed"": true, ""points"": 147}, {""hasPlayed"": true, ""points"": 123}, {""hasPlayed"": true, ""points"": 142}]",1,Loris Karius,146773.0,146773.0,131648.0,97620.0,578517.0,992724.0,6.3,1.4859649122807017,1.0,0.0,0.0,0.85,0.15,0.97,10.0062,90.863616
670,8,Kenan,Karaman,9642764.0,50.0,2.0,2.0,1.0,5494.0,100.0,0,4,https://kickbase.b-cdn.net/content/file/3eb5c46b23e042a4b366137871517bbe.png,19.0,1,10.0,45.0,"[{""hasPlayed"": true, ""points"": 85}, {""hasPlayed"": true, ""points"": 15}, {""hasPlayed"": false, ""points"": null}]",1,Kenan Karaman,281440.0,281440.0,242085.0,180472.0,1190948.0,-5980853.0,6.3,1.6842105263157894,1.0,0.0,0.0,1.0,0.0,1.0,10.0062,106.171048
755,8,Kevin,Müller,500000.0,,,,,,,0,1,https://kickbase.b-cdn.net/content/file/9267ef7e0ff04d8d8f68116e2baab8fa.png,22.0,2,,0.0,"[{""hasPlayed"": false, ""points"": null}, {""hasPlayed"": false, ""points"": null}, {""hasPlayed"": false, ""points"": null}]",5,Kevin Müller,-103323.0,-103323.0,-137652.0,-142893.0,-953001.0,-362367.0,0.0,1.4859649122807017,0.0,0.0,0.0,0.0,0.0,0.0,10.0062,0.0
1012,8,Edin,Džeko,4968003.0,-7.0,2.0,2.0,0.0,2479.0,-14.0,0,4,https://kickbase.b-cdn.net/content/file/31e382a514fb4fd0a7b6bf028b56f839.png,10.0,2,,23.0,"[{""hasPlayed"": true, ""points"": 16}, {""hasPlayed"": false, ""points"": null}, {""hasPlayed"": true, ""points"": -30}]",5,Edin Džeko,-312894.0,-312894.0,-312118.0,-292623.0,-1998465.0,-3404062.0,6.0,1.6842105263157894,0.0,0.0,0.0,0.0,0.0,0.0,10.0062,0.0
1691,8,Finn,Porath,767782.0,,,,,,,0,3,https://kickbase.b-cdn.net/content/file/250d4c6c00a74d8b9604ba54ec4385fd.png,27.0,2,,0.0,"[{""hasPlayed"": false, ""points"": null}, {""hasPlayed"": false, ""points"": null}, {""hasPlayed"": false, ""points"": null}]",5,Finn Porath,-125308.0,-125308.0,-141522.0,-147984.0,-919597.0,-5023937.0,0.0,1.6842105263157894,0.0,0.0,0.0,0.0,0.0,0.0,10.0062,0.0
2449,8,Hee-Chan,Hwang,4411667.0,82.0,1.0,1.0,0.0,1422.0,82.0,0,4,https://kickbase.b-cdn.net/content/file/f03e94d1a5cf48cb99e80d9be87e060c.png,7.0,1,18.0,57.0,"[{""hasPlayed"": true, ""points"": 82}, {""hasPlayed"": false, ""points"": null}, {""hasPlayed"": false, ""points"": null}]",4,Hee-Chan Hwang,21478.0,21478.0,-841.0,-12460.0,-294326.0,2045440.0,0.0,1.6842105263157894,0.0,0.0,0.0,0.0,0.0,0.0,10.0062,0.0
2762,8,Timo,Becker,8877213.0,92.0,3.0,3.0,3.0,17715.0,276.0,0,2,https://kickbase.b-cdn.net/content/file/f1cc618a8f9e4121bc762da081feea87.png,5.0,1,31.0,67.0,"[{""hasPlayed"": true, ""points"": 158}, {""hasPlayed"": true, ""points"": 95}, {""hasPlayed"": true, ""points"": 23}]",1,Timo Becker,187539.0,187539.0,116412.0,29829.0,263667.0,4055523.0,6.2,1.6842105263157894,1.0,0.0,0.0,1.0,0.0,1.0,10.0062,104.485794
2876,8,Ron,Schallenberg,2855325.0,-54.0,1.0,1.0,1.0,3776.0,-54.0,0,3,https://kickbase.b-cdn.net/content/file/9f2d8e42f6bc438a9b4808262a3b2349.png,6.0,2,,31.0,"[{""hasPlayed"": false, ""points"": null}, {""hasPlayed"": false, ""points"": null}, {""hasPlayed"": true, ""points"": -54}]",3,Ron Schallenberg,-125150.0,-125150.0,-121408.0,-108771.0,-868508.0,-5439994.0,4.9,1.6842105263157894,0.3103448275862069,0.0,0.0,1.0,0.0,0.44827586206896547,10.0062,37.017492
2967,8,Soufiane,El-Faouzi,13150446.0,87.0,3.0,3.0,3.0,17715.0,261.0,0,3,https://kickbase.b-cdn.net/content/file/08eca83815c745e1b44ccab6f89b6778.png,23.0,1,19.0,25.0,"[{""hasPlayed"": true, ""points"": 110}, {""hasPlayed"": true, ""points"": 91}, {""hasPlayed"": true, ""points"": 60}]",1,Soufiane El-Faouzi,193643.0,193643.0,177362.0,103795.0,566866.0,-1043734.0,6.0,1.6842105263157894,1.0,0.0,0.0,1.0,0.0,1.0,10.0062,101.115284
3029,8,Dejan,Ljubičić,6927799.0,40.0,3.0,3.0,3.0,11465.0,119.0,1,3,https://kickbase.b-cdn.net/content/file/98ab54f781d048c8b864ceba5bc2f7d4.png,21.0,2,17.0,11.0,"[{""hasPlayed"": true, ""points"": 49}, {""hasPlayed"": true, ""points"": 27}, {""hasPlayed"": true, ""points"": 43}]",5,Dejan Ljubičić,-552322.0,-552322.0,-448056.0,-300843.0,-611305.0,-458940.0,6.5,1.6842105263157894,0.0,0.0,0.0,0.0,0.0,0.0,10.0062,0.0
3307,8,Janik,Bachmann,1853741.0,17.0,1.0,1.0,0.0,601.0,17.0,0,3,https://kickbase.b-cdn.net/content/file/428a68b3510c4b3ba91bef10ecd9fff2.png,14.0,2,9.0,9.0,"[{""hasPlayed"": true, ""points"": 17}, {""hasPlayed"": false, ""points"": null}, {""hasPlayed"": false, ""points"": null}]",5,Janik Bachmann,-208541.0,-208541.0,-136706.0,-9511.0,403987.0,-710176.0,0.0,1.6842105263157894,0.0,0.0,0.0,0.0,0.0,0.0,10.0062,0.0
4406,8,Éric,Dina Ebimbe,5137175.0,31.0,3.0,3.0,1.0,10996.0,94.0,0,3,https://kickbase.b-cdn.net/content/file/afbea634b0e842279a632beb83f7cfbd.png,29.0,1,18.0,51.0,"[{""hasPlayed"": true, ""points"": 84}, {""hasPlayed"": true, ""points"": 29}, {""hasPlayed"": true, ""points"": -19}]",2,Éric Dina Ebimbe,232444.0,232444.0,108934.0,42591.0,183981.0,-1090795.0,5.5,1.6842105263157894,1.0,0.0,0.0,1.0,0.0,1.0,10.0062,92.689011
4606,8,Hasan,Kuruçay,10296871.0,77.0,3.0,3.0,3.0,14615.0,231.0,0,2,https://kickbase.b-cdn.net/content/file/6448b21aef9940588bd94029c6f79831.png,4.0,1,22.0,46.0,"[{""hasPlayed"": true, ""points"": 100}, {""hasPlayed"": true, ""points"": 108}, {""hasPlayed"": true, ""points"": 23}]",1,Hasan Kuruçay,220546.0,220546.0,320873.0,271958.0,1568825.0,-2394647.0,6.6,1.6842105263157894,1.0,0.0,0.0,1.0,0.0,1.0,10.0062,111.226813
6172,8,Junior,Adamu,5321148.0,73.0,2.0,2.0,2.0,8629.0,145.0,0,4,https://kickbase.b-cdn.net/content/file/61eaae6121e34a598bac55925001ce96.png,20.0,1,27.0,64.0,"[{""hasPlayed"": true, ""points"": 121}, {""hasPlayed"": false, ""points"": null}, {""hasPlayed"": true, ""points"": 24}]",3,Junior Adamu,333860.0,333860.0,202936.0,113190.0,-433418.0,-2394150.0,6.1,1.6842105263157894,0.0,0.0,0.0,0.0,0.0,0.0,10.0062,0.0
7156,8,Maximilian,Wöber,2323322.0,41.0,3.0,3.0,0.0,4534.0,124.0,0,2,https://kickbase.b-cdn.net/content/file/aa8759270ae54b79851feea4f7769c01.png,39.0,1,53.0,120.0,"[{""hasPlayed"": true, ""points"": 163}, {""hasPlayed"": true, ""points"": 38}, {""hasPlayed"": true, ""points"": -77}]",5,Maximilian Wöber,324115.0,324115.0,218896.0,137168.0,321418.0,-2395310.0,6.8,1.6842105263157894,0.0,0.0,0.0,0.0,0.0,0.0,10.0062,0.0
7242,8,Robin,Gosens,8805182.0,86.0,3.0,3.0,2.0,10808.0,259.0,0,2,https://kickbase.b-cdn.net/content/file/aad327c722fd45e2a843dfbba1484126.png,8.0,1,29.0,97.0,"[{""hasPlayed"": true, ""points"": 186}, {""hasPlayed"": true, ""points"": 82}, {""hasPlayed"": true, ""points"": -9}]",1,Robin Gosens,337563.0,337563.0,305067.0,247470.0,1081557.0,-207431.0,7.0,1.6842105263157894,1.0,0.0,0.0,1.0,0.0,1.0,10.0062,117.967832
8222,8,Moussa,Sylla,8476971.0,23.0,2.0,2.0,2.0,11390.0,45.0,256,4,https://kickbase.b-cdn.net/content/file/9e29701cd06e47cb89a5e43674193068.png,9.0,1,5.0,13.0,"[{""hasPlayed"": false, ""points"": null}, {""hasPlayed"": true, ""points"": 24}, {""hasPlayed"": true, ""points"": 21}]",3,Moussa Sylla,52705.0,52705.0,40918.0,23567.0,148028.0,-544894.0,5.3,1.6842105263157894,1.0,0.0,0.0,0.85,0.15,0.97,10.0062,86.638946
8235,8,Adrian,Gantenbein,500000.0,,,,,,,0,2,https://kickbase.b-cdn.net/content/file/20ff107cb10149319ad76cc948de9e70.png,17.0,2,,0.0,"[{""hasPlayed"": false, ""points"": null}, {""hasPlayed"": false, ""points"": null}, {""hasPlayed"": false, ""points"": null}]",5,Adrian Gantenbein,0.0,0.0,0.0,-12311.0,-180873.0,0.0,0.0,1.6842105263157894,0.0,0.0,0.0,0.0,0.0,0.0,10.0062,0.0
8277,8,Vitalie,Becker,3676644.0,10.0,2.0,2.0,1.0,5471.0,20.0,0,2,https://kickbase.b-cdn.net/content/file/e467725d314c414688deb0c9754900e0.png,33.0,2,5.0,8.0,"[{""hasPlayed"": false, ""points"": null}, {""hasPlayed"": true, ""points"": 4}, {""hasPlayed"": true, ""points"": 16}]",5,Vitalie Becker,-134187.0,-134187.0,-137916.0,-128042.0,-800362.0,-4120857.0,5.0,1.6842105263157894,0.0,0.0,0.0,0.0,0.0,0.0,10.0062,0.0
10916,8,Mert Can,Ayhan,3348061.0,-7.0,2.0,2.0,0.0,2203.0,-13.0,0,2,https://kickbase.b-cdn.net/content/file/130406d171884bb486982e8fe381150c.png,43.0,2,,17.0,"[{""hasPlayed"": false, ""points"": null}, {""hasPlayed"": true, ""points"": 11}, {""hasPlayed"": true, ""points"": -24}]",4,Mert Can Ayhan,-143460.0,-143460.0,-143428.0,-137963.0,-906824.0,-6658773.0,5.3,1.6842105263157894,0.0,0.0,0.0,0.0,0.0,0.0,10.0062,0.0
11255,8,Nikola,Katic,11317486.0,124.0,3.0,3.0,3.0,16662.0,371.0,0,2,https://kickbase.b-cdn.net/content/file/74d1dd6590234bdb8e0d4bd266d6c531.png,25.0,1,32.0,66.0,"[{""hasPlayed"": true, ""points"": 197}, {""hasPlayed"": true, ""points"": 107}, {""hasPlayed"": true, ""points"": 67}]",1,Nikola Katic,243860.0,243860.0,226696.0,153665.0,799044.0,-2872662.0,7.0,1.6842105263157894,1.0,0.0,0.0,1.0,0.0,1.0,10.0062,117.967832
12158,8,Luca,Vozar,1041245.0,5.0,1.0,1.0,0.0,1178.0,5.0,0,3,https://kickbase.b-cdn.net/content/file/48805a793bcc4f09abdd1e903981c421.png,38.0,2,4.0,2.0,"[{""hasPlayed"": false, ""points"": null}, {""hasPlayed"": true, ""points"": 5}, {""hasPlayed"": false, ""points"": null}]",5,Luca Vozar,-132365.0,-132365.0,-143191.0,-145876.0,-916858.0,541245.0,0.0,1.6842105263157894,0.0,0.0,0.0,0.0,0.0,0.0,10.0062,0.0
12297,8,Satoshi,Tanaka,8278034.0,96.0,2.0,2.0,2.0,12066.0,192.0,0,3,https://kickbase.b-cdn.net/content/file/450d1dc6d03543289c75d4e5e117d7e1.png,13.0,1,23.0,55.0,"[{""hasPlayed"": true, ""points"": 98}, {""hasPlayed"": true, ""points"": 94}, {""hasPlayed"": false, ""points"": null}]",3,Satoshi Tanaka,353516.0,353516.0,343723.0,321431.0,2247685.0,1445486.0,6.3,1.6842105263157894,0.6896551724137931,0.0,0.0,0.0,0.0,0.5517241379310345,10.0062,58.57713
13431,8,Johannes Simon,Siebeking,500000.0,,,,,,,0,1,https://kickbase.b-cdn.net/content/file/c6ff39d185b14c30a66421c5c78c245e.png,36.0,0,,0.0,"[{""hasPlayed"": false, ""points"": null}, {""hasPlayed"": false, ""points"": null}, {""hasPlayed"": false, ""points"": null}]",5,Johannes Simon Siebeking,0.0,0.0,0.0,0.0,0.0,-2094034.0,0.0,1.4859649122807017,0.0,0.0,0.0,0.0,0.0,0.0,10.0062,0.0
13448,8,Adil,Aouchiche,11221625.0,103.0,3.0,3.0,3.0,16049.0,309.0,0,3,https://kickbase.b-cdn.net/content/file/8ac09c4f6e974d80a4bc1aff9ad6768d.png,24.0,1,27.0,71.0,"[{""hasPlayed"": true, ""points"": 182}, {""hasPlayed"": true, ""points"": 84}, {""hasPlayed"": true, ""points"": 43}]",1,Adil Aouchiche,217492.0,217492.0,192689.0,123377.0,25883.0,-3314860.0,6.8,1.6842105263157894,1.0,0.0,0.0,1.0,0.0,1.0,10.0062,114.597322
