id,teamId,firstName,lastName,marketValue,averagePoints,games,gamesPlayed,start11,totalPlaytimeS,totalPoints,status,position,playerImage,number,trend,pointsPerValue,pointsStdDev,history,startProbability,name,marketChangeToday,marketChange.today,marketChange.yesterday,marketChange.twoDays,marketChange.sevenDaysAvg,marketChange.thirtyDaysAvg,kickbase_percentile_rating,expected_match_points,ligainsider_starting_chance,kickbase_starting_chance,kicker_starting_chance,rotowire_starting_chance,questionable_injury_penalty,starting_chance,score_multiplier,score
173,2,Jonathan,Tah,28191298.0,150.0,3.0,3.0,2.0,12199.0,449.0,0,2,https://kickbase.b-cdn.net/content/file/cd9c5cb89a074d1ea56f7d952e5074e4.png,4.0,1,15.0,112.0,"[{""hasPlayed"": true, ""points"": 182}, {""hasPlayed"": false, ""points"": null}, {""hasPlayed"": true, ""points"": 232}, {""hasPlayed"": true, ""points"": 35}]",2,Jonathan Tah,24730.0,24730.0,19760.0,16190.0,-123551.0,-3591723.0,9.0,2.528384991843393,0.0,0.0,1.0,1.0,0.0,1.0,10.0062,227.695733
237,2,Manuel,Neuer,13037415.0,143.0,3.0,3.0,3.0,17273.0,428.0,0,1,https://kickbase.b-cdn.net/content/file/bf993bb6d6914136b11177795c5f77a9.png,1.0,1,32.0,80.0,"[{""hasPlayed"": true, ""points"": 186}, {""hasPlayed"": false, ""points"": null}, {""hasPlayed"": true, ""points"": 97}, {""hasPlayed"": true, ""points"": 145}]",2,Manuel Neuer,59979.0,59979.0,67334.0,65749.0,417514.0,-1724393.0,8.0,1.6056769983686787,0.0,0.0,1.0,1.0,0.0,1.0,10.0062,128.533801
383,2,Sven,Ulreich,500000.0,,,,,,,0,1,https://kickbase.b-cdn.net/content/file/0535504fe45c48b6a905e9a14da5851d.png,26.0,0,,0.0,"[{""hasPlayed"": false, ""points"": null}, {""hasPlayed"": false, ""points"": null}, {""hasPlayed"": false, ""points"": null}, {""hasPlayed"": false, ""points"": null}]",5,Sven Ulreich,0.0,0.0,0.0,0.0,0.0,0.0,0.0,1.6056769983686787,0.0,0.0,0.0,0.0,0.0,0.0,10.0062,0.0
1685,2,Joshua,Kimmich,59610126.0,216.0,4.0,4.0,3.0,19013.0,865.0,0,3,https://kickbase.b-cdn.net/content/file/b41a70e2188a4c72aa165cfc7606c3e9.png,6.0,1,14.0,90.0,"[{""hasPlayed"": true, ""points"": 216}, {""hasPlayed"": true, ""points"": 92}, {""hasPlayed"": true, ""points"": 254}, {""hasPlayed"": true, ""points"": 303}]",1,Joshua Kimmich,2882.0,2882.0,3883.0,2941.0,17053.0,-293334.0,9.2,2.528384991843393,0.0,0.0,1.0,1.0,0.0,1.0,10.0062,232.755638
1961,2,Serge,Gnabry,15169501.0,34.0,1.0,1.0,0.0,988.0,34.0,0,3,https://kickbase.b-cdn.net/content/file/0a28d7fc999e415eb4aba7e837b0384c.png,7.0,1,2.0,17.0,"[{""hasPlayed"": true, ""points"": 34}, {""hasPlayed"": false, ""points"": null}, {""hasPlayed"": false, ""points"": null}, {""hasPlayed"": false, ""points"": null}]",3,Serge Gnabry,38662.0,38662.0,41689.0,45507.0,341220.0,2770851.0,0.0,2.528384991843393,0.0,0.0,0.0,0.0,0.0,0.0,10.0062,0.0
1991,2,Dayot,Upamecano,29455732.0,178.0,4.0,4.0,4.0,20285.0,712.0,0,2,https://kickbase.b-cdn.net/content/file/13835e113e4f40d986f924b517690435.png,2.0,1,24.0,80.0,"[{""hasPlayed"": true, ""points"": 97}, {""hasPlayed"": true, ""points"": 126}, {""hasPlayed"": true, ""points"": 217}, {""hasPlayed"": true, ""points"": 272}]",2,Dayot Upamecano,27770.0,27770.0,19952.0,11051.0,-1133893.0,-4132740.0,8.6,2.528384991843393,0.0,0.0,1.0,1.0,0.0,1.0,10.0062,217.575923
2038,2,Konrad,Laimer,20785666.0,118.0,2.0,2.0,2.0,11508.0,236.0,0,2,https://kickbase.b-cdn.net/content/file/cb9d5de1bbd14bf0915f1ec819569c17.png,27.0,1,11.0,68.0,"[{""hasPlayed"": false, ""points"": null}, {""hasPlayed"": false, ""points"": null}, {""hasPlayed"": true, ""points"": 129}, {""hasPlayed"": true, ""points"": 107}]",3,Konrad Laimer,65661.0,65661.0,48098.0,37527.0,14586.0,-11309052.0,8.5,2.528384991843393,0.0,0.0,1.0,1.0,0.0,1.0,10.0062,215.04597
2300,2,Josip,Stanišić,13886425.0,106.0,3.0,3.0,2.0,12964.0,319.0,0,2,https://kickbase.b-cdn.net/content/file/e5f36d7812254f3cb4534802eb6cd7e9.png,44.0,2,22.0,71.0,"[{""hasPlayed"": true, ""points"": 158}, {""hasPlayed"": true, ""points"": 118}, {""hasPlayed"": false, ""points"": null}, {""hasPlayed"": true, ""points"": 43}]",3,Josip Stanišić,-101241.0,-101241.0,-157426.0,-215633.0,-2432184.0,-3936052.0,8.3,2.528384991843393,0.0,0.0,0.0,0.0,0.0,0.0,10.0062,0.0
2366,2,Alphonso,Davies,20023167.0,191.0,4.0,4.0,3.0,17085.0,763.0,0,2,https://kickbase.b-cdn.net/content/file/1321be6fb58f47b592a91f17f6b2bf68.png,19.0,1,38.0,97.0,"[{""hasPlayed"": true, ""points"": 320}, {""hasPlayed"": true, ""points"": 89}, {""hasPlayed"": true, ""points"": 201}, {""hasPlayed"": true, ""points"": 153}]",3,Alphonso Davies,148569.0,148569.0,171453.0,184782.0,1220910.0,5653383.0,9.1,2.528384991843393,0.0,0.0,1.0,1.0,0.0,1.0,10.0062,230.225686
2804,2,Jamal,Musiala,18553512.0,149.0,3.0,3.0,1.0,9727.0,446.0,4,3,https://kickbase.b-cdn.net/content/file/02ac203768a94e169fa6c6b87130a94e.png,10.0,2,24.0,150.0,"[{""hasPlayed"": true, ""points"": 333}, {""hasPlayed"": true, ""points"": 75}, {""hasPlayed"": true, ""points"": 38}, {""hasPlayed"": false, ""points"": null}]",5,Jamal Musiala,-292555.0,-292555.0,-476978.0,-490675.0,-3250807.0,-6011080.0,8.6,2.528384991843393,0.0,0.0,0.0,0.0,0.0,0.0,10.0062,0.0
3072,2,Jonas,Urbig,3509124.0,83.0,1.0,1.0,1.0,5901.0,83.0,0,1,https://kickbase.b-cdn.net/content/file/7305496deb014e31a4001d36894c457d.png,40.0,1,23.0,41.0,"[{""hasPlayed"": false, ""points"": null}, {""hasPlayed"": true, ""points"": 83}, {""hasPlayed"": false, ""points"": null}, {""hasPlayed"": false, ""points"": null}]",4,Jonas Urbig,40666.0,40666.0,314.0,-28195.0,-243354.0,-1251416.0,5.7,1.6056769983686787,0.0,0.0,0.0,0.0,0.0,0.0,10.0062,0.0
3089,2,Hiroki,Ito,1009728.0,,,,,,,0,2,https://kickbase.b-cdn.net/content/file/7d48858483334caca6c4315882270919.png,21.0,2,,0.0,"[{""hasPlayed"": false, ""points"": null}, {""hasPlayed"": false, ""points"": null}, {""hasPlayed"": false, ""points"": null}, {""hasPlayed"": false, ""points"": null}]",5,Hiroki Ito,-41304.0,-41304.0,-63097.0,-75355.0,-587475.0,-3090198.0,0.0,2.528384991843393,0.0,0.0,0.0,0.0,0.0,0.0,10.0062,0.0
3120,2,Tom,Bischof,16982451.0,99.0,4.0,4.0,1.0,7863.0,397.0,0,3,https://kickbase.b-cdn.net/content/file/9d622fb218a14c90ad0a75266080e027.png,8.0,1,23.0,74.0,"[{""hasPlayed"": true, ""points"": 201}, {""hasPlayed"": true, ""points"": 108}, {""hasPlayed"": true, ""points"": 48}, {""hasPlayed"": true, ""points"": 40}]",4,Tom Bischof,99775.0,99775.0,98112.0,85714.0,83867.0,-1293544.0,9.1,2.528384991843393,0.0,0.0,0.0,0.0,0.0,0.0,10.0062,0.0
3543,2,Nathaniel,Brown,14835957.0,61.0,4.0,4.0,3.0,11315.0,242.0,0,2,https://kickbase.b-cdn.net/content/file/4dd49322843644839bb43182b3a8b68b.png,11.0,2,16.0,20.0,"[{""hasPlayed"": true, ""points"": 32}, {""hasPlayed"": true, ""points"": 74}, {""hasPlayed"": true, ""points"": 76}, {""hasPlayed"": true, ""points"": 60}]",3,Nathaniel Brown,8358.0,8358.0,-125619.0,-204754.0,-1779197.0,-13385700.0,7.5,2.528384991843393,0.0,0.0,0.0,0.0,0.0,0.0,10.0062,0.0
6080,2,Aleksandar,Pavlović,35150149.0,210.0,4.0,4.0,4.0,19470.0,838.0,0,3,https://kickbase.b-cdn.net/content/file/958c27ad7cf943a8b9e380f72fdc5b4f.png,45.0,1,23.0,49.0,"[{""hasPlayed"": true, ""points"": 163}, {""hasPlayed"": true, ""points"": 249}, {""hasPlayed"": true, ""points"": 170}, {""hasPlayed"": true, ""points"": 256}]",2,Aleksandar Pavlović,49907.0,49907.0,46435.0,44878.0,343836.0,1605230.0,9.4,2.528384991843393,0.0,0.0,1.0,1.0,0.0,1.0,10.0062,237.815544
6668,2,Kim,Minjae,10234096.0,109.0,3.0,3.0,2.0,13885.0,327.0,0,2,https://kickbase.b-cdn.net/content/file/4df81f5e57ca4e278fb6bc229ed6e05d.png,3.0,1,31.0,57.0,"[{""hasPlayed"": true, ""points"": 88}, {""hasPlayed"": true, ""points"": 129}, {""hasPlayed"": false, ""points"": null}, {""hasPlayed"": true, ""points"": 110}]",4,Kim Minjae,156772.0,156772.0,209493.0,158583.0,758094.0,-2283814.0,8.5,2.528384991843393,0.0,0.0,0.0,0.0,0.0,0.0,10.0062,0.0
7226,2,Harry,Kane,64951828.0,174.0,4.0,4.0,3.0,18657.0,697.0,0,4,https://kickbase.b-cdn.net/content/file/8558eff47626439593b2acd71e400ab3.png,9.0,1,10.0,98.0,"[{""hasPlayed"": true, ""points"": 294}, {""hasPlayed"": true, ""points"": 209}, {""hasPlayed"": true, ""points"": 70}, {""hasPlayed"": true, ""points"": 124}]",1,Harry Kane,6042.0,6042.0,6011.0,6749.0,42406.0,-3593306.0,9.5,2.528384991843393,0.0,0.0,1.0,1.0,0.0,1.0,10.0062,240.345496
8329,2,Michael,Olise,64543804.0,317.0,4.0,4.0,3.0,19663.0,1269.0,0,3,https://kickbase.b-cdn.net/content/file/2d1bffc491014bb582c5d1c622b0ee37.png,17.0,1,19.0,236.0,"[{""hasPlayed"": true, ""points"": 663}, {""hasPlayed"": true, ""points"": 232}, {""hasPlayed"": true, ""points"": 125}, {""hasPlayed"": true, ""points"": 249}]",1,Michael Olise,15515.0,15515.0,15065.0,14542.0,90566.0,-503292.0,9.6,2.528384991843393,0.0,0.0,1.0,1.0,0.0,1.0,10.0062,242.875449
10789,2,Lennart,Karl,15031945.0,93.0,3.0,3.0,2.0,8373.0,280.0,0,3,https://kickbase.b-cdn.net/content/file/64b2f60104dd4a96af2c8b9d4af6f07d.png,42.0,1,18.0,83.0,"[{""hasPlayed"": false, ""points"": null}, {""hasPlayed"": true, ""points"": 186}, {""hasPlayed"": true, ""points"": 73}, {""hasPlayed"": true, ""points"": 21}]",3,Lennart Karl,76448.0,76448.0,49573.0,16279.0,-653315.0,-5681918.0,8.7,2.528384991843393,0.0,0.0,0.0,0.0,0.0,0.0,10.0062,0.0
11675,2,Luis,Díaz,46919809.0,134.0,4.0,4.0,3.0,17165.0,534.0,0,4,https://kickbase.b-cdn.net/content/file/43b93afe59614450a4de3fd8e08c486b.png,14.0,1,11.0,59.0,"[{""hasPlayed"": true, ""points"": 116}, {""hasPlayed"": true, ""points"": 74}, {""hasPlayed"": true, ""points"": 129}, {""hasPlayed"": true, ""points"": 215}]",1,Luis Díaz,37927.0,37927.0,33944.0,31592.0,202676.0,-6865105.0,7.8,2.528384991843393,0.0,0.0,1.0,1.0,0.0,1.0,10.0062,197.336302
12314,2,Bara Sapoko,Ndiaye,5785851.0,,,,,,,0,3,https://kickbase.b-cdn.net/content/file/68a7688ebea44fc49865d84afbf17a38.png,39.0,1,,0.0,"[{""hasPlayed"": false, ""points"": null}, {""hasPlayed"": false, ""points"": null}, {""hasPlayed"": false, ""points"": null}, {""hasPlayed"": false, ""points"": null}]",5,Bara Sapoko Ndiaye,88178.0,88178.0,150846.0,196008.0,1558689.0,4427539.0,0.0,2.528384991843393,0.0,0.0,0.0,0.0,0.0,0.0,10.0062,0.0
14251,2,Ismael,Saibari,27988512.0,145.0,4.0,4.0,2.0,11599.0,581.0,0,4,https://kickbase.b-cdn.net/content/file/a8113275ef93446185b8dd4966df1834.png,34.0,1,20.0,70.0,"[{""hasPlayed"": true, ""points"": 182}, {""hasPlayed"": true, ""points"": 180}, {""hasPlayed"": true, ""points"": 39}, {""hasPlayed"": true, ""points"": 180}]",3,Ismael Saibari,32911.0,32911.0,30993.0,30407.0,256029.0,-2434597.0,8.0,2.528384991843393,0.0,0.0,1.0,1.0,0.0,1.0,10.0062,202.396207
15502,2,Tim,Binder,500000.0,,,,,,,0,3,https://kickbase.b-cdn.net/content/file/bd4ad2cb101841eab3aa5641a51ee891.png,0.0,0,,0.0,"[{""hasPlayed"": false, ""points"": null}, {""hasPlayed"": false, ""points"": null}, {""hasPlayed"": false, ""points"": null}, {""hasPlayed"": false, ""points"": null}]",5,Tim Binder,0.0,0.0,0.0,0.0,0.0,-1369169.0,0.0,2.528384991843393,0.0,0.0,0.0,0.0,0.0,0.0,10.0062,0.0
1664,9,Maximilian,Mittelstädt,28340531.0,168.0,4.0,4.0,4.0,22206.0,673.0,0,2,https://kickbase.b-cdn.net/content/file/eb576d01f97f40aa86c36b009d8502ec.png,7.0,1,23.0,67.0,"[{""hasPlayed"": true, ""points"": 155}, {""hasPlayed"": true, ""points"": 226}, {""hasPlayed"": true, ""points"": 213}, {""hasPlayed"": true, ""points"": 79}]",1,Maximilian Mittelstädt,55837.0,55837.0,54829.0,53610.0,384308.0,1497933.0,8.4,2.034957897422812,0.0,0.0,1.0,1.0,0.0,1.0,10.0062,171.042444
1671,9,Grischa,Prömel,13611688.0,86.0,4.0,4.0,4.0,22567.0,342.0,0,3,https://kickbase.b-cdn.net/content/file/08b903ec758e4ca3be71c96efaf7d324.png,21.0,1,25.0,91.0,"[{""hasPlayed"": true, ""points"": 35}, {""hasPlayed"": true, ""points"": 49}, {""hasPlayed"": true, ""points"": 223}, {""hasPlayed"": true, ""points"": 35}]",1,Grischa Prömel,184357.0,184357.0,165212.0,132158.0,663660.0,-2322320.0,5.3,2.034957897422812,0.0,0.0,1.0,1.0,0.0,1.0,10.0062,107.919637
2068,9,Dan-Axel,Zagadou,4487522.0,,,,,,,2,2,https://kickbase.b-cdn.net/content/file/b356ec2b4bb34ae28c670dafbe1077c8.png,23.0,2,,0.0,"[{""hasPlayed"": false, ""points"": null}, {""hasPlayed"": false, ""points"": null}, {""hasPlayed"": false, ""points"": null}, {""hasPlayed"": false, ""points"": null}]",5,Dan-Axel Zagadou,-403403.0,-403403.0,-743918.0,-215209.0,-698099.0,3545003.0,0.0,2.034957897422812,0.0,0.0,0.0,0.0,0.0,0.0,10.0062,0.0
2120,9,Nikolas,Nartey,4104166.0,-9.0,1.0,1.0,0.0,617.0,-9.0,2,3,https://kickbase.b-cdn.net/content/file/2133891e0645414dbdd7c340023656af.png,28.0,2,,4.0,"[{""hasPlayed"": true, ""points"": -9}, {""hasPlayed"": false, ""points"": null}, {""hasPlayed"": false, ""points"": null}, {""hasPlayed"": false, ""points"": null}]",5,Nikolas Nartey,-108838.0,-108838.0,-115030.0,-72802.0,-653424.0,-196084.0,0.0,2.034957897422812,0.0,0.0,0.0,0.0,0.0,0.0,10.0062,0.0
2172,9,Chris,Führich,17156130.0,60.0,3.0,3.0,3.0,12361.0,181.0,0,3,https://kickbase.b-cdn.net/content/file/9a804bbfd5e14d84a33ca8e11ba3feb7.png,10.0,1,10.0,41.0,"[{""hasPlayed"": true, ""points"": 26}, {""hasPlayed"": true, ""points"": 59}, {""hasPlayed"": true, ""points"": 96}, {""hasPlayed"": false, ""points"": null}]",1,Chris Führich,179282.0,179282.0,186072.0,185105.0,1226895.0,-3643806.0,6.1,2.034957897422812,0.0,0.0,1.0,1.0,0.0,1.0,10.0062,124.209394
2199,9,Josha,Vagnoman,14203173.0,131.0,4.0,4.0,4.0,22295.0,524.0,0,2,https://kickbase.b-cdn.net/content/file/c0ddab007ad34b48b3efcfa3cb66ef4d.png,4.0,1,36.0,119.0,"[{""hasPlayed"": true, ""points"": 66}, {""hasPlayed"": true, ""points"": 75}, {""hasPlayed"": true, ""points"": 310}, {""hasPlayed"": true, ""points"": 73}]",2,Josha Vagnoman,74230.0,74230.0,80500.0,79584.0,651393.0,4533960.0,5.5,2.034957897422812,0.0,0.0,0.0,1.0,0.0,0.3333333333333333,10.0062,37.330692
2214,9,Atakan,Karazor,6373747.0,,,,,,,0,3,https://kickbase.b-cdn.net/content/file/219e2119996649e0846de7d6cd41906d.png,16.0,2,,0.0,"[{""hasPlayed"": false, ""points"": null}, {""hasPlayed"": false, ""points"": null}, {""hasPlayed"": false, ""points"": null}, {""hasPlayed"": false, ""points"": null}]",4,Atakan Karazor,-535710.0,-535710.0,-47672.0,98150.0,225287.0,2753082.0,0.0,2.034957897422812,0.0,0.0,0.0,0.0,0.0,0.0,10.0062,0.0
2237,9,Fabian,Bredlow,5855513.0,99.0,4.0,4.0,4.0,23185.0,396.0,0,1,https://kickbase.b-cdn.net/content/file/9c66b1c555ae45aea1e62e700f53f3e9.png,1.0,2,67.0,64.0,"[{""hasPlayed"": true, ""points"": 6}, {""hasPlayed"": true, ""points"": 128}, {""hasPlayed"": true, ""points"": 151}, {""hasPlayed"": true, ""points"": 111}]",5,Fabian Bredlow,-93449.0,-93449.0,-123821.0,-154430.0,-1358011.0,-6781382.0,6.0,1.5069915794845625,0.0,0.0,0.0,0.0,0.0,0.0,10.0062,0.0
2445,9,Marius,Funk,500000.0,,,,,,,0,1,https://kickbase.b-cdn.net/content/file/0e9c65b96cb040e5bd1a1d2127c167c9.png,33.0,0,,0.0,"[{""hasPlayed"": false, ""points"": null}, {""hasPlayed"": false, ""points"": null}, {""hasPlayed"": false, ""points"": null}, {""hasPlayed"": false, ""points"": null}]",5,Marius Funk,0.0,0.0,0.0,0.0,0.0,-1475537.0,0.0,1.5069915794845625,0.0,0.0,0.0,0.0,0.0,0.0,10.0062,0.0
2694,9,Angelo,Stiller,27182943.0,59.0,4.0,4.0,4.0,18574.0,234.0,0,3,https://kickbase.b-cdn.net/content/file/11b094668fbf453fa70c2bcce7ffa8e8.png,6.0,1,8.0,56.0,"[{""hasPlayed"": true, ""points"": 81}, {""hasPlayed"": true, ""points"": 1}, {""hasPlayed"": true, ""points"": 127}, {""hasPlayed"": true, ""points"": 25}]",1,Angelo Stiller,63545.0,63545.0,70958.0,77281.0,518783.0,-5605593.0,6.6,2.034957897422812,0.0,0.0,1.0,1.0,0.0,1.0,10.0062,134.390492
2854,9,Ermedin,Demirović,10976644.0,38.0,4.0,4.0,2.0,13313.0,152.0,0,4,https://kickbase.b-cdn.net/content/file/80dff151ca80494294c4872fe9d6d725.png,9.0,1,13.0,85.0,"[{""hasPlayed"": true, ""points"": -16}, {""hasPlayed"": true, ""points"": 7}, {""hasPlayed"": true, ""points"": 165}, {""hasPlayed"": true, ""points"": -4}]",3,Ermedin Demirović,139096.0,139096.0,108840.0,62048.0,-390254.0,-5204431.0,5.4,2.034957897422812,0.0,0.0,0.0,0.0,0.0,0.0,10.0062,0.0
2988,9,Jamie,Leweling,10505790.0,3.0,4.0,4.0,0.0,6096.0,12.0,0,3,https://kickbase.b-cdn.net/content/file/c9e7ad1b174e48d8aaf075b0bc0bb13d.png,18.0,1,1.0,13.0,"[{""hasPlayed"": true, ""points"": 4}, {""hasPlayed"": true, ""points"": -10}, {""hasPlayed"": true, ""points"": 21}, {""hasPlayed"": true, ""points"": -3}]",3,Jamie Leweling,108107.0,108107.0,117214.0,123833.0,715986.0,-9540365.0,5.6,2.034957897422812,0.0,0.0,1.0,0.0,0.0,0.6666666666666666,10.0062,76.018864
3190,9,Jeff,Chabot,18811271.0,89.0,4.0,4.0,4.0,21906.0,354.0,0,2,https://kickbase.b-cdn.net/content/file/ee6e1ec0b942485d99b3293e1c9d42f9.png,24.0,1,18.0,62.0,"[{""hasPlayed"": true, ""points"": 86}, {""hasPlayed"": true, ""points"": 81}, {""hasPlayed"": true, ""points"": 170}, {""hasPlayed"": true, ""points"": 17}]",1,Jeff Chabot,121213.0,121213.0,129117.0,135148.0,855208.0,-4095009.0,7.0,2.034957897422812,0.0,0.0,1.0,1.0,0.0,1.0,10.0062,142.53537
3193,9,,Tiago Tomás,5006088.0,35.0,1.0,1.0,1.0,3780.0,35.0,2,4,https://kickbase.b-cdn.net/content/file/bc4ccccad9f44c0fa4e3f4e7a406cb75.png,8.0,2,6.0,17.0,"[{""hasPlayed"": false, ""points"": null}, {""hasPlayed"": false, ""points"": null}, {""hasPlayed"": false, ""points"": null}, {""hasPlayed"": true, ""points"": 35}]",5,Tiago Tomás,-325247.0,-325247.0,-371104.0,-540243.0,-2689444.0,-2742407.0,0.0,2.034957897422812,0.0,0.0,0.0,0.0,0.0,0.0,10.0062,0.0
4296,9,Dzenan,Pejčinović,8575853.0,26.0,4.0,4.0,3.0,17305.0,103.0,0,4,https://kickbase.b-cdn.net/content/file/dce6b383ea96472faf6e2059c30593a9.png,17.0,1,12.0,41.0,"[{""hasPlayed"": true, ""points"": 1}, {""hasPlayed"": true, ""points"": 15}, {""hasPlayed"": true, ""points"": 93}, {""hasPlayed"": true, ""points"": -6}]",3,Dzenan Pejčinović,309035.0,309035.0,330622.0,326184.0,1925330.0,-2993857.0,4.7,2.034957897422812,0.0,0.0,0.0,1.0,0.0,0.3333333333333333,10.0062,31.900773
4589,9,Justin,Diehl,500000.0,,,,,,,1,4,https://kickbase.b-cdn.net/content/file/30199653f3bb49e4893c86fb81d21361.png,31.0,0,,0.0,"[{""hasPlayed"": false, ""points"": null}, {""hasPlayed"": false, ""points"": null}, {""hasPlayed"": false, ""points"": null}, {""hasPlayed"": false, ""points"": null}]",5,Justin Diehl,0.0,0.0,0.0,0.0,0.0,-135289.0,0.0,2.034957897422812,0.0,0.0,0.0,0.0,0.0,0.0,10.0062,0.0
6085,9,Dennis,Seimen,10658457.0,,,,,,,0,1,https://kickbase.b-cdn.net/content/file/6d05c64ea8014ede879dd27ed387ef4e.png,41.0,1,,0.0,"[{""hasPlayed"": false, ""points"": null}, {""hasPlayed"": false, ""points"": null}, {""hasPlayed"": false, ""points"": null}, {""hasPlayed"": false, ""points"": null}]",1,Dennis Seimen,44022.0,44022.0,67293.0,96373.0,1248978.0,4755684.0,0.0,1.5069915794845625,0.0,0.0,1.0,1.0,0.0,1.0,10.0062,0.0
7158,9,Deniz,Undav,28810545.0,5.0,4.0,4.0,3.0,14462.0,21.0,0,4,https://kickbase.b-cdn.net/content/file/09b0fa82db54498db93794d443c5dd46.png,26.0,1,0.0,39.0,"[{""hasPlayed"": true, ""points"": -15}, {""hasPlayed"": true, ""points"": -17}, {""hasPlayed"": true, ""points"": 64}, {""hasPlayed"": true, ""points"": -11}]",2,Deniz Undav,54356.0,54356.0,55843.0,54464.0,379702.0,-10589767.0,5.1,2.034957897422812,0.0,0.0,1.0,1.0,0.0,1.0,10.0062,103.847198
7257,9,Leonidas,Stergiou,500000.0,-8.0,1.0,1.0,0.0,1286.0,-8.0,0,2,https://kickbase.b-cdn.net/content/file/5969fcecc82d4c039732fa615901d1b2.png,20.0,0,,4.0,"[{""hasPlayed"": false, ""points"": null}, {""hasPlayed"": false, ""points"": null}, {""hasPlayed"": false, ""points"": null}, {""hasPlayed"": true, ""points"": -8}]",5,Leonidas Stergiou,0.0,0.0,0.0,0.0,0.0,-1395547.0,0.0,2.034957897422812,0.0,0.0,0.0,0.0,0.0,0.0,10.0062,0.0
7349,9,Finn,Jeltsch,14222862.0,74.0,4.0,4.0,4.0,23185.0,295.0,0,2,https://kickbase.b-cdn.net/content/file/256dbc8d5e474b4caea5b04904175a7d.png,29.0,1,20.0,77.0,"[{""hasPlayed"": true, ""points"": 24}, {""hasPlayed"": true, ""points"": 71}, {""hasPlayed"": true, ""points"": 184}, {""hasPlayed"": true, ""points"": 16}]",1,Finn Jeltsch,146005.0,146005.0,160527.0,146128.0,660763.0,-2171815.0,5.7,2.034957897422812,0.0,0.0,1.0,1.0,0.0,1.0,10.0062,116.064516
7781,9,Leo,Sauer,2625247.0,8.0,3.0,3.0,0.0,2502.0,24.0,0,3,https://kickbase.b-cdn.net/content/file/79854e5f8e024f4cac5b935b26f557ef.png,44.0,2,9.0,21.0,"[{""hasPlayed"": true, ""points"": -8}, {""hasPlayed"": true, ""points"": -6}, {""hasPlayed"": true, ""points"": 38}, {""hasPlayed"": false, ""points"": null}]",5,Leo Sauer,-44026.0,-44026.0,-77650.0,-100732.0,-705834.0,-955489.0,6.0,2.034957897422812,0.0,0.0,0.0,0.0,0.0,0.0,10.0062,0.0
8247,9,Ramon,Hendriks,3965561.0,18.0,3.0,3.0,2.0,11892.0,54.0,0,2,https://kickbase.b-cdn.net/content/file/105193e4d2f8459290802db43899091e.png,3.0,1,13.0,41.0,"[{""hasPlayed"": false, ""points"": null}, {""hasPlayed"": true, ""points"": 59}, {""hasPlayed"": true, ""points"": -37}, {""hasPlayed"": true, ""points"": 32}]",3,Ramon Hendriks,59643.0,59643.0,6507.0,-35774.0,-203612.0,-5149436.0,0.0,2.034957897422812,0.0,0.0,0.0,0.0,0.0,0.0,10.0062,0.0
9615,9,Ameen,Al Dakhil,3829242.0,,,,,,,1,2,https://kickbase.b-cdn.net/content/file/4aee2e4168564f5e94d30aa4876c1170.png,2.0,2,,0.0,"[{""hasPlayed"": false, ""points"": null}, {""hasPlayed"": false, ""points"": null}, {""hasPlayed"": false, ""points"": null}, {""hasPlayed"": false, ""points"": null}]",5,Ameen Al Dakhil,-127573.0,-127573.0,-157319.0,-220082.0,-2304762.0,2904178.0,0.0,2.034957897422812,0.0,0.0,0.0,0.0,0.0,0.0,10.0062,0.0
10112,9,Luca,Jaquez,5504931.0,,,,,,,0,2,https://kickbase.b-cdn.net/content/file/723a3008f59f42d2bc35e506cca0cae0.png,14.0,1,,0.0,"[{""hasPlayed"": false, ""points"": null}, {""hasPlayed"": false, ""points"": null}, {""hasPlayed"": false, ""points"": null}, {""hasPlayed"": false, ""points"": null}]",5,Luca Jaquez,206090.0,206090.0,247603.0,294552.0,1956725.0,3694226.0,0.0,2.034957897422812,0.0,0.0,0.0,0.0,0.0,0.0,10.0062,0.0
11043,9,Lorenz,Assignon,4351483.0,,,,,,,0,2,https://kickbase.b-cdn.net/content/file/9a09f4c605aa4708839026cfa823e807.png,22.0,2,,0.0,"[{""hasPlayed"": false, ""points"": null}, {""hasPlayed"": false, ""points"": null}, {""hasPlayed"": false, ""points"": null}, {""hasPlayed"": false, ""points"": null}]",5,Lorenz Assignon,-827085.0,-827085.0,-668950.0,-180494.0,-1112992.0,1427198.0,0.0,2.034957897422812,0.0,0.0,1.0,0.0,0.0,0.6666666666666666,10.0062,0.0
11955,9,Bilal,El Khannouss,13460513.0,56.0,4.0,4.0,2.0,12882.0,224.0,0,3,https://kickbase.b-cdn.net/content/file/5647309665b04428a87e221756ac45de.png,11.0,1,16.0,122.0,"[{""hasPlayed"": true, ""points"": 35}, {""hasPlayed"": true, ""points"": 20}, {""hasPlayed"": true, ""points"": 229}, {""hasPlayed"": true, ""points"": -60}]",3,Bilal El Khannouss,163528.0,163528.0,153808.0,128678.0,196190.0,-5295742.0,5.3,2.034957897422812,0.0,0.0,1.0,1.0,0.0,1.0,10.0062,107.919637
12367,9,Yanik,Spalt,613931.0,20.0,2.0,2.0,0.0,4173.0,39.0,0,3,https://kickbase.b-cdn.net/content/file/4369628365234b989d2c7b1750ba118a.png,47.0,1,63.0,11.0,"[{""hasPlayed"": false, ""points"": null}, {""hasPlayed"": true, ""points"": 20}, {""hasPlayed"": true, ""points"": 19}, {""hasPlayed"": false, ""points"": null}]",5,Yanik Spalt,113888.0,113888.0,43.0,0.0,113931.0,113931.0,0.0,2.034957897422812,0.0,0.0,0.0,0.0,0.0,0.0,10.0062,0.0
859,77,Jan,Gyamerah,3806669.0,55.0,4.0,4.0,4.0,18967.0,220.0,2,2,https://kickbase.b-cdn.net/content/file/605c8e04a1e448d28636a175391a6394.png,30.0,2,57.0,22.0,"[{""hasPlayed"": true, ""points"": 48}, {""hasPlayed"": true, ""points"": 28}, {""hasPlayed"": true, ""points"": 81}, {""hasPlayed"": true, ""points"": 63}]",3,Jan Gyamerah,-54105.0,-54105.0,-75082.0,-97533.0,-680298.0,-2303887.0,5.5,1.3197651663405086,0.0,0.0,1.0,0.85,0.15,0.9500000000000001,10.0062,69.000484
1745,77,Amara,Condé,500000.0,-1.0,2.0,2.0,0.0,1706.0,-2.0,0,3,https://kickbase.b-cdn.net/content/file/f4a59adaeaa34d489c40d0fc80a957a6.png,6.0,0,,12.0,"[{""hasPlayed"": false, ""points"": null}, {""hasPlayed"": true, ""points"": -16}, {""hasPlayed"": true, ""points"": 14}, {""hasPlayed"": false, ""points"": null}]",5,Amara Condé,0.0,0.0,0.0,0.0,0.0,-948261.0,3.9,1.3197651663405086,0.0,0.0,0.0,0.0,0.0,0.0,10.0062,0.0
2495,77,Tim,Boss,500000.0,,,,,,,0,1,https://kickbase.b-cdn.net/content/file/56d626009997411d96ea41f2355a4a62.png,28.0,0,,0.0,"[{""hasPlayed"": false, ""points"": null}, {""hasPlayed"": false, ""points"": null}, {""hasPlayed"": false, ""points"": null}, {""hasPlayed"": false, ""points"": null}]",5,Tim Boss,0.0,0.0,0.0,0.0,0.0,-1182615.0,0.0,1.3639530332681018,0.0,0.0,0.0,0.0,0.0,0.0,10.0062,0.0
2928,77,Lukas Emanuel,Petkov,10285825.0,113.0,4.0,4.0,4.0,22599.0,453.0,0,3,https://kickbase.b-cdn.net/content/file/128565baaabc492cb4552221f5309f70.png,25.0,1,44.0,84.0,"[{""hasPlayed"": true, ""points"": 96}, {""hasPlayed"": true, ""points"": 33}, {""hasPlayed"": true, ""points"": 91}, {""hasPlayed"": true, ""points"": 233}]",1,Lukas Emanuel Petkov,153086.0,153086.0,207318.0,169618.0,673535.0,-1350812.0,6.2,1.3197651663405086,0.0,0.0,1.0,1.0,0.0,1.0,10.0062,81.876172
3026,77,Lasse,Günther,6638766.0,49.0,4.0,4.0,4.0,20980.0,197.0,0,2,https://kickbase.b-cdn.net/content/file/efd54edaa770405ba5107ab4d8e895ec.png,21.0,1,29.0,24.0,"[{""hasPlayed"": true, ""points"": 54}, {""hasPlayed"": true, ""points"": 15}, {""hasPlayed"": true, ""points"": 54}, {""hasPlayed"": true, ""points"": 74}]",1,Lasse Günther,326662.0,326662.0,350615.0,346003.0,1989865.0,-1744976.0,4.8,1.3197651663405086,0.0,0.0,1.0,1.0,0.0,1.0,10.0062,63.388004
3232,77,Luca,Pfeiffer,500000.0,,,,,,,0,4,https://kickbase.b-cdn.net/content/file/31027969e84a49f6955ebbed0c02920c.png,16.0,0,,0.0,"[{""hasPlayed"": false, ""points"": null}, {""hasPlayed"": false, ""points"": null}, {""hasPlayed"": false, ""points"": null}, {""hasPlayed"": false, ""points"": null}]",5,Luca Pfeiffer,0.0,0.0,0.0,0.0,0.0,-1130777.0,0.0,1.3197651663405086,0.0,0.0,0.0,0.0,0.0,0.0,10.0062,0.0
3284,77,Maximilian,Rohr,12574222.0,116.0,4.0,4.0,4.0,22372.0,462.0,0,2,https://kickbase.b-cdn.net/content/file/42996bfe19eb43e8ab7a10cabb206982.png,31.0,1,36.0,26.0,"[{""hasPlayed"": true, ""points"": 151}, {""hasPlayed"": true, ""points"": 109}, {""hasPlayed"": true, ""points"": 115}, {""hasPlayed"": true, ""points"": 87}]",1,Maximilian Rohr,97839.0,97839.0,114018.0,122522.0,815241.0,2258577.0,7.3,1.3197651663405086,0.0,0.0,1.0,1.0,0.0,1.0,10.0062,96.40259
3350,77,Felix,Keidel,8547641.0,93.0,4.0,4.0,4.0,22004.0,373.0,0,2,https://kickbase.b-cdn.net/content/file/d6f20538ad104c5cb3d4ba7d427f874d.png,43.0,2,43.0,65.0,"[{""hasPlayed"": true, ""points"": 93}, {""hasPlayed"": true, ""points"": 30}, {""hasPlayed"": true, ""points"": 184}, {""hasPlayed"": true, ""points"": 66}]",1,Felix Keidel,30836.0,30836.0,5576.0,-45167.0,-716121.0,-262197.0,6.8,1.3197651663405086,0.0,0.0,1.0,1.0,0.0,1.0,10.0062,89.799673
6148,77,Lukas,Pinckert,12728910.0,129.0,4.0,4.0,4.0,23227.0,516.0,0,2,https://kickbase.b-cdn.net/content/file/4f8f4bead9d74021b33b2641418a1631.png,19.0,1,40.0,46.0,"[{""hasPlayed"": true, ""points"": 173}, {""hasPlayed"": true, ""points"": 71}, {""hasPlayed"": true, ""points"": 160}, {""hasPlayed"": true, ""points"": 112}]",1,Lukas Pinckert,40069.0,40069.0,32149.0,57640.0,514879.0,2517726.0,7.5,1.3197651663405086,0.0,0.0,1.0,0.85,0.15,0.9500000000000001,10.0062,94.091569
6149,77,Frank,Lehmann,500000.0,,,,,,,0,1,https://kickbase.b-cdn.net/content/file/d396d4eb04c8406a99e09a3ad8cbd7d5.png,1.0,0,,0.0,"[{""hasPlayed"": false, ""points"": null}, {""hasPlayed"": false, ""points"": null}, {""hasPlayed"": false, ""points"": null}, {""hasPlayed"": false, ""points"": null}]",5,Frank Lehmann,0.0,0.0,0.0,0.0,0.0,0.0,0.0,1.3639530332681018,0.0,0.0,0.0,0.0,0.0,0.0,10.0062,0.0
6158,77,Luca,Schnellbacher,500000.0,6.0,2.0,2.0,0.0,1901.0,12.0,0,4,https://kickbase.b-cdn.net/content/file/082f309a17cb4c1b99372df2de90cc87.png,24.0,0,24.0,8.0,"[{""hasPlayed"": false, ""points"": null}, {""hasPlayed"": true, ""points"": -3}, {""hasPlayed"": false, ""points"": null}, {""hasPlayed"": true, ""points"": 15}]",5,Luca Schnellbacher,0.0,0.0,0.0,0.0,-340232.0,-3514351.0,6.4,1.3197651663405086,0.0,0.0,0.0,0.0,0.0,0.0,10.0062,0.0
6160,77,Nicolas,Kristof,10156094.0,98.0,4.0,4.0,4.0,23227.0,393.0,0,1,https://kickbase.b-cdn.net/content/file/e88c0be37ac84419974461264ed59e68.png,20.0,1,38.0,10.0,"[{""hasPlayed"": true, ""points"": 105}, {""hasPlayed"": true, ""points"": 100}, {""hasPlayed"": true, ""points"": 105}, {""hasPlayed"": true, ""points"": 83}]",1,Nicolas Kristof,72086.0,72086.0,84713.0,51054.0,-596765.0,-1845143.0,6.4,1.3639530332681018,0.0,0.0,1.0,1.0,0.0,1.0,10.0062,87.347116
6183,77,Noel,Futkeu,3462289.0,38.0,3.0,3.0,0.0,3487.0,115.0,0,4,https://kickbase.b-cdn.net/content/file/dfbdf3f14b144658845ce17d14108e74.png,9.0,1,33.0,62.0,"[{""hasPlayed"": true, ""points"": 2}, {""hasPlayed"": true, ""points"": -9}, {""hasPlayed"": true, ""points"": 122}, {""hasPlayed"": false, ""points"": null}]",3,Noel Futkeu,81398.0,81398.0,9626.0,-41184.0,-339032.0,-3363335.0,6.3,1.3197651663405086,0.0,0.0,0.0,0.0,0.0,0.0,10.0062,0.0
7278,77,Lukasz,Poreba,7081780.0,81.0,4.0,4.0,4.0,23227.0,325.0,0,3,https://kickbase.b-cdn.net/content/file/e041a72fb7e245b5935420398b495e80.png,8.0,1,45.0,27.0,"[{""hasPlayed"": true, ""points"": 97}, {""hasPlayed"": true, ""points"": 46}, {""hasPlayed"": true, ""points"": 107}, {""hasPlayed"": true, ""points"": 75}]",1,Lukasz Poreba,223317.0,223317.0,166611.0,92949.0,242555.0,-1390709.0,6.3,1.3197651663405086,0.0,0.0,1.0,1.0,0.0,1.0,10.0062,83.196756
7441,77,Cole,Campbell,9309694.0,69.0,4.0,4.0,4.0,16220.0,275.0,0,3,https://kickbase.b-cdn.net/content/file/669458754d454557bed29bb138f25294.png,39.0,1,29.0,70.0,"[{""hasPlayed"": true, ""points"": 112}, {""hasPlayed"": true, ""points"": -5}, {""hasPlayed"": true, ""points"": 24}, {""hasPlayed"": true, ""points"": 144}]",2,Cole Campbell,287705.0,287705.0,327596.0,337798.0,2299551.0,-921153.0,6.4,1.3197651663405086,0.0,0.0,0.0,1.0,0.0,0.3333333333333333,10.0062,28.172446
7463,77,Francis,Onyeka,7763318.0,48.0,4.0,4.0,3.0,9566.0,191.0,2,3,https://kickbase.b-cdn.net/content/file/1a2f3b7f876a41d09094a01b0c8e60e6.png,40.0,1,24.0,74.0,"[{""hasPlayed"": true, ""points"": 1}, {""hasPlayed"": true, ""points"": -25}, {""hasPlayed"": true, ""points"": 76}, {""hasPlayed"": true, ""points"": 139}]",5,Francis Onyeka,291328.0,291328.0,363369.0,376577.0,2105033.0,-2553736.0,6.3,1.3197651663405086,0.0,0.0,0.0,0.0,0.0,0.0,10.0062,0.0
7514,77,Florian,Le Joncour,500000.0,20.0,1.0,1.0,0.0,855.0,20.0,0,2,https://kickbase.b-cdn.net/content/file/bd59eb88ca624feda29aaaea681b7e05.png,3.0,0,40.0,10.0,"[{""hasPlayed"": false, ""points"": null}, {""hasPlayed"": false, ""points"": null}, {""hasPlayed"": false, ""points"": null}, {""hasPlayed"": true, ""points"": 20}]",5,Florian Le Joncour,0.0,0.0,0.0,0.0,0.0,-1123889.0,0.0,1.3197651663405086,0.0,0.0,0.0,0.0,0.0,0.0,10.0062,0.0
8252,77,Maurice,Krattenmacher,7330858.0,100.0,4.0,4.0,0.0,9559.0,401.0,0,3,https://kickbase.b-cdn.net/content/file/9ba6541c944d41ee80df738763e91701.png,7.0,2,54.0,123.0,"[{""hasPlayed"": true, ""points"": 12}, {""hasPlayed"": true, ""points"": 101}, {""hasPlayed"": true, ""points"": 275}, {""hasPlayed"": true, ""points"": 13}]",3,Maurice Krattenmacher,-102725.0,-102725.0,-160991.0,-207923.0,-1670323.0,4483823.0,7.6,1.3197651663405086,0.0,0.0,1.0,0.0,0.0,0.6666666666666666,10.0062,66.90956
8296,77,Frederik,Schmahl,500000.0,,,,,,,0,3,https://kickbase.b-cdn.net/content/file/4fee028433d344a29b6c94e9ee65fa19.png,17.0,0,,0.0,"[{""hasPlayed"": false, ""points"": null}, {""hasPlayed"": false, ""points"": null}, {""hasPlayed"": false, ""points"": null}, {""hasPlayed"": false, ""points"": null}]",5,Frederik Schmahl,0.0,0.0,0.0,0.0,0.0,-2067702.0,0.0,1.3197651663405086,0.0,0.0,0.0,0.0,0.0,0.0,10.0062,0.0
8301,77,Luca,Sirch,2448342.0,30.0,3.0,3.0,0.0,4259.0,91.0,0,2,https://kickbase.b-cdn.net/content/file/90e50e09e0d6425aa1c094d337ea2d95.png,26.0,1,37.0,24.0,"[{""hasPlayed"": true, ""points"": 56}, {""hasPlayed"": false, ""points"": null}, {""hasPlayed"": true, ""points"": 25}, {""hasPlayed"": true, ""points"": 10}]",3,Luca Sirch,391572.0,391572.0,345613.0,312044.0,1740544.0,-446799.0,6.7,1.3197651663405086,0.0,0.0,0.0,0.0,0.0,0.0,10.0062,0.0
9224,77,Tom,Zimmerschied,6467606.0,,,,,,,0,3,https://kickbase.b-cdn.net/content/file/9f0800bc0d18427ebfd3b4a9089dd165.png,29.0,1,,0.0,"[{""hasPlayed"": false, ""points"": null}, {""hasPlayed"": false, ""points"": null}, {""hasPlayed"": false, ""points"": null}, {""hasPlayed"": false, ""points"": null}]",4,Tom Zimmerschied,190975.0,190975.0,225311.0,235493.0,1792739.0,4774522.0,0.0,1.3197651663405086,0.0,0.0,0.0,0.0,0.0,0.0,10.0062,0.0
9384,77,Noah,Darvich,4165555.0,24.0,3.0,3.0,1.0,9930.0,71.0,0,3,https://kickbase.b-cdn.net/content/file/a152e089e0e747c58731e76c4f5b58e2.png,10.0,2,17.0,14.0,"[{""hasPlayed"": true, ""points"": 30}, {""hasPlayed"": true, ""points"": 29}, {""hasPlayed"": false, ""points"": null}, {""hasPlayed"": true, ""points"": 12}]",3,Noah Darvich,-78887.0,-78887.0,-112767.0,-116895.0,-1430144.0,-308658.0,5.4,1.3197651663405086,0.0,0.0,1.0,1.0,0.0,1.0,10.0062,71.311505
9995,77,David,Mokwa,6514866.0,84.0,4.0,4.0,4.0,19234.0,337.0,2,4,https://kickbase.b-cdn.net/content/file/f876a96f8bbc45c9801216e1a536b532.png,42.0,2,51.0,75.0,"[{""hasPlayed"": true, ""points"": 34}, {""hasPlayed"": true, ""points"": 5}, {""hasPlayed"": true, ""points"": 150}, {""hasPlayed"": true, ""points"": 148}]",3,David Mokwa,-224344.0,-224344.0,-237662.0,-178924.0,-1146728.0,92197.0,6.1,1.3197651663405086,0.0,0.0,1.0,0.85,0.15,0.9500000000000001,10.0062,76.527809
11253,77,Nicholas,Mickelson,956914.0,39.0,2.0,2.0,0.0,2245.0,78.0,0,2,https://kickbase.b-cdn.net/content/file/f16357c0983747ef91bacb8d05cc8499.png,2.0,1,81.0,27.0,"[{""hasPlayed"": true, ""points"": 20}, {""hasPlayed"": false, ""points"": null}, {""hasPlayed"": true, ""points"": 58}, {""hasPlayed"": false, ""points"": null}]",5,Nicholas Mickelson,294683.0,294683.0,152002.0,10229.0,456914.0,-2416204.0,7.6,1.3197651663405086,0.0,0.0,0.0,0.0,0.0,0.0,10.0062,0.0
12317,77,Raif,Adam,500000.0,,,,,,,0,4,https://kickbase.b-cdn.net/content/file/47b81129a6b9411b92255354f3e36834.png,15.0,0,,0.0,"[{""hasPlayed"": false, ""points"": null}, {""hasPlayed"": false, ""points"": null}, {""hasPlayed"": false, ""points"": null}, {""hasPlayed"": false, ""points"": null}]",5,Raif Adam,0.0,0.0,0.0,0.0,0.0,-2392353.0,0.0,1.3197651663405086,0.0,0.0,0.0,0.0,0.0,0.0,10.0062,0.0
4,7,Janis,Blaswich,500000.0,,,,,,,0,1,https://kickbase.b-cdn.net/content/file/d17035064d4a480484cb35d2dab54e46.png,28.0,0,,0.0,"[{""hasPlayed"": false, ""points"": null}, {""hasPlayed"": false, ""points"": null}, {""hasPlayed"": false, ""points"": null}, {""hasPlayed"": false, ""points"": null}]",5,Janis Blaswich,0.0,0.0,0.0,0.0,0.0,-1486201.0,0.0,1.41487159831353,0.0,0.0,0.0,0.0,0.0,0.0,10.0062,0.0
72,7,Mark,Flekken,11757991.0,95.0,4.0,4.0,4.0,23217.0,379.0,0,1,https://kickbase.b-cdn.net/content/file/98ea8901b970421b88f6a41a3137142f.png,1.0,1,32.0,44.0,"[{""hasPlayed"": true, ""points"": 144}, {""hasPlayed"": true, ""points"": 70}, {""hasPlayed"": true, ""points"": 118}, {""hasPlayed"": true, ""points"": 47}]",1,Mark Flekken,60922.0,60922.0,53469.0,36833.0,-204782.0,-2121899.0,7.3,1.41487159831353,0.0,0.0,1.0,1.0,0.0,1.0,10.0062,103.349664
78,7,Jonas,Hofmann,1470737.0,43.0,1.0,1.0,0.0,1881.0,43.0,0,3,https://kickbase.b-cdn.net/content/file/328114051c1e42df84e2a6ac3e93cf42.png,7.0,2,29.0,21.0,"[{""hasPlayed"": false, ""points"": null}, {""hasPlayed"": false, ""points"": null}, {""hasPlayed"": false, ""points"": null}, {""hasPlayed"": true, ""points"": 43}]",5,Jonas Hofmann,-113717.0,-113717.0,-117199.0,-120076.0,-838487.0,-2571826.0,0.0,1.5743579915676504,0.0,0.0,0.0,0.0,0.0,0.0,10.0062,0.0
663,7,Robert,Andrich,5630505.0,30.0,2.0,2.0,0.0,2682.0,59.0,0,2,https://kickbase.b-cdn.net/content/file/0cdcdb27004443c09d112462f32ace2c.png,8.0,1,10.0,18.0,"[{""hasPlayed"": true, ""points"": 21}, {""hasPlayed"": false, ""points"": null}, {""hasPlayed"": true, ""points"": 38}, {""hasPlayed"": false, ""points"": null}]",4,Robert Andrich,235333.0,235333.0,266338.0,301336.0,1770538.0,1548628.0,7.4,1.5743579915676504,0.0,0.0,0.0,0.0,0.0,0.0,10.0062,0.0
2661,7,Moussa,Diaby,22794346.0,84.0,3.0,3.0,2.0,12964.0,252.0,0,4,https://kickbase.b-cdn.net/content/file/62cedf2a843f49b496969fb2c21fc150.png,19.0,1,11.0,39.0,"[{""hasPlayed"": true, ""points"": 79}, {""hasPlayed"": true, ""points"": 126}, {""hasPlayed"": true, ""points"": 47}, {""hasPlayed"": false, ""points"": null}]",1,Moussa Diaby,24824.0,24824.0,18490.0,20215.0,208209.0,-2705283.0,6.8,1.5743579915676504,0.0,0.0,1.0,1.0,0.0,1.0,10.0062,107.122718
2746,7,Patrik,Schick,29597582.0,166.0,4.0,4.0,3.0,16785.0,665.0,0,4,https://kickbase.b-cdn.net/content/file/9f0daa3f23514ac7a72c46ba81396a95.png,14.0,1,22.0,51.0,"[{""hasPlayed"": true, ""points"": 157}, {""hasPlayed"": true, ""points"": 131}, {""hasPlayed"": true, ""points"": 242}, {""hasPlayed"": true, ""points"": 135}]",1,Patrik Schick,39503.0,39503.0,36174.0,33787.0,238858.0,-371890.0,8.8,1.5743579915676504,0.0,0.0,1.0,1.0,0.0,1.0,10.0062,138.6294
2783,7,Edmond,Tapsoba,25931843.0,102.0,4.0,4.0,4.0,23217.0,408.0,0,2,https://kickbase.b-cdn.net/content/file/21031db97a054165806a98d2f0c0d73b.png,12.0,1,15.0,90.0,"[{""hasPlayed"": true, ""points"": 119}, {""hasPlayed"": true, ""points"": 188}, {""hasPlayed"": true, ""points"": 127}, {""hasPlayed"": true, ""points"": -26}]",1,Edmond Tapsoba,16057.0,16057.0,15153.0,12256.0,118566.0,-1647355.0,7.5,1.5743579915676504,0.0,0.0,1.0,1.0,0.0,1.0,10.0062,118.150057
2846,7,Malik,Tillman,5122501.0,77.0,3.0,3.0,2.0,9316.0,230.0,0,3,https://kickbase.b-cdn.net/content/file/04966a0af0e2477db734c91fdd98d4e1.png,10.0,2,44.0,41.0,"[{""hasPlayed"": false, ""points"": null}, {""hasPlayed"": true, ""points"": 58}, {""hasPlayed"": true, ""points"": 98}, {""hasPlayed"": true, ""points"": 74}]",3,Malik Tillman,19302.0,19302.0,-151305.0,-188067.0,-1353428.0,-10004817.0,7.9,1.5743579915676504,0.0,0.0,0.0,0.0,0.0,0.0,10.0062,0.0
3754,7,Lucas,Vázquez,1939522.0,14.0,4.0,4.0,1.0,4960.0,57.0,0,2,https://kickbase.b-cdn.net/content/file/1636c5905fe44210aa3526352673cb13.png,17.0,2,29.0,14.0,"[{""hasPlayed"": true, ""points"": 18}, {""hasPlayed"": true, ""points"": 17}, {""hasPlayed"": true, ""points"": 28}, {""hasPlayed"": true, ""points"": -6}]",5,Lucas Vázquez,-95120.0,-95120.0,-109277.0,-111997.0,-793195.0,-4802893.0,6.8,1.5743579915676504,0.0,0.0,0.0,0.0,0.0,0.0,10.0062,0.0
3759,7,Miguel,Gutiérrez,25809427.0,200.0,4.0,4.0,4.0,22584.0,801.0,0,2,https://kickbase.b-cdn.net/content/file/e1b364b32dcc44539649cf1c88d0eba9.png,3.0,1,31.0,109.0,"[{""hasPlayed"": true, ""points"": 309}, {""hasPlayed"": true, ""points"": 95}, {""hasPlayed"": true, ""points"": 280}, {""hasPlayed"": true, ""points"": 117}]",1,Miguel Gutiérrez,70228.0,70228.0,67323.0,64765.0,474355.0,3352899.0,8.6,1.5743579915676504,0.0,0.0,1.0,1.0,0.0,1.0,10.0062,135.478732
4199,7,Aleix,García,37900762.0,154.0,4.0,4.0,4.0,23217.0,617.0,0,3,https://kickbase.b-cdn.net/content/file/3de0ab19c54f4523a5bf21f686259db0.png,24.0,1,16.0,55.0,"[{""hasPlayed"": true, ""points"": 137}, {""hasPlayed"": true, ""points"": 151}, {""hasPlayed"": true, ""points"": 231}, {""hasPlayed"": true, ""points"": 98}]",1,Aleix García,16806.0,16806.0,15304.0,17977.0,99381.0,-859446.0,8.7,1.5743579915676504,0.0,0.0,1.0,1.0,0.0,1.0,10.0062,137.054066
4318,7,Tim,Oermann,500000.0,,,,,,,0,2,https://kickbase.b-cdn.net/content/file/b9857e88faaf4de1a3450f6301c5448e.png,15.0,0,,0.0,"[{""hasPlayed"": false, ""points"": null}, {""hasPlayed"": false, ""points"": null}, {""hasPlayed"": false, ""points"": null}, {""hasPlayed"": false, ""points"": null}]",5,Tim Oermann,0.0,0.0,0.0,0.0,0.0,-2314600.0,0.0,1.5743579915676504,0.0,0.0,0.0,0.0,0.0,0.0,10.0062,0.0
4563,7,Loïc,Badé,2971493.0,35.0,2.0,2.0,1.0,4765.0,70.0,0,2,https://kickbase.b-cdn.net/content/file/80f11505e8d445ae827aefe485b1c4c7.png,5.0,2,23.0,20.0,"[{""hasPlayed"": false, ""points"": null}, {""hasPlayed"": false, ""points"": null}, {""hasPlayed"": true, ""points"": 40}, {""hasPlayed"": true, ""points"": 30}]",5,Loïc Badé,-81122.0,-81122.0,-91047.0,-101757.0,-738777.0,-7382111.0,7.9,1.5743579915676504,0.0,0.0,0.0,0.0,0.0,0.0,10.0062,0.0
6061,7,Ibrahim,Maza,30847516.0,173.0,4.0,4.0,4.0,23217.0,691.0,2,3,https://kickbase.b-cdn.net/content/file/7ff9728d20544b96a1fe698af86f9f2f.png,30.0,1,22.0,110.0,"[{""hasPlayed"": true, ""points"": 194}, {""hasPlayed"": true, ""points"": 71}, {""hasPlayed"": true, ""points"": 319}, {""hasPlayed"": true, ""points"": 107}]",3,Ibrahim Maza,27029.0,27029.0,43364.0,41229.0,293659.0,450858.0,7.7,1.5743579915676504,0.0,0.0,1.0,0.85,0.15,0.9500000000000001,10.0062,115.235689
6745,7,Victor,Boniface,1053771.0,43.0,1.0,1.0,0.0,667.0,43.0,0,4,https://kickbase.b-cdn.net/content/file/f5f3d11be23443cb9e4c8c472288e093.png,22.0,2,40.0,21.0,"[{""hasPlayed"": false, ""points"": null}, {""hasPlayed"": false, ""points"": null}, {""hasPlayed"": false, ""points"": null}, {""hasPlayed"": true, ""points"": 43}]",5,Victor Boniface,-75593.0,-75593.0,-87005.0,-103884.0,-719919.0,-3536258.0,0.0,1.5743579915676504,0.0,0.0,0.0,0.0,0.0,0.0,10.0062,0.0
7269,7,Nathan,Tella,6193081.0,,,,,,,0,3,https://kickbase.b-cdn.net/content/file/e0df07546d38465080767efd17a0898e.png,23.0,1,,0.0,"[{""hasPlayed"": false, ""points"": null}, {""hasPlayed"": false, ""points"": null}, {""hasPlayed"": false, ""points"": null}, {""hasPlayed"": false, ""points"": null}]",5,Nathan Tella,225273.0,225273.0,256974.0,278611.0,2040439.0,1561008.0,0.0,1.5743579915676504,0.0,0.0,0.0,0.0,0.0,0.0,10.0062,0.0
7963,7,Jarell,Quansah,15060728.0,100.0,4.0,4.0,3.0,17839.0,400.0,0,2,https://kickbase.b-cdn.net/content/file/c1361cbb456a4b23a8e3d178290141cd.png,4.0,1,26.0,72.0,"[{""hasPlayed"": true, ""points"": 114}, {""hasPlayed"": true, ""points"": 39}, {""hasPlayed"": true, ""points"": 197}, {""hasPlayed"": true, ""points"": 50}]",1,Jarell Quansah,196543.0,196543.0,189137.0,163682.0,822808.0,-1870298.0,7.5,1.5743579915676504,0.0,0.0,1.0,1.0,0.0,1.0,10.0062,118.150057
8374,7,Martin,Terrier,3390179.0,21.0,1.0,1.0,0.0,1212.0,21.0,0,4,https://kickbase.b-cdn.net/content/file/039e1528fe214c32ad0653b911ea944e.png,11.0,2,6.0,10.0,"[{""hasPlayed"": false, ""points"": null}, {""hasPlayed"": true, ""points"": 21}, {""hasPlayed"": false, ""points"": null}, {""hasPlayed"": false, ""points"": null}]",4,Martin Terrier,-115504.0,-115504.0,-119052.0,-121129.0,-1015826.0,2489409.0,0.0,1.5743579915676504,0.0,0.0,0.0,0.0,0.0,0.0,10.0062,0.0
11513,7,Christian,Kofane,5949119.0,78.0,4.0,4.0,1.0,8923.0,311.0,1,4,https://kickbase.b-cdn.net/content/file/ce8356c51b154a87a40a56f723f2e3e3.png,35.0,2,52.0,58.0,"[{""hasPlayed"": true, ""points"": 19}, {""hasPlayed"": true, ""points"": 144}, {""hasPlayed"": true, ""points"": 39}, {""hasPlayed"": true, ""points"": 109}]",5,Christian Kofane,-97875.0,-97875.0,-148128.0,-190476.0,-1575481.0,-4360454.0,8.0,1.5743579915676504,0.0,0.0,0.0,0.0,0.0,0.0,10.0062,0.0
11680,7,Kennet,Eichhorn,1317626.0,,,,,,,1,3,https://kickbase.b-cdn.net/content/file/ceafc42e35aa446595952bcbdf873954.png,18.0,1,,0.0,"[{""hasPlayed"": false, ""points"": null}, {""hasPlayed"": false, ""points"": null}, {""hasPlayed"": false, ""points"": null}, {""hasPlayed"": false, ""points"": null}]",5,Kennet Eichhorn,263629.0,263629.0,251246.0,206422.0,817626.0,-1344691.0,0.0,1.5743579915676504,0.0,0.0,0.0,0.0,0.0,0.0,10.0062,0.0
11756,7,Montrell,Culbreath,6082382.0,,,,,,,4,3,https://kickbase.b-cdn.net/content/file/43c4c26e99f3442ab58db3d049e5f1ae.png,42.0,1,,0.0,"[{""hasPlayed"": false, ""points"": null}, {""hasPlayed"": false, ""points"": null}, {""hasPlayed"": false, ""points"": null}, {""hasPlayed"": false, ""points"": null}]",5,Montrell Culbreath,47374.0,47374.0,132289.0,179063.0,1427429.0,4400899.0,0.0,1.5743579915676504,0.0,0.0,0.0,0.0,0.0,0.0,10.0062,0.0
11956,7,Ezequiél,Fernández,15262606.0,123.0,4.0,4.0,4.0,16821.0,490.0,0,3,https://kickbase.b-cdn.net/content/file/2c37f7daf46f4c9693ffa9ef33ff980b.png,6.0,1,32.0,78.0,"[{""hasPlayed"": true, ""points"": 125}, {""hasPlayed"": true, ""points"": 98}, {""hasPlayed"": true, ""points"": 228}, {""hasPlayed"": true, ""points"": 39}]",2,Ezequiél Fernández,63282.0,63282.0,52014.0,60577.0,584369.0,4237793.0,7.7,1.5743579915676504,0.0,0.0,1.0,1.0,0.0,1.0,10.0062,121.300725
11957,7,Eliesse,Ben Seghir,2352405.0,,,,,,,0,3,https://kickbase.b-cdn.net/content/file/83c0ccd07e1e42d0ac339779564cd1f4.png,29.0,2,,0.0,"[{""hasPlayed"": false, ""points"": null}, {""hasPlayed"": false, ""points"": null}, {""hasPlayed"": false, ""points"": null}, {""hasPlayed"": false, ""points"": null}]",5,Eliesse Ben Seghir,-97839.0,-97839.0,-105451.0,-109089.0,-802325.0,-871060.0,0.0,1.5743579915676504,0.0,0.0,0.0,0.0,0.0,0.0,10.0062,0.0
13888,7,Guéla,Doué,4137036.0,40.0,1.0,1.0,0.0,1989.0,40.0,1,2,https://kickbase.b-cdn.net/content/file/812bc3c9b83245c09d36a46dd5b0b56b.png,20.0,2,9.0,23.0,"[{""hasPlayed"": false, ""points"": null}, {""hasPlayed"": true, ""points"": 40}, {""hasPlayed"": false, ""points"": null}, {""hasPlayed"": false, ""points"": null}]",5,Guéla Doué,-91926.0,-91926.0,-101835.0,-107478.0,-815872.0,-12790708.0,0.0,1.5743579915676504,0.0,0.0,0.0,0.0,0.0,0.0,10.0062,0.0
14241,7,Facundo,Medina,14366514.0,110.0,4.0,4.0,3.0,17796.0,441.0,0,2,https://kickbase.b-cdn.net/content/file/a59d86f8dc644a43babfe89f615d199f.png,2.0,1,30.0,93.0,"[{""hasPlayed"": true, ""points"": 123}, {""hasPlayed"": true, ""points"": 62}, {""hasPlayed"": true, ""points"": 235}, {""hasPlayed"": true, ""points"": 21}]",1,Facundo Medina,66379.0,66379.0,62269.0,47808.0,330403.0,4875657.0,7.9,1.5743579915676504,0.0,0.0,1.0,1.0,0.0,1.0,10.0062,124.451393
15199,7,Afonso,Moreira,15973240.0,74.0,4.0,4.0,4.0,21325.0,296.0,0,4,https://kickbase.b-cdn.net/content/file/91b4b5c394a1464f98589ffa59af5aec.png,9.0,1,18.0,51.0,"[{""hasPlayed"": true, ""points"": 84}, {""hasPlayed"": true, ""points"": 77}, {""hasPlayed"": true, ""points"": 130}, {""hasPlayed"": true, ""points"": 5}]",2,Afonso Moreira,133241.0,133241.0,135054.0,131478.0,780748.0,-7905429.0,6.4,1.5743579915676504,0.0,0.0,1.0,1.0,0.0,1.0,10.0062,100.821382
417,28,Ron-Robert,Zieler,500000.0,,,,,,,0,1,https://kickbase.b-cdn.net/content/file/87bb56a22db74cfd99e639824b703f30.png,20.0,0,,0.0,"[{""hasPlayed"": false, ""points"": null}, {""hasPlayed"": false, ""points"": null}, {""hasPlayed"": false, ""points"": null}, {""hasPlayed"": false, ""points"": null}]",5,Ron-Robert Zieler,0.0,0.0,0.0,0.0,0.0,0.0,0.0,1.4350718656610217,0.0,0.0,0.0,0.0,0.0,0.0,10.0062,0.0
737,28,Luca,Waldschmidt,1302444.0,-4.0,1.0,1.0,0.0,716.0,-4.0,0,3,https://kickbase.b-cdn.net/content/file/c6c99717a5834cacbb3161877ca3f29f.png,7.0,1,,2.0,"[{""hasPlayed"": true, ""points"": -4}, {""hasPlayed"": false, ""points"": null}, {""hasPlayed"": false, ""points"": null}, {""hasPlayed"": false, ""points"": null}]",4,Luca Waldschmidt,300229.0,300229.0,286531.0,184514.0,802444.0,-1575731.0,0.0,1.675359328305109,0.0,0.0,0.0,0.0,0.0,0.0,10.0062,0.0
1580,28,Marvin,Schwäbe,11163527.0,112.0,4.0,4.0,4.0,22997.0,448.0,0,1,https://kickbase.b-cdn.net/content/file/2708fddc28474a2299885f3eb69be6bc.png,1.0,1,40.0,44.0,"[{""hasPlayed"": true, ""points"": 75}, {""hasPlayed"": true, ""points"": 88}, {""hasPlayed"": true, ""points"": 109}, {""hasPlayed"": true, ""points"": 176}]",1,Marvin Schwäbe,148850.0,148850.0,146168.0,115917.0,454180.0,-4557641.0,6.8,1.4350718656610217,0.0,0.0,1.0,1.0,0.0,1.0,10.0062,97.645389
2069,28,Timo,Hübers,500000.0,,,,,,,1,2,https://kickbase.b-cdn.net/content/file/6dbad3a67b1c4ffa892f8bef224e9f85.png,4.0,2,,0.0,"[{""hasPlayed"": false, ""points"": null}, {""hasPlayed"": false, ""points"": null}, {""hasPlayed"": false, ""points"": null}, {""hasPlayed"": false, ""points"": null}]",5,Timo Hübers,0.0,0.0,0.0,-98864.0,-637406.0,-598777.0,0.0,1.675359328305109,0.0,0.0,0.0,0.0,0.0,0.0,10.0062,0.0
2201,28,Linton,Maina,8136358.0,88.0,4.0,4.0,3.0,15296.0,352.0,0,4,https://kickbase.b-cdn.net/content/file/54aad91024e84cf59b75e3c363775d71.png,37.0,2,43.0,47.0,"[{""hasPlayed"": true, ""points"": 76}, {""hasPlayed"": true, ""points"": 145}, {""hasPlayed"": true, ""points"": 32}, {""hasPlayed"": true, ""points"": 99}]",2,Linton Maina,111.0,111.0,-61124.0,-82701.0,-768134.0,338614.0,6.6,1.675359328305109,0.0,0.0,1.0,1.0,0.0,1.0,10.0062,110.642271
2247,28,Borna,Sosa,2469224.0,7.0,1.0,1.0,0.0,1775.0,7.0,0,2,https://kickbase.b-cdn.net/content/file/f8cf530ad652442a9688c49f058e3a8a.png,3.0,2,2.0,4.0,"[{""hasPlayed"": true, ""points"": 7}, {""hasPlayed"": false, ""points"": null}, {""hasPlayed"": false, ""points"": null}, {""hasPlayed"": false, ""points"": null}]",4,Borna Sosa,-83541.0,-83541.0,-65407.0,-50215.0,-557739.0,-2717640.0,0.0,1.675359328305109,0.0,0.0,0.0,0.0,0.0,0.0,10.0062,0.0
2358,28,Tom,Krauß,5511766.0,52.0,4.0,4.0,4.0,21354.0,206.0,0,3,https://kickbase.b-cdn.net/content/file/55c214adfaba4a839c1bb19ad5a5f8ed.png,5.0,2,37.0,24.0,"[{""hasPlayed"": true, ""points"": 21}, {""hasPlayed"": true, ""points"": 67}, {""hasPlayed"": true, ""points"": 44}, {""hasPlayed"": true, ""points"": 74}]",2,Tom Krauß,5715.0,5715.0,-102288.0,-175428.0,-1355735.0,-3008499.0,5.0,1.675359328305109,0.0,0.0,1.0,1.0,0.0,1.0,10.0062,83.819903
2536,28,Matthias,Köbbing,500000.0,,,,,,,0,1,https://kickbase.b-cdn.net/content/file/d7d4847201364186986efefd11b55766.png,44.0,0,,0.0,"[{""hasPlayed"": false, ""points"": null}, {""hasPlayed"": false, ""points"": null}, {""hasPlayed"": false, ""points"": null}, {""hasPlayed"": false, ""points"": null}]",5,Matthias Köbbing,0.0,0.0,0.0,0.0,0.0,0.0,0.0,1.4350718656610217,0.0,0.0,0.0,0.0,0.0,0.0,10.0062,0.0
2552,28,Marius,Bülter,4819137.0,26.0,4.0,4.0,1.0,8053.0,103.0,0,4,https://kickbase.b-cdn.net/content/file/020abec0763842a7af00f1ec5aafeea4.png,30.0,1,21.0,39.0,"[{""hasPlayed"": true, ""points"": -11}, {""hasPlayed"": true, ""points"": 81}, {""hasPlayed"": true, ""points"": 14}, {""hasPlayed"": true, ""points"": 19}]",3,Marius Bülter,183383.0,183383.0,108833.0,51942.0,-401779.0,-844316.0,5.1,1.675359328305109,0.0,0.0,1.0,1.0,0.0,1.0,10.0062,85.496301
2718,28,Ellyes,Skhiri,11101141.0,82.0,4.0,4.0,2.0,16274.0,326.0,0,3,https://kickbase.b-cdn.net/content/file/1274d4acfc8845a789f74d858afe1168.png,6.0,1,29.0,67.0,"[{""hasPlayed"": true, ""points"": 118}, {""hasPlayed"": true, ""points"": 156}, {""hasPlayed"": true, ""points"": 6}, {""hasPlayed"": true, ""points"": 46}]",1,Ellyes Skhiri,13057.0,13057.0,11221.0,13327.0,200139.0,3557609.0,7.3,1.675359328305109,0.0,0.0,1.0,1.0,0.0,1.0,10.0062,122.377058
2765,28,Jan,Thielmann,2110314.0,50.0,2.0,2.0,2.0,8564.0,99.0,0,3,https://kickbase.b-cdn.net/content/file/bae198375c644308ba2bff1d0f3f0569.png,29.0,2,46.0,38.0,"[{""hasPlayed"": false, ""points"": null}, {""hasPlayed"": false, ""points"": null}, {""hasPlayed"": true, ""points"": 17}, {""hasPlayed"": true, ""points"": 82}]",3,Jan Thielmann,-38003.0,-38003.0,-72783.0,-96233.0,-658505.0,-4374132.0,0.0,1.675359328305109,0.0,0.0,0.0,0.0,0.0,0.0,10.0062,0.0
2855,28,Ragnar,Ache,5069675.0,63.0,4.0,4.0,2.0,12132.0,251.0,1,4,https://kickbase.b-cdn.net/content/file/659aab812d23451ba8e47f520a7d0754.png,9.0,2,49.0,40.0,"[{""hasPlayed"": true, ""points"": 104}, {""hasPlayed"": true, ""points"": 26}, {""hasPlayed"": true, ""points"": 30}, {""hasPlayed"": true, ""points"": 91}]",5,Ragnar Ache,-302419.0,-302419.0,-315141.0,-366470.0,-2065199.0,-9602167.0,6.9,1.675359328305109,0.0,0.0,0.0,0.0,0.0,0.0,10.0062,0.0
7219,28,Ísak,Jóhannesson,4227972.0,54.0,4.0,4.0,2.0,14922.0,215.0,0,3,https://kickbase.b-cdn.net/content/file/2922eb48335343ccb79b49b03af03818.png,8.0,2,50.0,76.0,"[{""hasPlayed"": true, ""points"": 16}, {""hasPlayed"": true, ""points"": 12}, {""hasPlayed"": true, ""points"": 19}, {""hasPlayed"": true, ""points"": 168}]",4,Ísak Jóhannesson,-76475.0,-76475.0,-74852.0,-73200.0,-581858.0,-7293690.0,5.8,1.675359328305109,0.0,0.0,0.0,0.0,0.0,0.0,10.0062,0.0
8001,28,Luka,Lochoshvili,8704370.0,79.0,4.0,4.0,4.0,22997.0,315.0,0,2,https://kickbase.b-cdn.net/content/file/f6faf6be6d674e898fbfa189b9c2ad5c.png,24.0,1,36.0,47.0,"[{""hasPlayed"": true, ""points"": 119}, {""hasPlayed"": true, ""points"": 44}, {""hasPlayed"": true, ""points"": 31}, {""hasPlayed"": true, ""points"": 121}]",2,Luka Lochoshvili,331857.0,331857.0,349324.0,338403.0,1925425.0,-2185970.0,6.2,1.675359328305109,0.0,0.0,1.0,1.0,0.0,1.0,10.0062,103.936679
8274,28,Said,El Mala,19640836.0,76.0,3.0,3.0,2.0,10951.0,227.0,0,3,https://kickbase.b-cdn.net/content/file/f56e6d60e40c49189c830fb4ff65d4bf.png,10.0,2,11.0,64.0,"[{""hasPlayed"": true, ""points"": 68}, {""hasPlayed"": true, ""points"": 16}, {""hasPlayed"": false, ""points"": null}, {""hasPlayed"": true, ""points"": 143}]",1,Said El Mala,-181667.0,-181667.0,-252099.0,-279541.0,-2460499.0,-5631361.0,6.6,1.675359328305109,0.0,0.0,1.0,1.0,0.0,1.0,10.0062,110.642271
10024,28,Joël,Schmied,3641704.0,20.0,1.0,1.0,0.0,185.0,20.0,0,2,https://kickbase.b-cdn.net/content/file/312960f02c6e4acab4db65b9c63eaf01.png,2.0,2,5.0,10.0,"[{""hasPlayed"": false, ""points"": null}, {""hasPlayed"": false, ""points"": null}, {""hasPlayed"": false, ""points"": null}, {""hasPlayed"": true, ""points"": 20}]",4,Joël Schmied,-111139.0,-111139.0,-114314.0,-119134.0,-959683.0,2282509.0,0.0,1.675359328305109,0.0,0.0,0.0,0.0,0.0,0.0,10.0062,0.0
10121,28,Imad,Rondic,1940907.0,-10.0,1.0,1.0,0.0,264.0,-10.0,0,4,https://kickbase.b-cdn.net/content/file/211dad333f8e4245b040407adaefdbad.png,15.0,1,,5.0,"[{""hasPlayed"": false, ""points"": null}, {""hasPlayed"": false, ""points"": null}, {""hasPlayed"": true, ""points"": -10}, {""hasPlayed"": false, ""points"": null}]",5,Imad Rondic,351140.0,351140.0,351399.0,337744.0,1440907.0,1440907.0,0.0,1.675359328305109,0.0,0.0,0.0,0.0,0.0,0.0,10.0062,0.0
11570,28,Sebastian,Sebulonsen,6600538.0,18.0,1.0,1.0,0.0,1803.0,18.0,0,2,https://kickbase.b-cdn.net/content/file/0f9cbbaaccb148a6ad251ba707b4f099.png,28.0,2,2.0,9.0,"[{""hasPlayed"": false, ""points"": null}, {""hasPlayed"": true, ""points"": 18}, {""hasPlayed"": false, ""points"": null}, {""hasPlayed"": false, ""points"": null}]",1,Sebastian Sebulonsen,-577164.0,-577164.0,-309756.0,-9670.0,-272427.0,5096819.0,0.0,1.675359328305109,0.0,0.0,1.0,1.0,0.0,1.0,10.0062,0.0
11875,28,Rav,van den Berg,4338796.0,,,,,,,0,2,https://kickbase.b-cdn.net/content/file/0825c755c7df4f7ba70b3f8922154f99.png,33.0,2,,0.0,"[{""hasPlayed"": false, ""points"": null}, {""hasPlayed"": false, ""points"": null}, {""hasPlayed"": false, ""points"": null}, {""hasPlayed"": false, ""points"": null}]",5,Rav van den Berg,-191926.0,-191926.0,-814889.0,-802146.0,-1767639.0,3273224.0,0.0,1.675359328305109,0.0,0.0,0.0,0.0,0.0,0.0,10.0062,0.0
11958,28,Alessio,Castro-Montes,2570072.0,44.0,4.0,4.0,4.0,19421.0,177.0,4,3,https://kickbase.b-cdn.net/content/file/4df59c76b9024563892682f996043056.png,17.0,2,68.0,18.0,"[{""hasPlayed"": true, ""points"": 19}, {""hasPlayed"": true, ""points"": 44}, {""hasPlayed"": true, ""points"": 51}, {""hasPlayed"": true, ""points"": 63}]",5,Alessio Castro-Montes,-91126.0,-91126.0,-99811.0,-116963.0,-836542.0,-6691798.0,5.1,1.675359328305109,0.0,0.0,0.0,0.0,0.0,0.0,10.0062,0.0
12321,28,Jahmai,Simpson-Pusey,7493548.0,76.0,4.0,4.0,4.0,22997.0,302.0,0,2,https://kickbase.b-cdn.net/content/file/f83f61dc46de468bb38cb6a9d9f51205.png,22.0,2,40.0,9.0,"[{""hasPlayed"": true, ""points"": 76}, {""hasPlayed"": true, ""points"": 85}, {""hasPlayed"": true, ""points"": 79}, {""hasPlayed"": true, ""points"": 62}]",1,Jahmai Simpson-Pusey,964.0,964.0,-120375.0,-188502.0,-1270919.0,-2879721.0,6.1,1.675359328305109,0.0,0.0,1.0,1.0,0.0,1.0,10.0062,102.260281
14140,28,Gideon,Mensah,5121970.0,58.0,4.0,4.0,4.0,21221.0,230.0,0,2,https://kickbase.b-cdn.net/content/file/6cf365776d1d461fac56322c9e84e7ab.png,14.0,1,44.0,20.0,"[{""hasPlayed"": true, ""points"": 51}, {""hasPlayed"": true, ""points"": 53}, {""hasPlayed"": true, ""points"": 39}, {""hasPlayed"": true, ""points"": 87}]",2,Gideon Mensah,183121.0,183121.0,83638.0,-21648.0,-752136.0,-4689654.0,5.7,1.675359328305109,0.0,0.0,1.0,1.0,0.0,1.0,10.0062,95.554689
14300,28,Paul,Okon-Engstler,730977.0,23.0,3.0,3.0,2.0,7047.0,69.0,0,3,https://kickbase.b-cdn.net/content/file/cfde74fcc93247699da56f08049928c0.png,23.0,2,94.0,27.0,"[{""hasPlayed"": false, ""points"": null}, {""hasPlayed"": true, ""points"": -5}, {""hasPlayed"": true, ""points"": 19}, {""hasPlayed"": true, ""points"": 55}]",5,Paul Okon-Engstler,-91097.0,-91097.0,-102502.0,-112114.0,-802578.0,-3723033.0,6.1,1.675359328305109,0.0,0.0,0.0,0.0,0.0,0.0,10.0062,0.0
15373,28,Reigan,Heskey,509747.0,-8.0,1.0,1.0,0.0,1185.0,-8.0,0,3,https://kickbase.b-cdn.net/content/file/4ceda4e80b804183b8af45a55f8bbb24.png,11.0,1,,4.0,"[{""hasPlayed"": false, ""points"": null}, {""hasPlayed"": false, ""points"": null}, {""hasPlayed"": true, ""points"": -8}, {""hasPlayed"": false, ""points"": null}]",5,Reigan Heskey,9747.0,9747.0,0.0,0.0,9747.0,-3195495.0,0.0,1.675359328305109,0.0,0.0,0.0,0.0,0.0,0.0,10.0062,0.0
16945,28,Thijs,Dallinga,4171353.0,86.0,3.0,3.0,2.0,9678.0,258.0,1,4,https://kickbase.b-cdn.net/content/file/fab92b426a354aacae1fe7f26e0e6ab0.png,27.0,2,61.0,119.0,"[{""hasPlayed"": true, ""points"": 37}, {""hasPlayed"": true, ""points"": -19}, {""hasPlayed"": false, ""points"": null}, {""hasPlayed"": true, ""points"": 240}]",5,Thijs Dallinga,-112275.0,-112275.0,-132531.0,-191791.0,-1899299.0,-3811407.0,5.6,1.675359328305109,0.0,0.0,0.0,0.0,0.0,0.0,10.0062,0.0
17282,28,Mikey,Moore,7321529.0,47.0,3.0,3.0,2.0,13179.0,140.0,0,3,https://kickbase.b-cdn.net/content/file/7f5524d22efb4465a313919dd3014114.png,47.0,1,19.0,12.0,"[{""hasPlayed"": true, ""points"": 44}, {""hasPlayed"": true, ""points"": 60}, {""hasPlayed"": true, ""points"": 36}, {""hasPlayed"": false, ""points"": null}]",1,Mikey Moore,210850.0,210850.0,113034.0,31586.0,-483746.0,-3983256.0,5.9,1.675359328305109,0.0,0.0,1.0,1.0,0.0,1.0,10.0062,98.907485
524,14,Oliver,Baumann,13325497.0,106.0,4.0,4.0,4.0,23431.0,424.0,0,1,https://kickbase.b-cdn.net/content/file/6e2c878756924da4a6fa4c11b8e4480c.png,1.0,1,31.0,38.0,"[{""hasPlayed"": true, ""points"": 72}, {""hasPlayed"": true, ""points"": 149}, {""hasPlayed"": true, ""points"": 74}, {""hasPlayed"": true, ""points"": 129}]",1,Oliver Baumann,95532.0,95532.0,100067.0,102924.0,570669.0,-3343138.0,5.4,1.5423300970873788,0.0,0.0,1.0,1.0,0.0,1.0,10.0062,83.337462
1815,14,Andrej,Kramarić,6057918.0,0.0,4.0,4.0,0.0,3473.0,0.0,0,3,https://kickbase.b-cdn.net/content/file/26cffab4e6be4195a3d2817f15c60ee2.png,27.0,2,,18.0,"[{""hasPlayed"": true, ""points"": 3}, {""hasPlayed"": true, ""points"": 23}, {""hasPlayed"": true, ""points"": -23}, {""hasPlayed"": true, ""points"": -3}]",4,Andrej Kramarić,-216840.0,-216840.0,-225163.0,-219367.0,-1650903.0,-6496913.0,4.4,2.2116504854368935,0.0,0.0,0.0,0.0,0.0,0.0,10.0062,0.0
1954,14,,Bernardo,1995868.0,62.0,1.0,1.0,1.0,3268.0,62.0,2,2,https://kickbase.b-cdn.net/content/file/2e01b620f1354d0f9383cc0003c49d97.png,13.0,2,31.0,31.0,"[{""hasPlayed"": false, ""points"": null}, {""hasPlayed"": false, ""points"": null}, {""hasPlayed"": false, ""points"": null}, {""hasPlayed"": true, ""points"": 62}]",4,Bernardo,-102346.0,-102346.0,-102990.0,-110500.0,-773175.0,-4218649.0,0.0,2.2116504854368935,0.0,0.0,0.0,0.0,0.0,0.0,10.0062,0.0
2373,14,Ozan,Kabak,21058388.0,129.0,4.0,4.0,4.0,22404.0,514.0,0,2,https://kickbase.b-cdn.net/content/file/61c84298d75b4e86b4f46a133f91f33d.png,5.0,2,24.0,63.0,"[{""hasPlayed"": true, ""points"": 85}, {""hasPlayed"": true, ""points"": 162}, {""hasPlayed"": true, ""points"": 66}, {""hasPlayed"": true, ""points"": 201}]",1,Ozan Kabak,4878.0,4878.0,-39254.0,-85856.0,-1025304.0,-2628687.0,6.9,2.2116504854368935,0.0,0.0,1.0,1.0,0.0,1.0,10.0062,152.698498
2803,14,Tim,Lemperle,8225014.0,72.0,3.0,3.0,2.0,12349.0,217.0,0,4,https://kickbase.b-cdn.net/content/file/531648f7c8e7446883243fb819e94d82.png,19.0,1,26.0,57.0,"[{""hasPlayed"": true, ""points"": 17}, {""hasPlayed"": true, ""points"": 72}, {""hasPlayed"": true, ""points"": 128}, {""hasPlayed"": false, ""points"": null}]",2,Tim Lemperle,165210.0,165210.0,63408.0,-58083.0,-734223.0,-3573968.0,5.8,2.2116504854368935,0.0,0.0,1.0,1.0,0.0,1.0,10.0062,128.355259
2852,14,Luca,Philipp,500000.0,,,,,,,0,1,https://kickbase.b-cdn.net/content/file/e45a165d68934e8e8a2bbc33ecbbbc96.png,37.0,0,,0.0,"[{""hasPlayed"": false, ""points"": null}, {""hasPlayed"": false, ""points"": null}, {""hasPlayed"": false, ""points"": null}, {""hasPlayed"": false, ""points"": null}]",5,Luca Philipp,0.0,0.0,0.0,0.0,0.0,0.0,0.0,1.5423300970873788,0.0,0.0,0.0,0.0,0.0,0.0,10.0062,0.0
3124,14,Patrick,Wimmer,5394770.0,56.0,4.0,4.0,2.0,13207.0,224.0,0,3,https://kickbase.b-cdn.net/content/file/a1e6985ea5b8487ca2db9c16a66eafe7.png,8.0,1,41.0,37.0,"[{""hasPlayed"": true, ""points"": 40}, {""hasPlayed"": true, ""points"": 96}, {""hasPlayed"": true, ""points"": 12}, {""hasPlayed"": true, ""points"": 76}]",3,Patrick Wimmer,226048.0,226048.0,221118.0,162161.0,706757.0,-4121540.0,6.3,2.2116504854368935,0.0,0.0,0.0,0.0,0.0,0.0,10.0062,0.0
3158,14,Fisnik,Asllani,12145367.0,34.0,2.0,2.0,0.0,1583.0,67.0,0,4,https://kickbase.b-cdn.net/content/file/61214fe54f31411ea068f8fb8b3c1e49.png,11.0,2,5.0,22.0,"[{""hasPlayed"": true, ""points"": 19}, {""hasPlayed"": true, ""points"": 48}, {""hasPlayed"": false, ""points"": null}, {""hasPlayed"": false, ""points"": null}]",3,Fisnik Asllani,-344428.0,-344428.0,-325160.0,-316973.0,-2573729.0,-5275198.0,5.3,2.2116504854368935,0.0,0.0,1.0,0.0,0.0,0.6666666666666666,10.0062,78.193434
3204,14,Bambasé,Conté,10652551.0,74.0,4.0,4.0,3.0,16404.0,296.0,0,4,https://kickbase.b-cdn.net/content/file/fa595ccc62ce4fdeafca00ccfc95088b.png,20.0,1,27.0,57.0,"[{""hasPlayed"": true, ""points"": 99}, {""hasPlayed"": true, ""points"": 103}, {""hasPlayed"": true, ""points"": -12}, {""hasPlayed"": true, ""points"": 106}]",3,Bambasé Conté,92488.0,92488.0,112805.0,125618.0,931257.0,796389.0,6.1,2.2116504854368935,0.0,0.0,1.0,1.0,0.0,1.0,10.0062,134.994324
3471,14,Adam,Hložek,9763844.0,103.0,4.0,4.0,4.0,16869.0,413.0,0,4,https://kickbase.b-cdn.net/content/file/a70373665abe402993add63ac96b77de.png,10.0,2,42.0,113.0,"[{""hasPlayed"": true, ""points"": 77}, {""hasPlayed"": true, ""points"": 270}, {""hasPlayed"": true, ""points"": 19}, {""hasPlayed"": true, ""points"": 47}]",3,Adam Hložek,-125676.0,-125676.0,-308323.0,-324324.0,-1984654.0,833174.0,6.2,2.2116504854368935,0.0,0.0,0.0,1.0,0.0,0.3333333333333333,10.0062,45.735782
7543,14,Max,Moerstedt,1111151.0,-7.0,3.0,3.0,1.0,7018.0,-21.0,0,4,https://kickbase.b-cdn.net/content/file/901ac71d98064e48b7b250786d8ac1d2.png,9.0,2,,55.0,"[{""hasPlayed"": true, ""points"": 61}, {""hasPlayed"": false, ""points"": null}, {""hasPlayed"": true, ""points"": -7}, {""hasPlayed"": true, ""points"": -75}]",4,Max Moerstedt,-83347.0,-83347.0,-95291.0,-101804.0,-736995.0,-3499324.0,5.2,2.2116504854368935,0.0,0.0,0.0,0.0,0.0,0.0,10.0062,0.0
7673,14,Albian,Hajdari,6711357.0,58.0,4.0,4.0,3.0,20201.0,230.0,2,2,https://kickbase.b-cdn.net/content/file/0f60a3cd21c94cc4913d13f811e532a9.png,21.0,2,34.0,52.0,"[{""hasPlayed"": true, ""points"": 70}, {""hasPlayed"": true, ""points"": 115}, {""hasPlayed"": true, ""points"": -11}, {""hasPlayed"": true, ""points"": 56}]",3,Albian Hajdari,-249879.0,-249879.0,-270179.0,-293975.0,-2159922.0,-8139957.0,6.3,2.2116504854368935,0.0,0.0,0.0,0.0,0.0,0.0,10.0062,0.0
7717,14,Alexander,Prass,6721977.0,,,,,,,0,3,https://kickbase.b-cdn.net/content/file/f9e6ef6646eb4d248d5ce3ee24abda2d.png,22.0,1,,0.0,"[{""hasPlayed"": false, ""points"": null}, {""hasPlayed"": false, ""points"": null}, {""hasPlayed"": false, ""points"": null}, {""hasPlayed"": false, ""points"": null}]",5,Alexander Prass,191303.0,191303.0,220243.0,235178.0,1811786.0,4982769.0,0.0,2.2116504854368935,0.0,0.0,0.0,0.0,0.0,0.0,10.0062,0.0
7745,14,Vladimír,Coufal,20698068.0,112.0,4.0,4.0,4.0,21839.0,447.0,0,2,https://kickbase.b-cdn.net/content/file/3b2c057d49604e74af1ea35ac7411a4a.png,34.0,1,21.0,37.0,"[{""hasPlayed"": true, ""points"": 103}, {""hasPlayed"": true, ""points"": 62}, {""hasPlayed"": true, ""points"": 146}, {""hasPlayed"": true, ""points"": 136}]",3,Vladimír Coufal,34163.0,34163.0,21017.0,33768.0,245948.0,-4921197.0,6.8,2.2116504854368935,0.0,0.0,1.0,1.0,0.0,1.0,10.0062,150.485476
7750,14,Robin,Hranác,1536798.0,23.0,2.0,2.0,0.0,3564.0,45.0,0,2,https://kickbase.b-cdn.net/content/file/378ad76b9745472cb56cc5de220ea9f9.png,2.0,2,29.0,21.0,"[{""hasPlayed"": false, ""points"": null}, {""hasPlayed"": false, ""points"": null}, {""hasPlayed"": true, ""points"": 1}, {""hasPlayed"": true, ""points"": 44}]",5,Robin Hranác,-104255.0,-104255.0,-111650.0,-117554.0,-811321.0,-3175682.0,0.0,2.2116504854368935,0.0,0.0,1.0,0.0,0.0,0.6666666666666666,10.0062,0.0
8289,14,Lúkas,Petersson,500000.0,,,,,,,0,1,https://kickbase.b-cdn.net/content/file/e12887e5419f4c63a3e0c0b0213fb3cc.png,36.0,0,,0.0,"[{""hasPlayed"": false, ""points"": null}, {""hasPlayed"": false, ""points"": null}, {""hasPlayed"": false, ""points"": null}, {""hasPlayed"": false, ""points"": null}]",5,Lúkas Petersson,0.0,0.0,0.0,0.0,0.0,0.0,0.0,1.5423300970873788,0.0,0.0,0.0,0.0,0.0,0.0,10.0062,0.0
9598,14,Valentin,Gendrey,5765024.0,56.0,1.0,1.0,0.0,1592.0,56.0,0,2,https://kickbase.b-cdn.net/content/file/963aa0e9a1bf4537bba171631d3ef595.png,15.0,2,9.0,28.0,"[{""hasPlayed"": false, ""points"": null}, {""hasPlayed"": true, ""points"": 56}, {""hasPlayed"": false, ""points"": null}, {""hasPlayed"": false, ""points"": null}]",3,Valentin Gendrey,-757887.0,-757887.0,-242217.0,33063.0,-226757.0,4194331.0,0.0,2.2116504854368935,0.0,0.0,0.0,0.0,0.0,0.0,10.0062,0.0
11161,14,Koki,Machida,9335902.0,74.0,2.0,2.0,1.0,7211.0,148.0,0,2,https://kickbase.b-cdn.net/content/file/80f0a50727b54ea5a90a99a754cc7a6c.png,28.0,1,15.0,47.0,"[{""hasPlayed"": true, ""points"": 99}, {""hasPlayed"": true, ""points"": 49}, {""hasPlayed"": false, ""points"": null}, {""hasPlayed"": false, ""points"": null}]",2,Koki Machida,264008.0,264008.0,288178.0,296821.0,2016238.0,6122488.0,7.4,2.2116504854368935,0.0,0.0,0.0,1.0,0.0,0.3333333333333333,10.0062,54.587869
11162,14,Leon,Avdullahu,11537432.0,88.0,4.0,4.0,4.0,22633.0,352.0,0,3,https://kickbase.b-cdn.net/content/file/805fdf4f3bec4018a1ff6bc85cc95546.png,7.0,2,30.0,33.0,"[{""hasPlayed"": true, ""points"": 59}, {""hasPlayed"": true, ""points"": 82}, {""hasPlayed"": true, ""points"": 136}, {""hasPlayed"": true, ""points"": 75}]",1,Leon Avdullahu,39846.0,39846.0,8099.0,-146891.0,-1801910.0,-4923545.0,6.3,2.2116504854368935,0.0,0.0,1.0,1.0,0.0,1.0,10.0062,139.420368
11591,14,Cajetan,Lenz,6001557.0,,,,,,,0,3,https://kickbase.b-cdn.net/content/file/2d15f1ede167438698d92ddc037e6abe.png,32.0,1,,0.0,"[{""hasPlayed"": false, ""points"": null}, {""hasPlayed"": false, ""points"": null}, {""hasPlayed"": false, ""points"": null}, {""hasPlayed"": false, ""points"": null}]",5,Cajetan Lenz,210834.0,210834.0,253817.0,276017.0,2121762.0,4857211.0,0.0,2.2116504854368935,0.0,0.0,0.0,0.0,0.0,0.0,10.0062,0.0
11631,14,Wouter,Burger,19481768.0,86.0,4.0,4.0,4.0,22413.0,345.0,0,3,https://kickbase.b-cdn.net/content/file/50a59d7c22f64565b2f31bba1dfae5bd.png,18.0,1,17.0,33.0,"[{""hasPlayed"": true, ""points"": 131}, {""hasPlayed"": true, ""points"": 93}, {""hasPlayed"": true, ""points"": 58}, {""hasPlayed"": true, ""points"": 63}]",1,Wouter Burger,24004.0,24004.0,25944.0,27300.0,221658.0,-1235628.0,6.9,2.2116504854368935,0.0,0.0,1.0,1.0,0.0,1.0,10.0062,152.698498
11959,14,Adam,Daghim,16074176.0,156.0,4.0,4.0,4.0,22115.0,622.0,0,4,https://kickbase.b-cdn.net/content/file/1919dcbd4fb6447aad155fb3c72f3e38.png,14.0,1,38.0,31.0,"[{""hasPlayed"": true, ""points"": 120}, {""hasPlayed"": true, ""points"": 194}, {""hasPlayed"": true, ""points"": 145}, {""hasPlayed"": true, ""points"": 163}]",1,Adam Daghim,132785.0,132785.0,115494.0,103711.0,762179.0,5569271.0,7.3,2.2116504854368935,0.0,0.0,1.0,1.0,0.0,1.0,10.0062,161.550585
15193,14,Mats,Rots,5378293.0,53.0,4.0,4.0,3.0,13672.0,210.0,0,2,https://kickbase.b-cdn.net/content/file/d96dc40ca1674b38aef03dff83ae8ab0.png,39.0,2,39.0,61.0,"[{""hasPlayed"": true, ""points"": 14}, {""hasPlayed"": true, ""points"": 105}, {""hasPlayed"": true, ""points"": 105}, {""hasPlayed"": true, ""points"": -14}]",3,Mats Rots,-17603.0,-17603.0,-141250.0,-224327.0,-1657391.0,-2215052.0,6.4,2.2116504854368935,0.0,0.0,1.0,1.0,0.0,1.0,10.0062,141.633389
15262,14,Nathan,De Cat,3639646.0,-6.0,2.0,2.0,0.0,2514.0,-11.0,0,3,https://kickbase.b-cdn.net/content/file/8c55d861342c440b9966f1cd6dc86f29.png,17.0,2,,4.0,"[{""hasPlayed"": false, ""points"": null}, {""hasPlayed"": false, ""points"": null}, {""hasPlayed"": true, ""points"": -2}, {""hasPlayed"": true, ""points"": -9}]",4,Nathan De Cat,-60740.0,-60740.0,-64600.0,-77509.0,-621578.0,-9117962.0,4.6,2.2116504854368935,0.0,0.0,0.0,0.0,0.0,0.0,10.0062,0.0
51,40,Rani,Khedira,4694175.0,14.0,4.0,4.0,4.0,23900.0,55.0,0,3,https://kickbase.b-cdn.net/content/file/9ecae4fccb2648b8b2bd92c4cac3f955.png,8.0,1,11.0,40.0,"[{""hasPlayed"": true, ""points"": -42}, {""hasPlayed"": true, ""points"": 32}, {""hasPlayed"": true, ""points"": 14}, {""hasPlayed"": true, ""points"": 51}]",1,Rani Khedira,302263.0,302263.0,248531.0,175294.0,717386.0,-2456952.0,4.1,1.4313111545988255,0.0,0.0,1.0,1.0,0.0,1.0,10.0062,58.720141
1223,40,Marvin,Friedrich,980414.0,,,,,,,0,2,https://kickbase.b-cdn.net/content/file/0e7e99776b0c460eaaf8702878b90869.png,5.0,2,,0.0,"[{""hasPlayed"": false, ""points"": null}, {""hasPlayed"": false, ""points"": null}, {""hasPlayed"": false, ""points"": null}, {""hasPlayed"": false, ""points"": null}]",5,Marvin Friedrich,-122358.0,-122358.0,-126597.0,-131713.0,-1217480.0,-790388.0,0.0,1.4313111545988255,0.0,0.0,0.0,0.0,0.0,0.0,10.0062,0.0
1553,40,Janik,Haberer,2384803.0,11.0,4.0,4.0,1.0,7842.0,42.0,0,3,https://kickbase.b-cdn.net/content/file/ce496ba0469a4a3b80d18b665d7466c0.png,19.0,2,17.0,15.0,"[{""hasPlayed"": true, ""points"": 4}, {""hasPlayed"": true, ""points"": -6}, {""hasPlayed"": true, ""points"": 15}, {""hasPlayed"": true, ""points"": 29}]",3,Janik Haberer,-44931.0,-44931.0,-79219.0,-92215.0,-704857.0,-143708.0,5.3,1.4313111545988255,0.0,0.0,0.0,0.0,0.0,0.0,10.0062,0.0
1955,40,Oliver,Burke,2984874.0,,,,,,,0,4,https://kickbase.b-cdn.net/content/file/a76d8d4a531548f58ceb241fe4958952.png,7.0,1,,0.0,"[{""hasPlayed"": false, ""points"": null}, {""hasPlayed"": false, ""points"": null}, {""hasPlayed"": false, ""points"": null}, {""hasPlayed"": false, ""points"": null}]",4,Oliver Burke,402115.0,402115.0,391858.0,364965.0,2346590.0,882217.0,0.0,1.4313111545988255,0.0,0.0,0.0,0.0,0.0,0.0,10.0062,0.0
2065,40,Felix,Uduokhai,7890235.0,72.0,3.0,3.0,3.0,17739.0,216.0,0,2,https://kickbase.b-cdn.net/content/file/e407afb596ac48f2bab3f2f63a37f2c2.png,2.0,1,27.0,36.0,"[{""hasPlayed"": true, ""points"": 71}, {""hasPlayed"": true, ""points"": 75}, {""hasPlayed"": true, ""points"": 70}, {""hasPlayed"": false, ""points"": null}]",1,Felix Uduokhai,146395.0,146395.0,88106.0,31298.0,-534933.0,2268262.0,5.4,1.4313111545988255,0.0,0.0,1.0,1.0,0.0,1.0,10.0062,77.338723
2279,40,Frederik,Rönnow,9822509.0,101.0,3.0,3.0,3.0,17739.0,304.0,0,1,https://kickbase.b-cdn.net/content/file/a74539007fa347f28af0ce83caafef6f.png,1.0,1,30.0,51.0,"[{""hasPlayed"": true, ""points"": 117}, {""hasPlayed"": true, ""points"": 97}, {""hasPlayed"": true, ""points"": 90}, {""hasPlayed"": false, ""points"": null}]",1,Frederik Rönnow,66859.0,66859.0,33848.0,7529.0,-901304.0,1826457.0,6.9,1.3862622309197652,0.0,0.0,1.0,1.0,0.0,1.0,10.0062,95.711398
2302,40,Woo-Yeong,Jeong,1978530.0,30.0,4.0,4.0,2.0,13191.0,121.0,0,3,https://kickbase.b-cdn.net/content/file/167f780b883445c1bb79e00354f1e807.png,11.0,2,61.0,41.0,"[{""hasPlayed"": true, ""points"": -16}, {""hasPlayed"": true, ""points"": 69}, {""hasPlayed"": true, ""points"": 7}, {""hasPlayed"": true, ""points"": 61}]",3,Woo-Yeong Jeong,43465.0,43465.0,-7436.0,-46772.0,-377758.0,-2700849.0,5.1,1.4313111545988255,0.0,0.0,1.0,1.0,0.0,1.0,10.0062,73.042127
2400,40,Christopher,Trimmel,5911006.0,-17.0,2.0,2.0,1.0,5600.0,-33.0,0,2,https://kickbase.b-cdn.net/content/file/0133043125be433d91c3b93eb502aebe.png,28.0,1,,12.0,"[{""hasPlayed"": true, ""points"": -27}, {""hasPlayed"": false, ""points"": null}, {""hasPlayed"": true, ""points"": -6}, {""hasPlayed"": false, ""points"": null}]",4,Christopher Trimmel,38673.0,38673.0,125065.0,168775.0,1384667.0,3384358.0,0.0,1.4313111545988255,0.0,0.0,1.0,0.0,0.0,0.6666666666666666,10.0062,0.0
2491,40,Tim,Skarke,3747479.0,66.0,4.0,4.0,0.0,8469.0,263.0,0,3,https://kickbase.b-cdn.net/content/file/530ba96741b943798d9be4d5dcc151f5.png,21.0,2,70.0,85.0,"[{""hasPlayed"": true, ""points"": -23}, {""hasPlayed"": true, ""points"": 137}, {""hasPlayed"": true, ""points"": 9}, {""hasPlayed"": true, ""points"": 140}]",3,Tim Skarke,4946.0,4946.0,-38737.0,-61742.0,-449660.0,-2104973.0,6.7,1.4313111545988255,0.0,0.0,1.0,0.0,0.0,0.6666666666666666,10.0062,63.971536
2717,40,Robert,Skov,500000.0,-12.0,1.0,1.0,0.0,742.0,-12.0,0,3,https://kickbase.b-cdn.net/content/file/ebae4e5c0fec43ebaed2b2aae064a346.png,24.0,0,,6.0,"[{""hasPlayed"": false, ""points"": null}, {""hasPlayed"": true, ""points"": -12}, {""hasPlayed"": false, ""points"": null}, {""hasPlayed"": false, ""points"": null}]",5,Robert Skov,0.0,0.0,0.0,0.0,0.0,-940549.0,0.0,1.4313111545988255,0.0,0.0,0.0,0.0,0.0,0.0,10.0062,0.0
3102,40,Tom,Rothe,7484700.0,71.0,4.0,4.0,4.0,23900.0,282.0,0,2,https://kickbase.b-cdn.net/content/file/82917858d1a74a7f90a2d9dfca456b71.png,15.0,2,37.0,58.0,"[{""hasPlayed"": true, ""points"": 29}, {""hasPlayed"": true, ""points"": 150}, {""hasPlayed"": true, ""points"": 25}, {""hasPlayed"": true, ""points"": 78}]",1,Tom Rothe,-111538.0,-111538.0,-168425.0,-210517.0,-1587461.0,-2108332.0,5.4,1.4313111545988255,0.0,0.0,1.0,1.0,0.0,1.0,10.0062,77.338723
3187,40,András,Schäfer,1030948.0,17.0,4.0,4.0,2.0,13529.0,68.0,0,3,https://kickbase.b-cdn.net/content/file/433f8b676b6b4b898ad3ede98e20f79d.png,13.0,2,65.0,29.0,"[{""hasPlayed"": true, ""points"": -8}, {""hasPlayed"": true, ""points"": 47}, {""hasPlayed"": true, ""points"": -8}, {""hasPlayed"": true, ""points"": 37}]",3,András Schäfer,-38866.0,-38866.0,-73196.0,-95535.0,-671011.0,-3206640.0,5.1,1.4313111545988255,0.0,0.0,0.0,0.0,0.0,0.0,10.0062,0.0
3364,40,Carl,Klaus,500000.0,,,,,,,0,1,https://kickbase.b-cdn.net/content/file/03530ee1979440f6865c5fc39260c63a.png,25.0,0,,0.0,"[{""hasPlayed"": false, ""points"": null}, {""hasPlayed"": false, ""points"": null}, {""hasPlayed"": false, ""points"": null}, {""hasPlayed"": false, ""points"": null}]",5,Carl Klaus,0.0,0.0,0.0,0.0,0.0,-2560245.0,0.0,1.3862622309197652,0.0,0.0,0.0,0.0,0.0,0.0,10.0062,0.0
3419,40,Matheo,Raab,540885.0,9.0,1.0,1.0,1.0,6161.0,9.0,0,1,https://kickbase.b-cdn.net/content/file/6f65c492a85a491b94cd3b8a37bae6f8.png,31.0,2,16.0,4.0,"[{""hasPlayed"": false, ""points"": null}, {""hasPlayed"": false, ""points"": null}, {""hasPlayed"": false, ""points"": null}, {""hasPlayed"": true, ""points"": 9}]",5,Matheo Raab,-112996.0,-112996.0,-122082.0,-128884.0,-907113.0,-4635247.0,3.9,1.3862622309197652,0.0,0.0,0.0,0.0,0.0,0.0,10.0062,0.0
3453,40,Derrick,Köhn,1557781.0,7.0,2.0,2.0,0.0,1536.0,13.0,0,2,https://kickbase.b-cdn.net/content/file/336162df73db46fdb0d35c73c0928582.png,17.0,2,8.0,10.0,"[{""hasPlayed"": true, ""points"": -6}, {""hasPlayed"": false, ""points"": null}, {""hasPlayed"": false, ""points"": null}, {""hasPlayed"": true, ""points"": 19}]",4,Derrick Köhn,-101222.0,-101222.0,-111206.0,-116502.0,-837284.0,-370487.0,0.0,1.4313111545988255,0.0,0.0,0.0,0.0,0.0,0.0,10.0062,0.0
4352,40,Stanley,Nsoki,500000.0,,,,,,,2,2,https://kickbase.b-cdn.net/content/file/6c54070a804d4f15acb3d09b63af882a.png,34.0,0,,0.0,"[{""hasPlayed"": false, ""points"": null}, {""hasPlayed"": false, ""points"": null}, {""hasPlayed"": false, ""points"": null}, {""hasPlayed"": false, ""points"": null}]",5,Stanley Nsoki,0.0,0.0,0.0,0.0,0.0,-1253753.0,0.0,1.4313111545988255,0.0,0.0,0.0,0.0,0.0,0.0,10.0062,0.0
4446,40,Aljoscha,Kemlein,2880183.0,14.0,4.0,4.0,3.0,13684.0,54.0,0,3,https://kickbase.b-cdn.net/content/file/2dc45e5315ff4262a38925af69a6e745.png,6.0,2,18.0,31.0,"[{""hasPlayed"": true, ""points"": -19}, {""hasPlayed"": true, ""points"": 6}, {""hasPlayed"": true, ""points"": 11}, {""hasPlayed"": true, ""points"": 56}]",3,Aljoscha Kemlein,-5332.0,-5332.0,-37443.0,-68023.0,-503602.0,-4844992.0,4.3,1.4313111545988255,0.0,0.0,1.0,1.0,0.0,1.0,10.0062,61.584538
4598,40,Josip,Juranović,7823774.0,100.0,3.0,3.0,3.0,16940.0,300.0,2,2,https://kickbase.b-cdn.net/content/file/17ce8593891544bbae052579071e5c45.png,18.0,1,38.0,99.0,"[{""hasPlayed"": false, ""points"": null}, {""hasPlayed"": true, ""points"": 72}, {""hasPlayed"": true, ""points"": 12}, {""hasPlayed"": true, ""points"": 216}]",3,Josip Juranović,291878.0,291878.0,344731.0,349480.0,2077655.0,-3043338.0,6.1,1.4313111545988255,0.0,0.0,0.0,0.85,0.15,0.2833333333333333,10.0062,24.753165
7684,40,Michel,Aebischer,4373456.0,7.0,4.0,4.0,4.0,18904.0,26.0,0,3,https://kickbase.b-cdn.net/content/file/53d3916429e94e6c8ea54b7c96c1fd91.png,20.0,1,5.0,20.0,"[{""hasPlayed"": true, ""points"": -15}, {""hasPlayed"": true, ""points"": 22}, {""hasPlayed"": true, ""points"": -6}, {""hasPlayed"": true, ""points"": 25}]",1,Michel Aebischer,382532.0,382532.0,368769.0,309443.0,1527093.0,-163004.0,4.0,1.4313111545988255,0.0,0.0,1.0,1.0,0.0,1.0,10.0062,57.287943
7723,40,Leopold,Querfeld,13341033.0,144.0,3.0,3.0,3.0,18251.0,432.0,0,2,https://kickbase.b-cdn.net/content/file/b9dfbb26ed9347b9a1585f29718c9d76.png,14.0,1,32.0,109.0,"[{""hasPlayed"": true, ""points"": 63}, {""hasPlayed"": true, ""points"": 112}, {""hasPlayed"": false, ""points"": null}, {""hasPlayed"": true, ""points"": 257}]",2,Leopold Querfeld,50641.0,50641.0,42445.0,51975.0,576833.0,-1440970.0,6.3,1.4313111545988255,0.0,0.0,1.0,1.0,0.0,1.0,10.0062,90.22851
8381,40,Livan,Burcu,1663953.0,13.0,4.0,4.0,2.0,11715.0,51.0,2,3,https://kickbase.b-cdn.net/content/file/9ee1048c9191462c82b58e23f1dbf647.png,9.0,2,30.0,19.0,"[{""hasPlayed"": true, ""points"": -13}, {""hasPlayed"": true, ""points"": 9}, {""hasPlayed"": true, ""points"": 28}, {""hasPlayed"": true, ""points"": 27}]",3,Livan Burcu,-81705.0,-81705.0,-80899.0,-94450.0,-722238.0,-3903497.0,4.6,1.4313111545988255,0.0,0.0,0.0,1.0,0.0,0.3333333333333333,10.0062,21.960378
9683,40,Andrej,Ilic,1738042.0,,,,,,,0,4,https://kickbase.b-cdn.net/content/file/1a56a70bd0c1483894bc78d61bf30f46.png,23.0,1,,0.0,"[{""hasPlayed"": false, ""points"": null}, {""hasPlayed"": false, ""points"": null}, {""hasPlayed"": false, ""points"": null}, {""hasPlayed"": false, ""points"": null}]",4,Andrej Ilic,149121.0,149121.0,88621.0,37994.0,113721.0,-2021923.0,0.0,1.4313111545988255,0.0,0.0,0.0,0.0,0.0,0.0,10.0062,0.0
10106,40,Marin,Ljubičić,1136688.0,1.0,3.0,3.0,2.0,14522.0,4.0,0,4,https://kickbase.b-cdn.net/content/file/fcb660bdc74f41ef85fd3f45ac56962e.png,27.0,2,3.0,15.0,"[{""hasPlayed"": false, ""points"": null}, {""hasPlayed"": true, ""points"": -10}, {""hasPlayed"": true, ""points"": -9}, {""hasPlayed"": true, ""points"": 23}]",4,Marin Ljubičić,-112295.0,-112295.0,-110815.0,-113787.0,-860376.0,-3579323.0,3.7,1.4313111545988255,0.0,0.0,1.0,0.0,0.0,0.6666666666666666,10.0062,35.327565
12763,40,Emmanuel,Latte Lath,3173624.0,19.0,4.0,4.0,4.0,15452.0,74.0,2,4,https://kickbase.b-cdn.net/content/file/d94f619b8cda4f03a559f3b3b10c2ffc.png,29.0,2,23.0,53.0,"[{""hasPlayed"": true, ""points"": -17}, {""hasPlayed"": true, ""points"": 11}, {""hasPlayed"": true, ""points"": -16}, {""hasPlayed"": true, ""points"": 96}]",3,Emmanuel Latte Lath,-56951.0,-56951.0,-48269.0,-56636.0,-515764.0,-6143982.0,4.4,1.4313111545988255,0.0,0.0,0.0,0.85,0.15,0.2833333333333333,10.0062,17.854742
13629,40,Linus,Güther,500000.0,,,,,,,0,3,https://kickbase.b-cdn.net/content/file/d92375c9bb9640858ef3fa4deebadf84.png,49.0,0,,0.0,"[{""hasPlayed"": false, ""points"": null}, {""hasPlayed"": false, ""points"": null}, {""hasPlayed"": false, ""points"": null}, {""hasPlayed"": false, ""points"": null}]",5,Linus Güther,0.0,0.0,0.0,0.0,0.0,-1423242.0,0.0,1.4313111545988255,0.0,0.0,0.0,0.0,0.0,0.0,10.0062,0.0
14917,40,Zeno,Van den Bosch,3096770.0,30.0,3.0,3.0,2.0,13169.0,90.0,0,2,https://kickbase.b-cdn.net/content/file/f19174a181cb4b18a6fb28116d085029.png,4.0,2,29.0,46.0,"[{""hasPlayed"": true, ""points"": -11}, {""hasPlayed"": false, ""points"": null}, {""hasPlayed"": true, ""points"": 10}, {""hasPlayed"": true, ""points"": 91}]",3,Zeno Van den Bosch,-72374.0,-72374.0,-99269.0,-100093.0,-724715.0,-6519979.0,4.2,1.4313111545988255,0.0,0.0,0.0,0.0,0.0,0.0,10.0062,0.0
17306,40,Kastriot,Imeri,664673.0,,,,,,,0,3,https://kickbase.b-cdn.net/content/file/a4b7da39d3b84ed08289b6992fe6d4ee.png,30.0,1,,0.0,"[{""hasPlayed"": false, ""points"": null}, {""hasPlayed"": false, ""points"": null}, {""hasPlayed"": false, ""points"": null}, {""hasPlayed"": false, ""points"": null}]",3,Kastriot Imeri,132540.0,132540.0,32133.0,0.0,60033.0,-2805767.0,0.0,1.4313111545988255,0.0,0.0,0.0,0.0,0.0,0.0,10.0062,0.0
357,4,Jens,Grahl,500000.0,,,,,,,0,1,https://kickbase.b-cdn.net/content/file/e76a9805862d4c849883f4035d7912a7.png,33.0,0,,0.0,"[{""hasPlayed"": false, ""points"": null}, {""hasPlayed"": false, ""points"": null}, {""hasPlayed"": false, ""points"": null}, {""hasPlayed"": false, ""points"": null}]",5,Jens Grahl,0.0,0.0,0.0,0.0,0.0,0.0,0.0,1.2566215871395765,0.0,0.0,0.0,0.0,0.0,0.0,10.0062,0.0
461,4,Timothy,Chandler,3455108.0,6.0,2.0,2.0,0.0,1847.0,12.0,0,2,https://kickbase.b-cdn.net/content/file/e7c03911a4054596904af25c839e49a8.png,22.0,2,3.0,12.0,"[{""hasPlayed"": false, ""points"": null}, {""hasPlayed"": true, ""points"": 21}, {""hasPlayed"": true, ""points"": -9}, {""hasPlayed"": false, ""points"": null}]",5,Timothy Chandler,-123382.0,-123382.0,-162056.0,-240446.0,-1815916.0,2403607.0,0.0,0.7831079356978822,0.0,0.0,0.0,0.0,0.0,0.0,10.0062,0.0
513,4,Mario,Götze,3070728.0,51.0,3.0,3.0,1.0,6551.0,152.0,0,3,https://kickbase.b-cdn.net/content/file/d3877d0c416e4d30a99efbd5a673b455.png,27.0,2,49.0,45.0,"[{""hasPlayed"": true, ""points"": 2}, {""hasPlayed"": true, ""points"": 94}, {""hasPlayed"": true, ""points"": 56}, {""hasPlayed"": false, ""points"": null}]",4,Mario Götze,-53623.0,-53623.0,-75426.0,-92783.0,-659557.0,-975760.0,7.1,0.7831079356978822,0.0,0.0,0.0,0.0,0.0,0.0,10.0062,0.0
2144,4,Robin,Koch,23205610.0,143.0,4.0,4.0,4.0,23279.0,573.0,0,2,https://kickbase.b-cdn.net/content/file/9ec4a1262fb84d21b3b5458cc97f9cf3.png,4.0,1,24.0,13.0,"[{""hasPlayed"": true, ""points"": 149}, {""hasPlayed"": true, ""points"": 159}, {""hasPlayed"": true, ""points"": 133}, {""hasPlayed"": true, ""points"": 132}]",1,Robin Koch,64762.0,64762.0,70521.0,74413.0,274317.0,-1207752.0,8.4,0.7831079356978822,0.0,0.0,1.0,1.0,0.0,1.0,10.0062,65.821851
2255,4,Jonathan,Burkardt,26039029.0,139.0,4.0,4.0,4.0,20108.0,554.0,0,4,https://kickbase.b-cdn.net/content/file/f11b49646cad49699fd37664e712e9c9.png,9.0,1,21.0,83.0,"[{""hasPlayed"": true, ""points"": 148}, {""hasPlayed"": true, ""points"": 246}, {""hasPlayed"": true, ""points"": 114}, {""hasPlayed"": true, ""points"": 46}]",1,Jonathan Burkardt,23232.0,23232.0,25866.0,32181.0,267310.0,775748.0,8.1,0.7831079356978822,0.0,0.0,1.0,1.0,0.0,1.0,10.0062,63.47107
2863,4,Ansgar,Knauff,7719865.0,38.0,1.0,1.0,0.0,1895.0,38.0,0,3,https://kickbase.b-cdn.net/content/file/df49f152f9bc4fd99f45742758ff5cfc.png,7.0,1,4.0,19.0,"[{""hasPlayed"": true, ""points"": 38}, {""hasPlayed"": false, ""points"": null}, {""hasPlayed"": false, ""points"": null}, {""hasPlayed"": false, ""points"": null}]",3,Ansgar Knauff,142591.0,142591.0,155211.0,168715.0,1244984.0,3803912.0,0.0,0.7831079356978822,0.0,0.0,1.0,0.0,0.0,0.6666666666666666,10.0062,0.0
2864,4,Nnamdi,Collins,10986586.0,16.0,1.0,1.0,0.0,1899.0,16.0,0,2,https://kickbase.b-cdn.net/content/file/47efb7c32b294c238dcddcc3bd26ac21.png,34.0,1,1.0,8.0,"[{""hasPlayed"": true, ""points"": 16}, {""hasPlayed"": false, ""points"": null}, {""hasPlayed"": false, ""points"": null}, {""hasPlayed"": false, ""points"": null}]",2,Nnamdi Collins,57093.0,57093.0,85072.0,106178.0,1105406.0,5432460.0,0.0,0.7831079356978822,0.0,0.0,1.0,1.0,0.0,1.0,10.0062,0.0
2887,4,Ritsu,Dōan,13951793.0,90.0,3.0,3.0,3.0,14819.0,271.0,0,3,https://kickbase.b-cdn.net/content/file/8ad9394d1b4e4df9b692dad3a7539c1d.png,20.0,1,19.0,47.0,"[{""hasPlayed"": true, ""points"": 95}, {""hasPlayed"": true, ""points"": 106}, {""hasPlayed"": true, ""points"": 70}, {""hasPlayed"": false, ""points"": null}]",2,Ritsu Dōan,28963.0,28963.0,14001.0,-19582.0,-1301821.0,-1708037.0,6.5,0.7831079356978822,0.0,0.0,1.0,1.0,0.0,1.0,10.0062,50.933575
3019,4,Noah,Atubolu,13374603.0,109.0,4.0,4.0,4.0,23279.0,436.0,0,1,https://kickbase.b-cdn.net/content/file/1a428dbd61524b48bb209d1ebee4ac6d.png,1.0,1,32.0,65.0,"[{""hasPlayed"": true, ""points"": 81}, {""hasPlayed"": true, ""points"": 189}, {""hasPlayed"": true, ""points"": 36}, {""hasPlayed"": true, ""points"": 130}]",1,Noah Atubolu,57914.0,57914.0,51753.0,47543.0,-50540.0,121066.0,6.8,1.2566215871395765,0.0,0.0,1.0,1.0,0.0,1.0,10.0062,85.503247
6081,4,Can,Uzun,26387669.0,119.0,4.0,4.0,4.0,20236.0,476.0,0,3,https://kickbase.b-cdn.net/content/file/d508a06c367e48b4a6ad92a95ee8612d.png,42.0,2,18.0,106.0,"[{""hasPlayed"": true, ""points"": 73}, {""hasPlayed"": true, ""points"": 279}, {""hasPlayed"": true, ""points"": 59}, {""hasPlayed"": true, ""points"": 65}]",3,Can Uzun,-61015.0,-61015.0,0.0,6881.0,93322.0,-1908711.0,6.9,0.7831079356978822,0.0,0.0,1.0,1.0,0.0,1.0,10.0062,54.067949
7275,4,Kauã,Santos,500000.0,,,,,,,0,1,https://kickbase.b-cdn.net/content/file/aa2d99e5647f41be9c144d86afcdde54.png,40.0,0,,0.0,"[{""hasPlayed"": false, ""points"": null}, {""hasPlayed"": false, ""points"": null}, {""hasPlayed"": false, ""points"": null}, {""hasPlayed"": false, ""points"": null}]",5,Kauã Santos,0.0,0.0,0.0,0.0,-368923.0,-3812891.0,0.0,1.2566215871395765,0.0,0.0,0.0,0.0,0.0,0.0,10.0062,0.0
7277,4,Farès,Chaïbi,3666457.0,54.0,2.0,2.0,1.0,7623.0,107.0,0,3,https://kickbase.b-cdn.net/content/file/774d9ee4bd994b9dae8672fbf45215fe.png,8.0,2,29.0,37.0,"[{""hasPlayed"": false, ""points"": null}, {""hasPlayed"": false, ""points"": null}, {""hasPlayed"": true, ""points"": 28}, {""hasPlayed"": true, ""points"": 79}]",4,Farès Chaïbi,-86021.0,-86021.0,-92302.0,-98169.0,-670636.0,-5887936.0,0.0,0.7831079356978822,0.0,0.0,0.0,0.0,0.0,0.0,10.0062,0.0
7325,4,Elias,Baum,7040687.0,89.0,4.0,4.0,4.0,19531.0,354.0,0,2,https://kickbase.b-cdn.net/content/file/0f3d607126284679ac5bc7ee81f890ad.png,2.0,2,50.0,71.0,"[{""hasPlayed"": true, ""points"": 18}, {""hasPlayed"": true, ""points"": 105}, {""hasPlayed"": true, ""points"": 50}, {""hasPlayed"": true, ""points"": 181}]",3,Elias Baum,-104920.0,-104920.0,-158368.0,-173549.0,-1378858.0,-6647854.0,5.8,0.7831079356978822,0.0,0.0,0.0,0.0,0.0,0.0,10.0062,0.0
7417,4,Noël,Aséko,8271467.0,40.0,2.0,2.0,2.0,6514.0,79.0,0,3,https://kickbase.b-cdn.net/content/file/4c3b212857824d74bed5f3922ab26e64.png,15.0,2,9.0,27.0,"[{""hasPlayed"": true, ""points"": 21}, {""hasPlayed"": true, ""points"": 58}, {""hasPlayed"": false, ""points"": null}, {""hasPlayed"": false, ""points"": null}]",2,Noël Aséko,-686381.0,-686381.0,-498358.0,-76728.0,-647533.0,3968777.0,0.0,0.7831079356978822,0.0,0.0,1.0,1.0,0.0,1.0,10.0062,0.0
8351,4,Oscar,Højlund,979942.0,3.0,2.0,2.0,0.0,3790.0,5.0,0,3,https://kickbase.b-cdn.net/content/file/9f25f3c48efd47488db3f0fea31226bc.png,6.0,2,5.0,1.0,"[{""hasPlayed"": true, ""points"": 4}, {""hasPlayed"": false, ""points"": null}, {""hasPlayed"": false, ""points"": null}, {""hasPlayed"": true, ""points"": 1}]",4,Oscar Højlund,-44715.0,-44715.0,-77087.0,-94600.0,-681807.0,-3510824.0,0.0,0.7831079356978822,0.0,0.0,0.0,0.0,0.0,0.0,10.0062,0.0
10004,4,Younes,Ebnoutalib,18873139.0,151.0,4.0,4.0,3.0,18068.0,603.0,0,4,https://kickbase.b-cdn.net/content/file/0a607bef8a9448cabbf3308c90e0dc6f.png,11.0,1,31.0,119.0,"[{""hasPlayed"": true, ""points"": 150}, {""hasPlayed"": true, ""points"": 11}, {""hasPlayed"": true, ""points"": 138}, {""hasPlayed"": true, ""points"": 304}]",3,Younes Ebnoutalib,155372.0,155372.0,179718.0,193553.0,1222166.0,3972116.0,7.5,0.7831079356978822,0.0,0.0,0.0,1.0,0.0,0.3333333333333333,10.0062,19.589837
11186,4,Jeremiaha,Maluze,4722043.0,198.0,2.0,2.0,2.0,11959.0,396.0,2,2,https://kickbase.b-cdn.net/content/file/41180e5bf4d046fbb3c24268c49459cb.png,37.0,1,83.0,114.0,"[{""hasPlayed"": false, ""points"": null}, {""hasPlayed"": true, ""points"": 202}, {""hasPlayed"": false, ""points"": null}, {""hasPlayed"": true, ""points"": 194}]",5,Jeremiaha Maluze,369930.0,369930.0,331602.0,225728.0,931381.0,548271.0,0.0,0.7831079356978822,0.0,0.0,0.0,0.0,0.0,0.0,10.0062,0.0
12284,4,Keita,Kosugi,8245165.0,64.0,4.0,4.0,4.0,23279.0,257.0,0,2,https://kickbase.b-cdn.net/content/file/4626c41eb1dd44d5b36bfde09dc9f229.png,26.0,2,31.0,26.0,"[{""hasPlayed"": true, ""points"": 38}, {""hasPlayed"": true, ""points"": 101}, {""hasPlayed"": true, ""points"": 54}, {""hasPlayed"": true, ""points"": 64}]",2,Keita Kosugi,-244767.0,-244767.0,-268871.0,-293353.0,-2428557.0,-1269124.0,5.4,0.7831079356978822,0.0,0.0,1.0,1.0,0.0,1.0,10.0062,42.314047
12285,4,Love,Arrhov,6039191.0,-6.0,1.0,1.0,0.0,944.0,-6.0,0,3,https://kickbase.b-cdn.net/content/file/02ec19133f8a43768226917be968f9f8.png,31.0,1,,3.0,"[{""hasPlayed"": false, ""points"": null}, {""hasPlayed"": false, ""points"": null}, {""hasPlayed"": false, ""points"": null}, {""hasPlayed"": true, ""points"": -6}]",5,Love Arrhov,134725.0,134725.0,187076.0,218790.0,1737442.0,4590207.0,0.0,0.7831079356978822,0.0,0.0,0.0,0.0,0.0,0.0,10.0062,0.0
12294,4,Ayoube,Amaimouni,2782345.0,24.0,4.0,4.0,1.0,7302.0,97.0,0,3,https://kickbase.b-cdn.net/content/file/5f68ec42f258435a8233881431dc3c75.png,29.0,2,34.0,32.0,"[{""hasPlayed"": true, ""points"": 3}, {""hasPlayed"": true, ""points"": 12}, {""hasPlayed"": true, ""points"": 9}, {""hasPlayed"": true, ""points"": 73}]",5,Ayoube Amaimouni,-104146.0,-104146.0,-110971.0,-111993.0,-802975.0,-5583210.0,5.7,0.7831079356978822,0.0,0.0,0.0,0.0,0.0,0.0,10.0062,0.0
14920,4,Malik,Pimpong,500000.0,-6.0,2.0,2.0,0.0,2139.0,-12.0,2,4,https://kickbase.b-cdn.net/content/file/0800fc3bf36841cbb6450f1a83cf8ee3.png,35.0,0,,10.0,"[{""hasPlayed"": false, ""points"": null}, {""hasPlayed"": false, ""points"": null}, {""hasPlayed"": true, ""points"": -18}, {""hasPlayed"": true, ""points"": 6}]",5,Malik Pimpong,0.0,0.0,0.0,0.0,0.0,-1686707.0,0.0,0.7831079356978822,0.0,0.0,0.0,0.0,0.0,0.0,10.0062,0.0
15589,4,,Otávio,3727188.0,-1.0,1.0,1.0,0.0,611.0,-1.0,0,2,https://kickbase.b-cdn.net/content/file/29d28defc06541cdb2d6e020dc443ca1.png,5.0,2,,0.0,"[{""hasPlayed"": false, ""points"": null}, {""hasPlayed"": false, ""points"": null}, {""hasPlayed"": false, ""points"": null}, {""hasPlayed"": true, ""points"": -1}]",5,Otávio,-116333.0,-116333.0,-117459.0,-122029.0,-993155.0,-2888484.0,0.0,0.7831079356978822,0.0,0.0,0.0,0.0,0.0,0.0,10.0062,0.0
16369,4,Raphael,Onyedika,6887525.0,41.0,4.0,4.0,4.0,23279.0,162.0,0,3,https://kickbase.b-cdn.net/content/file/4413ed18fac54a58a6e94d858ea72074.png,25.0,2,23.0,36.0,"[{""hasPlayed"": true, ""points"": 28}, {""hasPlayed"": true, ""points"": 12}, {""hasPlayed"": true, ""points"": 94}, {""hasPlayed"": true, ""points"": 28}]",1,Raphael Onyedika,28981.0,28981.0,-34462.0,-115140.0,-994200.0,-6143841.0,4.9,0.7831079356978822,0.0,0.0,1.0,1.0,0.0,1.0,10.0062,38.39608
17285,4,Lilian,Brassier,15096463.0,103.0,3.0,3.0,3.0,17118.0,310.0,0,2,https://kickbase.b-cdn.net/content/file/951b525cdfe04feaba0ac1724d5faf27.png,3.0,1,20.0,24.0,"[{""hasPlayed"": true, ""points"": 103}, {""hasPlayed"": true, ""points"": 128}, {""hasPlayed"": true, ""points"": 79}, {""hasPlayed"": false, ""points"": null}]",1,Lilian Brassier,69288.0,69288.0,65380.0,54873.0,378241.0,2539705.0,7.0,0.7831079356978822,0.0,0.0,1.0,1.0,0.0,1.0,10.0062,54.851542
60,18,Dominik,Kohr,1192295.0,96.0,1.0,1.0,1.0,4824.0,96.0,1,2,https://kickbase.b-cdn.net/content/file/fc6cb9d67771484baa8cd7547280f6cd.png,31.0,2,80.0,48.0,"[{""hasPlayed"": false, ""points"": null}, {""hasPlayed"": false, ""points"": null}, {""hasPlayed"": false, ""points"": null}, {""hasPlayed"": true, ""points"": 96}]",5,Dominik Kohr,-125510.0,-125510.0,-118096.0,-118149.0,-883291.0,-5094201.0,0.0,1.170180145649674,0.0,0.0,0.0,0.0,0.0,0.0,10.0062,0.0
550,18,Stefan,Bell,4196081.0,,,,,,,0,2,https://kickbase.b-cdn.net/content/file/b5f9d86fa6414225acae1ed532dfb2e7.png,16.0,2,,0.0,"[{""hasPlayed"": false, ""points"": null}, {""hasPlayed"": false, ""points"": null}, {""hasPlayed"": false, ""points"": null}, {""hasPlayed"": false, ""points"": null}]",5,Stefan Bell,-144776.0,-144776.0,-225117.0,-375380.0,-1283750.0,3307833.0,0.0,1.170180145649674,0.0,0.0,0.0,0.0,0.0,0.0,10.0062,0.0
620,18,Alexander,Schwolow,4665832.0,127.0,2.0,2.0,2.0,11879.0,253.0,0,1,https://kickbase.b-cdn.net/content/file/8c632c3299954c0f8703f77102907955.png,1.0,1,54.0,75.0,"[{""hasPlayed"": true, ""points"": 102}, {""hasPlayed"": false, ""points"": null}, {""hasPlayed"": true, ""points"": 151}, {""hasPlayed"": false, ""points"": null}]",2,Alexander Schwolow,76704.0,76704.0,-326.0,-51215.0,-947762.0,1854840.0,7.8,1.334036029129935,0.0,0.0,1.0,1.0,0.0,1.0,10.0062,104.119324
1540,18,Danny,Da Costa,5392018.0,86.0,4.0,4.0,1.0,10387.0,342.0,0,2,https://kickbase.b-cdn.net/content/file/d7479cd684eb4636932e2e5651e92411.png,21.0,1,63.0,83.0,"[{""hasPlayed"": true, ""points"": 168}, {""hasPlayed"": true, ""points"": -4}, {""hasPlayed"": true, ""points"": 35}, {""hasPlayed"": true, ""points"": 143}]",4,Danny Da Costa,236831.0,236831.0,242782.0,154364.0,613127.0,-5804319.0,7.6,1.170180145649674,0.0,0.0,0.0,0.0,0.0,0.0,10.0062,0.0
1590,18,Robin,Zentner,7932880.0,72.0,2.0,2.0,2.0,11529.0,144.0,4,1,https://kickbase.b-cdn.net/content/file/dad81a3053174c60b16a47385173f2d5.png,27.0,1,18.0,49.0,"[{""hasPlayed"": false, ""points"": null}, {""hasPlayed"": true, ""points"": 40}, {""hasPlayed"": false, ""points"": null}, {""hasPlayed"": true, ""points"": 104}]",4,Robin Zentner,133728.0,133728.0,156963.0,146881.0,834192.0,-6439752.0,5.6,1.334036029129935,0.0,0.0,0.0,0.0,0.0,0.0,10.0062,0.0
1639,18,Nadiem,Amiri,29107358.0,106.0,4.0,4.0,4.0,22430.0,423.0,0,3,https://kickbase.b-cdn.net/content/file/7d4c71e7f54e4886a93df87cf4f3987c.png,10.0,1,14.0,90.0,"[{""hasPlayed"": true, ""points"": 107}, {""hasPlayed"": true, ""points"": -23}, {""hasPlayed"": true, ""points"": 172}, {""hasPlayed"": true, ""points"": 167}]",1,Nadiem Amiri,49557.0,49557.0,51421.0,50053.0,277210.0,-5690080.0,6.8,1.170180145649674,0.0,0.0,1.0,1.0,0.0,1.0,10.0062,79.621585
2006,18,Stefan,Posch,8995201.0,94.0,3.0,3.0,3.0,17352.0,282.0,0,2,https://kickbase.b-cdn.net/content/file/890290d8b9bd491fb3c624f1c57d47bd.png,4.0,2,31.0,53.0,"[{""hasPlayed"": true, ""points"": 97}, {""hasPlayed"": true, ""points"": 62}, {""hasPlayed"": true, ""points"": 123}, {""hasPlayed"": false, ""points"": null}]",1,Stefan Posch,15965.0,15965.0,-30156.0,-113871.0,-1563230.0,483650.0,6.8,1.170180145649674,0.0,0.0,1.0,1.0,0.0,1.0,10.0062,79.621585
2030,18,Phillip,Tietz,19939695.0,165.0,4.0,4.0,4.0,23408.0,661.0,0,4,https://kickbase.b-cdn.net/content/file/2acf94096d5443fcb6d70524c93fb74e.png,9.0,1,33.0,105.0,"[{""hasPlayed"": true, ""points"": 126}, {""hasPlayed"": true, ""points"": 129}, {""hasPlayed"": true, ""points"": 321}, {""hasPlayed"": true, ""points"": 85}]",1,Phillip Tietz,38758.0,38758.0,45215.0,56869.0,595549.0,4541735.0,7.9,1.170180145649674,0.0,0.0,1.0,1.0,0.0,1.0,10.0062,92.501547
2232,18,Philipp,Mwene,8728003.0,115.0,4.0,4.0,4.0,22214.0,458.0,0,2,https://kickbase.b-cdn.net/content/file/90c9ea6f2e3c49fd8dc4455a289facd0.png,2.0,1,52.0,130.0,"[{""hasPlayed"": true, ""points"": 84}, {""hasPlayed"": true, ""points"": 1}, {""hasPlayed"": true, ""points"": 302}, {""hasPlayed"": true, ""points"": 71}]",1,Philipp Mwene,243972.0,243972.0,179480.0,98419.0,70025.0,-2364161.0,6.2,1.170180145649674,0.0,0.0,1.0,1.0,0.0,1.0,10.0062,72.596151
2399,18,Lennard,Maloney,500000.0,21.0,2.0,2.0,0.0,763.0,42.0,0,3,https://kickbase.b-cdn.net/content/file/8ae05919f4ae4c4a8ea0e0fdc6e08e32.png,15.0,0,84.0,12.0,"[{""hasPlayed"": true, ""points"": 19}, {""hasPlayed"": false, ""points"": null}, {""hasPlayed"": true, ""points"": 23}, {""hasPlayed"": false, ""points"": null}]",5,Lennard Maloney,0.0,0.0,0.0,0.0,0.0,-2055912.0,0.0,1.170180145649674,0.0,0.0,0.0,0.0,0.0,0.0,10.0062,0.0
2476,18,Jae-Sung,Lee,7824572.0,90.0,4.0,4.0,4.0,16550.0,360.0,0,3,https://kickbase.b-cdn.net/content/file/b0241527f3d94a8c976c749e2004944d.png,7.0,1,46.0,67.0,"[{""hasPlayed"": true, ""points"": 75}, {""hasPlayed"": true, ""points"": 9}, {""hasPlayed"": true, ""points"": 172}, {""hasPlayed"": true, ""points"": 104}]",3,Jae-Sung Lee,279226.0,279226.0,213013.0,108258.0,159952.0,-5360427.0,7.1,1.170180145649674,0.0,0.0,0.0,0.0,0.0,0.0,10.0062,0.0
2646,18,Sheraldo,Becker,17750105.0,163.0,4.0,4.0,4.0,17713.0,653.0,0,4,https://kickbase.b-cdn.net/content/file/e279d94dff1f46ea8a7f16ea6656528c.png,23.0,1,36.0,130.0,"[{""hasPlayed"": true, ""points"": 248}, {""hasPlayed"": true, ""points"": 54}, {""hasPlayed"": true, ""points"": 302}, {""hasPlayed"": true, ""points"": 49}]",1,Sheraldo Becker,56992.0,56992.0,42085.0,35711.0,372896.0,4272676.0,8.1,1.170180145649674,0.0,0.0,1.0,1.0,0.0,1.0,10.0062,94.843358
2702,18,Eric,Martel,6629856.0,91.0,1.0,1.0,0.0,2012.0,91.0,0,3,https://kickbase.b-cdn.net/content/file/8744ec1d907e4042b8afa0f7d030628c.png,5.0,2,13.0,45.0,"[{""hasPlayed"": true, ""points"": 91}, {""hasPlayed"": false, ""points"": null}, {""hasPlayed"": false, ""points"": null}, {""hasPlayed"": false, ""points"": null}]",3,Eric Martel,-417386.0,-417386.0,-566100.0,-426670.0,-1184309.0,4073405.0,0.0,1.170180145649674,0.0,0.0,1.0,1.0,0.0,1.0,10.0062,0.0
2822,18,,Silas,2761638.0,,,,,,,4,4,https://kickbase.b-cdn.net/content/file/c9d8809a21ab421eae753d788da8f8e3.png,26.0,2,,0.0,"[{""hasPlayed"": false, ""points"": null}, {""hasPlayed"": false, ""points"": null}, {""hasPlayed"": false, ""points"": null}, {""hasPlayed"": false, ""points"": null}]",5,Silas,-127548.0,-127548.0,-129409.0,-150525.0,-1396254.0,1906051.0,0.0,1.170180145649674,0.0,0.0,0.0,0.0,0.0,0.0,10.0062,0.0
2895,18,Paul,Nebel,8045813.0,,,,,,,0,3,https://kickbase.b-cdn.net/content/file/03b835615e0c4ae3850ce2970f9cec04.png,8.0,2,,0.0,"[{""hasPlayed"": false, ""points"": null}, {""hasPlayed"": false, ""points"": null}, {""hasPlayed"": false, ""points"": null}, {""hasPlayed"": false, ""points"": null}]",5,Paul Nebel,-362828.0,-362828.0,-82674.0,62665.0,313288.0,4316286.0,0.0,1.170180145649674,0.0,0.0,0.0,0.0,0.0,0.0,10.0062,0.0
3041,18,Silvan,Widmer,511952.0,29.0,1.0,1.0,0.0,1324.0,29.0,0,2,https://kickbase.b-cdn.net/content/file/0c5f8e3a3a1145cfadc9fbe799559ed4.png,30.0,1,56.0,14.0,"[{""hasPlayed"": false, ""points"": null}, {""hasPlayed"": false, ""points"": null}, {""hasPlayed"": false, ""points"": null}, {""hasPlayed"": true, ""points"": 29}]",5,Silvan Widmer,11952.0,11952.0,0.0,0.0,11952.0,-1695048.0,0.0,1.170180145649674,0.0,0.0,0.0,0.0,0.0,0.0,10.0062,0.0
3318,18,Ransford,Königsdörffer,4807741.0,50.0,4.0,4.0,0.0,7458.0,198.0,0,4,https://kickbase.b-cdn.net/content/file/4f3abfff728148fda062801c5af46204.png,11.0,2,41.0,55.0,"[{""hasPlayed"": true, ""points"": 18}, {""hasPlayed"": true, ""points"": 31}, {""hasPlayed"": true, ""points"": 132}, {""hasPlayed"": true, ""points"": 17}]",5,Ransford Königsdörffer,-78632.0,-78632.0,-96921.0,-292302.0,-1850219.0,87215.0,6.9,1.170180145649674,0.0,0.0,0.0,0.0,0.0,0.0,10.0062,0.0
3470,18,Anthony,Caci,8779055.0,84.0,4.0,4.0,4.0,17426.0,337.0,0,2,https://kickbase.b-cdn.net/content/file/5bb349b2622049a7aa73a59edcec1781.png,19.0,1,38.0,55.0,"[{""hasPlayed"": true, ""points"": 118}, {""hasPlayed"": true, ""points"": 3}, {""hasPlayed"": true, ""points"": 92}, {""hasPlayed"": true, ""points"": 124}]",2,Anthony Caci,287082.0,287082.0,287726.0,268689.0,1433274.0,-3900485.0,6.8,1.170180145649674,0.0,0.0,1.0,0.85,0.15,0.9500000000000001,10.0062,75.640505
6111,18,Benedict,Hollerbach,5719289.0,7.0,1.0,1.0,0.0,1187.0,7.0,0,4,https://kickbase.b-cdn.net/content/file/212f0c9603f04c869640c40bdbb0a396.png,17.0,2,1.0,3.0,"[{""hasPlayed"": false, ""points"": null}, {""hasPlayed"": true, ""points"": 7}, {""hasPlayed"": false, ""points"": null}, {""hasPlayed"": false, ""points"": null}]",5,Benedict Hollerbach,-641828.0,-641828.0,-142115.0,88665.0,101280.0,3439376.0,0.0,1.170180145649674,0.0,0.0,0.0,0.0,0.0,0.0,10.0062,0.0
8307,18,Kaishu,Sano,20220783.0,145.0,4.0,4.0,4.0,23095.0,581.0,0,3,https://kickbase.b-cdn.net/content/file/aa2bb0e7fba5493db89b7b6646147ddc.png,6.0,1,28.0,36.0,"[{""hasPlayed"": true, ""points"": 169}, {""hasPlayed"": true, ""points"": 99}, {""hasPlayed"": true, ""points"": 180}, {""hasPlayed"": true, ""points"": 133}]",1,Kaishu Sano,36506.0,36506.0,29220.0,21917.0,138443.0,2153559.0,8.3,1.170180145649674,0.0,0.0,1.0,1.0,0.0,1.0,10.0062,97.18517
10122,18,Fabio,Gruber,9491963.0,117.0,4.0,4.0,4.0,23408.0,469.0,0,2,https://kickbase.b-cdn.net/content/file/278ee138191a434c98f6a644a68e553c.png,3.0,1,49.0,63.0,"[{""hasPlayed"": true, ""points"": 118}, {""hasPlayed"": true, ""points"": 34}, {""hasPlayed"": true, ""points"": 187}, {""hasPlayed"": true, ""points"": 130}]",2,Fabio Gruber,179615.0,179615.0,72022.0,24994.0,-355237.0,-2442846.0,7.2,1.170180145649674,0.0,0.0,1.0,1.0,0.0,1.0,10.0062,84.305207
11261,18,Sota,Kawasaki,500000.0,,,,,,,0,3,https://kickbase.b-cdn.net/content/file/4678b1fe37904abeb5122cf3927324dc.png,24.0,0,,0.0,"[{""hasPlayed"": false, ""points"": null}, {""hasPlayed"": false, ""points"": null}, {""hasPlayed"": false, ""points"": null}, {""hasPlayed"": false, ""points"": null}]",5,Sota Kawasaki,0.0,0.0,0.0,0.0,0.0,-2118119.0,0.0,1.170180145649674,0.0,0.0,0.0,0.0,0.0,0.0,10.0062,0.0
11665,18,Kacper,Potulski,6313177.0,61.0,4.0,4.0,3.0,18584.0,244.0,0,2,https://kickbase.b-cdn.net/content/file/b1ee33c0ce864060a4d44adf70936760.png,48.0,1,38.0,59.0,"[{""hasPlayed"": true, ""points"": 88}, {""hasPlayed"": true, ""points"": -2}, {""hasPlayed"": true, ""points"": 130}, {""hasPlayed"": true, ""points"": 28}]",1,Kacper Potulski,216681.0,216681.0,134294.0,49440.0,-323287.0,-66434.0,6.2,1.170180145649674,0.0,0.0,1.0,1.0,0.0,1.0,10.0062,72.596151
11666,18,Maximilian,Kinzig,500000.0,,,,,,,0,1,https://kickbase.b-cdn.net/content/file/7add439bbfdf4921bf609edc2ed32e8e.png,40.0,0,,0.0,"[{""hasPlayed"": false, ""points"": null}, {""hasPlayed"": false, ""points"": null}, {""hasPlayed"": false, ""points"": null}, {""hasPlayed"": false, ""points"": null}]",5,Maximilian Kinzig,0.0,0.0,0.0,0.0,0.0,0.0,0.0,1.334036029129935,0.0,0.0,0.0,0.0,0.0,0.0,10.0062,0.0
13438,18,Otto,Ruoppi,3849615.0,28.0,3.0,3.0,0.0,2479.0,85.0,4,3,https://kickbase.b-cdn.net/content/file/87f2fcbedcfd4094b1aa3112efb54de3.png,20.0,2,22.0,19.0,"[{""hasPlayed"": false, ""points"": null}, {""hasPlayed"": true, ""points"": 47}, {""hasPlayed"": true, ""points"": 23}, {""hasPlayed"": true, ""points"": 15}]",5,Otto Ruoppi,-146198.0,-146198.0,-224591.0,-895474.0,-2057616.0,2278146.0,6.2,1.170180145649674,0.0,0.0,0.0,0.0,0.0,0.0,10.0062,0.0
17179,18,Rael-Tshimbela,Nakuzola,500000.0,27.0,2.0,2.0,0.0,1517.0,54.0,0,2,https://kickbase.b-cdn.net/content/file/6c0a23ba3672480f9163c215c36670c8.png,47.0,0,108.0,15.0,"[{""hasPlayed"": false, ""points"": null}, {""hasPlayed"": true, ""points"": 31}, {""hasPlayed"": true, ""points"": 23}, {""hasPlayed"": false, ""points"": null}]",5,Rael-Tshimbela Nakuzola,0.0,0.0,0.0,0.0,0.0,-1238577.0,0.0,1.170180145649674,0.0,0.0,0.0,0.0,0.0,0.0,10.0062,0.0
168,29,Sven,Michel,500000.0,,,,,,,0,4,https://kickbase.b-cdn.net/content/file/e03c92ddb64b4dfaa85fddc8832168ef.png,11.0,0,,0.0,"[{""hasPlayed"": false, ""points"": null}, {""hasPlayed"": false, ""points"": null}, {""hasPlayed"": false, ""points"": null}, {""hasPlayed"": false, ""points"": null}]",5,Sven Michel,0.0,0.0,0.0,0.0,0.0,-991613.0,0.0,0.7672875733605512,0.0,0.0,0.0,0.0,0.0,0.0,10.0062,0.0
1964,29,Felix,Götze,3783483.0,40.0,1.0,1.0,0.0,1111.0,40.0,0,2,https://kickbase.b-cdn.net/content/file/211c165645f84bc08e3bac17e3ba0dcf.png,20.0,1,10.0,20.0,"[{""hasPlayed"": true, ""points"": 40}, {""hasPlayed"": false, ""points"": null}, {""hasPlayed"": false, ""points"": null}, {""hasPlayed"": false, ""points"": null}]",3,Felix Götze,367545.0,367545.0,368876.0,314898.0,1465761.0,-598260.0,0.0,0.7672875733605512,0.0,0.0,0.0,0.0,0.0,0.0,10.0062,0.0
2015,29,Raphael,Obermair,6705438.0,65.0,4.0,4.0,4.0,21054.0,258.0,0,3,https://kickbase.b-cdn.net/content/file/0d9820e6e0904252b629770883bf6ed2.png,23.0,1,38.0,17.0,"[{""hasPlayed"": true, ""points"": 62}, {""hasPlayed"": true, ""points"": 56}, {""hasPlayed"": true, ""points"": 50}, {""hasPlayed"": true, ""points"": 90}]",1,Raphael Obermair,307855.0,307855.0,323599.0,321652.0,1836160.0,-2160428.0,5.6,0.7672875733605512,0.0,0.0,1.0,1.0,0.0,1.0,10.0062,42.994744
2301,29,Oliver,Batista Meier,500000.0,-9.0,2.0,2.0,0.0,2817.0,-18.0,0,3,https://kickbase.b-cdn.net/content/file/80153ba03a7849fdae3b398764d24b18.png,7.0,2,,5.0,"[{""hasPlayed"": false, ""points"": null}, {""hasPlayed"": true, ""points"": -7}, {""hasPlayed"": true, ""points"": -11}, {""hasPlayed"": false, ""points"": null}]",5,Oliver Batista Meier,0.0,0.0,-9616.0,-112807.0,-641188.0,-3964519.0,0.0,0.7672875733605512,0.0,0.0,0.0,0.0,0.0,0.0,10.0062,0.0
2471,29,Markus,Schubert,500000.0,,,,,,,0,1,https://kickbase.b-cdn.net/content/file/1602a8ef777540f4ac5390f258ed237c.png,1.0,0,,0.0,"[{""hasPlayed"": false, ""points"": null}, {""hasPlayed"": false, ""points"": null}, {""hasPlayed"": false, ""points"": null}, {""hasPlayed"": false, ""points"": null}]",5,Markus Schubert,0.0,0.0,0.0,0.0,0.0,-1287250.0,0.0,1.2534575146721103,0.0,0.0,0.0,0.0,0.0,0.0,10.0062,0.0
2498,29,Tom,Baack,500000.0,22.0,2.0,2.0,0.0,2438.0,44.0,0,3,https://kickbase.b-cdn.net/content/file/e009e7eb6946411f8f86641cb56174fe.png,6.0,0,88.0,15.0,"[{""hasPlayed"": true, ""points"": 32}, {""hasPlayed"": false, ""points"": null}, {""hasPlayed"": false, ""points"": null}, {""hasPlayed"": true, ""points"": 12}]",5,Tom Baack,0.0,0.0,0.0,0.0,0.0,-1549445.0,0.0,0.7672875733605512,0.0,0.0,0.0,0.0,0.0,0.0,10.0062,0.0
2749,29,Steffen,Tigges,6765136.0,52.0,4.0,4.0,0.0,9115.0,208.0,0,4,https://kickbase.b-cdn.net/content/file/10d7abeb491e42818537662e1ceba8d1.png,27.0,1,30.0,70.0,"[{""hasPlayed"": true, ""points"": 151}, {""hasPlayed"": true, ""points"": -14}, {""hasPlayed"": true, ""points"": 39}, {""hasPlayed"": true, ""points"": 32}]",4,Steffen Tigges,75402.0,75402.0,124217.0,159965.0,1286198.0,2593211.0,7.1,0.7672875733605512,0.0,0.0,0.0,0.0,0.0,0.0,10.0062,0.0
2977,29,Nahuel,Noll,14113123.0,126.0,4.0,4.0,4.0,22857.0,504.0,0,1,https://kickbase.b-cdn.net/content/file/48b2c904ac8c41fdaa5c9503ba6e81ca.png,15.0,1,35.0,21.0,"[{""hasPlayed"": true, ""points"": 122}, {""hasPlayed"": true, ""points"": 158}, {""hasPlayed"": true, ""points"": 113}, {""hasPlayed"": true, ""points"": 111}]",1,Nahuel Noll,34151.0,34151.0,45141.0,49883.0,247901.0,973917.0,7.0,1.2534575146721103,0.0,0.0,1.0,1.0,0.0,1.0,10.0062,87.796426
3027,29,Marvin,Pieringer,4767742.0,36.0,4.0,4.0,4.0,19055.0,144.0,0,4,https://kickbase.b-cdn.net/content/file/599aac2ada574e618a4b2ef6956cd9b3.png,18.0,1,30.0,79.0,"[{""hasPlayed"": true, ""points"": 70}, {""hasPlayed"": true, ""points"": 9}, {""hasPlayed"": true, ""points"": 1}, {""hasPlayed"": true, ""points"": 64}]",1,Marvin Pieringer,274325.0,274325.0,229115.0,161129.0,721400.0,558423.0,5.5,0.7672875733605512,0.0,0.0,1.0,1.0,0.0,1.0,10.0062,42.226981
3081,29,Gabriel,Vidović,8075131.0,49.0,4.0,4.0,4.0,20022.0,195.0,0,3,https://kickbase.b-cdn.net/content/file/cbf9ad550a164e0392e43ae723e2d83d.png,40.0,1,24.0,41.0,"[{""hasPlayed"": true, ""points"": 94}, {""hasPlayed"": true, ""points"": 27}, {""hasPlayed"": true, ""points"": 2}, {""hasPlayed"": true, ""points"": 72}]",1,Gabriel Vidović,141765.0,141765.0,186447.0,201568.0,1594395.0,305434.0,5.8,0.7672875733605512,0.0,0.0,1.0,1.0,0.0,1.0,10.0062,44.530271
3336,29,Stefano,Marino,7818139.0,52.0,4.0,4.0,3.0,13391.0,207.0,0,4,https://kickbase.b-cdn.net/content/file/197aeeb1c0994cb68e398212e6941782.png,30.0,1,26.0,64.0,"[{""hasPlayed"": true, ""points"": 144}, {""hasPlayed"": true, ""points"": 32}, {""hasPlayed"": true, ""points"": -4}, {""hasPlayed"": true, ""points"": 35}]",2,Stefano Marino,240408.0,240408.0,265321.0,266923.0,1829386.0,2673107.0,6.5,0.7672875733605512,0.0,0.0,1.0,1.0,0.0,1.0,10.0062,49.904614
3491,29,Sebastian,Klaas,500000.0,,,,,,,2,3,https://kickbase.b-cdn.net/content/file/889217c751e5403eaf39162d4dc54b9a.png,26.0,0,,0.0,"[{""hasPlayed"": false, ""points"": null}, {""hasPlayed"": false, ""points"": null}, {""hasPlayed"": false, ""points"": null}, {""hasPlayed"": false, ""points"": null}]",5,Sebastian Klaas,0.0,0.0,0.0,0.0,0.0,-1370117.0,0.0,0.7672875733605512,0.0,0.0,0.0,0.0,0.0,0.0,10.0062,0.0
3492,29,Marcel,Hoffmeier,500000.0,,,,,,,4,2,https://kickbase.b-cdn.net/content/file/b4ad73b6a3334bf8a2efdbe5b1d7e19c.png,33.0,0,,0.0,"[{""hasPlayed"": false, ""points"": null}, {""hasPlayed"": false, ""points"": null}, {""hasPlayed"": false, ""points"": null}, {""hasPlayed"": false, ""points"": null}]",5,Marcel Hoffmeier,0.0,0.0,0.0,0.0,0.0,-3135944.0,0.0,0.7672875733605512,0.0,0.0,0.0,0.0,0.0,0.0,10.0062,0.0
3559,29,Laurin,Ulrich,9083511.0,69.0,4.0,4.0,4.0,19425.0,277.0,0,3,https://kickbase.b-cdn.net/content/file/bd6e7a7bc0ff4f5397cce0a6fb3864fa.png,28.0,1,30.0,31.0,"[{""hasPlayed"": true, ""points"": 109}, {""hasPlayed"": true, ""points"": 45}, {""hasPlayed"": true, ""points"": 79}, {""hasPlayed"": true, ""points"": 44}]",1,Laurin Ulrich,68330.0,68330.0,104524.0,137381.0,1165868.0,1754593.0,5.8,0.7672875733605512,0.0,0.0,1.0,1.0,0.0,1.0,10.0062,44.530271
6197,29,Laurin,Curda,9189250.0,99.0,4.0,4.0,4.0,21259.0,397.0,0,2,https://kickbase.b-cdn.net/content/file/ba195e9442954a30a3835950c99832a5.png,17.0,1,43.0,86.0,"[{""hasPlayed"": true, ""points"": 159}, {""hasPlayed"": true, ""points"": 36}, {""hasPlayed"": true, ""points"": 15}, {""hasPlayed"": true, ""points"": 187}]",1,Laurin Curda,295223.0,295223.0,328656.0,337514.0,2203036.0,-1554384.0,6.7,0.7672875733605512,0.0,0.0,1.0,1.0,0.0,1.0,10.0062,51.440141
6217,29,Rayan,Philippe,2527855.0,18.0,4.0,4.0,1.0,5063.0,71.0,0,4,https://kickbase.b-cdn.net/content/file/585c2df9602d47268fb6aaf32245792c.png,9.0,2,28.0,32.0,"[{""hasPlayed"": true, ""points"": 59}, {""hasPlayed"": true, ""points"": -14}, {""hasPlayed"": true, ""points"": 27}, {""hasPlayed"": true, ""points"": -1}]",4,Rayan Philippe,-88416.0,-88416.0,-102679.0,-112813.0,-802774.0,-650053.0,7.4,0.7672875733605512,0.0,0.0,0.0,0.0,0.0,0.0,10.0062,0.0
6292,29,Mattes,Hansen,3805225.0,63.0,4.0,4.0,4.0,19509.0,253.0,0,2,https://kickbase.b-cdn.net/content/file/c747e1ad35ed44f4afbc5de1075d8bf1.png,22.0,1,66.0,21.0,"[{""hasPlayed"": true, ""points"": 93}, {""hasPlayed"": true, ""points"": 44}, {""hasPlayed"": true, ""points"": 52}, {""hasPlayed"": true, ""points"": 64}]",3,Mattes Hansen,66707.0,66707.0,15742.0,-28500.0,-255408.0,-1826786.0,5.6,0.7672875733605512,0.0,0.0,1.0,1.0,0.0,1.0,10.0062,42.994744
6751,29,Florian,Pruhs,500000.0,,,,,,,0,1,https://kickbase.b-cdn.net/content/file/3878770830244658b3841f0074466ab7.png,31.0,0,,0.0,"[{""hasPlayed"": false, ""points"": null}, {""hasPlayed"": false, ""points"": null}, {""hasPlayed"": false, ""points"": null}, {""hasPlayed"": false, ""points"": null}]",5,Florian Pruhs,0.0,0.0,0.0,0.0,0.0,-1627327.0,0.0,1.2534575146721103,0.0,0.0,0.0,0.0,0.0,0.0,10.0062,0.0
7320,29,Tjark,Scheller,7708319.0,92.0,4.0,4.0,4.0,22857.0,369.0,0,2,https://kickbase.b-cdn.net/content/file/06f63d14a0f4493faf04f78ea6aa5f10.png,25.0,1,47.0,40.0,"[{""hasPlayed"": true, ""points"": 116}, {""hasPlayed"": true, ""points"": 44}, {""hasPlayed"": true, ""points"": 76}, {""hasPlayed"": true, ""points"": 133}]",1,Tjark Scheller,315591.0,315591.0,353552.0,362149.0,2127783.0,-937719.0,6.2,0.7672875733605512,0.0,0.0,1.0,1.0,0.0,1.0,10.0062,47.601324
7616,29,Jano,ter Horst,10149469.0,102.0,4.0,4.0,4.0,22117.0,406.0,0,2,https://kickbase.b-cdn.net/content/file/a931e1f10bb84a9bb35b795a7857b8ee.png,21.0,1,40.0,59.0,"[{""hasPlayed"": true, ""points"": 161}, {""hasPlayed"": true, ""points"": 64}, {""hasPlayed"": true, ""points"": 38}, {""hasPlayed"": true, ""points"": 143}]",1,Jano ter Horst,269327.0,269327.0,312588.0,330352.0,2280113.0,581684.0,6.8,0.7672875733605512,0.0,0.0,1.0,1.0,0.0,1.0,10.0062,52.207904
8292,29,Santiago,Castañeda,10902932.0,124.0,4.0,4.0,4.0,22857.0,495.0,0,3,https://kickbase.b-cdn.net/content/file/37ddcd7042414ce59c844f52d87ee300.png,5.0,1,45.0,75.0,"[{""hasPlayed"": true, ""points"": 235}, {""hasPlayed"": true, ""points"": 89}, {""hasPlayed"": true, ""points"": 70}, {""hasPlayed"": true, ""points"": 101}]",1,Santiago Castañeda,127957.0,127957.0,146983.0,168090.0,1438348.0,1233002.0,7.3,0.7672875733605512,0.0,0.0,1.0,1.0,0.0,1.0,10.0062,56.04672
8872,29,Jonah,Sticker,907735.0,44.0,3.0,3.0,0.0,3739.0,131.0,0,2,https://kickbase.b-cdn.net/content/file/74f3dad539cd4e30aabca849e8e8bc64.png,3.0,1,144.0,56.0,"[{""hasPlayed"": true, ""points"": 116}, {""hasPlayed"": false, ""points"": null}, {""hasPlayed"": true, ""points"": -6}, {""hasPlayed"": true, ""points"": 21}]",5,Jonah Sticker,252572.0,252572.0,135942.0,19221.0,319870.0,-2362767.0,8.4,0.7672875733605512,0.0,0.0,0.0,0.0,0.0,0.0,10.0062,0.0
8984,29,Nyamekye,Awortwie-Grant,500000.0,,,,,,,4,2,https://kickbase.b-cdn.net/content/file/6b0e71018bd542b0b17a0e0a3e9058ac.png,4.0,0,,0.0,"[{""hasPlayed"": false, ""points"": null}, {""hasPlayed"": false, ""points"": null}, {""hasPlayed"": false, ""points"": null}, {""hasPlayed"": false, ""points"": null}]",5,Nyamekye Awortwie-Grant,0.0,0.0,0.0,0.0,0.0,-662408.0,0.0,0.7672875733605512,0.0,0.0,0.0,0.0,0.0,0.0,10.0062,0.0
9283,29,Deniz,Zeitler,500000.0,,,,,,,0,4,https://kickbase.b-cdn.net/content/file/cde6a72f67e043e0b1b56ac70e3f9c19.png,38.0,0,,0.0,"[{""hasPlayed"": false, ""points"": null}, {""hasPlayed"": false, ""points"": null}, {""hasPlayed"": false, ""points"": null}, {""hasPlayed"": false, ""points"": null}]",5,Deniz Zeitler,0.0,0.0,0.0,0.0,0.0,-2230253.0,0.0,0.7672875733605512,0.0,0.0,0.0,0.0,0.0,0.0,10.0062,0.0
10048,29,Luka,Duric,500000.0,-16.0,1.0,1.0,0.0,1010.0,-16.0,0,3,https://kickbase.b-cdn.net/content/file/fdce53ba9bff4a39b30dda997ad991ee.png,8.0,0,,8.0,"[{""hasPlayed"": false, ""points"": null}, {""hasPlayed"": true, ""points"": -16}, {""hasPlayed"": false, ""points"": null}, {""hasPlayed"": false, ""points"": null}]",5,Luka Duric,0.0,0.0,0.0,0.0,0.0,-1398722.0,0.0,0.7672875733605512,0.0,0.0,0.0,0.0,0.0,0.0,10.0062,0.0
11170,29,Ruben,Müller,500000.0,,,,,,,0,3,https://kickbase.b-cdn.net/content/file/30dea41b80454a638771929f17e0d368.png,2.0,0,,0.0,"[{""hasPlayed"": false, ""points"": null}, {""hasPlayed"": false, ""points"": null}, {""hasPlayed"": false, ""points"": null}, {""hasPlayed"": false, ""points"": null}]",5,Ruben Müller,0.0,0.0,0.0,0.0,0.0,-2279853.0,0.0,0.7672875733605512,0.0,0.0,0.0,0.0,0.0,0.0,10.0062,0.0
12262,29,Albert Frank,Millgramm,500000.0,,,,,,,0,4,https://kickbase.b-cdn.net/content/file/0635ef3343fb4b138fd946cc4a199637.png,19.0,0,,0.0,"[{""hasPlayed"": false, ""points"": null}, {""hasPlayed"": false, ""points"": null}, {""hasPlayed"": false, ""points"": null}, {""hasPlayed"": false, ""points"": null}]",5,Albert Frank Millgramm,0.0,0.0,0.0,0.0,0.0,-2390075.0,0.0,0.7672875733605512,0.0,0.0,0.0,0.0,0.0,0.0,10.0062,0.0
14911,29,Clemens,Lippmann,500000.0,-11.0,2.0,2.0,0.0,1779.0,-21.0,0,2,https://kickbase.b-cdn.net/content/file/7462061e1e7843ffb7efaa2fe7e2b5f5.png,29.0,0,,11.0,"[{""hasPlayed"": false, ""points"": null}, {""hasPlayed"": true, ""points"": -23}, {""hasPlayed"": false, ""points"": null}, {""hasPlayed"": true, ""points"": 2}]",5,Clemens Lippmann,0.0,0.0,0.0,0.0,0.0,-1168858.0,0.0,0.7672875733605512,0.0,0.0,0.0,0.0,0.0,0.0,10.0062,0.0
14914,29,Timur,Gayret,500000.0,,,,,,,4,3,https://kickbase.b-cdn.net/content/file/174077d2fba447fbb8a0e46a12d28245.png,44.0,0,,0.0,"[{""hasPlayed"": false, ""points"": null}, {""hasPlayed"": false, ""points"": null}, {""hasPlayed"": false, ""points"": null}, {""hasPlayed"": false, ""points"": null}]",5,Timur Gayret,0.0,0.0,0.0,0.0,0.0,-36782.0,0.0,0.7672875733605512,0.0,0.0,0.0,0.0,0.0,0.0,10.0062,0.0
1225,43,Leopold,Zingerle,500000.0,,,,,,,0,1,https://kickbase.b-cdn.net/content/file/d257ae98474e45c4ad7082fbe5adde82.png,25.0,0,,0.0,"[{""hasPlayed"": false, ""points"": null}, {""hasPlayed"": false, ""points"": null}, {""hasPlayed"": false, ""points"": null}, {""hasPlayed"": false, ""points"": null}]",5,Leopold Zingerle,0.0,0.0,0.0,0.0,0.0,0.0,0.0,1.5054095432508294,0.0,0.0,0.0,0.0,0.0,0.0,10.0062,0.0
1246,43,Willi,Orban,28443714.0,168.0,4.0,4.0,4.0,23354.0,671.0,0,2,https://kickbase.b-cdn.net/content/file/1f7999ae3a674c74ac9b8d4f00ed1028.png,4.0,1,23.0,95.0,"[{""hasPlayed"": true, ""points"": 84}, {""hasPlayed"": true, ""points"": 300}, {""hasPlayed"": true, ""points"": 116}, {""hasPlayed"": true, ""points"": 171}]",2,Willi Orban,32923.0,32923.0,38049.0,41642.0,299964.0,-1935751.0,7.3,2.0270477162541463,0.0,0.0,1.0,1.0,0.0,1.0,10.0062,148.066227
1333,43,Lukas,Klostermann,3353847.0,,,,,,,0,2,https://kickbase.b-cdn.net/content/file/91ea3cbf0389453ca1c0add22d52e089.png,16.0,2,,0.0,"[{""hasPlayed"": false, ""points"": null}, {""hasPlayed"": false, ""points"": null}, {""hasPlayed"": false, ""points"": null}, {""hasPlayed"": false, ""points"": null}]",5,Lukas Klostermann,-121198.0,-121198.0,-123188.0,-128685.0,-2321594.0,2640339.0,0.0,2.0270477162541463,0.0,0.0,0.0,0.0,0.0,0.0,10.0062,0.0
1689,43,Benjamin,Henrichs,4617201.0,41.0,3.0,3.0,1.0,6495.0,122.0,0,2,https://kickbase.b-cdn.net/content/file/c091f35a668e446caa75ecc93b1084dd.png,39.0,2,26.0,58.0,"[{""hasPlayed"": true, ""points"": -23}, {""hasPlayed"": true, ""points"": 111}, {""hasPlayed"": false, ""points"": null}, {""hasPlayed"": true, ""points"": 34}]",3,Benjamin Henrichs,-2261.0,-2261.0,-43065.0,-78484.0,-1229753.0,-31019.0,6.1,2.0270477162541463,0.0,0.0,0.0,0.0,0.0,0.0,10.0062,0.0
1728,43,Örjan,Nyland,500000.0,,,,,,,0,1,https://kickbase.b-cdn.net/content/file/361c8899e8db48868bb66d49e2cd4d2d.png,1.0,0,,0.0,"[{""hasPlayed"": false, ""points"": null}, {""hasPlayed"": false, ""points"": null}, {""hasPlayed"": false, ""points"": null}, {""hasPlayed"": false, ""points"": null}]",5,Örjan Nyland,0.0,0.0,0.0,0.0,0.0,-1910558.0,0.0,1.5054095432508294,0.0,0.0,0.0,0.0,0.0,0.0,10.0062,0.0
2141,43,Ridle ,Baku,14676573.0,137.0,4.0,4.0,3.0,16857.0,548.0,0,2,https://kickbase.b-cdn.net/content/file/938a124759354a928af165b155e6925a.png,17.0,1,37.0,115.0,"[{""hasPlayed"": true, ""points"": 13}, {""hasPlayed"": true, ""points"": 64}, {""hasPlayed"": true, ""points"": 238}, {""hasPlayed"": true, ""points"": 233}]",3,Ridle  Baku,57499.0,57499.0,24051.0,-38469.0,-1283416.0,-5830077.0,6.7,2.0270477162541463,0.0,0.0,1.0,1.0,0.0,1.0,10.0062,135.896401
2275,43,Christoph,Baumgartner,12080935.0,,,,,,,4,3,https://kickbase.b-cdn.net/content/file/de86594ccecb4a7899a87cdd662e1a9c.png,14.0,1,,0.0,"[{""hasPlayed"": false, ""points"": null}, {""hasPlayed"": false, ""points"": null}, {""hasPlayed"": false, ""points"": null}, {""hasPlayed"": false, ""points"": null}]",5,Christoph Baumgartner,5541.0,5541.0,23738.0,48807.0,481381.0,684986.0,0.0,2.0270477162541463,0.0,0.0,0.0,0.0,0.0,0.0,10.0062,0.0
2522,43,David,Raum,28506271.0,127.0,4.0,4.0,4.0,23354.0,507.0,0,2,https://kickbase.b-cdn.net/content/file/ff40a7c5554548ee8a8a51168c408d77.png,22.0,1,17.0,48.0,"[{""hasPlayed"": true, ""points"": 71}, {""hasPlayed"": true, ""points"": 181}, {""hasPlayed"": true, ""points"": 106}, {""hasPlayed"": true, ""points"": 149}]",1,David Raum,49994.0,49994.0,49814.0,50087.0,322741.0,-6363377.0,7.2,2.0270477162541463,0.0,0.0,1.0,1.0,0.0,1.0,10.0062,146.037923
2687,43,Christopher,Nkunku,23598276.0,106.0,4.0,4.0,2.0,15977.0,422.0,0,4,https://kickbase.b-cdn.net/content/file/bf619920e0d34e138aa57fe52dbcde21.png,28.0,1,17.0,78.0,"[{""hasPlayed"": true, ""points"": 24}, {""hasPlayed"": true, ""points"": 211}, {""hasPlayed"": true, ""points"": 76}, {""hasPlayed"": true, ""points"": 111}]",1,Christopher Nkunku,62547.0,62547.0,48321.0,35009.0,-379478.0,-2324761.0,6.7,2.0270477162541463,0.0,0.0,1.0,1.0,0.0,1.0,10.0062,135.896401
2897,43,Rocco,Reitz,10146974.0,208.0,1.0,1.0,1.0,5072.0,208.0,2,3,https://kickbase.b-cdn.net/content/file/4186115eb899498fbec64508ec48475c.png,20.0,2,20.0,104.0,"[{""hasPlayed"": false, ""points"": null}, {""hasPlayed"": false, ""points"": null}, {""hasPlayed"": false, ""points"": null}, {""hasPlayed"": true, ""points"": 208}]",5,Rocco Reitz,-548465.0,-548465.0,-241018.0,-30918.0,-461937.0,-950124.0,0.0,2.0270477162541463,0.0,0.0,0.0,0.0,0.0,0.0,10.0062,0.0
4596,43,Brajan,Gruda,13478519.0,83.0,3.0,3.0,3.0,11676.0,249.0,2,3,https://kickbase.b-cdn.net/content/file/fc98ceda9d134bd09d5526a600465611.png,10.0,2,18.0,73.0,"[{""hasPlayed"": true, ""points"": -2}, {""hasPlayed"": true, ""points"": 123}, {""hasPlayed"": false, ""points"": null}, {""hasPlayed"": true, ""points"": 128}]",3,Brajan Gruda,10369.0,10369.0,-112402.0,-277373.0,-2027816.0,-8179781.0,6.2,2.0270477162541463,0.0,0.0,0.0,0.85,0.15,0.2833333333333333,10.0062,35.630549
6104,43,Marc,Guiu,1915161.0,-13.0,1.0,1.0,0.0,1327.0,-13.0,1,4,https://kickbase.b-cdn.net/content/file/9ccdca6deb4c4831809374836463eb2d.png,9.0,2,,7.0,"[{""hasPlayed"": false, ""points"": null}, {""hasPlayed"": false, ""points"": null}, {""hasPlayed"": true, ""points"": -13}, {""hasPlayed"": false, ""points"": null}]",5,Marc Guiu,-118205.0,-118205.0,-122981.0,-123678.0,-956393.0,-8012911.0,0.0,2.0270477162541463,0.0,0.0,0.0,0.0,0.0,0.0,10.0062,0.0
6176,43,Nicolas,Seiwald,6880383.0,58.0,3.0,3.0,2.0,13430.0,175.0,0,3,https://kickbase.b-cdn.net/content/file/5320dfb79fb348369e61599e552840b0.png,13.0,2,25.0,49.0,"[{""hasPlayed"": true, ""points"": 11}, {""hasPlayed"": false, ""points"": null}, {""hasPlayed"": true, ""points"": 55}, {""hasPlayed"": true, ""points"": 109}]",3,Nicolas Seiwald,-132701.0,-132701.0,-175632.0,-193664.0,-1449018.0,-12102693.0,5.6,2.0270477162541463,0.0,0.0,0.0,0.0,0.0,0.0,10.0062,0.0
6300,43,Assan,Ouédraogo,3432833.0,61.0,1.0,1.0,1.0,2047.0,61.0,1,3,https://kickbase.b-cdn.net/content/file/44f5198b463047fc88626d9698f3a2d0.png,8.0,2,17.0,30.0,"[{""hasPlayed"": false, ""points"": null}, {""hasPlayed"": true, ""points"": 61}, {""hasPlayed"": false, ""points"": null}, {""hasPlayed"": false, ""points"": null}]",5,Assan Ouédraogo,-104706.0,-104706.0,-111038.0,-106049.0,-799188.0,-5546316.0,0.0,2.0270477162541463,0.0,0.0,0.0,0.0,0.0,0.0,10.0062,0.0
7224,43,Lukeba,Castello Jr.,13077896.0,140.0,2.0,2.0,2.0,10347.0,279.0,2,2,https://kickbase.b-cdn.net/content/file/52117c9891144d3998de1b87b91ca123.png,23.0,1,21.0,94.0,"[{""hasPlayed"": false, ""points"": null}, {""hasPlayed"": true, ""points"": 80}, {""hasPlayed"": false, ""points"": null}, {""hasPlayed"": true, ""points"": 199}]",3,Lukeba Castello Jr.,88429.0,88429.0,91203.0,83276.0,219828.0,-7819225.0,7.9,2.0270477162541463,0.0,0.0,1.0,0.85,0.15,0.9500000000000001,10.0062,152.224252
7239,43,Max,Finkgräfe,942676.0,28.0,1.0,1.0,0.0,948.0,28.0,0,2,https://kickbase.b-cdn.net/content/file/14ced344f69a48a5aeed3cbdcd5938da.png,35.0,1,29.0,14.0,"[{""hasPlayed"": false, ""points"": null}, {""hasPlayed"": true, ""points"": 28}, {""hasPlayed"": false, ""points"": null}, {""hasPlayed"": false, ""points"": null}]",5,Max Finkgräfe,289932.0,289932.0,143115.0,9629.0,395421.0,-2505109.0,0.0,2.0270477162541463,0.0,0.0,0.0,0.0,0.0,0.0,10.0062,0.0
8061,43,Johan,Bakayoko,2647217.0,24.0,2.0,2.0,1.0,5355.0,48.0,0,4,https://kickbase.b-cdn.net/content/file/1b1b3bd47f834642b2d8169d2b018ec2.png,11.0,2,18.0,15.0,"[{""hasPlayed"": false, ""points"": null}, {""hasPlayed"": false, ""points"": null}, {""hasPlayed"": true, ""points"": 33}, {""hasPlayed"": true, ""points"": 15}]",5,Johan Bakayoko,-70712.0,-70712.0,-78800.0,-80943.0,-662166.0,-5520474.0,0.0,2.0270477162541463,0.0,0.0,0.0,0.0,0.0,0.0,10.0062,0.0
8227,43,Maarten,Vandevoordt,16358794.0,133.0,4.0,4.0,4.0,23354.0,532.0,0,1,https://kickbase.b-cdn.net/content/file/1aa808600ddb4c5b9883e7caedba5966.png,26.0,1,32.0,80.0,"[{""hasPlayed"": true, ""points"": 107}, {""hasPlayed"": true, ""points"": 207}, {""hasPlayed"": true, ""points"": 31}, {""hasPlayed"": true, ""points"": 187}]",1,Maarten Vandevoordt,32539.0,32539.0,38376.0,40737.0,281991.0,-931799.0,6.6,1.5054095432508294,0.0,0.0,1.0,1.0,0.0,1.0,10.0062,99.418631
9507,43,Antonio,Nusa,28219003.0,169.0,4.0,4.0,4.0,21615.0,674.0,0,3,https://kickbase.b-cdn.net/content/file/9a7ea9c911e04f9e9cf0fa6c4b57ca54.png,7.0,1,23.0,139.0,"[{""hasPlayed"": true, ""points"": 44}, {""hasPlayed"": true, ""points"": 339}, {""hasPlayed"": true, ""points"": 65}, {""hasPlayed"": true, ""points"": 226}]",1,Antonio Nusa,48412.0,48412.0,48621.0,49526.0,328515.0,1209744.0,6.6,2.0270477162541463,0.0,0.0,1.0,1.0,0.0,1.0,10.0062,133.868096
9776,43,Andrija,Maksimović,3227821.0,44.0,2.0,2.0,0.0,2408.0,87.0,0,3,https://kickbase.b-cdn.net/content/file/4b987894fd8842a69a0341460d5ebc51.png,30.0,1,26.0,41.0,"[{""hasPlayed"": true, ""points"": 3}, {""hasPlayed"": false, ""points"": null}, {""hasPlayed"": true, ""points"": 84}, {""hasPlayed"": false, ""points"": null}]",3,Andrija Maksimović,73972.0,73972.0,-28.0,-53474.0,-407461.0,-373171.0,7.5,2.0270477162541463,0.0,0.0,0.0,0.0,0.0,0.0,10.0062,0.0
10113,43,Tidiam,Gomis,7372597.0,105.0,4.0,4.0,2.0,14772.0,418.0,0,4,https://kickbase.b-cdn.net/content/file/6fdc632f20f64bac905749a9c2b23a86.png,27.0,1,56.0,91.0,"[{""hasPlayed"": true, ""points"": 42}, {""hasPlayed"": true, ""points"": 190}, {""hasPlayed"": true, ""points"": 10}, {""hasPlayed"": true, ""points"": 176}]",3,Tidiam Gomis,110757.0,110757.0,55354.0,17695.0,-302147.0,-2094530.0,7.0,2.0270477162541463,0.0,0.0,1.0,0.0,0.0,0.6666666666666666,10.0062,94.654209
11008,43,Ezechiel,Banzuzi,6759885.0,85.0,4.0,4.0,4.0,20965.0,338.0,0,3,https://kickbase.b-cdn.net/content/file/a9c36464a61049d0b9acd73d6c4e9c96.png,6.0,2,50.0,62.0,"[{""hasPlayed"": true, ""points"": 44}, {""hasPlayed"": true, ""points"": 165}, {""hasPlayed"": true, ""points"": 26}, {""hasPlayed"": true, ""points"": 103}]",3,Ezechiel Banzuzi,-91881.0,-91881.0,-128242.0,-146810.0,-1014593.0,-5075592.0,6.2,2.0270477162541463,0.0,0.0,1.0,1.0,0.0,1.0,10.0062,125.754878
11886,43,,Rômulo,10214324.0,72.0,2.0,2.0,1.0,5412.0,144.0,0,4,https://kickbase.b-cdn.net/content/file/040691ff56a547f291aae153a0681fac.png,40.0,1,14.0,71.0,"[{""hasPlayed"": true, ""points"": 1}, {""hasPlayed"": true, ""points"": 143}, {""hasPlayed"": false, ""points"": null}, {""hasPlayed"": false, ""points"": null}]",3,Rômulo,98253.0,98253.0,137649.0,118396.0,596771.0,-842450.0,6.7,2.0270477162541463,0.0,0.0,1.0,1.0,0.0,1.0,10.0062,135.896401
14249,43,Neil,El Aynaoui,13438794.0,85.0,3.0,3.0,3.0,16180.0,254.0,0,3,https://kickbase.b-cdn.net/content/file/380772e2d5eb4e13834c2af58d468869.png,21.0,1,18.0,59.0,"[{""hasPlayed"": true, ""points"": 56}, {""hasPlayed"": true, ""points"": 153}, {""hasPlayed"": true, ""points"": 45}, {""hasPlayed"": false, ""points"": null}]",1,Neil El Aynaoui,29844.0,29844.0,28837.0,38085.0,483186.0,-626712.0,5.8,2.0270477162541463,0.0,0.0,1.0,1.0,0.0,1.0,10.0062,117.64166
14896,43,Abdoul,Koné,500000.0,,,,,,,0,2,https://kickbase.b-cdn.net/content/file/4ca128a18c804aa59eeca0345b142d1c.png,2.0,0,,0.0,"[{""hasPlayed"": false, ""points"": null}, {""hasPlayed"": false, ""points"": null}, {""hasPlayed"": false, ""points"": null}, {""hasPlayed"": false, ""points"": null}]",5,Abdoul Koné,0.0,0.0,0.0,0.0,0.0,-1241001.0,0.0,2.0270477162541463,0.0,0.0,0.0,0.0,0.0,0.0,10.0062,0.0
15376,43,Maxime,Estève,6960526.0,93.0,3.0,3.0,2.0,13006.0,278.0,0,2,https://kickbase.b-cdn.net/content/file/a7416c976f85479b8ca67947eda7ef58.png,3.0,1,39.0,65.0,"[{""hasPlayed"": true, ""points"": 70}, {""hasPlayed"": true, ""points"": 51}, {""hasPlayed"": true, ""points"": 157}, {""hasPlayed"": false, ""points"": null}]",3,Maxime Estève,263586.0,263586.0,206504.0,118092.0,300571.0,-2953022.0,7.6,2.0270477162541463,0.0,0.0,0.0,0.0,0.0,0.0,10.0062,0.0
577,15,Daniel,Batz,500000.0,,,,,,,0,1,https://kickbase.b-cdn.net/content/file/61c6f55172674b6eb750e6263b23da0d.png,33.0,0,,0.0,"[{""hasPlayed"": false, ""points"": null}, {""hasPlayed"": false, ""points"": null}, {""hasPlayed"": false, ""points"": null}, {""hasPlayed"": false, ""points"": null}]",4,Daniel Batz,0.0,0.0,0.0,0.0,0.0,0.0,0.0,1.3186708410416963,0.0,0.0,0.0,0.0,0.0,0.0,10.0062,0.0
619,15,Kevin,Stöger,2852811.0,-1.0,3.0,3.0,2.0,10285.0,-4.0,0,3,https://kickbase.b-cdn.net/content/file/ec9e6d0723944f8d846da3ac937cd7b3.png,7.0,2,,6.0,"[{""hasPlayed"": true, ""points"": -9}, {""hasPlayed"": true, ""points"": 7}, {""hasPlayed"": false, ""points"": null}, {""hasPlayed"": true, ""points"": -2}]",3,Kevin Stöger,16800.0,16800.0,-40442.0,-73573.0,-528518.0,-5439178.0,0.0,1.0933542052084817,0.0,0.0,0.0,1.0,0.0,0.3333333333333333,10.0062,0.0
849,15,Tim,Kleindienst,11694335.0,3.0,3.0,3.0,3.0,13737.0,9.0,2,4,https://kickbase.b-cdn.net/content/file/c5a005a8dbaa4237a4d0cb0304ac67a0.png,11.0,1,0.0,66.0,"[{""hasPlayed"": false, ""points"": null}, {""hasPlayed"": true, ""points"": -64}, {""hasPlayed"": true, ""points"": 94}, {""hasPlayed"": true, ""points"": -21}]",2,Tim Kleindienst,112515.0,112515.0,157521.0,177501.0,1257606.0,-6929679.0,0.0,1.0933542052084817,0.0,0.0,1.0,0.85,0.15,0.9500000000000001,10.0062,0.0
1883,15,Moritz,Nicolas,12897980.0,109.0,4.0,4.0,4.0,23586.0,435.0,0,1,https://kickbase.b-cdn.net/content/file/02e615fb0e3043649fe830816e2860ba.png,1.0,1,33.0,66.0,"[{""hasPlayed"": true, ""points"": 81}, {""hasPlayed"": true, ""points"": 34}, {""hasPlayed"": true, ""points"": 131}, {""hasPlayed"": true, ""points"": 189}]",2,Moritz Nicolas,132670.0,132670.0,148882.0,151761.0,835109.0,-5337613.0,5.3,1.3186708410416963,0.0,0.0,1.0,1.0,0.0,1.0,10.0062,69.932886
2074,15,Robin,Hack,2773847.0,-4.0,4.0,4.0,2.0,10406.0,-16.0,0,3,https://kickbase.b-cdn.net/content/file/05225d0ae1a74293a432710302565e54.png,25.0,2,,15.0,"[{""hasPlayed"": true, ""points"": -11}, {""hasPlayed"": true, ""points"": 5}, {""hasPlayed"": true, ""points"": -22}, {""hasPlayed"": true, ""points"": 12}]",3,Robin Hack,-72507.0,-72507.0,-85135.0,-93002.0,-714458.0,-5559949.0,4.1,1.0933542052084817,0.0,0.0,1.0,0.0,0.0,0.6666666666666666,10.0062,29.903544
2126,15,Nicolas,Kühn,873274.0,21.0,1.0,1.0,0.0,1576.0,21.0,4,3,https://kickbase.b-cdn.net/content/file/4881796043e3415988bd7340d2f89b43.png,19.0,2,24.0,12.0,"[{""hasPlayed"": false, ""points"": null}, {""hasPlayed"": false, ""points"": null}, {""hasPlayed"": true, ""points"": 21}, {""hasPlayed"": false, ""points"": null}]",4,Nicolas Kühn,-95274.0,-95274.0,-101351.0,-106974.0,-807415.0,-5286526.0,0.0,1.0933542052084817,0.0,0.0,0.0,0.0,0.0,0.0,10.0062,0.0
2261,15,Florian,Neuhaus,9141112.0,118.0,1.0,1.0,1.0,4204.0,118.0,0,3,https://kickbase.b-cdn.net/content/file/0244f54c08f14d5e98d1ec66bd2bca77.png,10.0,1,12.0,59.0,"[{""hasPlayed"": true, ""points"": 118}, {""hasPlayed"": false, ""points"": null}, {""hasPlayed"": false, ""points"": null}, {""hasPlayed"": false, ""points"": null}]",3,Florian Neuhaus,271171.0,271171.0,278820.0,252034.0,1773060.0,6133912.0,0.0,1.0933542052084817,0.0,0.0,0.0,0.0,0.0,0.0,10.0062,0.0
2560,15,Philipp,Sander,7542096.0,40.0,4.0,4.0,4.0,23586.0,161.0,0,3,https://kickbase.b-cdn.net/content/file/fb578835ac86440a8189e44877f9bcc8.png,16.0,2,21.0,49.0,"[{""hasPlayed"": true, ""points"": 54}, {""hasPlayed"": true, ""points"": -8}, {""hasPlayed"": true, ""points"": 103}, {""hasPlayed"": true, ""points"": 12}]",1,Philipp Sander,-205282.0,-205282.0,-244777.0,-272744.0,-2305235.0,-2476981.0,5.0,1.0933542052084817,0.0,0.0,1.0,1.0,0.0,1.0,10.0062,54.701604
2850,15,Jan,Olschowsky,500000.0,,,,,,,0,1,https://kickbase.b-cdn.net/content/file/871dd19a11bc47da8b9d1105bec98909.png,23.0,0,,0.0,"[{""hasPlayed"": false, ""points"": null}, {""hasPlayed"": false, ""points"": null}, {""hasPlayed"": false, ""points"": null}, {""hasPlayed"": false, ""points"": null}]",5,Jan Olschowsky,0.0,0.0,0.0,0.0,0.0,0.0,0.0,1.3186708410416963,0.0,0.0,0.0,0.0,0.0,0.0,10.0062,0.0
2862,15,Jens,Castrop,6300481.0,,,,,,,4,3,https://kickbase.b-cdn.net/content/file/7c1e6725133e4dc5abd4022a37be73f3.png,17.0,1,,0.0,"[{""hasPlayed"": false, ""points"": null}, {""hasPlayed"": false, ""points"": null}, {""hasPlayed"": false, ""points"": null}, {""hasPlayed"": false, ""points"": null}]",5,Jens Castrop,-14346.0,-14346.0,107737.0,153563.0,1174935.0,4531622.0,0.0,1.0933542052084817,0.0,0.0,0.0,0.0,0.0,0.0,10.0062,0.0
2941,15,Joseph,Scally,3651326.0,37.0,4.0,4.0,3.0,16531.0,149.0,0,2,https://kickbase.b-cdn.net/content/file/d6ec0ce09dc940e7ae1e339aba844c03.png,29.0,2,40.0,57.0,"[{""hasPlayed"": true, ""points"": 40}, {""hasPlayed"": true, ""points"": -4}, {""hasPlayed"": true, ""points"": 117}, {""hasPlayed"": true, ""points"": -4}]",3,Joseph Scally,47595.0,47595.0,-4685.0,-48719.0,-413253.0,-1737617.0,5.2,1.0933542052084817,0.0,0.0,0.0,0.0,0.0,0.0,10.0062,0.0
3063,15,Fabio,Chiarodia,500000.0,,,,,,,0,2,https://kickbase.b-cdn.net/content/file/b20e95c99c5c414dba98788ce536d7ad.png,2.0,0,,0.0,"[{""hasPlayed"": false, ""points"": null}, {""hasPlayed"": false, ""points"": null}, {""hasPlayed"": false, ""points"": null}, {""hasPlayed"": false, ""points"": null}]",4,Fabio Chiarodia,0.0,0.0,0.0,0.0,0.0,-2808532.0,0.0,1.0933542052084817,0.0,0.0,0.0,0.0,0.0,0.0,10.0062,0.0
3129,15,Ko,Itakura,9348533.0,36.0,4.0,4.0,4.0,22709.0,143.0,0,2,https://kickbase.b-cdn.net/content/file/4b21780a283045729069fef7f989f200.png,6.0,1,15.0,17.0,"[{""hasPlayed"": true, ""points"": 58}, {""hasPlayed"": true, ""points"": 16}, {""hasPlayed"": true, ""points"": 35}, {""hasPlayed"": true, ""points"": 34}]",2,Ko Itakura,211509.0,211509.0,242932.0,245903.0,1866102.0,-1621444.0,4.3,1.0933542052084817,0.0,0.0,1.0,0.85,0.15,0.9500000000000001,10.0062,44.691211
3516,15,Enzo,Leopold,500000.0,,,,,,,1,3,https://kickbase.b-cdn.net/content/file/55c63aaaf1484294892e8cc74ad7b53d.png,8.0,2,,0.0,"[{""hasPlayed"": false, ""points"": null}, {""hasPlayed"": false, ""points"": null}, {""hasPlayed"": false, ""points"": null}, {""hasPlayed"": false, ""points"": null}]",5,Enzo Leopold,0.0,0.0,0.0,-33351.0,-588050.0,-4268714.0,0.0,1.0933542052084817,0.0,0.0,0.0,0.0,0.0,0.0,10.0062,0.0
4292,15,David,Herold,991044.0,7.0,3.0,3.0,1.0,8462.0,21.0,0,2,https://kickbase.b-cdn.net/content/file/78e179f9be5248c887e00608eaee10bc.png,20.0,1,21.0,3.0,"[{""hasPlayed"": false, ""points"": null}, {""hasPlayed"": true, ""points"": 7}, {""hasPlayed"": true, ""points"": 9}, {""hasPlayed"": true, ""points"": 5}]",3,David Herold,88492.0,88492.0,3174.0,-40047.0,-335223.0,-2796983.0,0.0,1.0933542052084817,0.0,0.0,0.0,0.0,0.0,0.0,10.0062,0.0
4333,15,Lukas,Ullrich,5169140.0,74.0,3.0,3.0,3.0,15119.0,223.0,0,2,https://kickbase.b-cdn.net/content/file/27f19d9713034a05b1a7dedcb527f48d.png,26.0,2,43.0,63.0,"[{""hasPlayed"": true, ""points"": 143}, {""hasPlayed"": false, ""points"": null}, {""hasPlayed"": true, ""points"": 63}, {""hasPlayed"": true, ""points"": 17}]",3,Lukas Ullrich,-199721.0,-199721.0,-241724.0,-272343.0,-2260024.0,-1293714.0,0.0,1.0933542052084817,0.0,0.0,1.0,1.0,0.0,1.0,10.0062,0.0
6199,15,Shuto,Machino,4810476.0,40.0,2.0,2.0,0.0,3777.0,80.0,0,4,https://kickbase.b-cdn.net/content/file/cefff6eb5d884a94b7d3b2ffb53b760c.png,18.0,2,16.0,44.0,"[{""hasPlayed"": true, ""points"": 87}, {""hasPlayed"": true, ""points"": -7}, {""hasPlayed"": false, ""points"": null}, {""hasPlayed"": false, ""points"": null}]",3,Shuto Machino,-184816.0,-184816.0,-791238.0,-658447.0,-1514615.0,1927684.0,0.0,1.0933542052084817,0.0,0.0,0.0,1.0,0.0,0.3333333333333333,10.0062,0.0
6319,15,Franck,Honorat,4622547.0,65.0,4.0,4.0,3.0,15182.0,258.0,4,3,https://kickbase.b-cdn.net/content/file/ba369ac3889a4ce98a51468fb3f7c14b.png,9.0,2,55.0,58.0,"[{""hasPlayed"": true, ""points"": 13}, {""hasPlayed"": true, ""points"": 28}, {""hasPlayed"": true, ""points"": 142}, {""hasPlayed"": true, ""points"": 75}]",5,Franck Honorat,-99116.0,-99116.0,-114647.0,-358327.0,-1781018.0,-5598331.0,5.4,1.0933542052084817,0.0,0.0,0.0,0.0,0.0,0.0,10.0062,0.0
7774,15,Yukhym,Konoplia,7044553.0,,,,,,,0,2,https://kickbase.b-cdn.net/content/file/37facc3b42e54ca4aa5a24fb0c96cc4d.png,22.0,1,,0.0,"[{""hasPlayed"": false, ""points"": null}, {""hasPlayed"": false, ""points"": null}, {""hasPlayed"": false, ""points"": null}, {""hasPlayed"": false, ""points"": null}]",3,Yukhym Konoplia,278416.0,278416.0,308783.0,318037.0,2228140.0,5547361.0,0.0,1.0933542052084817,0.0,0.0,1.0,0.0,0.0,0.6666666666666666,10.0062,0.0
9540,15,Isac,Lidberg,6473172.0,26.0,4.0,4.0,1.0,10911.0,104.0,0,4,https://kickbase.b-cdn.net/content/file/b759181ffa3546828a627f5efb974b06.png,3.0,2,16.0,72.0,"[{""hasPlayed"": true, ""points"": 134}, {""hasPlayed"": true, ""points"": -17}, {""hasPlayed"": true, ""points"": -5}, {""hasPlayed"": true, ""points"": -8}]",3,Isac Lidberg,-771568.0,-771568.0,-657073.0,-203229.0,-1152800.0,2256270.0,5.8,1.0933542052084817,0.0,0.0,0.0,0.0,0.0,0.0,10.0062,0.0
11010,15,Kevin,Diks,10558796.0,24.0,4.0,4.0,4.0,23586.0,96.0,0,2,https://kickbase.b-cdn.net/content/file/2963465030854dafa3b90fbfd15f4a89.png,4.0,1,9.0,22.0,"[{""hasPlayed"": true, ""points"": 4}, {""hasPlayed"": true, ""points"": 10}, {""hasPlayed"": true, ""points"": 53}, {""hasPlayed"": true, ""points"": 29}]",1,Kevin Diks,40509.0,40509.0,37352.0,41126.0,549326.0,-4716554.0,4.1,1.0933542052084817,0.0,0.0,1.0,1.0,0.0,1.0,10.0062,44.855315
11748,15,Wael,Mohya,3351000.0,9.0,4.0,4.0,2.0,11804.0,37.0,0,3,https://kickbase.b-cdn.net/content/file/4fc954ae0ffd4f5ab6d58a98b51cccd9.png,36.0,1,11.0,28.0,"[{""hasPlayed"": true, ""points"": -6}, {""hasPlayed"": true, ""points"": -16}, {""hasPlayed"": true, ""points"": 48}, {""hasPlayed"": true, ""points"": 11}]",3,Wael Mohya,64008.0,64008.0,5886.0,-34039.0,-313218.0,-4596788.0,4.6,1.0933542052084817,0.0,0.0,0.0,0.0,0.0,0.0,10.0062,0.0
13442,15,Hugo,Bolin,9434631.0,89.0,4.0,4.0,4.0,19835.0,356.0,0,3,https://kickbase.b-cdn.net/content/file/7f789e6ac2c84d5b878ec36c44b31dc2.png,38.0,1,37.0,133.0,"[{""hasPlayed"": true, ""points"": 45}, {""hasPlayed"": true, ""points"": -7}, {""hasPlayed"": true, ""points"": 286}, {""hasPlayed"": true, ""points"": 32}]",3,Hugo Bolin,341042.0,341042.0,349308.0,333962.0,1844013.0,-2437608.0,5.7,1.0933542052084817,0.0,0.0,1.0,1.0,0.0,1.0,10.0062,62.359829
15181,15,Jan,Leszczynski,8008956.0,44.0,2.0,2.0,1.0,7371.0,88.0,0,2,https://kickbase.b-cdn.net/content/file/43eddfa24a0f4db3a737bf045f96d849.png,5.0,1,10.0,43.0,"[{""hasPlayed"": true, ""points"": 87}, {""hasPlayed"": false, ""points"": null}, {""hasPlayed"": true, ""points"": 1}, {""hasPlayed"": false, ""points"": null}]",3,Jan Leszczynski,41344.0,41344.0,91224.0,116019.0,908821.0,3643248.0,0.0,1.0933542052084817,0.0,0.0,1.0,1.0,0.0,1.0,10.0062,0.0
15202,15,Zento,Uno,506271.0,,,,,,,0,3,https://kickbase.b-cdn.net/content/file/9c1b0bb28e67413dad79f8a99c4eda88.png,47.0,1,,0.0,"[{""hasPlayed"": false, ""points"": null}, {""hasPlayed"": false, ""points"": null}, {""hasPlayed"": false, ""points"": null}, {""hasPlayed"": false, ""points"": null}]",5,Zento Uno,6271.0,6271.0,0.0,0.0,6271.0,-1074037.0,0.0,1.0933542052084817,0.0,0.0,1.0,0.0,0.0,0.6666666666666666,10.0062,0.0
15613,15,Daiki,Hashioka,3746377.0,3.0,2.0,2.0,1.0,5936.0,6.0,0,2,https://kickbase.b-cdn.net/content/file/dc4f94ffdb854af9a954313e8b974d4c.png,14.0,2,1.0,11.0,"[{""hasPlayed"": true, ""points"": -11}, {""hasPlayed"": false, ""points"": null}, {""hasPlayed"": false, ""points"": null}, {""hasPlayed"": true, ""points"": 17}]",3,Daiki Hashioka,-97718.0,-97718.0,-100764.0,-99541.0,-862527.0,-2549263.0,0.0,1.0933542052084817,0.0,0.0,0.0,1.0,0.0,0.3333333333333333,10.0062,0.0
16564,15,Mathieu,Nguefack,2087260.0,13.0,3.0,3.0,1.0,8384.0,40.0,0,3,https://kickbase.b-cdn.net/content/file/e571de447a2c48c996992e7b729aeb55.png,34.0,1,19.0,25.0,"[{""hasPlayed"": false, ""points"": null}, {""hasPlayed"": true, ""points"": -19}, {""hasPlayed"": true, ""points"": 42}, {""hasPlayed"": true, ""points"": 17}]",3,Mathieu Nguefack,389813.0,389813.0,399429.0,362741.0,1486650.0,-897008.0,0.0,1.0933542052084817,0.0,0.0,0.0,0.0,0.0,0.0,10.0062,0.0
54,3,Emre,Can,3164270.0,,,,,,,1,2,https://kickbase.b-cdn.net/content/file/fe3cc9ba92274b29890b3d2888584906.png,23.0,2,,0.0,"[{""hasPlayed"": false, ""points"": null}, {""hasPlayed"": false, ""points"": null}, {""hasPlayed"": false, ""points"": null}, {""hasPlayed"": false, ""points"": null}]",5,Emre Can,-146722.0,-146722.0,31066.0,103804.0,721895.0,1418306.0,0.0,2.3139883250455573,0.0,0.0,0.0,0.0,0.0,0.0,10.0062,0.0
75,3,Patrick,Drewes,500000.0,,,,,,,0,1,https://kickbase.b-cdn.net/content/file/d4b85a111f624b02a8519a1a07c23e7f.png,30.0,0,,0.0,"[{""hasPlayed"": false, ""points"": null}, {""hasPlayed"": false, ""points"": null}, {""hasPlayed"": false, ""points"": null}, {""hasPlayed"": false, ""points"": null}]",5,Patrick Drewes,0.0,0.0,0.0,0.0,0.0,0.0,0.0,1.5627976650091115,0.0,0.0,0.0,0.0,0.0,0.0,10.0062,0.0
1704,3,Waldemar,Anton,34386476.0,177.0,4.0,4.0,4.0,23201.0,709.0,0,2,https://kickbase.b-cdn.net/content/file/5cbbbb34725b43dba3f7f4f6835b98f0.png,3.0,1,20.0,75.0,"[{""hasPlayed"": true, ""points"": 123}, {""hasPlayed"": true, ""points"": 140}, {""hasPlayed"": true, ""points"": 288}, {""hasPlayed"": true, ""points"": 158}]",1,Waldemar Anton,15784.0,15784.0,14724.0,16607.0,117389.0,614550.0,8.1,2.3139883250455573,0.0,0.0,1.0,1.0,0.0,1.0,10.0062,187.549263
1856,3,Marcel,Sabitzer,4183157.0,42.0,4.0,4.0,0.0,5431.0,168.0,0,3,https://kickbase.b-cdn.net/content/file/579e192bcc2b413185587ba2eb3c082c.png,20.0,1,40.0,38.0,"[{""hasPlayed"": true, ""points"": 17}, {""hasPlayed"": true, ""points"": 98}, {""hasPlayed"": true, ""points"": 16}, {""hasPlayed"": true, ""points"": 37}]",3,Marcel Sabitzer,63345.0,63345.0,8137.0,-29362.0,-219767.0,-3158575.0,8.4,2.3139883250455573,0.0,0.0,0.0,0.0,0.0,0.0,10.0062,0.0
1873,3,Gregor,Kobel,18773221.0,142.0,4.0,4.0,4.0,23201.0,567.0,0,1,https://kickbase.b-cdn.net/content/file/f2d4753d2676442bb38580d0b59a6293.png,1.0,1,30.0,30.0,"[{""hasPlayed"": true, ""points"": 148}, {""hasPlayed"": true, ""points"": 98}, {""hasPlayed"": true, ""points"": 152}, {""hasPlayed"": true, ""points"": 169}]",1,Gregor Kobel,33993.0,33993.0,40724.0,39415.0,248935.0,-1716041.0,7.4,1.5627976650091115,0.0,0.0,1.0,1.0,0.0,1.0,10.0062,115.718728
1920,3,Serhou,Guirassy,32917300.0,161.0,4.0,4.0,4.0,21482.0,644.0,0,4,https://kickbase.b-cdn.net/content/file/f60de765e2e34fce8747b78399dca305.png,9.0,1,19.0,65.0,"[{""hasPlayed"": true, ""points"": 75}, {""hasPlayed"": true, ""points"": 157}, {""hasPlayed"": true, ""points"": 232}, {""hasPlayed"": true, ""points"": 180}]",1,Serhou Guirassy,32583.0,32583.0,29747.0,28602.0,222282.0,2064652.0,8.5,2.3139883250455573,0.0,0.0,1.0,1.0,0.0,1.0,10.0062,196.810955
2148,3,Alexander,Meyer,500000.0,,,,,,,0,1,https://kickbase.b-cdn.net/content/file/5502ac110b6c42ddad9d1cdb351cbbcc.png,33.0,0,,0.0,"[{""hasPlayed"": false, ""points"": null}, {""hasPlayed"": false, ""points"": null}, {""hasPlayed"": false, ""points"": null}, {""hasPlayed"": false, ""points"": null}]",5,Alexander Meyer,0.0,0.0,0.0,0.0,0.0,-996418.0,7.9,1.5627976650091115,0.0,0.0,0.0,0.0,0.0,0.0,10.0062,0.0
2383,3,Nico,Schlotterbeck,27647436.0,143.0,2.0,2.0,2.0,10440.0,285.0,2,2,https://kickbase.b-cdn.net/content/file/bc913364cbca4d48b0393c36b9f01728.png,4.0,1,10.0,82.0,"[{""hasPlayed"": true, ""points"": 149}, {""hasPlayed"": true, ""points"": 136}, {""hasPlayed"": false, ""points"": null}, {""hasPlayed"": false, ""points"": null}]",3,Nico Schlotterbeck,6460.0,6460.0,9851.0,14939.0,149294.0,3524125.0,8.3,2.3139883250455573,0.0,0.0,0.0,0.85,0.15,0.2833333333333333,10.0062,54.451031
2395,3,Julian,Ryerson,13208450.0,82.0,4.0,4.0,4.0,20223.0,329.0,2,2,https://kickbase.b-cdn.net/content/file/2998191f5e674fecb9ddf7762821ebc5.png,26.0,2,24.0,24.0,"[{""hasPlayed"": true, ""points"": 67}, {""hasPlayed"": true, ""points"": 64}, {""hasPlayed"": true, ""points"": 118}, {""hasPlayed"": true, ""points"": 80}]",4,Julian Ryerson,-341827.0,-341827.0,-390144.0,-416908.0,-2910615.0,-12156226.0,6.2,2.3139883250455573,0.0,0.0,1.0,0.0,0.0,0.6666666666666666,10.0062,95.704151
2714,3,Maximilian,Beier,18909149.0,118.0,4.0,4.0,3.0,17085.0,473.0,0,4,https://kickbase.b-cdn.net/content/file/d9ef0f909c4c4610aef2af20def367ba.png,14.0,1,25.0,49.0,"[{""hasPlayed"": true, ""points"": 151}, {""hasPlayed"": true, ""points"": 101}, {""hasPlayed"": true, ""points"": 56}, {""hasPlayed"": true, ""points"": 165}]",1,Maximilian Beier,143257.0,143257.0,127116.0,103029.0,547358.0,-3446468.0,7.5,2.3139883250455573,0.0,0.0,1.0,1.0,0.0,1.0,10.0062,173.656725
2736,3,Ramy,Bensebaini,8696481.0,43.0,2.0,2.0,0.0,1728.0,85.0,0,2,https://kickbase.b-cdn.net/content/file/f2e48e2f879643559eb9d2cdb6db0d7a.png,5.0,1,9.0,25.0,"[{""hasPlayed"": true, ""points"": 36}, {""hasPlayed"": true, ""points"": 49}, {""hasPlayed"": false, ""points"": null}, {""hasPlayed"": false, ""points"": null}]",2,Ramy Bensebaini,370178.0,370178.0,359170.0,317423.0,1536651.0,-6335179.0,8.9,2.3139883250455573,0.0,0.0,1.0,0.0,0.0,0.6666666666666666,10.0062,137.381765
3069,3,Felix,Nmecha,27460585.0,154.0,4.0,4.0,3.0,14910.0,616.0,0,3,https://kickbase.b-cdn.net/content/file/f83b3a24df594aaf81be1d58da773656.png,8.0,1,22.0,93.0,"[{""hasPlayed"": true, ""points"": 167}, {""hasPlayed"": true, ""points"": 275}, {""hasPlayed"": true, ""points"": 51}, {""hasPlayed"": true, ""points"": 123}]",2,Felix Nmecha,55789.0,55789.0,63688.0,67397.0,569257.0,-715492.0,8.5,2.3139883250455573,0.0,0.0,1.0,1.0,0.0,1.0,10.0062,196.810955
7737,3,Joey,Veerman,17038787.0,80.0,4.0,4.0,2.0,12070.0,319.0,0,3,https://kickbase.b-cdn.net/content/file/529a765a8c184857a82fa881408360cf.png,25.0,1,18.0,32.0,"[{""hasPlayed"": true, ""points"": 107}, {""hasPlayed"": true, ""points"": 101}, {""hasPlayed"": true, ""points"": 75}, {""hasPlayed"": true, ""points"": 36}]",3,Joey Veerman,54550.0,54550.0,53406.0,43754.0,220843.0,1000024.0,8.4,2.3139883250455573,0.0,0.0,1.0,1.0,0.0,1.0,10.0062,194.495532
9440,3,Filippo,Mane,787348.0,32.0,2.0,2.0,1.0,3152.0,64.0,1,2,https://kickbase.b-cdn.net/content/file/c944b500e3224366ad9e5a494a84ee47.png,39.0,2,81.0,22.0,"[{""hasPlayed"": false, ""points"": null}, {""hasPlayed"": false, ""points"": null}, {""hasPlayed"": true, ""points"": 47}, {""hasPlayed"": true, ""points"": 17}]",5,Filippo Mane,-115661.0,-115661.0,-116526.0,-116765.0,-858626.0,-4085536.0,0.0,2.3139883250455573,0.0,0.0,0.0,0.0,0.0,0.0,10.0062,0.0
9698,3,,Fábio Silva,13966074.0,100.0,3.0,3.0,1.0,7244.0,301.0,0,4,https://kickbase.b-cdn.net/content/file/2aaeda6f5123438e95f1958a10ce0058.png,21.0,1,21.0,75.0,"[{""hasPlayed"": true, ""points"": 23}, {""hasPlayed"": true, ""points"": 154}, {""hasPlayed"": true, ""points"": 124}, {""hasPlayed"": false, ""points"": null}]",3,Fábio Silva,27543.0,27543.0,16192.0,12802.0,155929.0,5639983.0,8.7,2.3139883250455573,0.0,0.0,1.0,1.0,0.0,1.0,10.0062,201.441801
10114,3,Carney,Chukwuemeka,2770150.0,35.0,1.0,1.0,0.0,1743.0,35.0,2,3,https://kickbase.b-cdn.net/content/file/d823612bd32f4715b90b0c7b626973ac.png,17.0,2,12.0,17.0,"[{""hasPlayed"": false, ""points"": null}, {""hasPlayed"": true, ""points"": 35}, {""hasPlayed"": false, ""points"": null}, {""hasPlayed"": false, ""points"": null}]",5,Carney Chukwuemeka,-70122.0,-70122.0,-82787.0,-92625.0,-707400.0,-433117.0,7.7,2.3139883250455573,0.0,0.0,0.0,0.0,0.0,0.0,10.0062,0.0
10115,3,Daniel,Svensson,18119618.0,126.0,4.0,4.0,4.0,23201.0,504.0,2,2,https://kickbase.b-cdn.net/content/file/da063055c5d14c798dd8d7427fb2a48f.png,24.0,1,27.0,37.0,"[{""hasPlayed"": true, ""points"": 76}, {""hasPlayed"": true, ""points"": 142}, {""hasPlayed"": true, ""points"": 123}, {""hasPlayed"": true, ""points"": 163}]",3,Daniel Svensson,69253.0,69253.0,64666.0,37632.0,-351541.0,-791544.0,7.1,2.3139883250455573,0.0,0.0,0.0,0.85,0.15,0.2833333333333333,10.0062,46.578593
11099,3,Jobe,Bellingham,15512287.0,125.0,4.0,4.0,3.0,19440.0,501.0,0,3,https://kickbase.b-cdn.net/content/file/5f42cc7cc7c5447aa341c17ba41ebcbe.png,7.0,1,32.0,36.0,"[{""hasPlayed"": true, ""points"": 97}, {""hasPlayed"": true, ""points"": 158}, {""hasPlayed"": true, ""points"": 90}, {""hasPlayed"": true, ""points"": 156}]",3,Jobe Bellingham,141247.0,141247.0,112611.0,63593.0,-182228.0,-2754976.0,8.2,2.3139883250455573,0.0,0.0,0.0,0.0,0.0,0.0,10.0062,0.0
11100,3,Samuele,Inácio,3635968.0,-60.0,1.0,1.0,0.0,155.0,-60.0,0,3,https://kickbase.b-cdn.net/content/file/3990db0656bc411cac06104a42bdb903.png,40.0,2,,30.0,"[{""hasPlayed"": false, ""points"": null}, {""hasPlayed"": false, ""points"": null}, {""hasPlayed"": false, ""points"": null}, {""hasPlayed"": true, ""points"": -60}]",5,Samuele Inácio,-95923.0,-95923.0,-99480.0,-104923.0,-770876.0,-2245112.0,0.0,2.3139883250455573,0.0,0.0,0.0,0.0,0.0,0.0,10.0062,0.0
13472,3,Luca,Reggiani,2629300.0,57.0,1.0,1.0,0.0,1999.0,57.0,0,2,https://kickbase.b-cdn.net/content/file/8250a085897d474a87bd2a15e5558528.png,49.0,2,21.0,28.0,"[{""hasPlayed"": false, ""points"": null}, {""hasPlayed"": false, ""points"": null}, {""hasPlayed"": true, ""points"": 57}, {""hasPlayed"": false, ""points"": null}]",4,Luca Reggiani,-68593.0,-68593.0,-85720.0,-100040.0,-733191.0,-71793.0,0.0,2.3139883250455573,0.0,0.0,0.0,0.0,0.0,0.0,10.0062,0.0
14662,3,Justin,Lerma,500000.0,,,,,,,1,3,https://kickbase.b-cdn.net/content/file/ec7bf8e163864c2fb47fb324c7a06a82.png,28.0,0,,0.0,"[{""hasPlayed"": false, ""points"": null}, {""hasPlayed"": false, ""points"": null}, {""hasPlayed"": false, ""points"": null}, {""hasPlayed"": false, ""points"": null}]",5,Justin Lerma,0.0,0.0,0.0,0.0,0.0,-2197391.0,0.0,2.3139883250455573,0.0,0.0,0.0,0.0,0.0,0.0,10.0062,0.0
14899,3,Kauã,Prates,1689326.0,34.0,1.0,1.0,0.0,632.0,34.0,0,2,https://kickbase.b-cdn.net/content/file/3c7f16c226b44240b9d55d65798e5f29.png,36.0,2,20.0,17.0,"[{""hasPlayed"": false, ""points"": null}, {""hasPlayed"": false, ""points"": null}, {""hasPlayed"": false, ""points"": null}, {""hasPlayed"": true, ""points"": 34}]",4,Kauã Prates,-98321.0,-98321.0,-102599.0,-109960.0,-774525.0,-2128807.0,0.0,2.3139883250455573,0.0,0.0,0.0,0.0,0.0,0.0,10.0062,0.0
15211,3,Joane,Gadou,20166754.0,97.0,4.0,4.0,4.0,21201.0,387.0,0,2,https://kickbase.b-cdn.net/content/file/48c386df17604a3cbfeaffff6bdffae7.png,22.0,1,19.0,30.0,"[{""hasPlayed"": true, ""points"": 80}, {""hasPlayed"": true, ""points"": 111}, {""hasPlayed"": true, ""points"": 64}, {""hasPlayed"": true, ""points"": 132}]",1,Joane Gadou,67983.0,67983.0,73458.0,79006.0,487273.0,-5477104.0,7.0,2.3139883250455573,0.0,0.0,1.0,1.0,0.0,1.0,10.0062,162.07961
16378,3,Konstantinos,Karetsas,25992686.0,103.0,3.0,3.0,2.0,10422.0,308.0,2,3,https://kickbase.b-cdn.net/content/file/f4e89a3523cb47e09c5be6702baec885.png,19.0,1,11.0,94.0,"[{""hasPlayed"": true, ""points"": 59}, {""hasPlayed"": false, ""points"": null}, {""hasPlayed"": true, ""points"": 35}, {""hasPlayed"": true, ""points"": 214}]",3,Konstantinos Karetsas,63044.0,63044.0,72174.0,85125.0,696881.0,-373473.0,7.2,2.3139883250455573,0.0,0.0,0.0,0.0,0.0,0.0,10.0062,0.0
16948,3,Giannis,Konstantelias,3158526.0,181.0,1.0,1.0,1.0,3348.0,181.0,1,3,https://kickbase.b-cdn.net/content/file/222864c862d743758c5cdcbcbd1bba48.png,45.0,2,57.0,90.0,"[{""hasPlayed"": false, ""points"": null}, {""hasPlayed"": false, ""points"": null}, {""hasPlayed"": false, ""points"": null}, {""hasPlayed"": true, ""points"": 181}]",5,Giannis Konstantelias,-66116.0,-66116.0,-78340.0,-82412.0,-619330.0,-9645417.0,0.0,2.3139883250455573,0.0,0.0,0.0,0.0,0.0,0.0,10.0062,0.0
17309,3,Ethan,Nwaneri,10707040.0,91.0,3.0,3.0,2.0,11831.0,272.0,0,3,https://kickbase.b-cdn.net/content/file/80320ca8522a4369b908308269d074ad.png,18.0,1,25.0,46.0,"[{""hasPlayed"": true, ""points"": 63}, {""hasPlayed"": true, ""points"": 144}, {""hasPlayed"": true, ""points"": 65}, {""hasPlayed"": false, ""points"": null}]",3,Ethan Nwaneri,100509.0,100509.0,38985.0,-59961.0,-1649123.0,-7933393.0,7.5,2.3139883250455573,0.0,0.0,1.0,1.0,0.0,1.0,10.0062,173.656725
1863,6,Daniel,Heuer Fernandes,10583586.0,74.0,4.0,4.0,4.0,22837.0,296.0,0,1,https://kickbase.b-cdn.net/content/file/25bb5ce570244f8296d6e817316ad707.png,1.0,1,27.0,50.0,"[{""hasPlayed"": true, ""points"": 133}, {""hasPlayed"": true, ""points"": 20}, {""hasPlayed"": true, ""points"": 46}, {""hasPlayed"": true, ""points"": 97}]",1,Daniel Heuer Fernandes,63522.0,63522.0,62708.0,56962.0,348121.0,-3068855.0,5.5,1.221242718446602,0.0,0.0,1.0,1.0,0.0,1.0,10.0062,67.209994
1865,6,Yussuf,Poulsen,6678402.0,46.0,3.0,3.0,1.0,6450.0,139.0,0,4,https://kickbase.b-cdn.net/content/file/b3e645c3a34347808d97e722fcbe2ced.png,15.0,1,20.0,76.0,"[{""hasPlayed"": true, ""points"": 149}, {""hasPlayed"": true, ""points"": -1}, {""hasPlayed"": false, ""points"": null}, {""hasPlayed"": true, ""points"": -9}]",3,Yussuf Poulsen,-27670.0,-27670.0,107446.0,170210.0,1288301.0,5325932.0,7.0,0.6062135922330097,0.0,0.0,1.0,1.0,0.0,1.0,10.0062,42.461261
1889,6,Bakery,Jatta,1386108.0,11.0,3.0,3.0,1.0,6359.0,32.0,0,3,https://kickbase.b-cdn.net/content/file/7b147e15dd4b4df4bddb50f00fa8ce4e.png,18.0,2,23.0,18.0,"[{""hasPlayed"": true, ""points"": 17}, {""hasPlayed"": true, ""points"": -14}, {""hasPlayed"": false, ""points"": null}, {""hasPlayed"": true, ""points"": 29}]",3,Bakery Jatta,-108538.0,-108538.0,-114733.0,-119344.0,-870605.0,-5273554.0,5.7,0.6062135922330097,0.0,0.0,0.0,0.0,0.0,0.0,10.0062,0.0
1978,6,Jordan,Torunarigha,5755518.0,39.0,4.0,4.0,4.0,19222.0,157.0,0,2,https://kickbase.b-cdn.net/content/file/58a51dcb3fef41de90e23a162e7fe44e.png,23.0,2,27.0,53.0,"[{""hasPlayed"": true, ""points"": 112}, {""hasPlayed"": true, ""points"": 47}, {""hasPlayed"": true, ""points"": -4}, {""hasPlayed"": true, ""points"": 2}]",1,Jordan Torunarigha,-12403.0,-12403.0,-118867.0,-208622.0,-1804835.0,-2925644.0,5.2,0.6062135922330097,0.0,0.0,1.0,1.0,0.0,1.0,10.0062,31.542651
2725,6,Sebastiaan,Bornauw,8225828.0,38.0,2.0,2.0,2.0,11430.0,75.0,0,2,https://kickbase.b-cdn.net/content/file/06472f6d8eb24eccaeae4898fa81b045.png,33.0,1,9.0,23.0,"[{""hasPlayed"": false, ""points"": null}, {""hasPlayed"": false, ""points"": null}, {""hasPlayed"": true, ""points"": 49}, {""hasPlayed"": true, ""points"": 26}]",1,Sebastiaan Bornauw,234101.0,234101.0,246249.0,254272.0,1885514.0,-1226031.0,0.0,0.6062135922330097,0.0,0.0,1.0,1.0,0.0,1.0,10.0062,0.0
3277,6,Miro,Muheim,849616.0,,,,,,,0,2,https://kickbase.b-cdn.net/content/file/6b31cba3484c46c98c5575fe4f79b349.png,28.0,2,,0.0,"[{""hasPlayed"": false, ""points"": null}, {""hasPlayed"": false, ""points"": null}, {""hasPlayed"": false, ""points"": null}, {""hasPlayed"": false, ""points"": null}]",5,Miro Muheim,-31264.0,-31264.0,-60408.0,-88898.0,-646386.0,-3492354.0,0.0,0.6062135922330097,0.0,0.0,0.0,0.0,0.0,0.0,10.0062,0.0
6201,6,Nicolai,Remberg,7011626.0,41.0,4.0,4.0,4.0,22837.0,163.0,0,3,https://kickbase.b-cdn.net/content/file/8838a772b69f4284a8f34b1d63f406d8.png,21.0,2,23.0,32.0,"[{""hasPlayed"": true, ""points"": 71}, {""hasPlayed"": true, ""points"": 50}, {""hasPlayed"": true, ""points"": -5}, {""hasPlayed"": true, ""points"": 47}]",1,Nicolai Remberg,-234002.0,-234002.0,-244861.0,-247308.0,-2166675.0,-2534894.0,5.0,0.6062135922330097,0.0,0.0,1.0,1.0,0.0,1.0,10.0062,30.329472
7350,6,Otto,Stange,738502.0,-12.0,3.0,3.0,0.0,4306.0,-37.0,0,4,https://kickbase.b-cdn.net/content/file/d876e417d53e4983b76765c28cb2825d.png,19.0,1,,7.0,"[{""hasPlayed"": false, ""points"": null}, {""hasPlayed"": true, ""points"": -15}, {""hasPlayed"": true, ""points"": -16}, {""hasPlayed"": true, ""points"": -6}]",3,Otto Stange,141748.0,141748.0,49612.0,-9163.0,-203458.0,-3298216.0,4.1,0.6062135922330097,0.0,0.0,0.0,0.0,0.0,0.0,10.0062,0.0
7394,6,Kofi,Amoako,5795977.0,,,,,,,0,3,https://kickbase.b-cdn.net/content/file/6faaaadc0c43454aa7802b77b1455f2e.png,22.0,2,,0.0,"[{""hasPlayed"": false, ""points"": null}, {""hasPlayed"": false, ""points"": null}, {""hasPlayed"": false, ""points"": null}, {""hasPlayed"": false, ""points"": null}]",5,Kofi Amoako,-249785.0,-249785.0,58321.0,133869.0,915895.0,4591597.0,0.0,0.6062135922330097,0.0,0.0,0.0,0.0,0.0,0.0,10.0062,0.0
8367,6,Albert,Sambi Lokonga,7586734.0,35.0,3.0,3.0,3.0,16030.0,106.0,0,3,https://kickbase.b-cdn.net/content/file/c9c716c7e03d47078ca74b707b1577a9.png,6.0,2,13.0,32.0,"[{""hasPlayed"": true, ""points"": 64}, {""hasPlayed"": true, ""points"": -2}, {""hasPlayed"": false, ""points"": null}, {""hasPlayed"": true, ""points"": 44}]",1,Albert Sambi Lokonga,-292453.0,-292453.0,-365298.0,-518181.0,-1485841.0,-1955194.0,4.7,0.6062135922330097,0.0,0.0,1.0,1.0,0.0,1.0,10.0062,28.509704
9605,6,Albert,Grønbæk,4631061.0,56.0,4.0,4.0,4.0,21241.0,223.0,4,3,https://kickbase.b-cdn.net/content/file/02b24cefd3da410ca1d4639a2fb7ccac.png,11.0,2,48.0,78.0,"[{""hasPlayed"": true, ""points"": 170}, {""hasPlayed"": true, ""points"": 32}, {""hasPlayed"": true, ""points"": -9}, {""hasPlayed"": true, ""points"": 30}]",5,Albert Grønbæk,-105966.0,-105966.0,-111578.0,-300371.0,-1874452.0,-7579276.0,5.8,0.6062135922330097,0.0,0.0,0.0,0.0,0.0,0.0,10.0062,0.0
10120,6,Alexander,Røssing-Lelesiit,500000.0,,,,,,,0,4,https://kickbase.b-cdn.net/content/file/1e0140e6053349279a689f6bac4fdc91.png,38.0,0,,0.0,"[{""hasPlayed"": false, ""points"": null}, {""hasPlayed"": false, ""points"": null}, {""hasPlayed"": false, ""points"": null}, {""hasPlayed"": false, ""points"": null}]",5,Alexander Røssing-Lelesiit,0.0,0.0,0.0,0.0,0.0,-809787.0,0.0,0.6062135922330097,0.0,0.0,0.0,0.0,0.0,0.0,10.0062,0.0
11512,6,Nicolás,Capaldo,9995142.0,65.0,4.0,4.0,4.0,22837.0,258.0,0,2,https://kickbase.b-cdn.net/content/file/bb8ff3d0932d47bd9d7fa4a4f38068ef.png,24.0,1,25.0,97.0,"[{""hasPlayed"": true, ""points"": 206}, {""hasPlayed"": true, ""points"": 1}, {""hasPlayed"": true, ""points"": -2}, {""hasPlayed"": true, ""points"": 53}]",1,Nicolás Capaldo,127632.0,127632.0,153961.0,175461.0,1347829.0,383868.0,5.8,0.6062135922330097,0.0,0.0,1.0,1.0,0.0,1.0,10.0062,35.182188
11752,6,Warmed,Omari,4412633.0,14.0,2.0,2.0,1.0,6959.0,27.0,0,2,https://kickbase.b-cdn.net/content/file/6565bd5f9c14426aad721f006cf6f971.png,17.0,2,6.0,59.0,"[{""hasPlayed"": true, ""points"": 86}, {""hasPlayed"": true, ""points"": -59}, {""hasPlayed"": false, ""points"": null}, {""hasPlayed"": false, ""points"": null}]",4,Warmed Omari,-910557.0,-910557.0,-755955.0,-207038.0,-1234924.0,2718911.0,0.0,0.6062135922330097,0.0,0.0,0.0,0.0,0.0,0.0,10.0062,0.0
11949,6,Shafiq,Nandja,500000.0,-17.0,2.0,2.0,1.0,7361.0,-34.0,0,2,https://kickbase.b-cdn.net/content/file/74d769a877844fa1bf2f65f53f4fb91f.png,43.0,0,,16.0,"[{""hasPlayed"": false, ""points"": null}, {""hasPlayed"": true, ""points"": -33}, {""hasPlayed"": true, ""points"": -1}, {""hasPlayed"": false, ""points"": null}]",5,Shafiq Nandja,0.0,0.0,0.0,0.0,0.0,-2008927.0,0.0,0.6062135922330097,0.0,0.0,0.0,0.0,0.0,0.0,10.0062,0.0
11967,6,Fábio,Vieira,14571441.0,33.0,3.0,3.0,1.0,9876.0,100.0,0,3,https://kickbase.b-cdn.net/content/file/c93ccb5240654ea0832be06471767031.png,20.0,1,6.0,63.0,"[{""hasPlayed"": true, ""points"": 106}, {""hasPlayed"": true, ""points"": -9}, {""hasPlayed"": true, ""points"": 3}, {""hasPlayed"": false, ""points"": null}]",1,Fábio Vieira,61150.0,61150.0,64582.0,67207.0,596192.0,-4793817.0,5.6,0.6062135922330097,0.0,0.0,1.0,1.0,0.0,1.0,10.0062,33.969009
12368,6,Sander,Tangvik,500000.0,,,,,,,0,1,https://kickbase.b-cdn.net/content/file/3d7ab89b5e874e77bbb6b1fb6724745f.png,12.0,0,,0.0,"[{""hasPlayed"": false, ""points"": null}, {""hasPlayed"": false, ""points"": null}, {""hasPlayed"": false, ""points"": null}, {""hasPlayed"": false, ""points"": null}]",5,Sander Tangvik,0.0,0.0,0.0,0.0,0.0,-728309.0,0.0,1.221242718446602,0.0,0.0,0.0,0.0,0.0,0.0,10.0062,0.0
13433,6,Louis,Lemke,1097217.0,0.0,3.0,3.0,1.0,6998.0,1.0,0,2,https://kickbase.b-cdn.net/content/file/46eac50def834b9983f1475d94d28249.png,37.0,2,0.0,11.0,"[{""hasPlayed"": true, ""points"": 14}, {""hasPlayed"": false, ""points"": null}, {""hasPlayed"": true, ""points"": -15}, {""hasPlayed"": true, ""points"": 2}]",5,Louis Lemke,-118804.0,-118804.0,-104841.0,-107859.0,-869925.0,-4680817.0,5.2,0.6062135922330097,0.0,0.0,0.0,0.0,0.0,0.0,10.0062,0.0
14256,6,Zakaria,El Ouahdi,6052368.0,20.0,3.0,3.0,3.0,15732.0,60.0,2,2,https://kickbase.b-cdn.net/content/file/aaa59ffd4dbb4a3ca8cbdc97f7a6f5d3.png,7.0,1,9.0,47.0,"[{""hasPlayed"": true, ""points"": 70}, {""hasPlayed"": true, ""points"": 14}, {""hasPlayed"": true, ""points"": -24}, {""hasPlayed"": false, ""points"": null}]",3,Zakaria El Ouahdi,179781.0,179781.0,182882.0,175964.0,1198005.0,-4617236.0,4.6,0.6062135922330097,0.0,0.0,1.0,0.85,0.15,0.9500000000000001,10.0062,26.507959
14425,6,David,Møller Wolfe,6966759.0,32.0,3.0,3.0,3.0,15495.0,96.0,0,2,https://kickbase.b-cdn.net/content/file/ebc8dfc4fe9a44deb9eb939667d97619.png,3.0,1,13.0,28.0,"[{""hasPlayed"": true, ""points"": 65}, {""hasPlayed"": true, ""points"": 11}, {""hasPlayed"": true, ""points"": 20}, {""hasPlayed"": false, ""points"": null}]",1,David Møller Wolfe,130318.0,130318.0,155031.0,175552.0,1312096.0,-2308652.0,4.5,0.6062135922330097,0.0,0.0,1.0,1.0,0.0,1.0,10.0062,27.296525
15283,6,Martin,Adeline,1176031.0,1.0,3.0,3.0,2.0,7176.0,2.0,0,3,https://kickbase.b-cdn.net/content/file/a88b98f2845e4a508b7e59e2bce5ff27.png,5.0,2,1.0,9.0,"[{""hasPlayed"": true, ""points"": 11}, {""hasPlayed"": false, ""points"": null}, {""hasPlayed"": true, ""points"": -12}, {""hasPlayed"": true, ""points"": 3}]",2,Martin Adeline,39266.0,39266.0,-16105.0,-49933.0,-444944.0,-3655044.0,4.0,0.6062135922330097,0.0,0.0,1.0,1.0,0.0,1.0,10.0062,24.263578
15472,6,Patson,Daka,2776495.0,21.0,4.0,4.0,2.0,13128.0,84.0,1,4,https://kickbase.b-cdn.net/content/file/218db4a2d0cb4f89be008597b2e2d9a7.png,27.0,2,30.0,23.0,"[{""hasPlayed"": true, ""points"": 45}, {""hasPlayed"": true, ""points"": 34}, {""hasPlayed"": true, ""points"": -7}, {""hasPlayed"": true, ""points"": 12}]",5,Patson Daka,-119615.0,-119615.0,-119023.0,-120472.0,-915401.0,-6560038.0,5.9,0.6062135922330097,0.0,0.0,0.0,0.0,0.0,0.0,10.0062,0.0
15478,6,Bilal,Nadir,6193176.0,-4.0,2.0,2.0,1.0,3526.0,-7.0,0,3,https://kickbase.b-cdn.net/content/file/d153e6d5703a4637bf8ee1c23c857608.png,4.0,1,,6.0,"[{""hasPlayed"": false, ""points"": null}, {""hasPlayed"": false, ""points"": null}, {""hasPlayed"": true, ""points"": 4}, {""hasPlayed"": true, ""points"": -11}]",5,Bilal Nadir,179504.0,179504.0,230071.0,258357.0,1868419.0,4529823.0,0.0,0.6062135922330097,0.0,0.0,0.0,0.0,0.0,0.0,10.0062,0.0
17203,6,Terem,Moffi,3195198.0,3.0,4.0,4.0,2.0,11301.0,11.0,0,4,https://kickbase.b-cdn.net/content/file/84e882059fcb4accba56e1b212d31e8f.png,9.0,2,3.0,17.0,"[{""hasPlayed"": true, ""points"": 23}, {""hasPlayed"": true, ""points"": 5}, {""hasPlayed"": true, ""points"": -19}, {""hasPlayed"": true, ""points"": 2}]",3,Terem Moffi,-113584.0,-113584.0,-113222.0,-119750.0,-874463.0,-1079331.0,5.2,0.6062135922330097,0.0,0.0,0.0,0.0,0.0,0.0,10.0062,0.0
49,5,Matthias,Ginter,27553679.0,187.0,4.0,4.0,4.0,22727.0,746.0,0,2,https://kickbase.b-cdn.net/content/file/a8c1cfae192947a6b91e1c32238cf2d6.png,28.0,1,27.0,104.0,"[{""hasPlayed"": true, ""points"": 78}, {""hasPlayed"": true, ""points"": 326}, {""hasPlayed"": true, ""points"": 148}, {""hasPlayed"": true, ""points"": 194}]",1,Matthias Ginter,32802.0,32802.0,30408.0,27670.0,153851.0,769565.0,8.1,1.9802807486631018,0.0,0.0,1.0,1.0,0.0,1.0,10.0062,160.50219
89,5,Christian,Günter,728216.0,,,,,,,0,2,https://kickbase.b-cdn.net/content/file/6cf382255517427e83824869e5a182d9.png,30.0,1,,0.0,"[{""hasPlayed"": false, ""points"": null}, {""hasPlayed"": false, ""points"": null}, {""hasPlayed"": false, ""points"": null}, {""hasPlayed"": false, ""points"": null}]",3,Christian Günter,164889.0,164889.0,63327.0,-2682.0,-254031.0,-3329775.0,0.0,1.9802807486631018,0.0,0.0,0.0,0.0,0.0,0.0,10.0062,0.0
118,5,Vincenzo,Grifo,4954133.0,59.0,3.0,3.0,0.0,4115.0,178.0,0,3,https://kickbase.b-cdn.net/content/file/eabed4e9dee0416bbcc8ff5864f44ea5.png,32.0,2,35.0,42.0,"[{""hasPlayed"": true, ""points"": 38}, {""hasPlayed"": true, ""points"": 102}, {""hasPlayed"": true, ""points"": 38}, {""hasPlayed"": false, ""points"": null}]",4,Vincenzo Grifo,-224561.0,-224561.0,-236149.0,-237551.0,-1936512.0,-3770181.0,8.7,1.9802807486631018,0.0,0.0,0.0,0.0,0.0,0.0,10.0062,0.0
1257,5,Lukas,Kübler,2846861.0,45.0,4.0,4.0,1.0,7465.0,180.0,0,2,https://kickbase.b-cdn.net/content/file/a2d24146b6354e6f9b967bb58061f2ac.png,17.0,2,63.0,38.0,"[{""hasPlayed"": true, ""points"": 22}, {""hasPlayed"": true, ""points"": 22}, {""hasPlayed"": true, ""points"": 34}, {""hasPlayed"": true, ""points"": 102}]",4,Lukas Kübler,-75211.0,-75211.0,-89217.0,-97304.0,-678880.0,-3852593.0,7.2,1.9802807486631018,0.0,0.0,0.0,0.0,0.0,0.0,10.0062,0.0
1645,5,Maximilian,Eggestein,18720036.0,160.0,4.0,4.0,4.0,22727.0,641.0,0,3,https://kickbase.b-cdn.net/content/file/7b762754c912496287f84b3c38b24a82.png,8.0,2,34.0,85.0,"[{""hasPlayed"": true, ""points"": 60}, {""hasPlayed"": true, ""points"": 232}, {""hasPlayed"": true, ""points"": 230}, {""hasPlayed"": true, ""points"": 119}]",1,Maximilian Eggestein,22497.0,22497.0,5399.0,-98324.0,-942873.0,1304229.0,7.8,1.9802807486631018,0.0,0.0,1.0,1.0,0.0,1.0,10.0062,154.557665
1767,5,Jannik,Huth,500000.0,,,,,,,0,1,https://kickbase.b-cdn.net/content/file/32936879ffa043938bf688dd5dbca746.png,24.0,0,,0.0,"[{""hasPlayed"": false, ""points"": null}, {""hasPlayed"": false, ""points"": null}, {""hasPlayed"": false, ""points"": null}, {""hasPlayed"": false, ""points"": null}]",5,Jannik Huth,0.0,0.0,0.0,0.0,0.0,0.0,0.0,1.4960561497326204,0.0,0.0,0.0,0.0,0.0,0.0,10.0062,0.0
1858,5,Anthony,Jung,500000.0,,,,,,,0,2,https://kickbase.b-cdn.net/content/file/5de873b60e7a46eb83255e4a5297a974.png,5.0,0,,0.0,"[{""hasPlayed"": false, ""points"": null}, {""hasPlayed"": false, ""points"": null}, {""hasPlayed"": false, ""points"": null}, {""hasPlayed"": false, ""points"": null}]",5,Anthony Jung,0.0,0.0,0.0,0.0,0.0,-1881953.0,0.0,1.9802807486631018,0.0,0.0,0.0,0.0,0.0,0.0,10.0062,0.0
1910,5,Florian,Müller,500000.0,,,,,,,0,1,https://kickbase.b-cdn.net/content/file/812a2cedbff7444099345ed29acae1a0.png,21.0,0,,0.0,"[{""hasPlayed"": false, ""points"": null}, {""hasPlayed"": false, ""points"": null}, {""hasPlayed"": false, ""points"": null}, {""hasPlayed"": false, ""points"": null}]",5,Florian Müller,0.0,0.0,0.0,0.0,0.0,0.0,0.0,1.4960561497326204,0.0,0.0,0.0,0.0,0.0,0.0,10.0062,0.0
2084,5,Philipp,Lienhart,17127655.0,127.0,4.0,4.0,4.0,21235.0,508.0,0,2,https://kickbase.b-cdn.net/content/file/748f11f6c0294a41850137ab1c162436.png,3.0,1,29.0,39.0,"[{""hasPlayed"": true, ""points"": 104}, {""hasPlayed"": true, ""points"": 183}, {""hasPlayed"": true, ""points"": 94}, {""hasPlayed"": true, ""points"": 127}]",2,Philipp Lienhart,44945.0,44945.0,52636.0,51535.0,338146.0,3174316.0,7.8,1.9802807486631018,0.0,0.0,1.0,1.0,0.0,1.0,10.0062,154.557665
2125,5,Jan-Niklas,Beste,13168304.0,108.0,4.0,4.0,4.0,16570.0,432.0,0,3,https://kickbase.b-cdn.net/content/file/50008e312d584e419fc78f1d54151bc3.png,19.0,1,32.0,21.0,"[{""hasPlayed"": true, ""points"": 93}, {""hasPlayed"": true, ""points"": 125}, {""hasPlayed"": true, ""points"": 86}, {""hasPlayed"": true, ""points"": 128}]",1,Jan-Niklas Beste,53815.0,53815.0,35917.0,13350.0,-602141.0,-675732.0,7.8,1.9802807486631018,0.0,0.0,1.0,1.0,0.0,1.0,10.0062,154.557665
2176,5,Lucas,Höler,1096173.0,19.0,3.0,3.0,0.0,2726.0,56.0,0,4,https://kickbase.b-cdn.net/content/file/fd6c0b5e138c4a7382c1f0eade49e3f9.png,9.0,2,51.0,24.0,"[{""hasPlayed"": true, ""points"": -14}, {""hasPlayed"": true, ""points"": 33}, {""hasPlayed"": false, ""points"": null}, {""hasPlayed"": true, ""points"": 37}]",5,Lucas Höler,-84975.0,-84975.0,-97275.0,-104811.0,-773307.0,-3626977.0,6.3,1.9802807486631018,0.0,0.0,0.0,0.0,0.0,0.0,10.0062,0.0
2722,5,Patrick,Osterhage,500000.0,,,,,,,0,3,https://kickbase.b-cdn.net/content/file/60fae74949d64f7dbfc181f788ffc48c.png,6.0,0,,0.0,"[{""hasPlayed"": false, ""points"": null}, {""hasPlayed"": false, ""points"": null}, {""hasPlayed"": false, ""points"": null}, {""hasPlayed"": false, ""points"": null}]",5,Patrick Osterhage,0.0,0.0,0.0,0.0,0.0,-1784985.0,0.0,1.9802807486631018,0.0,0.0,0.0,0.0,0.0,0.0,10.0062,0.0
3209,5,Yannik,Engelhardt,14777914.0,149.0,4.0,4.0,4.0,21946.0,595.0,0,3,https://kickbase.b-cdn.net/content/file/026c80a428ef428ba28a09167853739e.png,16.0,1,40.0,165.0,"[{""hasPlayed"": true, ""points"": 73}, {""hasPlayed"": true, ""points"": 397}, {""hasPlayed"": true, ""points"": 54}, {""hasPlayed"": true, ""points"": 71}]",1,Yannik Engelhardt,125784.0,125784.0,137451.0,142894.0,1089947.0,2996739.0,6.8,1.9802807486631018,0.0,0.0,1.0,1.0,0.0,1.0,10.0062,134.74258
3218,5,Mio,Backhaus,11706244.0,95.0,4.0,4.0,4.0,22727.0,380.0,0,1,https://kickbase.b-cdn.net/content/file/5b9a29bca41244bb8c7e691643d00e7d.png,1.0,1,32.0,56.0,"[{""hasPlayed"": true, ""points"": 26}, {""hasPlayed"": true, ""points"": 144}, {""hasPlayed"": true, ""points"": 139}, {""hasPlayed"": true, ""points"": 71}]",1,Mio Backhaus,108482.0,108482.0,94003.0,76678.0,-61378.0,-3399495.0,6.3,1.4960561497326204,0.0,0.0,1.0,1.0,0.0,1.0,10.0062,94.309973
3304,5,Igor,Matanović,25659470.0,201.0,4.0,4.0,4.0,20001.0,805.0,0,4,https://kickbase.b-cdn.net/content/file/6bb42fe3c2da4e1e9f8ad8dc25f1cc85.png,31.0,1,31.0,111.0,"[{""hasPlayed"": true, ""points"": 46}, {""hasPlayed"": true, ""points"": 272}, {""hasPlayed"": true, ""points"": 196}, {""hasPlayed"": true, ""points"": 291}]",1,Igor Matanović,41745.0,41745.0,40391.0,50461.0,274810.0,4024806.0,7.9,1.9802807486631018,0.0,0.0,1.0,1.0,0.0,1.0,10.0062,156.539173
4335,5,Derry,Scherhant,16104948.0,158.0,4.0,4.0,4.0,18612.0,632.0,0,3,https://kickbase.b-cdn.net/content/file/bef26d4942154c3483dbb80207a36d4d.png,7.0,1,39.0,54.0,"[{""hasPlayed"": true, ""points"": 238}, {""hasPlayed"": true, ""points"": 128}, {""hasPlayed"": true, ""points"": 122}, {""hasPlayed"": true, ""points"": 144}]",2,Derry Scherhant,207687.0,207687.0,203287.0,196208.0,1259236.0,5531034.0,8.4,1.9802807486631018,0.0,0.0,1.0,1.0,0.0,1.0,10.0062,166.446716
6209,5,Philipp,Treu,13059228.0,76.0,4.0,4.0,3.0,17815.0,303.0,0,2,https://kickbase.b-cdn.net/content/file/76b764f7f4a448e39454f846207e2071.png,29.0,1,23.0,55.0,"[{""hasPlayed"": true, ""points"": 28}, {""hasPlayed"": true, ""points"": 103}, {""hasPlayed"": true, ""points"": 141}, {""hasPlayed"": true, ""points"": 31}]",2,Philipp Treu,60068.0,60068.0,55147.0,45161.0,237818.0,2929418.0,6.5,1.9802807486631018,0.0,0.0,1.0,1.0,0.0,1.0,10.0062,128.798054
7215,5,Jordy,Makengo,14123198.0,151.0,4.0,4.0,4.0,22727.0,603.0,0,2,https://kickbase.b-cdn.net/content/file/fd0567aa1f2a49ac97f7b4bdc6aa87a7.png,33.0,1,42.0,84.0,"[{""hasPlayed"": true, ""points"": 117}, {""hasPlayed"": true, ""points"": 276}, {""hasPlayed"": true, ""points"": 120}, {""hasPlayed"": true, ""points"": 90}]",3,Jordy Makengo,118053.0,118053.0,145307.0,160138.0,977214.0,5063701.0,7.9,1.9802807486631018,0.0,0.0,1.0,1.0,0.0,1.0,10.0062,156.539173
7216,5,Max,Rosenfelder,1979336.0,37.0,1.0,1.0,0.0,1491.0,37.0,0,2,https://kickbase.b-cdn.net/content/file/e433049f58c743a5959513619885f55b.png,37.0,2,18.0,18.0,"[{""hasPlayed"": false, ""points"": null}, {""hasPlayed"": false, ""points"": null}, {""hasPlayed"": false, ""points"": null}, {""hasPlayed"": true, ""points"": 37}]",4,Max Rosenfelder,-104055.0,-104055.0,-107086.0,-105792.0,-744240.0,-3354780.0,0.0,1.9802807486631018,0.0,0.0,0.0,0.0,0.0,0.0,10.0062,0.0
8363,5,Berkay,Yilmaz,610952.0,24.0,1.0,1.0,0.0,780.0,24.0,0,2,https://kickbase.b-cdn.net/content/file/1fc23d1e07db4a7da80071b9456c1dfc.png,27.0,1,39.0,12.0,"[{""hasPlayed"": false, ""points"": null}, {""hasPlayed"": false, ""points"": null}, {""hasPlayed"": true, ""points"": 24}, {""hasPlayed"": false, ""points"": null}]",5,Berkay Yilmaz,109428.0,109428.0,1524.0,0.0,-18605.0,-3011735.0,0.0,1.9802807486631018,0.0,0.0,0.0,0.0,0.0,0.0,10.0062,0.0
8364,5,Bruno,Ogbus,721013.0,,,,,,,0,2,https://kickbase.b-cdn.net/content/file/e64737da07c343e9a8027194fa943078.png,43.0,2,,0.0,"[{""hasPlayed"": false, ""points"": null}, {""hasPlayed"": false, ""points"": null}, {""hasPlayed"": false, ""points"": null}, {""hasPlayed"": false, ""points"": null}]",5,Bruno Ogbus,-114098.0,-114098.0,-122883.0,-124765.0,-873548.0,-2740397.0,0.0,1.9802807486631018,0.0,0.0,0.0,0.0,0.0,0.0,10.0062,0.0
11006,5,Yuito,Suzuki,20318962.0,186.0,4.0,4.0,4.0,19604.0,745.0,0,3,https://kickbase.b-cdn.net/content/file/b6f12e7f20704297b8205da224ce56f1.png,14.0,1,36.0,146.0,"[{""hasPlayed"": true, ""points"": 179}, {""hasPlayed"": true, ""points"": 96}, {""hasPlayed"": true, ""points"": 75}, {""hasPlayed"": true, ""points"": 395}]",1,Yuito Suzuki,67705.0,67705.0,56869.0,45512.0,269865.0,4026896.0,7.8,1.9802807486631018,0.0,0.0,1.0,1.0,0.0,1.0,10.0062,154.557665
11007,5,Cyriaque,Irié,1646842.0,45.0,2.0,2.0,0.0,3674.0,90.0,2,3,https://kickbase.b-cdn.net/content/file/495fd2fe440e4673a4c36e223f53eb4e.png,22.0,2,54.0,28.0,"[{""hasPlayed"": false, ""points"": null}, {""hasPlayed"": true, ""points"": 30}, {""hasPlayed"": false, ""points"": null}, {""hasPlayed"": true, ""points"": 60}]",5,Cyriaque Irié,-117194.0,-117194.0,-122556.0,-122802.0,-826099.0,-3598928.0,0.0,1.9802807486631018,0.0,0.0,0.0,0.0,0.0,0.0,10.0062,0.0
14048,5,Keisuke,Goto,540976.0,20.0,4.0,4.0,0.0,3119.0,81.0,0,4,https://kickbase.b-cdn.net/content/file/51c1a52f7444432aab2f7b125fe5ac33.png,42.0,2,149.0,19.0,"[{""hasPlayed"": true, ""points"": 3}, {""hasPlayed"": true, ""points"": 48}, {""hasPlayed"": true, ""points"": 19}, {""hasPlayed"": true, ""points"": 11}]",5,Keisuke Goto,25130.0,25130.0,-11789.0,-32297.0,-325184.0,-2771729.0,7.7,1.9802807486631018,0.0,0.0,0.0,0.0,0.0,0.0,10.0062,0.0
15196,5,Rihito,Yamamoto,500000.0,,,,,,,0,3,https://kickbase.b-cdn.net/content/file/500d566763b246d9b74d65bf2cf33241.png,20.0,0,,0.0,"[{""hasPlayed"": false, ""points"": null}, {""hasPlayed"": false, ""points"": null}, {""hasPlayed"": false, ""points"": null}, {""hasPlayed"": false, ""points"": null}]",5,Rihito Yamamoto,0.0,0.0,0.0,0.0,0.0,-2508432.0,0.0,1.9802807486631018,0.0,0.0,0.0,0.0,0.0,0.0,10.0062,0.0
43,10,Mitchell,Weiser,9555047.0,71.0,2.0,2.0,0.0,2512.0,141.0,0,2,https://kickbase.b-cdn.net/content/file/d4075d101f5c49f88113a719ed8f34e5.png,8.0,2,14.0,62.0,"[{""hasPlayed"": true, ""points"": 128}, {""hasPlayed"": true, ""points"": 13}, {""hasPlayed"": false, ""points"": null}, {""hasPlayed"": false, ""points"": null}]",5,Mitchell Weiser,-294368.0,-294368.0,-19863.0,74411.0,483283.0,4911220.0,0.0,0.5216975013126603,0.0,0.0,0.0,0.0,0.0,0.0,10.0062,0.0
157,10,Niklas,Stark,777035.0,,,,,,,2,2,https://kickbase.b-cdn.net/content/file/47d350de3ba7487dad6fff58c11b5910.png,4.0,2,,0.0,"[{""hasPlayed"": false, ""points"": null}, {""hasPlayed"": false, ""points"": null}, {""hasPlayed"": false, ""points"": null}, {""hasPlayed"": false, ""points"": null}]",5,Niklas Stark,-120893.0,-120893.0,-120299.0,-120037.0,-863490.0,-2564198.0,0.0,0.5216975013126603,0.0,0.0,0.0,0.0,0.0,0.0,10.0062,0.0
608,10,Niclas,Füllkrug,16541088.0,108.0,4.0,4.0,4.0,19258.0,430.0,0,4,https://kickbase.b-cdn.net/content/file/b83a0c4ef29b40d99020bb11e9e1bc7f.png,10.0,1,25.0,104.0,"[{""hasPlayed"": true, ""points"": 187}, {""hasPlayed"": true, ""points"": 152}, {""hasPlayed"": true, ""points"": 137}, {""hasPlayed"": true, ""points"": -46}]",1,Niclas Füllkrug,50870.0,50870.0,51738.0,53907.0,381704.0,3716135.0,8.1,0.5216975013126603,0.0,0.0,1.0,1.0,0.0,1.0,10.0062,42.283697
1996,10,Marco,Friedl,12589882.0,111.0,4.0,4.0,4.0,23353.0,445.0,0,2,https://kickbase.b-cdn.net/content/file/7ab07056637e493d80590700542ee887.png,32.0,1,35.0,47.0,"[{""hasPlayed"": true, ""points"": 178}, {""hasPlayed"": true, ""points"": 109}, {""hasPlayed"": true, ""points"": 88}, {""hasPlayed"": true, ""points"": 70}]",1,Marco Friedl,35165.0,35165.0,28453.0,24773.0,210352.0,908167.0,7.4,0.5216975013126603,0.0,0.0,1.0,1.0,0.0,1.0,10.0062,38.629551
2294,10,Amos,Pieper,12317843.0,118.0,4.0,4.0,4.0,22281.0,470.0,0,2,https://kickbase.b-cdn.net/content/file/32262c6e17164fd1a62ee34e358e2540.png,5.0,2,38.0,33.0,"[{""hasPlayed"": true, ""points"": 105}, {""hasPlayed"": true, ""points"": 168}, {""hasPlayed"": true, ""points"": 102}, {""hasPlayed"": true, ""points"": 95}]",1,Amos Pieper,-28219.0,-28219.0,-93652.0,-121003.0,-1327204.0,233184.0,7.1,0.5216975013126603,0.0,0.0,1.0,1.0,0.0,1.0,10.0062,37.063488
2842,10,Felix,Agu,4284732.0,,,,,,,1,2,https://kickbase.b-cdn.net/content/file/d3aec548a0d84afcb6a8f6c90cc09e72.png,27.0,2,,0.0,"[{""hasPlayed"": false, ""points"": null}, {""hasPlayed"": false, ""points"": null}, {""hasPlayed"": false, ""points"": null}, {""hasPlayed"": false, ""points"": null}]",5,Felix Agu,-780260.0,-780260.0,-307218.0,103497.0,266742.0,2517246.0,0.0,0.5216975013126603,0.0,0.0,0.0,0.0,0.0,0.0,10.0062,0.0
2939,10,Eren Sami,Dinkçi,5851408.0,51.0,4.0,4.0,3.0,13972.0,202.0,0,3,https://kickbase.b-cdn.net/content/file/174ad85385c44b14afdb5c2c71ce799f.png,18.0,2,34.0,56.0,"[{""hasPlayed"": true, ""points"": 63}, {""hasPlayed"": true, ""points"": 28}, {""hasPlayed"": true, ""points"": 122}, {""hasPlayed"": true, ""points"": -11}]",1,Eren Sami Dinkçi,-34716.0,-34716.0,-133721.0,-150279.0,-1515127.0,201747.0,6.3,0.5216975013126603,0.0,0.0,1.0,1.0,0.0,1.0,10.0062,32.88732
3139,10,Cédric,Itten,500000.0,15.0,3.0,3.0,0.0,4131.0,46.0,0,4,https://kickbase.b-cdn.net/content/file/c4cfdfdc99a949ea8f5f97c7c316efd8.png,26.0,2,92.0,8.0,"[{""hasPlayed"": false, ""points"": null}, {""hasPlayed"": true, ""points"": 11}, {""hasPlayed"": true, ""points"": 21}, {""hasPlayed"": true, ""points"": 14}]",5,Cédric Itten,-23506.0,-23506.0,-57351.0,-82708.0,-611097.0,-3513603.0,6.1,0.5216975013126603,0.0,0.0,0.0,0.0,0.0,0.0,10.0062,0.0
3166,10,Keke,Topp,500000.0,,,,,,,4,4,https://kickbase.b-cdn.net/content/file/3b2c4046987d46a6a2afe1a90455d7ea.png,9.0,0,,0.0,"[{""hasPlayed"": false, ""points"": null}, {""hasPlayed"": false, ""points"": null}, {""hasPlayed"": false, ""points"": null}, {""hasPlayed"": false, ""points"": null}]",5,Keke Topp,0.0,0.0,0.0,0.0,0.0,0.0,0.0,0.5216975013126603,0.0,0.0,0.0,0.0,0.0,0.0,10.0062,0.0
3228,10,Justin,Njinmah,725403.0,2.0,1.0,1.0,1.0,3750.0,2.0,4,4,https://kickbase.b-cdn.net/content/file/aecaedfbbfac4fc189856b5b5d560b2d.png,11.0,2,2.0,1.0,"[{""hasPlayed"": false, ""points"": null}, {""hasPlayed"": false, ""points"": null}, {""hasPlayed"": false, ""points"": null}, {""hasPlayed"": true, ""points"": 2}]",5,Justin Njinmah,-15177.0,-15177.0,-47286.0,-80865.0,-589905.0,-3978931.0,0.0,0.5216975013126603,0.0,0.0,0.0,0.0,0.0,0.0,10.0062,0.0
3281,10,Ludovit,Reis,5612718.0,66.0,4.0,4.0,4.0,20245.0,264.0,0,3,https://kickbase.b-cdn.net/content/file/4b8927aad68d467b96d281d272a77f35.png,15.0,1,47.0,28.0,"[{""hasPlayed"": true, ""points"": 78}, {""hasPlayed"": true, ""points"": 60}, {""hasPlayed"": true, ""points"": 97}, {""hasPlayed"": true, ""points"": 29}]",1,Ludovit Reis,312973.0,312973.0,266274.0,199911.0,513982.0,-3573621.0,6.3,0.5216975013126603,0.0,0.0,1.0,1.0,0.0,1.0,10.0062,32.88732
3450,10,Markus,Kolke,500000.0,,,,,,,0,1,https://kickbase.b-cdn.net/content/file/8e62a66ca620435fa877b6e0ed662c0b.png,25.0,0,,0.0,"[{""hasPlayed"": false, ""points"": null}, {""hasPlayed"": false, ""points"": null}, {""hasPlayed"": false, ""points"": null}, {""hasPlayed"": false, ""points"": null}]",5,Markus Kolke,0.0,0.0,0.0,0.0,0.0,0.0,0.0,1.2043395002625321,0.0,0.0,0.0,0.0,0.0,0.0,10.0062,0.0
3481,10,Jens,Stage,3312495.0,,,,,,,1,3,https://kickbase.b-cdn.net/content/file/1660e6fa98fe418d8a4abdb17bda1d62.png,6.0,2,,0.0,"[{""hasPlayed"": false, ""points"": null}, {""hasPlayed"": false, ""points"": null}, {""hasPlayed"": false, ""points"": null}, {""hasPlayed"": false, ""points"": null}]",5,Jens Stage,-105610.0,-105610.0,-107868.0,-113100.0,-826111.0,-10279778.0,0.0,0.5216975013126603,0.0,0.0,0.0,0.0,0.0,0.0,10.0062,0.0
6174,10,,Arthur,6047623.0,73.0,3.0,3.0,3.0,14891.0,220.0,0,2,https://kickbase.b-cdn.net/content/file/1a97160785984f9ba1247c828bca87a5.png,13.0,1,36.0,47.0,"[{""hasPlayed"": true, ""points"": 117}, {""hasPlayed"": true, ""points"": 54}, {""hasPlayed"": true, ""points"": 49}, {""hasPlayed"": false, ""points"": null}]",1,Arthur,270973.0,270973.0,199707.0,108479.0,344996.0,-60207.0,6.5,0.5216975013126603,0.0,0.0,1.0,1.0,0.0,1.0,10.0062,33.931362
7167,10,Senne,Lynen,3627920.0,0.0,1.0,1.0,1.0,2812.0,0.0,2,3,https://kickbase.b-cdn.net/content/file/155288638ca9459bbebfab0684e818ef.png,14.0,2,,0.0,"[{""hasPlayed"": false, ""points"": null}, {""hasPlayed"": false, ""points"": null}, {""hasPlayed"": false, ""points"": null}, {""hasPlayed"": true, ""points"": 0}]",5,Senne Lynen,-111735.0,-111735.0,-112781.0,-117753.0,-1379426.0,-3269554.0,0.0,0.5216975013126603,0.0,0.0,0.0,0.0,0.0,0.0,10.0062,0.0
7282,10,Olivier,Deman,9000176.0,101.0,4.0,4.0,4.0,23391.0,403.0,0,2,https://kickbase.b-cdn.net/content/file/581d084f390f47a38c3d2d35085fb1e4.png,2.0,2,44.0,57.0,"[{""hasPlayed"": true, ""points"": 101}, {""hasPlayed"": true, ""points"": 117}, {""hasPlayed"": true, ""points"": 162}, {""hasPlayed"": true, ""points"": 23}]",1,Olivier Deman,2924.0,2924.0,-80575.0,-124137.0,-1274251.0,-190132.0,7.0,0.5216975013126603,0.0,0.0,1.0,1.0,0.0,1.0,10.0062,36.541467
7721,10,Marco,Grüll,13378740.0,185.0,4.0,4.0,4.0,22841.0,739.0,0,3,https://kickbase.b-cdn.net/content/file/73071b81354346399a14dd6431d4e823.png,17.0,1,55.0,111.0,"[{""hasPlayed"": true, ""points"": 266}, {""hasPlayed"": true, ""points"": 56}, {""hasPlayed"": true, ""points"": 290}, {""hasPlayed"": true, ""points"": 127}]",1,Marco Grüll,116113.0,116113.0,97293.0,71567.0,498315.0,5971598.0,8.0,0.5216975013126603,0.0,0.0,1.0,1.0,0.0,1.0,10.0062,41.761676
8166,10,,Chuki,11714410.0,116.0,4.0,4.0,4.0,22583.0,465.0,0,3,https://kickbase.b-cdn.net/content/file/480d2ef5bfd94f57a5db7545d63b0828.png,20.0,2,39.0,71.0,"[{""hasPlayed"": true, ""points"": 185}, {""hasPlayed"": true, ""points"": 110}, {""hasPlayed"": true, ""points"": 151}, {""hasPlayed"": true, ""points"": 19}]",1,Chuki,15594.0,15594.0,1246.0,-80196.0,-351626.0,4405138.0,7.1,0.5216975013126603,0.0,0.0,1.0,1.0,0.0,1.0,10.0062,37.063488
9513,10,Karl,Hein,9743875.0,115.0,4.0,4.0,4.0,23391.0,459.0,0,1,https://kickbase.b-cdn.net/content/file/0342913c28ed45b18f310732f9b90b16.png,1.0,2,47.0,96.0,"[{""hasPlayed"": true, ""points"": 75}, {""hasPlayed"": true, ""points"": 234}, {""hasPlayed"": true, ""points"": 142}, {""hasPlayed"": true, ""points"": 8}]",1,Karl Hein,-236306.0,-236306.0,-448615.0,-423639.0,-2192708.0,-2362632.0,6.8,1.2043395002625321,0.0,0.0,1.0,0.85,0.15,0.9500000000000001,10.0062,77.848568
9600,10,Alexander,Schlager,1371874.0,,,,,,,0,1,https://kickbase.b-cdn.net/content/file/c677b3706079488a8ee0283db8fdd970.png,30.0,1,,0.0,"[{""hasPlayed"": false, ""points"": null}, {""hasPlayed"": false, ""points"": null}, {""hasPlayed"": false, ""points"": null}, {""hasPlayed"": false, ""points"": null}]",5,Alexander Schlager,353560.0,353560.0,318984.0,190961.0,871874.0,-290844.0,0.0,1.2043395002625321,0.0,0.0,0.0,0.0,0.0,0.0,10.0062,0.0
10131,10,Dariusz,Stalmach,1905931.0,63.0,3.0,3.0,0.0,5260.0,188.0,0,3,https://kickbase.b-cdn.net/content/file/24197523c05b4e17ac6e922264265d37.png,23.0,2,98.0,67.0,"[{""hasPlayed"": false, ""points"": null}, {""hasPlayed"": true, ""points"": 16}, {""hasPlayed"": true, ""points"": 25}, {""hasPlayed"": true, ""points"": 147}]",5,Dariusz Stalmach,-88091.0,-88091.0,-99446.0,-106087.0,-741375.0,-2122995.0,7.2,0.5216975013126603,0.0,0.0,0.0,0.0,0.0,0.0,10.0062,0.0
10134,10,Mick,Schmetgens,1098893.0,16.0,4.0,4.0,1.0,8498.0,65.0,0,2,https://kickbase.b-cdn.net/content/file/cbb89b4949af4997a53ca8ecc1ce7c78.png,33.0,2,59.0,18.0,"[{""hasPlayed"": true, ""points"": 17}, {""hasPlayed"": true, ""points"": 6}, {""hasPlayed"": true, ""points"": 42}, {""hasPlayed"": true, ""points"": 0}]",5,Mick Schmetgens,-88558.0,-88558.0,-95832.0,-101146.0,-783345.0,-4066977.0,6.2,0.5216975013126603,0.0,0.0,0.0,0.0,0.0,0.0,10.0062,0.0
11262,10,Salim Amani,Musah,500000.0,9.0,3.0,3.0,0.0,3874.0,26.0,1,4,https://kickbase.b-cdn.net/content/file/06171b2c46b740f29fc107281e5b489c.png,29.0,0,52.0,13.0,"[{""hasPlayed"": true, ""points"": 25}, {""hasPlayed"": false, ""points"": null}, {""hasPlayed"": true, ""points"": 6}, {""hasPlayed"": true, ""points"": -5}]",5,Salim Amani Musah,0.0,0.0,0.0,0.0,-185741.0,-3315943.0,6.0,0.5216975013126603,0.0,0.0,0.0,0.0,0.0,0.0,10.0062,0.0
13449,10,Moussa,Ndiaye,500000.0,,,,,,,2,2,https://kickbase.b-cdn.net/content/file/2af2bd87e1ec448bb98741662c2c9fe4.png,16.0,0,,0.0,"[{""hasPlayed"": false, ""points"": null}, {""hasPlayed"": false, ""points"": null}, {""hasPlayed"": false, ""points"": null}, {""hasPlayed"": false, ""points"": null}]",5,Moussa Ndiaye,0.0,0.0,0.0,0.0,0.0,-2916171.0,0.0,0.5216975013126603,0.0,0.0,0.0,0.0,0.0,0.0,10.0062,0.0
14923,10,Kenny,Quetant,6022488.0,,,,,,,0,4,https://kickbase.b-cdn.net/content/file/ce71a0ceab994338b9911cf79b91e00c.png,19.0,1,,0.0,"[{""hasPlayed"": false, ""points"": null}, {""hasPlayed"": false, ""points"": null}, {""hasPlayed"": false, ""points"": null}, {""hasPlayed"": false, ""points"": null}]",5,Kenny Quetant,205169.0,205169.0,247848.0,274035.0,2045920.0,5111134.0,0.0,0.5216975013126603,0.0,0.0,0.0,0.0,0.0,0.0,10.0062,0.0
14926,10,Darwin,Soylu,3942709.0,,,,,,,0,3,https://kickbase.b-cdn.net/content/file/5cb0e397fead443c8b6edad320c05fb5.png,34.0,2,,0.0,"[{""hasPlayed"": false, ""points"": null}, {""hasPlayed"": false, ""points"": null}, {""hasPlayed"": false, ""points"": null}, {""hasPlayed"": false, ""points"": null}]",5,Darwin Soylu,-244073.0,-244073.0,-970514.0,-691602.0,-1594011.0,3139924.0,0.0,0.5216975013126603,0.0,0.0,0.0,0.0,0.0,0.0,10.0062,0.0
15256,10,Oskar,Wójcik,6295713.0,51.0,1.0,1.0,0.0,1110.0,51.0,0,2,https://kickbase.b-cdn.net/content/file/97c455965a994f56b1d9c44f02427633.png,3.0,1,8.0,25.0,"[{""hasPlayed"": true, ""points"": 51}, {""hasPlayed"": false, ""points"": null}, {""hasPlayed"": false, ""points"": null}, {""hasPlayed"": false, ""points"": null}]",5,Oskar Wójcik,207039.0,207039.0,245674.0,275005.0,1996992.0,4068962.0,0.0,0.5216975013126603,0.0,0.0,0.0,0.0,0.0,0.0,10.0062,0.0
15313,10,Paul,Erevbenagie,641281.0,25.0,2.0,2.0,0.0,2494.0,49.0,0,4,https://kickbase.b-cdn.net/content/file/6e29480ac28c4af59908453b181e813c.png,38.0,1,76.0,17.0,"[{""hasPlayed"": false, ""points"": null}, {""hasPlayed"": true, ""points"": 12}, {""hasPlayed"": true, ""points"": 37}, {""hasPlayed"": false, ""points"": null}]",5,Paul Erevbenagie,110981.0,110981.0,30300.0,0.0,-237705.0,-3168796.0,0.0,0.5216975013126603,0.0,0.0,0.0,0.0,0.0,0.0,10.0062,0.0
17288,10,Youri,Regeer,10791969.0,114.0,3.0,3.0,3.0,16128.0,341.0,0,3,https://kickbase.b-cdn.net/content/file/f4b7ace177bb4699aad8c93d93c91829.png,44.0,1,31.0,81.0,"[{""hasPlayed"": true, ""points"": 186}, {""hasPlayed"": true, ""points"": 25}, {""hasPlayed"": true, ""points"": 130}, {""hasPlayed"": false, ""points"": null}]",1,Youri Regeer,49365.0,49365.0,26600.0,-15490.0,67043.0,4226487.0,7.3,0.5216975013126603,0.0,0.0,1.0,1.0,0.0,1.0,10.0062,38.10753
493,13,Michael,Gregoritsch,12050471.0,137.0,4.0,4.0,4.0,17787.0,549.0,0,4,https://kickbase.b-cdn.net/content/file/90d8bfeb702e4fc9a12b70e61d1cada3.png,11.0,1,45.0,108.0,"[{""hasPlayed"": true, ""points"": 16}, {""hasPlayed"": true, ""points"": 257}, {""hasPlayed"": true, ""points"": 81}, {""hasPlayed"": true, ""points"": 195}]",1,Michael Gregoritsch,96046.0,96046.0,79986.0,68230.0,-165584.0,-508457.0,7.2,0.365742251223491,0.0,0.0,1.0,1.0,0.0,1.0,10.0062,26.349769
1809,13,Marius,Wolf,6173050.0,111.0,4.0,4.0,4.0,19071.0,444.0,0,3,https://kickbase.b-cdn.net/content/file/a1f80afaec424464a483185498e81a2e.png,27.0,1,71.0,107.0,"[{""hasPlayed"": true, ""points"": 8}, {""hasPlayed"": true, ""points"": 36}, {""hasPlayed"": true, ""points"": 162}, {""hasPlayed"": true, ""points"": 238}]",3,Marius Wolf,74461.0,74461.0,23591.0,-42082.0,-580020.0,-2380617.0,5.8,0.365742251223491,0.0,0.0,0.0,1.0,0.0,0.3333333333333333,10.0062,7.075401
1811,13,Jeffrey,Gouweleeuw,2998124.0,15.0,3.0,3.0,0.0,1591.0,44.0,0,2,https://kickbase.b-cdn.net/content/file/12102af2b43f4161bfaeb1a6d0172ad2.png,6.0,1,14.0,17.0,"[{""hasPlayed"": true, ""points"": -8}, {""hasPlayed"": false, ""points"": null}, {""hasPlayed"": true, ""points"": 30}, {""hasPlayed"": true, ""points"": 22}]",3,Jeffrey Gouweleeuw,343854.0,343854.0,245365.0,92269.0,257600.0,-4048945.0,5.9,0.365742251223491,0.0,0.0,1.0,1.0,0.0,1.0,10.0062,21.592172
2195,13,Finn,Dahmen,15012149.0,148.0,4.0,4.0,4.0,23079.0,593.0,0,1,https://kickbase.b-cdn.net/content/file/78075846ec2d4f2eaeef6be38fdb6681.png,1.0,1,39.0,57.0,"[{""hasPlayed"": true, ""points"": 118}, {""hasPlayed"": true, ""points"": 86}, {""hasPlayed"": true, ""points"": 176}, {""hasPlayed"": true, ""points"": 213}]",1,Finn Dahmen,108194.0,108194.0,106336.0,91695.0,324742.0,-1447505.0,7.6,1.1731484502446983,0.0,0.0,1.0,1.0,0.0,1.0,10.0062,89.214561
2764,13,Yannik,Keitel,6597294.0,1.0,3.0,3.0,0.0,3969.0,3.0,0,3,https://kickbase.b-cdn.net/content/file/4f4bc9f6569e49588aa7dd39288b614f.png,14.0,1,0.0,16.0,"[{""hasPlayed"": true, ""points"": -18}, {""hasPlayed"": true, ""points"": -2}, {""hasPlayed"": false, ""points"": null}, {""hasPlayed"": true, ""points"": 23}]",5,Yannik Keitel,168452.0,168452.0,210701.0,222281.0,1722171.0,4897000.0,5.1,0.365742251223491,0.0,0.0,0.0,0.0,0.0,0.0,10.0062,0.0
3176,13,Arijon,Ibrahimović,5938149.0,115.0,2.0,2.0,2.0,7295.0,229.0,0,3,https://kickbase.b-cdn.net/content/file/f88dab5aaf7b458a971b11fb9ae2eb82.png,21.0,1,38.0,85.0,"[{""hasPlayed"": false, ""points"": null}, {""hasPlayed"": true, ""points"": 48}, {""hasPlayed"": true, ""points"": 181}, {""hasPlayed"": false, ""points"": null}]",3,Arijon Ibrahimović,131384.0,131384.0,46198.0,-47315.0,-763086.0,-316069.0,0.0,0.365742251223491,0.0,0.0,1.0,0.0,0.0,0.6666666666666666,10.0062,0.0
3183,13,Anton,Kade,11982863.0,273.0,1.0,1.0,1.0,5649.0,273.0,0,4,https://kickbase.b-cdn.net/content/file/023539a6ce2b4b2d971d98593d7ce584.png,30.0,1,22.0,136.0,"[{""hasPlayed"": false, ""points"": null}, {""hasPlayed"": false, ""points"": null}, {""hasPlayed"": false, ""points"": null}, {""hasPlayed"": true, ""points"": 273}]",4,Anton Kade,36776.0,36776.0,64611.0,96298.0,758934.0,-2307892.0,0.0,0.365742251223491,0.0,0.0,0.0,0.0,0.0,0.0,10.0062,0.0
4654,13,Mert,Kömür,4452637.0,36.0,4.0,4.0,1.0,7359.0,143.0,0,3,https://kickbase.b-cdn.net/content/file/f2c46eb7f8d3482c8bb69240abd7762d.png,10.0,2,32.0,17.0,"[{""hasPlayed"": true, ""points"": 23}, {""hasPlayed"": true, ""points"": 20}, {""hasPlayed"": true, ""points"": 57}, {""hasPlayed"": true, ""points"": 43}]",3,Mert Kömür,-103929.0,-103929.0,-107398.0,-106050.0,-2174532.0,47007.0,6.6,0.365742251223491,0.0,0.0,0.0,0.0,0.0,0.0,10.0062,0.0
6168,13,Robin,Fellhauer,10521105.0,93.0,4.0,4.0,4.0,18971.0,372.0,0,3,https://kickbase.b-cdn.net/content/file/c458283e0fd243beb4cd2bd270cbfb54.png,19.0,1,35.0,50.0,"[{""hasPlayed"": true, ""points"": 121}, {""hasPlayed"": true, ""points"": 44}, {""hasPlayed"": true, ""points"": 149}, {""hasPlayed"": true, ""points"": 58}]",1,Robin Fellhauer,36111.0,36111.0,32210.0,29218.0,184737.0,755570.0,6.5,0.365742251223491,0.0,0.0,1.0,1.0,0.0,1.0,10.0062,23.787986
7283,13,Calvin,Brackelmann,10539339.0,126.0,4.0,4.0,4.0,21487.0,503.0,0,2,https://kickbase.b-cdn.net/content/file/e13f320cbaad4bad96143f969d2cf434.png,2.0,1,47.0,31.0,"[{""hasPlayed"": true, ""points"": 142}, {""hasPlayed"": true, ""points"": 136}, {""hasPlayed"": true, ""points"": 79}, {""hasPlayed"": true, ""points"": 146}]",1,Calvin Brackelmann,117675.0,117675.0,127695.0,136748.0,918424.0,3172415.0,7.7,0.365742251223491,0.0,0.0,1.0,1.0,0.0,1.0,10.0062,28.179614
7336,13,Sima,Suso,500000.0,,,,,,,0,3,https://kickbase.b-cdn.net/content/file/183351daddfd4c36b0c80c411b0e061c.png,8.0,0,,0.0,"[{""hasPlayed"": false, ""points"": null}, {""hasPlayed"": false, ""points"": null}, {""hasPlayed"": false, ""points"": null}, {""hasPlayed"": false, ""points"": null}]",5,Sima Suso,0.0,0.0,0.0,0.0,0.0,-330200.0,0.0,0.365742251223491,0.0,0.0,0.0,0.0,0.0,0.0,10.0062,0.0
7676,13,Fabian,Rieder,19398375.0,162.0,4.0,4.0,4.0,22437.0,646.0,0,3,https://kickbase.b-cdn.net/content/file/bdc22db52af641168bf48d012401bd6b.png,32.0,1,33.0,55.0,"[{""hasPlayed"": true, ""points"": 103}, {""hasPlayed"": true, ""points"": 127}, {""hasPlayed"": true, ""points"": 221}, {""hasPlayed"": true, ""points"": 195}]",1,Fabian Rieder,29077.0,29077.0,24267.0,27950.0,195550.0,2998188.0,8.0,0.365742251223491,0.0,0.0,1.0,1.0,0.0,1.0,10.0062,29.277521
7696,13,Nediljko,Labrović,500000.0,,,,,,,0,1,https://kickbase.b-cdn.net/content/file/ab74d9253f714c34b29783c84700fd13.png,22.0,0,,0.0,"[{""hasPlayed"": false, ""points"": null}, {""hasPlayed"": false, ""points"": null}, {""hasPlayed"": false, ""points"": null}, {""hasPlayed"": false, ""points"": null}]",5,Nediljko Labrović,0.0,0.0,0.0,0.0,0.0,0.0,0.0,1.1731484502446983,0.0,0.0,0.0,0.0,0.0,0.0,10.0062,0.0
8355,13,Noahkai,Banks,6395898.0,100.0,4.0,4.0,4.0,23079.0,398.0,1,2,https://kickbase.b-cdn.net/content/file/eee3a63f6cd84553ac20c6854134da5c.png,40.0,2,62.0,48.0,"[{""hasPlayed"": true, ""points"": 37}, {""hasPlayed"": true, ""points"": 86}, {""hasPlayed"": true, ""points"": 130}, {""hasPlayed"": true, ""points"": 145}]",5,Noahkai Banks,-328115.0,-328115.0,-439832.0,-518222.0,-2262319.0,-3409667.0,6.5,0.365742251223491,0.0,0.0,0.0,0.0,0.0,0.0,10.0062,0.0
9642,13,Chrislain,Matsima,13820919.0,125.0,4.0,4.0,4.0,23079.0,498.0,0,2,https://kickbase.b-cdn.net/content/file/0337794cdbe74c759f6ea4c6ac9c796b.png,5.0,1,36.0,42.0,"[{""hasPlayed"": true, ""points"": 77}, {""hasPlayed"": true, ""points"": 107}, {""hasPlayed"": true, ""points"": 176}, {""hasPlayed"": true, ""points"": 138}]",1,Chrislain Matsima,57580.0,57580.0,41237.0,21877.0,-631019.0,-917205.0,7.2,0.365742251223491,0.0,0.0,1.0,1.0,0.0,1.0,10.0062,26.349769
9684,13,Alexis,Claude-Maurice,6244475.0,75.0,3.0,3.0,0.0,6881.0,225.0,0,3,https://kickbase.b-cdn.net/content/file/6fcd0e7bf78f4355ac28aecef9efb589.png,20.0,2,36.0,76.0,"[{""hasPlayed"": true, ""points"": 48}, {""hasPlayed"": true, ""points"": 10}, {""hasPlayed"": true, ""points"": 167}, {""hasPlayed"": false, ""points"": null}]",3,Alexis Claude-Maurice,-40151.0,-40151.0,-103314.0,-175318.0,-1522100.0,-505769.0,7.1,0.365742251223491,0.0,0.0,1.0,1.0,0.0,1.0,10.0062,25.9838
9754,13,Juma,Bah,770737.0,,,,,,,0,2,https://kickbase.b-cdn.net/content/file/5627c3fa11834a97ae7c6963d68a09a6.png,35.0,2,,0.0,"[{""hasPlayed"": false, ""points"": null}, {""hasPlayed"": false, ""points"": null}, {""hasPlayed"": false, ""points"": null}, {""hasPlayed"": false, ""points"": null}]",3,Juma Bah,-76897.0,-76897.0,-104642.0,-116811.0,-857162.0,-6063932.0,0.0,0.365742251223491,0.0,0.0,0.0,0.0,0.0,0.0,10.0062,0.0
9965,13,Faik,Sakar,500000.0,,,,,,,0,3,https://kickbase.b-cdn.net/content/file/8acfc6a0b1524998999efe1e686302d4.png,23.0,0,,0.0,"[{""hasPlayed"": false, ""points"": null}, {""hasPlayed"": false, ""points"": null}, {""hasPlayed"": false, ""points"": null}, {""hasPlayed"": false, ""points"": null}]",5,Faik Sakar,0.0,0.0,0.0,0.0,0.0,-2289198.0,0.0,0.365742251223491,0.0,0.0,0.0,0.0,0.0,0.0,10.0062,0.0
10049,13,Hennes,Behrens,9770321.0,100.0,4.0,4.0,4.0,23079.0,401.0,0,2,https://kickbase.b-cdn.net/content/file/18dac711dedc44698522f7c499401190.png,16.0,2,41.0,71.0,"[{""hasPlayed"": true, ""points"": 0}, {""hasPlayed"": true, ""points"": 159}, {""hasPlayed"": true, ""points"": 99}, {""hasPlayed"": true, ""points"": 143}]",1,Hennes Behrens,35841.0,35841.0,1823.0,-66818.0,-1221757.0,-2655652.0,6.3,0.365742251223491,0.0,0.0,1.0,1.0,0.0,1.0,10.0062,23.056048
11556,13,Han-Noah,Massengo,7389478.0,83.0,4.0,4.0,4.0,19751.0,330.0,0,3,https://kickbase.b-cdn.net/content/file/d5c086e505984d7ba4c7e0af23d1a901.png,4.0,1,44.0,74.0,"[{""hasPlayed"": true, ""points"": 2}, {""hasPlayed"": true, ""points"": 36}, {""hasPlayed"": true, ""points"": 137}, {""hasPlayed"": true, ""points"": 155}]",1,Han-Noah Massengo,166258.0,166258.0,86012.0,5266.0,-523501.0,-4100221.0,5.8,0.365742251223491,0.0,0.0,1.0,1.0,0.0,1.0,10.0062,21.226203
12341,13,Rodrigo,Ribeiro,2244953.0,33.0,4.0,4.0,0.0,5290.0,132.0,0,4,https://kickbase.b-cdn.net/content/file/7d60acf2c66d45288438f5f879775e01.png,9.0,2,58.0,48.0,"[{""hasPlayed"": true, ""points"": 5}, {""hasPlayed"": true, ""points"": -4}, {""hasPlayed"": true, ""points"": 28}, {""hasPlayed"": true, ""points"": 103}]",5,Rodrigo Ribeiro,-91185.0,-91185.0,-97562.0,-97897.0,-638966.0,-2977336.0,6.3,0.365742251223491,0.0,0.0,0.0,0.0,0.0,0.0,10.0062,0.0
13479,13,Uchenna,Ogundu,500000.0,,,,,,,0,4,https://kickbase.b-cdn.net/content/file/c9277b2f662b4b60a7ad1b27ddb68201.png,39.0,0,,0.0,"[{""hasPlayed"": false, ""points"": null}, {""hasPlayed"": false, ""points"": null}, {""hasPlayed"": false, ""points"": null}, {""hasPlayed"": false, ""points"": null}]",5,Uchenna Ogundu,0.0,0.0,0.0,0.0,0.0,-2398926.0,0.0,0.365742251223491,0.0,0.0,0.0,0.0,0.0,0.0,10.0062,0.0
13671,13,Tom,Wisbereit,500000.0,,,,,,,0,1,https://kickbase.b-cdn.net/content/file/487a6f69783d4bf69fa8c1b023e108e1.png,48.0,0,,0.0,"[{""hasPlayed"": false, ""points"": null}, {""hasPlayed"": false, ""points"": null}, {""hasPlayed"": false, ""points"": null}, {""hasPlayed"": false, ""points"": null}]",5,Tom Wisbereit,0.0,0.0,0.0,0.0,0.0,0.0,0.0,1.1731484502446983,0.0,0.0,0.0,0.0,0.0,0.0,10.0062,0.0
13806,13,Young-Woo,Seol,1239374.0,22.0,4.0,4.0,0.0,4006.0,88.0,0,2,https://kickbase.b-cdn.net/content/file/e7ba68f831b843ba9e8251edb80f7989.png,7.0,1,71.0,39.0,"[{""hasPlayed"": true, ""points"": -16}, {""hasPlayed"": true, ""points"": -1}, {""hasPlayed"": true, ""points"": 32}, {""hasPlayed"": true, ""points"": 73}]",5,Young-Woo Seol,334172.0,334172.0,274045.0,125036.0,739374.0,-1807877.0,5.4,0.365742251223491,0.0,0.0,0.0,0.0,0.0,0.0,10.0062,0.0
32,8,Loris,Karius,13991687.0,125.0,4.0,4.0,4.0,23302.0,500.0,0,1,https://kickbase.b-cdn.net/content/file/9b53a17786bd45d8b843b3e188f2ceae.png,1.0,1,35.0,26.0,"[{""hasPlayed"": true, ""points"": 88}, {""hasPlayed"": true, ""points"": 147}, {""hasPlayed"": true, ""points"": 123}, {""hasPlayed"": true, ""points"": 142}]",1,Loris Karius,106522.0,106522.0,92852.0,73849.0,37627.0,-2663416.0,7.7,1.2588235294117647,0.0,0.0,1.0,1.0,0.0,1.0,10.0062,96.989508
670,8,Kenan,Karaman,6638138.0,61.0,3.0,3.0,2.0,11081.0,184.0,0,4,https://kickbase.b-cdn.net/content/file/3eb5c46b23e042a4b366137871517bbe.png,19.0,1,27.0,44.0,"[{""hasPlayed"": true, ""points"": 84}, {""hasPlayed"": true, ""points"": 85}, {""hasPlayed"": true, ""points"": 15}, {""hasPlayed"": false, ""points"": null}]",1,Kenan Karaman,68450.0,68450.0,9132.0,-73919.0,-901798.0,-1813678.0,6.1,0.7941176470588236,0.0,0.0,1.0,1.0,0.0,1.0,10.0062,48.47121
755,8,Kevin,Müller,500000.0,,,,,,,0,1,https://kickbase.b-cdn.net/content/file/9267ef7e0ff04d8d8f68116e2baab8fa.png,22.0,0,,0.0,"[{""hasPlayed"": false, ""points"": null}, {""hasPlayed"": false, ""points"": null}, {""hasPlayed"": false, ""points"": null}, {""hasPlayed"": false, ""points"": null}]",5,Kevin Müller,0.0,0.0,0.0,0.0,0.0,-953001.0,0.0,1.2588235294117647,0.0,0.0,0.0,0.0,0.0,0.0,10.0062,0.0
1012,8,Edin,Džeko,2779533.0,20.0,3.0,3.0,1.0,6243.0,59.0,0,4,https://kickbase.b-cdn.net/content/file/31e382a514fb4fd0a7b6bf028b56f839.png,10.0,2,21.0,43.0,"[{""hasPlayed"": true, ""points"": 73}, {""hasPlayed"": true, ""points"": 16}, {""hasPlayed"": false, ""points"": null}, {""hasPlayed"": true, ""points"": -30}]",3,Edin Džeko,-38938.0,-38938.0,-60919.0,-75160.0,-562011.0,-4186935.0,0.0,0.7941176470588236,0.0,0.0,0.0,0.0,0.0,0.0,10.0062,0.0
1691,8,Finn,Porath,500000.0,,,,,,,0,3,https://kickbase.b-cdn.net/content/file/250d4c6c00a74d8b9604ba54ec4385fd.png,27.0,0,,0.0,"[{""hasPlayed"": false, ""points"": null}, {""hasPlayed"": false, ""points"": null}, {""hasPlayed"": false, ""points"": null}, {""hasPlayed"": false, ""points"": null}]",5,Finn Porath,0.0,0.0,0.0,0.0,0.0,-1187379.0,0.0,0.7941176470588236,0.0,0.0,0.0,0.0,0.0,0.0,10.0062,0.0
2449,8,Hee-Chan,Hwang,6357237.0,54.0,2.0,2.0,0.0,2773.0,108.0,0,4,https://kickbase.b-cdn.net/content/file/f03e94d1a5cf48cb99e80d9be87e060c.png,7.0,2,16.0,41.0,"[{""hasPlayed"": true, ""points"": 26}, {""hasPlayed"": true, ""points"": 82}, {""hasPlayed"": false, ""points"": null}, {""hasPlayed"": false, ""points"": null}]",4,Hee-Chan Hwang,-502620.0,-502620.0,-774619.0,-593939.0,-1591019.0,1651244.0,0.0,0.7941176470588236,0.0,0.0,0.0,0.0,0.0,0.0,10.0062,0.0
2762,8,Timo,Becker,5795696.0,88.0,4.0,4.0,4.0,21465.0,353.0,0,2,https://kickbase.b-cdn.net/content/file/f1cc618a8f9e4121bc762da081feea87.png,5.0,2,60.0,55.0,"[{""hasPlayed"": true, ""points"": 77}, {""hasPlayed"": true, ""points"": 158}, {""hasPlayed"": true, ""points"": 95}, {""hasPlayed"": true, ""points"": 23}]",2,Timo Becker,-254904.0,-254904.0,-302919.0,-328408.0,-2214746.0,-2817850.0,7.4,0.7941176470588236,0.0,0.0,1.0,0.85,0.15,0.9500000000000001,10.0062,55.861083
2876,8,Ron,Schallenberg,564098.0,-23.0,2.0,2.0,1.0,4660.0,-45.0,0,3,https://kickbase.b-cdn.net/content/file/9f2d8e42f6bc438a9b4808262a3b2349.png,6.0,2,,28.0,"[{""hasPlayed"": true, ""points"": 9}, {""hasPlayed"": false, ""points"": null}, {""hasPlayed"": false, ""points"": null}, {""hasPlayed"": true, ""points"": -54}]",3,Ron Schallenberg,-5324.0,-5324.0,-36747.0,-58819.0,-493315.0,-3159735.0,0.0,0.7941176470588236,0.0,0.0,0.0,0.0,0.0,0.0,10.0062,0.0
2967,8,Soufiane,El-Faouzi,8917540.0,82.0,4.0,4.0,4.0,23302.0,329.0,0,3,https://kickbase.b-cdn.net/content/file/08eca83815c745e1b44ccab6f89b6778.png,23.0,2,36.0,22.0,"[{""hasPlayed"": true, ""points"": 68}, {""hasPlayed"": true, ""points"": 110}, {""hasPlayed"": true, ""points"": 91}, {""hasPlayed"": true, ""points"": 60}]",1,Soufiane El-Faouzi,30249.0,30249.0,-57765.0,-139176.0,-1674701.0,-3666040.0,6.0,0.7941176470588236,0.0,0.0,1.0,1.0,0.0,1.0,10.0062,47.6766
3029,8,Dejan,Ljubičić,2506216.0,40.0,3.0,3.0,3.0,11465.0,119.0,4,3,https://kickbase.b-cdn.net/content/file/98ab54f781d048c8b864ceba5bc2f7d4.png,21.0,2,47.0,21.0,"[{""hasPlayed"": false, ""points"": null}, {""hasPlayed"": true, ""points"": 49}, {""hasPlayed"": true, ""points"": 27}, {""hasPlayed"": true, ""points"": 43}]",5,Dejan Ljubičić,-119540.0,-119540.0,-113751.0,-114301.0,-855155.0,-5032888.0,0.0,0.7941176470588236,0.0,0.0,0.0,0.0,0.0,0.0,10.0062,0.0
3307,8,Janik,Bachmann,500000.0,17.0,1.0,1.0,0.0,601.0,17.0,0,3,https://kickbase.b-cdn.net/content/file/428a68b3510c4b3ba91bef10ecd9fff2.png,14.0,0,34.0,8.0,"[{""hasPlayed"": false, ""points"": null}, {""hasPlayed"": true, ""points"": 17}, {""hasPlayed"": false, ""points"": null}, {""hasPlayed"": false, ""points"": null}]",5,Janik Bachmann,0.0,0.0,0.0,0.0,0.0,-949754.0,0.0,0.7941176470588236,0.0,0.0,0.0,0.0,0.0,0.0,10.0062,0.0
4406,8,Éric,Dina Ebimbe,8692643.0,53.0,4.0,4.0,2.0,16583.0,213.0,0,3,https://kickbase.b-cdn.net/content/file/afbea634b0e842279a632beb83f7cfbd.png,29.0,2,24.0,60.0,"[{""hasPlayed"": true, ""points"": 119}, {""hasPlayed"": true, ""points"": 84}, {""hasPlayed"": true, ""points"": 29}, {""hasPlayed"": true, ""points"": -19}]",1,Éric Dina Ebimbe,-627457.0,-627457.0,-500667.0,-183394.0,-783184.0,3739449.0,6.8,0.7941176470588236,0.0,0.0,1.0,1.0,0.0,1.0,10.0062,54.03348
4606,8,Hasan,Kuruçay,9629975.0,96.0,4.0,4.0,4.0,20202.0,384.0,0,2,https://kickbase.b-cdn.net/content/file/6448b21aef9940588bd94029c6f79831.png,4.0,1,39.0,53.0,"[{""hasPlayed"": true, ""points"": 153}, {""hasPlayed"": true, ""points"": 100}, {""hasPlayed"": true, ""points"": 108}, {""hasPlayed"": true, ""points"": 23}]",1,Hasan Kuruçay,88197.0,88197.0,47963.0,5184.0,-739029.0,901929.0,7.4,0.7941176470588236,0.0,0.0,1.0,1.0,0.0,1.0,10.0062,58.80114
6172,8,Junior,Adamu,3151469.0,73.0,2.0,2.0,2.0,8629.0,145.0,0,4,https://kickbase.b-cdn.net/content/file/61eaae6121e34a598bac55925001ce96.png,20.0,2,46.0,57.0,"[{""hasPlayed"": false, ""points"": null}, {""hasPlayed"": true, ""points"": 121}, {""hasPlayed"": false, ""points"": null}, {""hasPlayed"": true, ""points"": 24}]",4,Junior Adamu,-43859.0,-43859.0,-71309.0,-91620.0,-635215.0,-2603097.0,0.0,0.7941176470588236,0.0,0.0,0.0,0.0,0.0,0.0,10.0062,0.0
7156,8,Maximilian,Wöber,4288839.0,38.0,4.0,4.0,0.0,6370.0,150.0,0,2,https://kickbase.b-cdn.net/content/file/aa8759270ae54b79851feea4f7769c01.png,39.0,2,34.0,98.0,"[{""hasPlayed"": true, ""points"": 26}, {""hasPlayed"": true, ""points"": 163}, {""hasPlayed"": true, ""points"": 38}, {""hasPlayed"": true, ""points"": -77}]",4,Maximilian Wöber,-101211.0,-101211.0,-113956.0,-123529.0,-2474900.0,2286935.0,7.9,0.7941176470588236,0.0,0.0,0.0,0.0,0.0,0.0,10.0062,0.0
7242,8,Robin,Gosens,7223038.0,80.0,4.0,4.0,3.0,15031.0,321.0,0,2,https://kickbase.b-cdn.net/content/file/aad327c722fd45e2a843dfbba1484126.png,8.0,2,44.0,80.0,"[{""hasPlayed"": true, ""points"": 62}, {""hasPlayed"": true, ""points"": 186}, {""hasPlayed"": true, ""points"": 82}, {""hasPlayed"": true, ""points"": -9}]",1,Robin Gosens,-15882.0,-15882.0,-122323.0,-157106.0,-1261417.0,-500587.0,7.5,0.7941176470588236,0.0,0.0,1.0,1.0,0.0,1.0,10.0062,59.59575
8222,8,Moussa,Sylla,3768665.0,16.0,3.0,3.0,2.0,13213.0,49.0,0,4,https://kickbase.b-cdn.net/content/file/9e29701cd06e47cb89a5e43674193068.png,9.0,2,13.0,12.0,"[{""hasPlayed"": true, ""points"": 4}, {""hasPlayed"": false, ""points"": null}, {""hasPlayed"": true, ""points"": 24}, {""hasPlayed"": true, ""points"": 21}]",3,Moussa Sylla,6138.0,6138.0,-42306.0,-74369.0,-548536.0,-4560278.0,0.0,0.7941176470588236,0.0,0.0,1.0,1.0,0.0,1.0,10.0062,0.0
8235,8,Adrian,Gantenbein,4177452.0,,,,,,,0,2,https://kickbase.b-cdn.net/content/file/20ff107cb10149319ad76cc948de9e70.png,17.0,2,,0.0,"[{""hasPlayed"": false, ""points"": null}, {""hasPlayed"": false, ""points"": null}, {""hasPlayed"": false, ""points"": null}, {""hasPlayed"": false, ""points"": null}]",5,Adrian Gantenbein,-434545.0,-434545.0,-706432.0,-156728.0,-562199.0,3496579.0,0.0,0.7941176470588236,0.0,0.0,0.0,0.0,0.0,0.0,10.0062,0.0
8277,8,Vitalie,Becker,833068.0,12.0,3.0,3.0,1.0,6835.0,36.0,0,2,https://kickbase.b-cdn.net/content/file/e467725d314c414688deb0c9754900e0.png,33.0,2,43.0,8.0,"[{""hasPlayed"": true, ""points"": 16}, {""hasPlayed"": false, ""points"": null}, {""hasPlayed"": true, ""points"": 4}, {""hasPlayed"": true, ""points"": 16}]",5,Vitalie Becker,-82645.0,-82645.0,-95304.0,-103534.0,-753772.0,-3643938.0,0.0,0.7941176470588236,0.0,0.0,0.0,0.0,0.0,0.0,10.0062,0.0
10916,8,Mert Can,Ayhan,518255.0,-7.0,2.0,2.0,0.0,2203.0,-13.0,0,2,https://kickbase.b-cdn.net/content/file/130406d171884bb486982e8fe381150c.png,43.0,2,,14.0,"[{""hasPlayed"": false, ""points"": null}, {""hasPlayed"": false, ""points"": null}, {""hasPlayed"": true, ""points"": 11}, {""hasPlayed"": true, ""points"": -24}]",5,Mert Can Ayhan,-14166.0,-14166.0,-43521.0,-84024.0,-628161.0,-3736630.0,0.0,0.7941176470588236,0.0,0.0,0.0,0.0,0.0,0.0,10.0062,0.0
11255,8,Nikola,Katic,14639241.0,131.0,4.0,4.0,4.0,22249.0,525.0,0,2,https://kickbase.b-cdn.net/content/file/74d1dd6590234bdb8e0d4bd266d6c531.png,25.0,1,35.0,56.0,"[{""hasPlayed"": true, ""points"": 154}, {""hasPlayed"": true, ""points"": 197}, {""hasPlayed"": true, ""points"": 107}, {""hasPlayed"": true, ""points"": 67}]",1,Nikola Katic,44501.0,44501.0,38077.0,32588.0,317930.0,4120799.0,8.2,0.7941176470588236,0.0,0.0,1.0,1.0,0.0,1.0,10.0062,65.15802
12158,8,Luca,Vozar,2501778.0,5.0,1.0,1.0,0.0,1178.0,5.0,0,3,https://kickbase.b-cdn.net/content/file/48805a793bcc4f09abdd1e903981c421.png,38.0,2,1.0,2.0,"[{""hasPlayed"": false, ""points"": null}, {""hasPlayed"": false, ""points"": null}, {""hasPlayed"": true, ""points"": 5}, {""hasPlayed"": false, ""points"": null}]",5,Luca Vozar,-117334.0,-117334.0,-120551.0,-141773.0,-1337763.0,543675.0,0.0,0.7941176470588236,0.0,0.0,0.0,0.0,0.0,0.0,10.0062,0.0
12297,8,Satoshi,Tanaka,5404117.0,87.0,3.0,3.0,3.0,16769.0,260.0,0,3,https://kickbase.b-cdn.net/content/file/450d1dc6d03543289c75d4e5e117d7e1.png,13.0,1,48.0,45.0,"[{""hasPlayed"": true, ""points"": 68}, {""hasPlayed"": true, ""points"": 98}, {""hasPlayed"": true, ""points"": 94}, {""hasPlayed"": false, ""points"": null}]",3,Satoshi Tanaka,247217.0,247217.0,184285.0,84582.0,-40757.0,-626232.0,6.3,0.7941176470588236,0.0,0.0,1.0,1.0,0.0,1.0,10.0062,50.06043
13431,8,Johannes Simon,Siebeking,500000.0,,,,,,,1,1,https://kickbase.b-cdn.net/content/file/c6ff39d185b14c30a66421c5c78c245e.png,36.0,0,,0.0,"[{""hasPlayed"": false, ""points"": null}, {""hasPlayed"": false, ""points"": null}, {""hasPlayed"": false, ""points"": null}, {""hasPlayed"": false, ""points"": null}]",5,Johannes Simon Siebeking,0.0,0.0,0.0,0.0,0.0,0.0,0.0,1.2588235294117647,0.0,0.0,0.0,0.0,0.0,0.0,10.0062,0.0
13448,8,Adil,Aouchiche,10121261.0,107.0,4.0,4.0,4.0,20285.0,428.0,0,3,https://kickbase.b-cdn.net/content/file/8ac09c4f6e974d80a4bc1aff9ad6768d.png,24.0,2,42.0,58.0,"[{""hasPlayed"": true, ""points"": 119}, {""hasPlayed"": true, ""points"": 182}, {""hasPlayed"": true, ""points"": 84}, {""hasPlayed"": true, ""points"": 43}]",1,Adil Aouchiche,-133703.0,-133703.0,-226662.0,-247473.0,-2169005.0,-1074481.0,7.9,0.7941176470588236,0.0,0.0,1.0,1.0,0.0,1.0,10.0062,62.77419
