id,teamId,firstName,lastName,marketValue,averagePoints,games,gamesPlayed,start11,totalPlaytimeS,totalPoints,status,position,playerImage,number,trend,pointsPerValue,pointsStdDev,history,startProbability,name,marketChangeToday,marketChange.today,marketChange.yesterday,marketChange.twoDays,marketChange.sevenDaysAvg,marketChange.thirtyDaysAvg,sofascore_average_rating,expected_match_points,ligainsider_starting_chance,kickbase_starting_chance,rotowire_starting_chance,questionable_injury_penalty,starting_chance,score
173,2,Jonathan,Tah,37026341.0,127.0,28.0,28.0,23.0,135209.0,3559.0,0,2,https://kickbase.b-cdn.net/content/file/cd9c5cb89a074d1ea56f7d952e5074e4.png,4.0,1,96.0,,"[{""hasPlayed"": true, ""points"": 146}, {""hasPlayed"": true, ""points"": 53}, {""hasPlayed"": true, ""points"": 84}, {""hasPlayed"": true, ""points"": 59}, {""hasPlayed"": false, ""points"": null}]",1,Jonathan Tah,10622.0,10622.0,29165.0,42186.0,288897.0,1709949.0,6.94,2.4126506024096384,1.0,1.0,1.0,0.0,1.0,16.743795
237,2,Manuel,Neuer,13389844.0,95.0,22.0,22.0,22.0,124205.0,2083.0,0,1,https://kickbase.b-cdn.net/content/file/bf993bb6d6914136b11177795c5f77a9.png,1.0,1,155.0,,"[{""hasPlayed"": true, ""points"": 45}, {""hasPlayed"": false, ""points"": null}, {""hasPlayed"": false, ""points"": null}, {""hasPlayed"": false, ""points"": null}, {""hasPlayed"": false, ""points"": null}]",2,Manuel Neuer,76563.0,76563.0,98102.0,117533.0,698384.0,1750465.0,6.93,2.4126506024096384,1.0,1.0,1.0,0.0,1.0,16.719669
383,2,Sven,Ulreich,986532.0,125.0,1.0,1.0,1.0,6244.0,125.0,0,1,https://kickbase.b-cdn.net/content/file/0535504fe45c48b6a905e9a14da5851d.png,26.0,2,126.0,,"[{""hasPlayed"": false, ""points"": null}, {""hasPlayed"": false, ""points"": null}, {""hasPlayed"": false, ""points"": null}, {""hasPlayed"": false, ""points"": null}, {""hasPlayed"": false, ""points"": null}]",5,Sven Ulreich,-133355.0,-133355.0,-134911.0,-129759.0,-1081946.0,154318.0,0.0,2.4126506024096384,0.0,0.0,0.0,0.0,0.0,0.0
1685,2,Joshua,Kimmich,59816839.0,186.0,29.0,29.0,24.0,151968.0,5391.0,0,3,https://kickbase.b-cdn.net/content/file/b41a70e2188a4c72aa165cfc7606c3e9.png,6.0,1,90.0,,"[{""hasPlayed"": true, ""points"": 317}, {""hasPlayed"": true, ""points"": 238}, {""hasPlayed"": true, ""points"": 83}, {""hasPlayed"": false, ""points"": null}, {""hasPlayed"": true, ""points"": 215}]",1,Joshua Kimmich,18958.0,18958.0,22041.0,20827.0,168390.0,849243.0,7.4,2.4126506024096384,1.0,1.0,1.0,0.0,1.0,17.853614
1961,2,Serge,Gnabry,15344216.0,142.0,21.0,21.0,16.0,80707.0,2980.0,2,3,https://kickbase.b-cdn.net/content/file/0a28d7fc999e415eb4aba7e837b0384c.png,7.0,2,194.0,,"[{""hasPlayed"": false, ""points"": null}, {""hasPlayed"": false, ""points"": null}, {""hasPlayed"": false, ""points"": null}, {""hasPlayed"": false, ""points"": null}, {""hasPlayed"": false, ""points"": null}]",5,Serge Gnabry,-284574.0,-284574.0,-279662.0,-285912.0,-2383458.0,-2174598.0,0.0,2.4126506024096384,0.0,0.0,0.0,0.0,0.0,0.0
1991,2,Dayot,Upamecano,33994323.0,119.0,24.0,24.0,21.0,119193.0,2858.0,0,2,https://kickbase.b-cdn.net/content/file/13835e113e4f40d986f924b517690435.png,2.0,1,84.0,,"[{""hasPlayed"": true, ""points"": 152}, {""hasPlayed"": true, ""points"": 71}, {""hasPlayed"": false, ""points"": null}, {""hasPlayed"": false, ""points"": null}, {""hasPlayed"": false, ""points"": null}]",3,Dayot Upamecano,33032.0,33032.0,46925.0,51020.0,383525.0,2222819.0,0.0,2.4126506024096384,0.0,0.0,0.0,0.0,0.0,0.0
2038,2,Konrad,Laimer,32090721.0,136.0,29.0,29.0,22.0,131747.0,3943.0,0,2,https://kickbase.b-cdn.net/content/file/cb9d5de1bbd14bf0915f1ec819569c17.png,27.0,2,122.0,,"[{""hasPlayed"": true, ""points"": 69}, {""hasPlayed"": true, ""points"": 135}, {""hasPlayed"": true, ""points"": 95}, {""hasPlayed"": true, ""points"": 241}, {""hasPlayed"": true, ""points"": 39}]",3,Konrad Laimer,6761.0,6761.0,2441.0,-82173.0,-1781767.0,-954897.0,6.35,2.4126506024096384,1.0,0.6896551724137931,1.0,0.0,0.8836206896551724,13.537362
2300,2,Josip,Stanišić,22439334.0,128.0,26.0,26.0,19.0,124437.0,3330.0,0,2,https://kickbase.b-cdn.net/content/file/e5f36d7812254f3cb4534802eb6cd7e9.png,44.0,2,148.0,,"[{""hasPlayed"": true, ""points"": 70}, {""hasPlayed"": true, ""points"": 172}, {""hasPlayed"": true, ""points"": 46}, {""hasPlayed"": true, ""points"": 72}, {""hasPlayed"": true, ""points"": 105}]",3,Josip Stanišić,-311521.0,-311521.0,-360259.0,-337274.0,-2217836.0,-6254510.0,6.78,2.4126506024096384,0.12254160363086235,0.3103448275862069,1.0,0.0,0.3026501121602588,4.950681
2366,2,Alphonso,Davies,12137592.0,86.0,13.0,13.0,6.0,36386.0,1116.0,0,2,https://kickbase.b-cdn.net/content/file/1321be6fb58f47b592a91f17f6b2bf68.png,19.0,2,91.0,,"[{""hasPlayed"": false, ""points"": null}, {""hasPlayed"": false, ""points"": null}, {""hasPlayed"": true, ""points"": 63}, {""hasPlayed"": true, ""points"": 92}, {""hasPlayed"": true, ""points"": 200}]",3,Alphonso Davies,-216445.0,-216445.0,-282914.0,-250190.0,-1848273.0,-2561013.0,6.43,2.4126506024096384,0.0,0.3103448275862069,0.0,0.0,0.1163793103448276,1.805432
2804,2,Jamal,Musiala,31933746.0,98.0,15.0,15.0,7.0,45579.0,1476.0,2,3,https://kickbase.b-cdn.net/content/file/02ac203768a94e169fa6c6b87130a94e.png,10.0,2,46.0,,"[{""hasPlayed"": true, ""points"": 36}, {""hasPlayed"": true, ""points"": 100}, {""hasPlayed"": true, ""points"": 42}, {""hasPlayed"": true, ""points"": 198}, {""hasPlayed"": true, ""points"": 125}]",4,Jamal Musiala,-691950.0,-691950.0,-810110.0,-960618.0,-3282243.0,-1529929.0,7.1,2.4126506024096384,0.0,0.12254160363086235,0.0,0.0,0.04595310136157338,0.787168
3072,2,Jonas,Urbig,8174306.0,114.0,14.0,14.0,11.0,73976.0,1591.0,0,1,https://kickbase.b-cdn.net/content/file/7305496deb014e31a4001d36894c457d.png,40.0,2,194.0,,"[{""hasPlayed"": true, ""points"": 41}, {""hasPlayed"": true, ""points"": 187}, {""hasPlayed"": true, ""points"": 80}, {""hasPlayed"": true, ""points"": 204}, {""hasPlayed"": true, ""points"": 150}]",4,Jonas Urbig,-209653.0,-209653.0,-206235.0,-205018.0,-1515216.0,-3705954.0,6.7,2.4126506024096384,0.0,0.0,0.0,0.0,0.0,0.0
3089,2,Hiroki,Ito,4721911.0,103.0,16.0,16.0,10.0,60821.0,1652.0,0,2,https://kickbase.b-cdn.net/content/file/7d48858483334caca6c4315882270919.png,21.0,1,349.0,,"[{""hasPlayed"": false, ""points"": null}, {""hasPlayed"": true, ""points"": 145}, {""hasPlayed"": true, ""points"": 117}, {""hasPlayed"": true, ""points"": 153}, {""hasPlayed"": true, ""points"": 129}]",5,Hiroki Ito,152332.0,152332.0,35315.0,-8518.0,-9492.0,-3663636.0,6.65,2.4126506024096384,0.0,0.0,0.0,0.0,0.0,0.0
3120,2,Tom,Bischof,23042154.0,118.0,26.0,26.0,14.0,88493.0,3077.0,0,3,https://kickbase.b-cdn.net/content/file/9d622fb218a14c90ad0a75266080e027.png,8.0,1,133.0,,"[{""hasPlayed"": true, ""points"": 268}, {""hasPlayed"": true, ""points"": 228}, {""hasPlayed"": false, ""points"": null}, {""hasPlayed"": false, ""points"": null}, {""hasPlayed"": false, ""points"": null}]",4,Tom Bischof,166748.0,166748.0,173242.0,181122.0,1169540.0,3957731.0,7.0,2.4126506024096384,0.6051437216338881,0.6051437216338881,0.0,0.0,0.5295007564296521,8.942502
3176,2,Arijon,Ibrahimović,3917960.0,57.0,32.0,32.0,25.0,140654.0,1838.0,0,3,https://kickbase.b-cdn.net/content/file/fe7cb8e9854044679e455def0a930b71.png,22.0,2,469.0,,"[{""hasPlayed"": true, ""points"": 7}, {""hasPlayed"": true, ""points"": 264}, {""hasPlayed"": true, ""points"": 114}, {""hasPlayed"": true, ""points"": 29}, {""hasPlayed"": true, ""points"": 62}]",5,Arijon Ibrahimović,-86766.0,-86766.0,-72435.0,-62635.0,-521512.0,-1647006.0,6.38,2.4126506024096384,0.0,0.0,0.0,0.0,0.0,0.0
3543,2,Nathaniel,Brown,29162230.0,83.0,33.0,33.0,29.0,176484.0,2726.0,0,2,https://kickbase.b-cdn.net/content/file/4dd49322843644839bb43182b3a8b68b.png,11.0,1,93.0,,"[{""hasPlayed"": true, ""points"": 70}, {""hasPlayed"": true, ""points"": 26}, {""hasPlayed"": true, ""points"": 38}, {""hasPlayed"": true, ""points"": 166}, {""hasPlayed"": true, ""points"": 31}]",2,Nathaniel Brown,65342.0,65342.0,76300.0,82793.0,543497.0,2175276.0,7.26,2.4126506024096384,1.0,0.6896551724137931,1.0,0.0,0.8836206896551724,15.477362
6080,2,Aleksandar,Pavlović,32285629.0,119.0,24.0,24.0,16.0,98316.0,2844.0,0,3,https://kickbase.b-cdn.net/content/file/958c27ad7cf943a8b9e380f72fdc5b4f.png,45.0,1,88.0,,"[{""hasPlayed"": false, ""points"": null}, {""hasPlayed"": false, ""points"": null}, {""hasPlayed"": true, ""points"": 43}, {""hasPlayed"": true, ""points"": 68}, {""hasPlayed"": false, ""points"": null}]",1,Aleksandar Pavlović,69311.0,69311.0,70640.0,83201.0,599603.0,2713783.0,7.04,2.4126506024096384,1.0,1.0,1.0,0.0,1.0,16.98506
6668,2,Kim,Minjae,9614834.0,124.0,25.0,25.0,19.0,106765.0,3112.0,0,2,https://kickbase.b-cdn.net/content/file/4df81f5e57ca4e278fb6bc229ed6e05d.png,3.0,1,323.0,,"[{""hasPlayed"": false, ""points"": null}, {""hasPlayed"": true, ""points"": 173}, {""hasPlayed"": true, ""points"": 166}, {""hasPlayed"": true, ""points"": 148}, {""hasPlayed"": true, ""points"": 125}]",3,Kim Minjae,200208.0,200208.0,177026.0,100195.0,-6708.0,-1293751.0,7.08,2.4126506024096384,0.6896551724137931,0.0,1.0,0.0,0.4698275862068966,8.025391
7226,2,Harry,Kane,68779146.0,216.0,31.0,31.0,25.0,158399.0,6703.0,0,4,https://kickbase.b-cdn.net/content/file/8558eff47626439593b2acd71e400ab3.png,9.0,1,97.0,,"[{""hasPlayed"": true, ""points"": 415}, {""hasPlayed"": true, ""points"": 53}, {""hasPlayed"": true, ""points"": 45}, {""hasPlayed"": true, ""points"": 150}, {""hasPlayed"": true, ""points"": 163}]",1,Harry Kane,17565.0,17565.0,16302.0,22593.0,155319.0,903583.0,6.85,2.4126506024096384,1.0,1.0,1.0,0.0,1.0,16.526657
8329,2,Michael,Olise,64765581.0,225.0,32.0,32.0,23.0,154488.0,7185.0,0,3,https://kickbase.b-cdn.net/content/file/2d1bffc491014bb582c5d1c622b0ee37.png,17.0,1,110.0,,"[{""hasPlayed"": true, ""points"": 81}, {""hasPlayed"": true, ""points"": 334}, {""hasPlayed"": true, ""points"": 290}, {""hasPlayed"": true, ""points"": 166}, {""hasPlayed"": true, ""points"": 152}]",1,Michael Olise,26065.0,26065.0,27121.0,28566.0,211676.0,1078599.0,7.8,2.4126506024096384,1.0,1.0,1.0,0.0,1.0,18.818675
10789,2,Lennart,Karl,22176629.0,106.0,26.0,26.0,16.0,84581.0,2765.0,2,3,https://kickbase.b-cdn.net/content/file/64b2f60104dd4a96af2c8b9d4af6f07d.png,42.0,2,124.0,,"[{""hasPlayed"": true, ""points"": 194}, {""hasPlayed"": true, ""points"": 57}, {""hasPlayed"": false, ""points"": null}, {""hasPlayed"": false, ""points"": null}, {""hasPlayed"": false, ""points"": null}]",5,Lennart Karl,-343397.0,-343397.0,-314257.0,-291160.0,-2197311.0,-3339626.0,0.0,2.4126506024096384,0.0,0.0,0.0,0.0,0.0,0.0
11675,2,Luis,Díaz,53486340.0,178.0,32.0,32.0,27.0,163321.0,5698.0,0,4,https://kickbase.b-cdn.net/content/file/43b93afe59614450a4de3fd8e08c486b.png,14.0,1,106.0,,"[{""hasPlayed"": true, ""points"": 205}, {""hasPlayed"": true, ""points"": 50}, {""hasPlayed"": true, ""points"": 54}, {""hasPlayed"": true, ""points"": 30}, {""hasPlayed"": true, ""points"": 225}]",1,Luis Díaz,27347.0,27347.0,27034.0,28595.0,222026.0,1064918.0,7.08,2.4126506024096384,1.0,1.0,1.0,0.0,1.0,17.081566
12314,2,Bara Sapoko,Ndiaye,2513422.0,49.0,4.0,4.0,2.0,9482.0,194.0,0,3,https://kickbase.b-cdn.net/content/file/68a7688ebea44fc49865d84afbf17a38.png,39.0,2,77.0,,"[{""hasPlayed"": false, ""points"": null}, {""hasPlayed"": false, ""points"": null}, {""hasPlayed"": true, ""points"": 21}, {""hasPlayed"": true, ""points"": 102}, {""hasPlayed"": true, ""points"": 23}]",5,Bara Sapoko Ndiaye,-83858.0,-83858.0,-72701.0,-71928.0,-576861.0,-1144066.0,6.55,2.4126506024096384,0.0,0.0,0.0,0.0,0.0,0.0
14251,2,Ismael,Saibari,30240146.0,,,,,,,0,4,https://kickbase.b-cdn.net/content/file/a8113275ef93446185b8dd4966df1834.png,34.0,1,,,"[{""hasPlayed"": false, ""points"": null}, {""hasPlayed"": false, ""points"": null}, {""hasPlayed"": false, ""points"": null}, {""hasPlayed"": false, ""points"": null}, {""hasPlayed"": false, ""points"": null}]",3,Ismael Saibari,74804.0,74804.0,76993.0,97662.0,568251.0,2231036.0,6.53,2.4126506024096384,0.2723146747352497,0.2723146747352497,0.0,0.0,0.23827534039334347,3.753935
15502,2,Tim,Binder,3847602.0,,,,,,,0,3,https://kickbase.b-cdn.net/content/file/bd4ad2cb101841eab3aa5641a51ee891.png,0.0,1,,,"[{""hasPlayed"": false, ""points"": null}, {""hasPlayed"": false, ""points"": null}, {""hasPlayed"": false, ""points"": null}, {""hasPlayed"": false, ""points"": null}, {""hasPlayed"": false, ""points"": null}]",5,Tim Binder,359905.0,359905.0,366877.0,389743.0,2721350.0,3847602.0,6.4,2.4126506024096384,0.0,0.0,0.0,0.0,0.0,0.0
1664,9,Maximilian,Mittelstädt,26208185.0,123.0,32.0,32.0,24.0,142785.0,3927.0,0,2,https://kickbase.b-cdn.net/content/file/b8cb80b921914e60885e8e9429df9518.png,7.0,2,149.0,,"[{""hasPlayed"": true, ""points"": 66}, {""hasPlayed"": true, ""points"": 206}, {""hasPlayed"": true, ""points"": 43}, {""hasPlayed"": true, ""points"": 95}, {""hasPlayed"": true, ""points"": 28}]",2,Maximilian Mittelstädt,-231523.0,-231523.0,-313079.0,-270064.0,-1957288.0,-1617580.0,7.3,0.4518072289156626,1.0,0.6051437216338881,1.0,0.0,0.851928895612708,2.809826
1671,9,Grischa,Prömel,13100408.0,76.0,33.0,33.0,16.0,118467.0,2495.0,0,3,https://kickbase.b-cdn.net/content/file/9d953a0bc5fd432db7c0da4605a6726e.png,21.0,1,190.0,,"[{""hasPlayed"": true, ""points"": 7}, {""hasPlayed"": true, ""points"": 24}, {""hasPlayed"": false, ""points"": null}, {""hasPlayed"": true, ""points"": 24}, {""hasPlayed"": true, ""points"": 37}]",2,Grischa Prömel,208667.0,208667.0,197905.0,181461.0,1104864.0,2128707.0,6.8,0.4518072289156626,1.0,0.6051437216338881,1.0,0.0,0.851928895612708,2.617372
2068,9,Dan-Axel,Zagadou,2928808.0,141.0,3.0,3.0,3.0,13672.0,424.0,1,2,https://kickbase.b-cdn.net/content/file/2f2eb673a0224e1cb305b8cc042cf931.png,23.0,2,144.0,,"[{""hasPlayed"": false, ""points"": null}, {""hasPlayed"": false, ""points"": null}, {""hasPlayed"": false, ""points"": null}, {""hasPlayed"": true, ""points"": 74}, {""hasPlayed"": false, ""points"": null}]",5,Dan-Axel Zagadou,-139572.0,-139572.0,-139386.0,-140880.0,-999718.0,-3035673.0,0.0,0.4518072289156626,0.0,0.0,0.0,0.0,0.0,0.0
2120,9,Nikolas,Nartey,9025411.0,73.0,28.0,28.0,14.0,83295.0,2041.0,1,3,https://kickbase.b-cdn.net/content/file/7dcfaa141b6a4adba66ad4729afb0f1e.png,28.0,1,226.0,,"[{""hasPlayed"": true, ""points"": 150}, {""hasPlayed"": true, ""points"": 165}, {""hasPlayed"": false, ""points"": null}, {""hasPlayed"": true, ""points"": 10}, {""hasPlayed"": false, ""points"": null}]",5,Nikolas Nartey,102877.0,102877.0,320153.0,331249.0,1976471.0,2796860.0,6.7,0.4518072289156626,0.0,0.6051437216338881,0.0,0.0,0.22692889561270801,0.686938
2172,9,Chris,Führich,25507610.0,101.0,33.0,33.0,20.0,110946.0,3346.0,2,3,https://kickbase.b-cdn.net/content/file/58b49d98f88041f2861d70e0af0a69e5.png,10.0,1,131.0,,"[{""hasPlayed"": true, ""points"": 164}, {""hasPlayed"": true, ""points"": 99}, {""hasPlayed"": true, ""points"": 198}, {""hasPlayed"": true, ""points"": 82}, {""hasPlayed"": true, ""points"": 122}]",3,Chris Führich,-117856.0,-117856.0,66106.0,66822.0,294554.0,3231118.0,6.8,0.4518072289156626,0.6348884381338742,1.0,1.0,0.15,0.8174442190669371,2.511425
2199,9,Josha,Vagnoman,4081497.0,61.0,27.0,27.0,18.0,105456.0,1638.0,0,2,https://kickbase.b-cdn.net/content/file/fde909d2a7f54d248d93bc1df1c53072.png,4.0,2,401.0,,"[{""hasPlayed"": true, ""points"": 7}, {""hasPlayed"": true, ""points"": 18}, {""hasPlayed"": true, ""points"": 3}, {""hasPlayed"": false, ""points"": null}, {""hasPlayed"": true, ""points"": 28}]",3,Josha Vagnoman,104967.0,104967.0,-78325.0,-85465.0,-414336.0,-2776198.0,7.4,0.4518072289156626,0.8113590263691683,0.0,1.0,0.0,0.5306795131845842,1.77426
2214,9,Atakan,Karazor,6150229.0,65.0,28.0,28.0,22.0,122492.0,1817.0,0,3,https://kickbase.b-cdn.net/content/file/11ef3f2e23eb41769d708b861ff23fa6.png,16.0,2,295.0,,"[{""hasPlayed"": false, ""points"": null}, {""hasPlayed"": false, ""points"": null}, {""hasPlayed"": true, ""points"": -27}, {""hasPlayed"": false, ""points"": null}, {""hasPlayed"": true, ""points"": 126}]",4,Atakan Karazor,-300776.0,-300776.0,-274470.0,-271781.0,-1886694.0,-3635085.0,0.0,0.4518072289156626,0.0,0.0,0.0,0.0,0.0,0.0
2237,9,Fabian,Bredlow,10308087.0,,,,,,,0,1,https://kickbase.b-cdn.net/content/file/e12be05595f3430f8e286ff6f4d9d103.png,1.0,1,,,"[{""hasPlayed"": false, ""points"": null}, {""hasPlayed"": false, ""points"": null}, {""hasPlayed"": false, ""points"": null}, {""hasPlayed"": false, ""points"": null}, {""hasPlayed"": false, ""points"": null}]",1,Fabian Bredlow,197211.0,197211.0,309402.0,322413.0,2042157.0,9624949.0,9.1,0.4518072289156626,1.0,1.0,1.0,0.0,1.0,4.111446
2445,9,Marius,Funk,4431015.0,,,,,,,0,1,https://kickbase.b-cdn.net/content/file/1569b2236e4a4a8f862740b2c2ad8a12.png,33.0,2,,,"[{""hasPlayed"": false, ""points"": null}, {""hasPlayed"": false, ""points"": null}, {""hasPlayed"": false, ""points"": null}, {""hasPlayed"": false, ""points"": null}, {""hasPlayed"": false, ""points"": null}]",5,Marius Funk,-262816.0,-262816.0,-437858.0,33871.0,752.0,3931015.0,0.0,0.4518072289156626,0.0,0.0,0.0,0.0,0.0,0.0
2694,9,Angelo,Stiller,36990710.0,119.0,34.0,34.0,30.0,180374.0,4054.0,0,3,https://kickbase.b-cdn.net/content/file/7810bc5805c94de984743e33da7c044c.png,6.0,2,109.0,,"[{""hasPlayed"": true, ""points"": 108}, {""hasPlayed"": true, ""points"": 141}, {""hasPlayed"": true, ""points"": 87}, {""hasPlayed"": true, ""points"": 112}, {""hasPlayed"": true, ""points"": 33}]",1,Angelo Stiller,-35592.0,-35592.0,-1540.0,15351.0,146581.0,1422561.0,7.5,0.4518072289156626,1.0,1.0,1.0,0.0,1.0,3.388554
2854,9,Ermedin,Demirović,20614072.0,90.0,25.0,25.0,17.0,98446.0,2254.0,0,4,https://kickbase.b-cdn.net/content/file/b48829b887d04fe9afd4fbe51f04a3ea.png,9.0,2,109.0,,"[{""hasPlayed"": true, ""points"": 8}, {""hasPlayed"": true, ""points"": 206}, {""hasPlayed"": true, ""points"": 119}, {""hasPlayed"": true, ""points"": 115}, {""hasPlayed"": true, ""points"": 4}]",4,Ermedin Demirović,-552765.0,-552765.0,-399327.0,-355442.0,-2633162.0,-4043748.0,6.1,0.4518072289156626,0.3103448275862069,0.2723146747352497,0.0,0.0,0.2572904168188221,0.709099
2988,9,Jamie,Leweling,25772673.0,103.0,32.0,32.0,26.0,153640.0,3282.0,2,3,https://kickbase.b-cdn.net/content/file/f1ba50c544bd40d9ae5a68fbc1ee8cbd.png,18.0,2,127.0,,"[{""hasPlayed"": true, ""points"": 76}, {""hasPlayed"": true, ""points"": 166}, {""hasPlayed"": true, ""points"": 121}, {""hasPlayed"": true, ""points"": 22}, {""hasPlayed"": true, ""points"": 40}]",4,Jamie Leweling,-805177.0,-805177.0,-484981.0,-69460.0,-1229514.0,-127326.0,0.0,0.4518072289156626,0.0,0.0,0.0,0.0,0.0,0.0
3190,9,Jeff,Chabot,25089341.0,113.0,27.0,27.0,26.0,150716.0,3061.0,0,2,https://kickbase.b-cdn.net/content/file/2aa1e27ad0dd4e83b94ff2e16dfbdddc.png,24.0,2,122.0,,"[{""hasPlayed"": true, ""points"": 82}, {""hasPlayed"": true, ""points"": 130}, {""hasPlayed"": true, ""points"": 59}, {""hasPlayed"": false, ""points"": null}, {""hasPlayed"": true, ""points"": 86}]",2,Jeff Chabot,-229705.0,-229705.0,-197591.0,-107071.0,-698188.0,128065.0,7.9,0.4518072289156626,1.0,1.0,1.0,0.0,1.0,3.569277
3193,9,,Tiago Tomás,5609184.0,59.0,27.0,27.0,10.0,69578.0,1606.0,0,4,https://kickbase.b-cdn.net/content/file/0e9c45eed595406784ebef4f6c9d7a72.png,8.0,1,286.0,,"[{""hasPlayed"": true, ""points"": 2}, {""hasPlayed"": true, ""points"": 19}, {""hasPlayed"": true, ""points"": 88}, {""hasPlayed"": true, ""points"": 26}, {""hasPlayed"": true, ""points"": -6}]",2,Tiago Tomás,347301.0,347301.0,339306.0,250696.0,954980.0,-85412.0,8.1,0.4518072289156626,0.36511156186612576,0.12254160363086235,0.0,0.0,0.22850888229463626,0.83626
4296,9,Dzenan,Pejcinovic,6564881.0,46.0,30.0,30.0,16.0,100110.0,1371.0,0,4,https://kickbase.b-cdn.net/content/file/69a98c6891964f7f86ea0118d83c5c54.png,17.0,1,208.0,0.0,"[{""hasPlayed"": true, ""points"": 223}, {""hasPlayed"": true, ""points"": 92}, {""hasPlayed"": true, ""points"": 63}, {""hasPlayed"": true, ""points"": 84}, {""hasPlayed"": true, ""points"": 134}]",3,Dzenan Pejcinovic,421007.0,421007.0,338652.0,365768.0,2838867.0,3685819.0,9.5,0.4518072289156626,0.6896551724137931,0.2723146747352497,1.0,0.0,0.5719455892326152,2.454887
4589,9,Justin,Diehl,500000.0,,,,,,,1,4,https://kickbase.b-cdn.net/content/file/55cabd9c41b9497290c1b7dbf24ef5f2.png,31.0,0,,,"[{""hasPlayed"": false, ""points"": null}, {""hasPlayed"": false, ""points"": null}, {""hasPlayed"": false, ""points"": null}, {""hasPlayed"": false, ""points"": null}, {""hasPlayed"": false, ""points"": null}]",5,Justin Diehl,0.0,0.0,0.0,0.0,0.0,0.0,0.0,0.4518072289156626,0.0,0.0,0.0,0.0,0.0,0.0
6085,9,Dennis,Seimen,4837801.0,,,,,,,1,1,https://kickbase.b-cdn.net/content/file/67a4b3e69dd04fa3953823a78c223e13.png,41.0,2,,,"[{""hasPlayed"": false, ""points"": null}, {""hasPlayed"": false, ""points"": null}, {""hasPlayed"": false, ""points"": null}, {""hasPlayed"": false, ""points"": null}, {""hasPlayed"": false, ""points"": null}]",5,Dennis Seimen,-188379.0,-188379.0,-167085.0,-187768.0,-1395586.0,-7097522.0,0.0,0.4518072289156626,0.0,0.0,0.0,0.0,0.0,0.0
7158,9,Deniz,Undav,44183630.0,138.0,29.0,29.0,25.0,146045.0,4006.0,0,4,https://kickbase.b-cdn.net/content/file/ce96ede35441430c92ce3362f11f218c.png,26.0,1,90.0,,"[{""hasPlayed"": true, ""points"": 131}, {""hasPlayed"": true, ""points"": 215}, {""hasPlayed"": true, ""points"": 62}, {""hasPlayed"": true, ""points"": 74}, {""hasPlayed"": false, ""points"": null}]",1,Deniz Undav,28470.0,28470.0,32038.0,35223.0,317544.0,2112598.0,6.8,0.4518072289156626,1.0,1.0,1.0,0.0,1.0,3.072289
7257,9,Leonidas,Stergiou,3707473.0,29.0,6.0,6.0,1.0,14245.0,174.0,0,2,https://kickbase.b-cdn.net/content/file/e0ff60fb10b147f78246449a86397e4f.png,20.0,2,46.0,,"[{""hasPlayed"": false, ""points"": null}, {""hasPlayed"": true, ""points"": 32}, {""hasPlayed"": false, ""points"": null}, {""hasPlayed"": false, ""points"": null}, {""hasPlayed"": false, ""points"": null}]",5,Leonidas Stergiou,-134957.0,-134957.0,-144026.0,-141194.0,-1472550.0,3083212.0,0.0,0.4518072289156626,0.0,0.0,0.0,0.0,0.0,0.0
7349,9,Finn,Jeltsch,14160913.0,72.0,23.0,23.0,17.0,100377.0,1665.0,0,2,https://kickbase.b-cdn.net/content/file/cd9f13da05844d2f8faf04022c539aea.png,29.0,1,117.0,,"[{""hasPlayed"": true, ""points"": -1}, {""hasPlayed"": false, ""points"": null}, {""hasPlayed"": false, ""points"": null}, {""hasPlayed"": false, ""points"": null}, {""hasPlayed"": true, ""points"": -45}]",1,Finn Jeltsch,205559.0,205559.0,215861.0,200949.0,1449320.0,3565368.0,7.4,0.4518072289156626,1.0,1.0,1.0,0.0,1.0,3.343373
7781,9,Leo,Sauer,4449022.0,,,,,,,2,3,https://kickbase.b-cdn.net/content/file/5565612c65d34958967660743ead48bb.png,44.0,2,,,"[{""hasPlayed"": false, ""points"": null}, {""hasPlayed"": false, ""points"": null}, {""hasPlayed"": false, ""points"": null}, {""hasPlayed"": false, ""points"": null}, {""hasPlayed"": false, ""points"": null}]",5,Leo Sauer,-118697.0,-118697.0,-109699.0,-107909.0,-1507781.0,4449022.0,0.0,0.4518072289156626,0.0,0.0,0.0,0.0,0.0,0.0
8247,9,Ramon,Hendriks,11913078.0,66.0,31.0,31.0,22.0,135100.0,2040.0,2,2,https://kickbase.b-cdn.net/content/file/d84f6e79416d43549ec3b7c2cbc87b87.png,3.0,2,171.0,,"[{""hasPlayed"": true, ""points"": 66}, {""hasPlayed"": true, ""points"": 45}, {""hasPlayed"": true, ""points"": 98}, {""hasPlayed"": true, ""points"": 63}, {""hasPlayed"": true, ""points"": 43}]",3,Ramon Hendriks,-760970.0,-760970.0,-426994.0,21446.0,-536881.0,2057000.0,0.0,0.4518072289156626,0.0,0.0,0.0,0.0,0.0,0.0
9615,9,Ameen,Al Dakhil,2677819.0,52.0,8.0,8.0,3.0,26229.0,414.0,0,2,https://kickbase.b-cdn.net/content/file/878bf81b707a44a7a9d1b0db14915947.png,2.0,2,154.0,,"[{""hasPlayed"": false, ""points"": null}, {""hasPlayed"": false, ""points"": null}, {""hasPlayed"": false, ""points"": null}, {""hasPlayed"": false, ""points"": null}, {""hasPlayed"": false, ""points"": null}]",5,Ameen Al Dakhil,-128902.0,-128902.0,-130690.0,-140606.0,-952662.0,1522728.0,6.7,0.4518072289156626,0.0,0.0,0.0,0.0,0.0,0.0
9746,9,Chema,Andrés,7810799.0,77.0,25.0,25.0,14.0,88001.0,1926.0,0,3,https://kickbase.b-cdn.net/content/file/df7418a408754f918c71251db745927f.png,30.0,2,246.0,,"[{""hasPlayed"": true, ""points"": 171}, {""hasPlayed"": true, ""points"": 123}, {""hasPlayed"": false, ""points"": null}, {""hasPlayed"": true, ""points"": 72}, {""hasPlayed"": true, ""points"": 136}]",4,Chema Andrés,-300946.0,-300946.0,-258971.0,-271933.0,-1879793.0,9367.0,6.2,0.4518072289156626,0.0,0.12254160363086235,0.0,0.0,0.04595310136157338,0.128724
10112,9,Luca,Jaquez,3580097.0,83.0,14.0,14.0,10.0,58596.0,1161.0,2,2,https://kickbase.b-cdn.net/content/file/3930823f7eb246aab32d7075bf65943d.png,14.0,2,324.0,,"[{""hasPlayed"": true, ""points"": 20}, {""hasPlayed"": true, ""points"": 32}, {""hasPlayed"": true, ""points"": 68}, {""hasPlayed"": true, ""points"": 101}, {""hasPlayed"": true, ""points"": 29}]",5,Luca Jaquez,-124781.0,-124781.0,-125334.0,-118355.0,-849176.0,-3097877.0,0.0,0.4518072289156626,0.0,0.0,0.0,0.0,0.0,0.0
11043,9,Lorenz,Assignon,3190627.0,48.0,24.0,24.0,12.0,72816.0,1141.0,2,2,https://kickbase.b-cdn.net/content/file/0725364d90ff49f4a767200f52debe5f.png,22.0,1,357.0,,"[{""hasPlayed"": false, ""points"": null}, {""hasPlayed"": true, ""points"": 18}, {""hasPlayed"": true, ""points"": 20}, {""hasPlayed"": true, ""points"": 85}, {""hasPlayed"": false, ""points"": null}]",5,Lorenz Assignon,297961.0,297961.0,333959.0,337558.0,2342638.0,1561269.0,0.0,0.4518072289156626,0.0,0.0,0.0,0.0,0.0,0.0
11258,9,Lazar,Jovanovic,4682060.0,10.0,3.0,3.0,0.0,3386.0,29.0,0,3,https://kickbase.b-cdn.net/content/file/fe20cf505b4f4572b0780b9e81982c43.png,45.0,2,6.0,,"[{""hasPlayed"": false, ""points"": null}, {""hasPlayed"": false, ""points"": null}, {""hasPlayed"": false, ""points"": null}, {""hasPlayed"": false, ""points"": null}, {""hasPlayed"": false, ""points"": null}]",4,Lazar Jovanovic,-439213.0,-439213.0,-579712.0,-437005.0,-963644.0,4182060.0,0.0,0.4518072289156626,0.0,0.0,0.0,0.0,0.0,0.0
11947,9,Badredine,Bouanani,2081342.0,39.0,14.0,14.0,5.0,31973.0,540.0,0,3,https://kickbase.b-cdn.net/content/file/7cf21cd343ba41458c1739f3cb6b51d3.png,27.0,1,259.0,,"[{""hasPlayed"": false, ""points"": null}, {""hasPlayed"": false, ""points"": null}, {""hasPlayed"": false, ""points"": null}, {""hasPlayed"": true, ""points"": 15}, {""hasPlayed"": true, ""points"": 22}]",4,Badredine Bouanani,322827.0,322827.0,245614.0,70150.0,458786.0,-1799248.0,0.0,0.4518072289156626,0.0,0.0,0.0,0.0,0.0,0.0
11955,9,Bilal,El Khannouss,22492581.0,109.0,25.0,25.0,19.0,106302.0,2713.0,0,3,https://kickbase.b-cdn.net/content/file/308c317d260f4051ad8394dd0c0d1f02.png,11.0,2,120.0,,"[{""hasPlayed"": false, ""points"": null}, {""hasPlayed"": true, ""points"": 21}, {""hasPlayed"": true, ""points"": 37}, {""hasPlayed"": true, ""points"": 178}, {""hasPlayed"": true, ""points"": 149}]",3,Bilal El Khannouss,-275211.0,-275211.0,-290154.0,-306729.0,-2105862.0,-1812395.0,6.6,0.4518072289156626,0.6896551724137931,0.12254160363086235,1.0,0.0,0.51578068756847,1.538021
12293,9,Jeremy,Arévalo,3280683.0,15.0,7.0,7.0,0.0,4191.0,108.0,2,4,https://kickbase.b-cdn.net/content/file/024720cbc2f540d19dfb555c607c7cc2.png,25.0,2,32.0,,"[{""hasPlayed"": false, ""points"": null}, {""hasPlayed"": false, ""points"": null}, {""hasPlayed"": false, ""points"": null}, {""hasPlayed"": false, ""points"": null}, {""hasPlayed"": false, ""points"": null}]",5,Jeremy Arévalo,-151203.0,-151203.0,-156404.0,-157413.0,-1225287.0,2780683.0,0.0,0.4518072289156626,0.0,0.0,0.0,0.0,0.0,0.0
859,77,Jan,Gyamerah,7583425.0,,,,,,,0,2,https://kickbase.b-cdn.net/content/file/605c8e04a1e448d28636a175391a6394.png,30.0,1,,,"[{""hasPlayed"": false, ""points"": null}, {""hasPlayed"": false, ""points"": null}, {""hasPlayed"": false, ""points"": null}, {""hasPlayed"": false, ""points"": null}, {""hasPlayed"": false, ""points"": null}]",3,Jan Gyamerah,127147.0,127147.0,190975.0,224044.0,1548238.0,4268261.0,6.5,0.7530043467143953,1.0,0.6896551724137931,1.0,0.0,0.8836206896551724,4.324906
1745,77,Amara,Condé,2173941.0,,,,,,,0,3,https://kickbase.b-cdn.net/content/file/f4a59adaeaa34d489c40d0fc80a957a6.png,6.0,2,,,"[{""hasPlayed"": false, ""points"": null}, {""hasPlayed"": false, ""points"": null}, {""hasPlayed"": false, ""points"": null}, {""hasPlayed"": false, ""points"": null}, {""hasPlayed"": false, ""points"": null}]",4,Amara Condé,-137255.0,-137255.0,-132275.0,-141588.0,-891490.0,-2068830.0,0.0,0.7530043467143953,0.0,0.0,0.0,0.0,0.0,0.0
2495,77,Tim,Boss,4055053.0,,,,,,,0,1,https://kickbase.b-cdn.net/content/file/56d626009997411d96ea41f2355a4a62.png,28.0,2,,,"[{""hasPlayed"": false, ""points"": null}, {""hasPlayed"": false, ""points"": null}, {""hasPlayed"": false, ""points"": null}, {""hasPlayed"": false, ""points"": null}, {""hasPlayed"": false, ""points"": null}]",5,Tim Boss,-149084.0,-149084.0,-153543.0,-155771.0,-1491203.0,3444550.0,0.0,0.7530043467143953,0.0,0.0,0.0,0.0,0.0,0.0
2708,77,Jason,Ceka,2160685.0,,,,,,,0,3,https://kickbase.b-cdn.net/content/file/85ffadfa6de04a8ca5380f7433c54832.png,11.0,2,,,"[{""hasPlayed"": false, ""points"": null}, {""hasPlayed"": false, ""points"": null}, {""hasPlayed"": false, ""points"": null}, {""hasPlayed"": false, ""points"": null}, {""hasPlayed"": false, ""points"": null}]",5,Jason Ceka,-147381.0,-147381.0,-141688.0,-142055.0,-1009827.0,-1904449.0,0.0,0.7530043467143953,0.0,0.0,0.0,0.0,0.0,0.0
2928,77,Lukas Emanuel,Petkov,11736145.0,,,,,,,0,3,https://kickbase.b-cdn.net/content/file/128565baaabc492cb4552221f5309f70.png,25.0,2,,,"[{""hasPlayed"": false, ""points"": null}, {""hasPlayed"": false, ""points"": null}, {""hasPlayed"": false, ""points"": null}, {""hasPlayed"": false, ""points"": null}, {""hasPlayed"": false, ""points"": null}]",1,Lukas Emanuel Petkov,-202152.0,-202152.0,-6812.0,26648.0,-5955.0,1591976.0,6.7,0.7530043467143953,1.0,1.0,1.0,0.0,1.0,5.045129
3026,77,Lasse,Günther,9838478.0,,,,,,,0,2,https://kickbase.b-cdn.net/content/file/efd54edaa770405ba5107ab4d8e895ec.png,21.0,2,,,"[{""hasPlayed"": false, ""points"": null}, {""hasPlayed"": false, ""points"": null}, {""hasPlayed"": false, ""points"": null}, {""hasPlayed"": false, ""points"": null}, {""hasPlayed"": false, ""points"": null}]",1,Lasse Günther,-443363.0,-443363.0,-142430.0,46716.0,306999.0,4777742.0,5.9,0.7530043467143953,1.0,1.0,1.0,0.0,1.0,4.442726
3232,77,Luca,Pfeiffer,3819892.0,,,,,,,0,4,https://kickbase.b-cdn.net/content/file/31027969e84a49f6955ebbed0c02920c.png,16.0,2,,,"[{""hasPlayed"": false, ""points"": null}, {""hasPlayed"": false, ""points"": null}, {""hasPlayed"": false, ""points"": null}, {""hasPlayed"": false, ""points"": null}, {""hasPlayed"": false, ""points"": null}]",4,Luca Pfeiffer,-142193.0,-142193.0,-147445.0,-141910.0,-1059303.0,2427549.0,0.0,0.7530043467143953,0.0,0.0,0.0,0.0,0.0,0.0
3284,77,Maximilian,Rohr,9380033.0,,,,,,,0,2,https://kickbase.b-cdn.net/content/file/42996bfe19eb43e8ab7a10cabb206982.png,31.0,2,,,"[{""hasPlayed"": false, ""points"": null}, {""hasPlayed"": false, ""points"": null}, {""hasPlayed"": false, ""points"": null}, {""hasPlayed"": false, ""points"": null}, {""hasPlayed"": false, ""points"": null}]",1,Maximilian Rohr,-187714.0,-187714.0,-227597.0,-416727.0,-1424499.0,1167578.0,7.3,0.7530043467143953,1.0,1.0,1.0,0.0,1.0,5.496932
3350,77,Felix,Keidel,6538101.0,,,,,,,0,2,https://kickbase.b-cdn.net/content/file/d6f20538ad104c5cb3d4ba7d427f874d.png,43.0,1,,,"[{""hasPlayed"": false, ""points"": null}, {""hasPlayed"": false, ""points"": null}, {""hasPlayed"": false, ""points"": null}, {""hasPlayed"": false, ""points"": null}, {""hasPlayed"": false, ""points"": null}]",2,Felix Keidel,237660.0,237660.0,274690.0,304325.0,2065317.0,5214179.0,6.6,0.7530043467143953,1.0,1.0,1.0,0.0,1.0,4.969829
6148,77,Lukas,Pinckert,9433935.0,,,,,,,0,2,https://kickbase.b-cdn.net/content/file/4f8f4bead9d74021b33b2641418a1631.png,19.0,2,,,"[{""hasPlayed"": false, ""points"": null}, {""hasPlayed"": false, ""points"": null}, {""hasPlayed"": false, ""points"": null}, {""hasPlayed"": false, ""points"": null}, {""hasPlayed"": false, ""points"": null}]",1,Lukas Pinckert,-245843.0,-245843.0,-260190.0,-370831.0,-477695.0,3801348.0,0.0,0.7530043467143953,0.0,0.0,0.0,0.0,0.0,0.0
6149,77,Frank,Lehmann,928922.0,,,,,,,2,1,https://kickbase.b-cdn.net/content/file/d396d4eb04c8406a99e09a3ad8cbd7d5.png,1.0,2,,,"[{""hasPlayed"": false, ""points"": null}, {""hasPlayed"": false, ""points"": null}, {""hasPlayed"": false, ""points"": null}, {""hasPlayed"": false, ""points"": null}, {""hasPlayed"": false, ""points"": null}]",5,Frank Lehmann,-149084.0,-149084.0,-148109.0,-149762.0,-1076810.0,428922.0,0.0,0.7530043467143953,0.0,0.0,0.0,0.0,0.0,0.0
6158,77,Luca,Schnellbacher,5578592.0,,,,,,,0,4,https://kickbase.b-cdn.net/content/file/082f309a17cb4c1b99372df2de90cc87.png,24.0,1,,,"[{""hasPlayed"": false, ""points"": null}, {""hasPlayed"": false, ""points"": null}, {""hasPlayed"": false, ""points"": null}, {""hasPlayed"": false, ""points"": null}, {""hasPlayed"": false, ""points"": null}]",3,Luca Schnellbacher,211041.0,211041.0,244750.0,317984.0,2020412.0,3607928.0,7.4,0.7530043467143953,0.3103448275862069,0.0,0.0,0.0,0.15517241379310345,0.864657
6160,77,Nicolas,Kristof,13091543.0,,,,,,,0,1,https://kickbase.b-cdn.net/content/file/e88c0be37ac84419974461264ed59e68.png,20.0,1,,,"[{""hasPlayed"": false, ""points"": null}, {""hasPlayed"": false, ""points"": null}, {""hasPlayed"": false, ""points"": null}, {""hasPlayed"": false, ""points"": null}, {""hasPlayed"": false, ""points"": null}]",1,Nicolas Kristof,52911.0,52911.0,88579.0,107909.0,740798.0,4128201.0,6.8,0.7530043467143953,1.0,1.0,1.0,0.0,1.0,5.12043
6183,77,Noel,Futkeu,10335612.0,,,,,,,0,4,https://kickbase.b-cdn.net/content/file/dfbdf3f14b144658845ce17d14108e74.png,0.0,1,,,"[{""hasPlayed"": false, ""points"": null}, {""hasPlayed"": false, ""points"": null}, {""hasPlayed"": false, ""points"": null}, {""hasPlayed"": false, ""points"": null}, {""hasPlayed"": false, ""points"": null}]",3,Noel Futkeu,170246.0,170246.0,284928.0,306869.0,1893143.0,357050.0,0.0,0.7530043467143953,0.0,0.0,0.0,0.0,0.0,0.0
7278,77,Lukasz,Poreba,10244112.0,,,,,,,0,3,https://kickbase.b-cdn.net/content/file/e041a72fb7e245b5935420398b495e80.png,8.0,1,,,"[{""hasPlayed"": false, ""points"": null}, {""hasPlayed"": false, ""points"": null}, {""hasPlayed"": false, ""points"": null}, {""hasPlayed"": false, ""points"": null}, {""hasPlayed"": false, ""points"": null}]",1,Lukasz Poreba,-121807.0,-121807.0,49923.0,134118.0,854803.0,4756221.0,6.8,0.7530043467143953,1.0,1.0,1.0,0.0,1.0,5.12043
7441,77,Cole,Campbell,5441535.0,11.0,6.0,6.0,0.0,6994.0,66.0,0,3,https://kickbase.b-cdn.net/content/file/669458754d454557bed29bb138f25294.png,39.0,1,12.0,,"[{""hasPlayed"": true, ""points"": 1}, {""hasPlayed"": true, ""points"": 35}, {""hasPlayed"": false, ""points"": null}, {""hasPlayed"": true, ""points"": 27}, {""hasPlayed"": false, ""points"": null}]",2,Cole Campbell,343619.0,343619.0,375207.0,329874.0,1404019.0,1061626.0,6.9,0.7530043467143953,1.0,0.6896551724137931,1.0,0.0,0.8836206896551724,4.591055
7463,77,Francis,Onyeka,8113851.0,,,,,,,0,3,https://kickbase.b-cdn.net/content/file/1a2f3b7f876a41d09094a01b0c8e60e6.png,40.0,2,,,"[{""hasPlayed"": false, ""points"": null}, {""hasPlayed"": false, ""points"": null}, {""hasPlayed"": false, ""points"": null}, {""hasPlayed"": false, ""points"": null}, {""hasPlayed"": false, ""points"": null}]",3,Francis Onyeka,-241063.0,-241063.0,-266266.0,-251597.0,-2128570.0,-607168.0,8.9,0.7530043467143953,0.3103448275862069,0.6896551724137931,0.0,0.0,0.4137931034482759,2.773133
7514,77,Florian,Le Joncour,2049153.0,,,,,,,0,2,https://kickbase.b-cdn.net/content/file/bd59eb88ca624feda29aaaea681b7e05.png,3.0,2,,,"[{""hasPlayed"": false, ""points"": null}, {""hasPlayed"": false, ""points"": null}, {""hasPlayed"": false, ""points"": null}, {""hasPlayed"": false, ""points"": null}, {""hasPlayed"": false, ""points"": null}]",5,Florian Le Joncour,-127394.0,-127394.0,-142097.0,-137593.0,-969488.0,-2079050.0,6.8,0.7530043467143953,0.0,0.0,0.0,0.0,0.0,0.0
8252,77,Maurice,Krattenmacher,2602910.0,,,,,,,0,3,https://kickbase.b-cdn.net/content/file/9ba6541c944d41ee80df738763e91701.png,7.0,2,,,"[{""hasPlayed"": false, ""points"": null}, {""hasPlayed"": false, ""points"": null}, {""hasPlayed"": false, ""points"": null}, {""hasPlayed"": false, ""points"": null}, {""hasPlayed"": false, ""points"": null}]",5,Maurice Krattenmacher,-119302.0,-119302.0,-116948.0,-122208.0,-852770.0,-2735567.0,0.0,0.7530043467143953,0.0,0.0,0.0,0.0,0.0,0.0
8296,77,Frederik,Schmahl,5375529.0,,,,,,,0,3,https://kickbase.b-cdn.net/content/file/4fee028433d344a29b6c94e9ee65fa19.png,17.0,2,,,"[{""hasPlayed"": false, ""points"": null}, {""hasPlayed"": false, ""points"": null}, {""hasPlayed"": false, ""points"": null}, {""hasPlayed"": false, ""points"": null}, {""hasPlayed"": false, ""points"": null}]",4,Frederik Schmahl,-371373.0,-371373.0,53598.0,161717.0,871920.0,4626198.0,0.0,0.7530043467143953,0.0,0.0,0.0,0.0,0.0,0.0
8301,77,Luca,Sirch,4654939.0,,,,,,,0,2,https://kickbase.b-cdn.net/content/file/90e50e09e0d6425aa1c094d337ea2d95.png,0.0,2,,,"[{""hasPlayed"": false, ""points"": null}, {""hasPlayed"": false, ""points"": null}, {""hasPlayed"": false, ""points"": null}, {""hasPlayed"": false, ""points"": null}, {""hasPlayed"": false, ""points"": null}]",3,Luca Sirch,-348056.0,-348056.0,-353268.0,-350930.0,-1973700.0,-110908.0,6.7,0.7530043467143953,0.0,0.3103448275862069,0.0,0.0,0.1163793103448276,0.587149
9224,77,Tom,Zimmerschied,3830870.0,,,,,,,2,3,https://kickbase.b-cdn.net/content/file/9f0800bc0d18427ebfd3b4a9089dd165.png,29.0,2,,,"[{""hasPlayed"": false, ""points"": null}, {""hasPlayed"": false, ""points"": null}, {""hasPlayed"": false, ""points"": null}, {""hasPlayed"": false, ""points"": null}, {""hasPlayed"": false, ""points"": null}]",5,Tom Zimmerschied,-142767.0,-142767.0,-146289.0,-138179.0,-1185502.0,-5042679.0,0.0,0.7530043467143953,0.0,0.0,0.0,0.0,0.0,0.0
9384,77,Noah,Darvich,5925286.0,,,,,,,0,3,https://kickbase.b-cdn.net/content/file/a152e089e0e747c58731e76c4f5b58e2.png,10.0,1,,,"[{""hasPlayed"": false, ""points"": null}, {""hasPlayed"": false, ""points"": null}, {""hasPlayed"": false, ""points"": null}, {""hasPlayed"": false, ""points"": null}, {""hasPlayed"": false, ""points"": null}]",3,Noah Darvich,275707.0,275707.0,260239.0,261136.0,1198514.0,1768063.0,6.1,0.7530043467143953,0.6896551724137931,0.3103448275862069,1.0,0.0,0.5862068965517242,2.69264
9995,77,David,Mokwa,3063843.0,,,,,,,0,4,https://kickbase.b-cdn.net/content/file/f876a96f8bbc45c9801216e1a536b532.png,42.0,2,,,"[{""hasPlayed"": false, ""points"": null}, {""hasPlayed"": false, ""points"": null}, {""hasPlayed"": false, ""points"": null}, {""hasPlayed"": false, ""points"": null}, {""hasPlayed"": false, ""points"": null}]",3,David Mokwa,-34981.0,-34981.0,-48734.0,-75347.0,-657316.0,-1812897.0,6.1,0.7530043467143953,0.6896551724137931,0.6896551724137931,1.0,0.0,0.728448275862069,3.346001
11253,77,Nicholas,Mickelson,4065715.0,,,,,,,0,2,https://kickbase.b-cdn.net/content/file/f16357c0983747ef91bacb8d05cc8499.png,2.0,1,,,"[{""hasPlayed"": false, ""points"": null}, {""hasPlayed"": false, ""points"": null}, {""hasPlayed"": false, ""points"": null}, {""hasPlayed"": false, ""points"": null}, {""hasPlayed"": false, ""points"": null}]",4,Nicholas Mickelson,277360.0,277360.0,258814.0,282307.0,2043893.0,2347095.0,6.7,0.7530043467143953,0.0,0.0,0.0,0.0,0.0,0.0
12317,77,Raif,Adam,6001568.0,,,,,,,0,4,https://kickbase.b-cdn.net/content/file/47b81129a6b9411b92255354f3e36834.png,15.0,2,,,"[{""hasPlayed"": false, ""points"": null}, {""hasPlayed"": false, ""points"": null}, {""hasPlayed"": false, ""points"": null}, {""hasPlayed"": false, ""points"": null}, {""hasPlayed"": false, ""points"": null}]",5,Raif Adam,-370396.0,-370396.0,56590.0,176005.0,825783.0,5491716.0,0.0,0.7530043467143953,0.0,0.0,0.0,0.0,0.0,0.0
4,7,Janis,Blaswich,764918.0,111.0,11.0,11.0,10.0,62668.0,1222.0,0,1,https://kickbase.b-cdn.net/content/file/d17035064d4a480484cb35d2dab54e46.png,28.0,2,1597.0,,"[{""hasPlayed"": false, ""points"": null}, {""hasPlayed"": false, ""points"": null}, {""hasPlayed"": false, ""points"": null}, {""hasPlayed"": true, ""points"": 177}, {""hasPlayed"": false, ""points"": null}]",5,Janis Blaswich,-69364.0,-69364.0,-85494.0,-89054.0,-668672.0,-2754623.0,7.2,2.040910253132191,0.0,0.0,0.0,0.0,0.0,0.0
72,7,Mark,Flekken,15374780.0,93.0,24.0,24.0,24.0,141251.0,2230.0,0,1,https://kickbase.b-cdn.net/content/file/98ea8901b970421b88f6a41a3137142f.png,1.0,1,145.0,,"[{""hasPlayed"": true, ""points"": 110}, {""hasPlayed"": true, ""points"": 77}, {""hasPlayed"": true, ""points"": 111}, {""hasPlayed"": false, ""points"": null}, {""hasPlayed"": true, ""points"": 75}]",1,Mark Flekken,107140.0,107140.0,128883.0,146249.0,966700.0,3757076.0,0.0,2.040910253132191,0.0,0.0,0.0,0.0,0.0,0.0
78,7,Jonas,Hofmann,1256730.0,58.0,23.0,23.0,11.0,68545.0,1338.0,0,3,https://kickbase.b-cdn.net/content/file/328114051c1e42df84e2a6ac3e93cf42.png,7.0,2,1064.0,,"[{""hasPlayed"": true, ""points"": 34}, {""hasPlayed"": false, ""points"": null}, {""hasPlayed"": false, ""points"": null}, {""hasPlayed"": false, ""points"": null}, {""hasPlayed"": true, ""points"": 10}]",5,Jonas Hofmann,-40679.0,-40679.0,-48857.0,-56535.0,-482273.0,-2551713.0,0.0,2.040910253132191,0.0,0.0,0.0,0.0,0.0,0.0
663,7,Robert,Andrich,6734918.0,82.0,32.0,32.0,29.0,168594.0,2610.0,2,2,https://kickbase.b-cdn.net/content/file/0cdcdb27004443c09d112462f32ace2c.png,8.0,2,387.0,,"[{""hasPlayed"": true, ""points"": 52}, {""hasPlayed"": true, ""points"": 44}, {""hasPlayed"": true, ""points"": 99}, {""hasPlayed"": true, ""points"": 43}, {""hasPlayed"": false, ""points"": null}]",4,Robert Andrich,-325681.0,-325681.0,-294261.0,-308786.0,-1965976.0,-3609066.0,0.0,2.040910253132191,0.0,0.0,0.0,0.0,0.0,0.0
2746,7,Patrik,Schick,29306980.0,103.0,28.0,28.0,23.0,130835.0,2889.0,0,4,https://kickbase.b-cdn.net/content/file/9f0daa3f23514ac7a72c46ba81396a95.png,14.0,2,98.0,,"[{""hasPlayed"": true, ""points"": 42}, {""hasPlayed"": true, ""points"": 23}, {""hasPlayed"": true, ""points"": 367}, {""hasPlayed"": true, ""points"": 227}, {""hasPlayed"": true, ""points"": 161}]",3,Patrik Schick,-32101.0,-32101.0,-6989.0,7163.0,90756.0,1272854.0,6.65,2.040910253132191,1.0,0.6896551724137931,1.0,0.0,0.8836206896551724,11.992547
2766,7,Exequiel,Palacios,18599831.0,93.0,18.0,18.0,12.0,73391.0,1672.0,0,3,https://kickbase.b-cdn.net/content/file/0d5ad85f5920460c8489a65db5c6a1cb.png,25.0,2,89.0,,"[{""hasPlayed"": true, ""points"": 174}, {""hasPlayed"": true, ""points"": 28}, {""hasPlayed"": true, ""points"": 109}, {""hasPlayed"": true, ""points"": 91}, {""hasPlayed"": true, ""points"": 125}]",3,Exequiel Palacios,-475202.0,-475202.0,-444028.0,-499488.0,-3567506.0,-1099995.0,6.7,2.040910253132191,0.3103448275862069,0.3103448275862069,0.0,0.0,0.27155172413793105,3.713225
2783,7,Edmond,Tapsoba,32529735.0,136.0,29.0,29.0,29.0,171644.0,3941.0,0,2,https://kickbase.b-cdn.net/content/file/21031db97a054165806a98d2f0c0d73b.png,12.0,1,121.0,,"[{""hasPlayed"": true, ""points"": 111}, {""hasPlayed"": true, ""points"": 6}, {""hasPlayed"": true, ""points"": 135}, {""hasPlayed"": true, ""points"": 93}, {""hasPlayed"": true, ""points"": 194}]",1,Edmond Tapsoba,45719.0,45719.0,52956.0,41597.0,396037.0,1898990.0,7.3,2.040910253132191,1.0,1.0,1.0,0.0,1.0,14.898645
2846,7,Malik,Tillman,12815693.0,82.0,29.0,29.0,18.0,111183.0,2380.0,0,3,https://kickbase.b-cdn.net/content/file/04966a0af0e2477db734c91fdd98d4e1.png,10.0,1,185.0,,"[{""hasPlayed"": true, ""points"": 87}, {""hasPlayed"": true, ""points"": 6}, {""hasPlayed"": true, ""points"": 16}, {""hasPlayed"": true, ""points"": 4}, {""hasPlayed"": true, ""points"": -13}]",2,Malik Tillman,165460.0,165460.0,106152.0,13821.0,-492011.0,-2547376.0,6.9,2.040910253132191,0.6896551724137931,0.0,1.0,0.0,0.4698275862068966,6.616244
3754,7,Lucas,Vázquez,3943010.0,69.0,12.0,12.0,6.0,33531.0,824.0,0,2,https://kickbase.b-cdn.net/content/file/1636c5905fe44210aa3526352673cb13.png,17.0,1,208.0,,"[{""hasPlayed"": true, ""points"": 31}, {""hasPlayed"": false, ""points"": null}, {""hasPlayed"": false, ""points"": null}, {""hasPlayed"": false, ""points"": null}, {""hasPlayed"": true, ""points"": 49}]",3,Lucas Vázquez,386181.0,386181.0,359210.0,275498.0,1059499.0,-173599.0,6.85,2.040910253132191,0.689655172413793,0.0,1.0,0.0,0.4698275862068965,6.5683
3759,7,Miguel,Gutiérrez,20385787.0,,,,,,,0,2,https://kickbase.b-cdn.net/content/file/86a6415d0ab240d780a37de359f3d327.png,3.0,1,,,"[{""hasPlayed"": false, ""points"": null}, {""hasPlayed"": false, ""points"": null}, {""hasPlayed"": false, ""points"": null}, {""hasPlayed"": false, ""points"": null}, {""hasPlayed"": false, ""points"": null}]",1,Miguel Gutiérrez,162520.0,162520.0,156886.0,173257.0,1259082.0,20385787.0,6.75,2.040910253132191,1.0,1.0,1.0,0.0,1.0,13.776144
4199,7,Aleix,García,38695115.0,142.0,33.0,33.0,31.0,175200.0,4684.0,0,3,https://kickbase.b-cdn.net/content/file/3de0ab19c54f4523a5bf21f686259db0.png,24.0,1,121.0,,"[{""hasPlayed"": true, ""points"": 229}, {""hasPlayed"": true, ""points"": 121}, {""hasPlayed"": true, ""points"": 214}, {""hasPlayed"": true, ""points"": 93}, {""hasPlayed"": true, ""points"": 181}]",1,Aleix García,80667.0,80667.0,92860.0,99088.0,715313.0,3074722.0,7.6,2.040910253132191,1.0,1.0,1.0,0.0,1.0,15.510918
4318,7,Tim,Oermann,5719607.0,2.0,2.0,2.0,0.0,1774.0,3.0,0,2,https://kickbase.b-cdn.net/content/file/b9857e88faaf4de1a3450f6301c5448e.png,15.0,2,0.0,,"[{""hasPlayed"": false, ""points"": null}, {""hasPlayed"": false, ""points"": null}, {""hasPlayed"": false, ""points"": null}, {""hasPlayed"": false, ""points"": null}, {""hasPlayed"": false, ""points"": null}]",5,Tim Oermann,-557639.0,-557639.0,-15332.0,116466.0,418357.0,5219607.0,0.0,2.040910253132191,0.0,0.0,0.0,0.0,0.0,0.0
4563,7,Loïc,Badé,12478212.0,95.0,23.0,23.0,19.0,110581.0,2192.0,0,2,https://kickbase.b-cdn.net/content/file/80f11505e8d445ae827aefe485b1c4c7.png,5.0,2,175.0,,"[{""hasPlayed"": false, ""points"": null}, {""hasPlayed"": false, ""points"": null}, {""hasPlayed"": false, ""points"": null}, {""hasPlayed"": true, ""points"": 50}, {""hasPlayed"": true, ""points"": 121}]",3,Loïc Badé,-13632.0,-13632.0,-134179.0,-135264.0,-1299837.0,-207954.0,7.0,2.040910253132191,0.6896551724137931,0.6896551724137931,1.0,0.0,0.728448275862069,10.406883
6061,7,Ibrahim,Maza,29802956.0,98.0,28.0,28.0,20.0,121679.0,2743.0,0,3,https://kickbase.b-cdn.net/content/file/7ff9728d20544b96a1fe698af86f9f2f.png,30.0,1,92.0,,"[{""hasPlayed"": true, ""points"": 85}, {""hasPlayed"": true, ""points"": 34}, {""hasPlayed"": true, ""points"": 182}, {""hasPlayed"": true, ""points"": 40}, {""hasPlayed"": true, ""points"": 79}]",1,Ibrahim Maza,66799.0,66799.0,69581.0,71134.0,571241.0,2285515.0,6.95,2.040910253132191,1.0,1.0,1.0,0.0,1.0,14.184326
6174,7,,Arthur,3610940.0,64.0,20.0,20.0,13.0,75109.0,1284.0,2,2,https://kickbase.b-cdn.net/content/file/4b043678aef04d80b37dc5474cba9cb1.png,13.0,2,355.0,,"[{""hasPlayed"": true, ""points"": 36}, {""hasPlayed"": true, ""points"": 17}, {""hasPlayed"": true, ""points"": 24}, {""hasPlayed"": true, ""points"": 25}, {""hasPlayed"": false, ""points"": null}]",4,Arthur,-131844.0,-131844.0,-127184.0,-121743.0,-863569.0,-1946699.0,0.0,2.040910253132191,0.0,0.0,0.0,0.0,0.0,0.0
6745,7,Victor,Boniface,5628664.0,43.0,11.0,11.0,2.0,23116.0,468.0,0,4,https://kickbase.b-cdn.net/content/file/f5f3d11be23443cb9e4c8c472288e093.png,22.0,1,83.0,,"[{""hasPlayed"": false, ""points"": null}, {""hasPlayed"": false, ""points"": null}, {""hasPlayed"": false, ""points"": null}, {""hasPlayed"": false, ""points"": null}, {""hasPlayed"": false, ""points"": null}]",5,Victor Boniface,284200.0,284200.0,289421.0,306962.0,1285641.0,1865826.0,0.0,2.040910253132191,0.0,0.0,0.0,0.0,0.0,0.0
7269,7,Nathan,Tella,5806322.0,68.0,17.0,17.0,10.0,56629.0,1149.0,0,3,https://kickbase.b-cdn.net/content/file/e0df07546d38465080767efd17a0898e.png,23.0,2,197.0,,"[{""hasPlayed"": false, ""points"": null}, {""hasPlayed"": false, ""points"": null}, {""hasPlayed"": true, ""points"": 277}, {""hasPlayed"": true, ""points"": 153}, {""hasPlayed"": true, ""points"": 83}]",4,Nathan Tella,-239799.0,-239799.0,-222981.0,-237305.0,-1645669.0,-2843497.0,7.05,2.040910253132191,0.3103448275862069,0.3103448275862069,0.0,0.0,0.27155172413793105,3.9072
7963,7,Jarell,Quansah,22554269.0,102.0,28.0,28.0,25.0,152471.0,2867.0,0,2,https://kickbase.b-cdn.net/content/file/28464ad9ca424fa199f3f674422285de.png,4.0,1,127.0,,"[{""hasPlayed"": true, ""points"": 223}, {""hasPlayed"": true, ""points"": 35}, {""hasPlayed"": true, ""points"": 85}, {""hasPlayed"": true, ""points"": 72}, {""hasPlayed"": true, ""points"": 74}]",3,Jarell Quansah,-61459.0,-61459.0,44291.0,104137.0,639224.0,3950819.0,6.8,2.040910253132191,0.3103448275862069,1.0,0.0,0.0,0.5301724137931034,7.357833
8225,7,Jeanuël,Belocian,3411717.0,54.0,22.0,22.0,17.0,102511.0,1194.0,0,2,https://kickbase.b-cdn.net/content/file/274858f664db446a9e3a944511815446.png,44.0,2,349.0,,"[{""hasPlayed"": true, ""points"": 110}, {""hasPlayed"": true, ""points"": 64}, {""hasPlayed"": true, ""points"": 70}, {""hasPlayed"": true, ""points"": 78}, {""hasPlayed"": true, ""points"": 89}]",5,Jeanuël Belocian,-118004.0,-118004.0,-114294.0,-112877.0,-827745.0,-3962.0,0.0,2.040910253132191,0.0,0.0,0.0,0.0,0.0,0.0
8374,7,Martin,Terrier,2064242.0,54.0,18.0,18.0,7.0,45086.0,963.0,0,4,https://kickbase.b-cdn.net/content/file/039e1528fe214c32ad0653b911ea944e.png,11.0,2,466.0,,"[{""hasPlayed"": false, ""points"": null}, {""hasPlayed"": false, ""points"": null}, {""hasPlayed"": false, ""points"": null}, {""hasPlayed"": false, ""points"": null}, {""hasPlayed"": false, ""points"": null}]",5,Martin Terrier,-104525.0,-104525.0,-94327.0,-96568.0,-714002.0,-704267.0,0.0,2.040910253132191,0.0,0.0,0.0,0.0,0.0,0.0
11181,7,Axel,Tape,2728273.0,20.0,6.0,6.0,2.0,15970.0,121.0,0,2,https://kickbase.b-cdn.net/content/file/b929e93687354267b939b60b82bcbbfb.png,16.0,2,44.0,,"[{""hasPlayed"": false, ""points"": null}, {""hasPlayed"": false, ""points"": null}, {""hasPlayed"": false, ""points"": null}, {""hasPlayed"": false, ""points"": null}, {""hasPlayed"": false, ""points"": null}]",5,Axel Tape,-134278.0,-134278.0,-135443.0,-138358.0,-976834.0,846567.0,0.0,2.040910253132191,0.0,0.0,0.0,0.0,0.0,0.0
11513,7,Christian,Kofane,9713419.0,58.0,29.0,29.0,12.0,85285.0,1677.0,0,4,https://kickbase.b-cdn.net/content/file/ce8356c51b154a87a40a56f723f2e3e3.png,35.0,2,172.0,,"[{""hasPlayed"": false, ""points"": null}, {""hasPlayed"": true, ""points"": 76}, {""hasPlayed"": true, ""points"": 17}, {""hasPlayed"": false, ""points"": null}, {""hasPlayed"": true, ""points"": 16}]",3,Christian Kofane,-173614.0,-173614.0,-266438.0,-331509.0,-1637815.0,-55182.0,6.95,2.040910253132191,0.0,0.3103448275862069,0.0,0.0,0.1163793103448276,1.650762
11680,7,Kennet,Eichhorn,4624059.0,,,,,,,1,3,https://kickbase.b-cdn.net/content/file/ceafc42e35aa446595952bcbdf873954.png,18.0,2,,,"[{""hasPlayed"": false, ""points"": null}, {""hasPlayed"": false, ""points"": null}, {""hasPlayed"": false, ""points"": null}, {""hasPlayed"": false, ""points"": null}, {""hasPlayed"": false, ""points"": null}]",5,Kennet Eichhorn,-119692.0,-119692.0,-116019.0,-122390.0,-1659293.0,-4292868.0,0.0,2.040910253132191,0.0,0.0,0.0,0.0,0.0,0.0
11756,7,Montrell,Culbreath,3535514.0,61.0,12.0,12.0,9.0,48534.0,737.0,4,3,https://kickbase.b-cdn.net/content/file/43c4c26e99f3442ab58db3d049e5f1ae.png,42.0,2,208.0,,"[{""hasPlayed"": true, ""points"": 50}, {""hasPlayed"": true, ""points"": 11}, {""hasPlayed"": true, ""points"": 114}, {""hasPlayed"": true, ""points"": 81}, {""hasPlayed"": true, ""points"": -19}]",5,Montrell Culbreath,-133302.0,-133302.0,-139682.0,-130316.0,-938190.0,-3497671.0,0.0,2.040910253132191,0.0,0.0,0.0,0.0,0.0,0.0
11867,7,Ernest,Poku,7526487.0,72.0,29.0,29.0,16.0,97546.0,2099.0,0,3,https://kickbase.b-cdn.net/content/file/6c2995fc9a5b4c929660e1c336abf1c0.png,19.0,1,278.0,,"[{""hasPlayed"": false, ""points"": null}, {""hasPlayed"": true, ""points"": -14}, {""hasPlayed"": true, ""points"": 21}, {""hasPlayed"": false, ""points"": null}, {""hasPlayed"": false, ""points"": null}]",4,Ernest Poku,-5190.0,-5190.0,41022.0,42965.0,-301635.0,-1449746.0,0.0,2.040910253132191,0.0,0.0,0.0,0.0,0.0,0.0
11956,7,Ezequiél,Fernández,7230357.0,58.0,20.0,20.0,12.0,67020.0,1168.0,0,3,https://kickbase.b-cdn.net/content/file/2c37f7daf46f4c9693ffa9ef33ff980b.png,6.0,1,161.0,,"[{""hasPlayed"": false, ""points"": null}, {""hasPlayed"": false, ""points"": null}, {""hasPlayed"": true, ""points"": 22}, {""hasPlayed"": true, ""points"": 43}, {""hasPlayed"": false, ""points"": null}]",3,Ezequiél Fernández,345710.0,345710.0,350102.0,363392.0,2561527.0,2757248.0,6.6,2.040910253132191,0.6896551724137931,0.6896551724137931,1.0,0.0,0.728448275862069,9.812204
11957,7,Eliesse,Ben Seghir,1106176.0,35.0,10.0,10.0,2.0,18106.0,354.0,4,3,https://kickbase.b-cdn.net/content/file/83c0ccd07e1e42d0ac339779564cd1f4.png,17.0,2,320.0,,"[{""hasPlayed"": true, ""points"": 48}, {""hasPlayed"": true, ""points"": -8}, {""hasPlayed"": false, ""points"": null}, {""hasPlayed"": true, ""points"": 17}, {""hasPlayed"": false, ""points"": null}]",5,Eliesse Ben Seghir,-77066.0,-77066.0,-96840.0,-106305.0,-760086.0,-3425091.0,0.0,2.040910253132191,0.0,0.0,0.0,0.0,0.0,0.0
14241,7,Facundo,Medina,13433250.0,,,,,,,0,2,https://kickbase.b-cdn.net/content/file/ebd2978dab6e4e97ad8a2d0ce529b0f4.png,2.0,2,,,"[{""hasPlayed"": false, ""points"": null}, {""hasPlayed"": false, ""points"": null}, {""hasPlayed"": false, ""points"": null}, {""hasPlayed"": false, ""points"": null}, {""hasPlayed"": false, ""points"": null}]",3,Facundo Medina,-598008.0,-598008.0,-337776.0,-74866.0,-838723.0,13433250.0,6.7,2.040910253132191,0.3103448275862069,0.3103448275862069,0.0,0.0,0.27155172413793105,3.713225
15199,7,Afonso,Moreira,23738581.0,,,,,,,0,4,https://kickbase.b-cdn.net/content/file/91b4b5c394a1464f98589ffa59af5aec.png,9.0,1,,,"[{""hasPlayed"": false, ""points"": null}, {""hasPlayed"": false, ""points"": null}, {""hasPlayed"": false, ""points"": null}, {""hasPlayed"": false, ""points"": null}, {""hasPlayed"": false, ""points"": null}]",1,Afonso Moreira,208590.0,208590.0,201944.0,191224.0,1550295.0,6474621.0,6.6,2.040910253132191,1.0,1.0,1.0,0.0,1.0,13.470008
417,28,Ron-Robert,Zieler,2017316.0,,,,,,,0,1,https://kickbase.b-cdn.net/content/file/87bb56a22db74cfd99e639824b703f30.png,20.0,2,,,"[{""hasPlayed"": false, ""points"": null}, {""hasPlayed"": false, ""points"": null}, {""hasPlayed"": false, ""points"": null}, {""hasPlayed"": false, ""points"": null}, {""hasPlayed"": false, ""points"": null}]",5,Ron-Robert Zieler,-149086.0,-149086.0,-147096.0,-148843.0,-1046200.0,1517316.0,0.0,1.2105263157894737,0.0,0.0,0.0,0.0,0.0,0.0
737,28,Luca,Waldschmidt,5543046.0,50.0,24.0,24.0,7.0,49454.0,1192.0,2,3,https://kickbase.b-cdn.net/content/file/c6c99717a5834cacbb3161877ca3f29f.png,7.0,2,215.0,,"[{""hasPlayed"": false, ""points"": null}, {""hasPlayed"": true, ""points"": 46}, {""hasPlayed"": true, ""points"": 120}, {""hasPlayed"": true, ""points"": 116}, {""hasPlayed"": true, ""points"": 96}]",3,Luca Waldschmidt,-500762.0,-500762.0,-43709.0,112082.0,369415.0,4231427.0,0.0,1.2105263157894737,0.0,0.0,0.0,0.0,0.0,0.0
1580,28,Marvin,Schwäbe,14865527.0,96.0,34.0,34.0,34.0,205397.0,3249.0,0,1,https://kickbase.b-cdn.net/content/file/2708fddc28474a2299885f3eb69be6bc.png,1.0,1,218.0,,"[{""hasPlayed"": true, ""points"": 60}, {""hasPlayed"": true, ""points"": 75}, {""hasPlayed"": true, ""points"": 3}, {""hasPlayed"": true, ""points"": 50}, {""hasPlayed"": true, ""points"": 130}]",1,Marvin Schwäbe,119580.0,119580.0,132959.0,136307.0,978806.0,3972429.0,0.0,1.2105263157894737,0.0,0.0,0.0,0.0,0.0,0.0
2069,28,Timo,Hübers,1885677.0,92.0,8.0,8.0,8.0,45515.0,737.0,4,2,https://kickbase.b-cdn.net/content/file/6dbad3a67b1c4ffa892f8bef224e9f85.png,4.0,2,390.0,,"[{""hasPlayed"": false, ""points"": null}, {""hasPlayed"": false, ""points"": null}, {""hasPlayed"": false, ""points"": null}, {""hasPlayed"": false, ""points"": null}, {""hasPlayed"": false, ""points"": null}]",5,Timo Hübers,-113337.0,-113337.0,-114154.0,-117717.0,-816649.0,-2820741.0,0.0,1.2105263157894737,0.0,0.0,0.0,0.0,0.0,0.0
2201,28,Linton,Maina,5029633.0,40.0,24.0,24.0,9.0,69909.0,960.0,0,4,https://kickbase.b-cdn.net/content/file/54aad91024e84cf59b75e3c363775d71.png,37.0,1,190.0,,"[{""hasPlayed"": true, ""points"": -1}, {""hasPlayed"": true, ""points"": 47}, {""hasPlayed"": true, ""points"": 4}, {""hasPlayed"": true, ""points"": 48}, {""hasPlayed"": true, ""points"": 34}]",3,Linton Maina,350193.0,350193.0,334442.0,247707.0,1052370.0,1803831.0,0.0,1.2105263157894737,0.0,0.0,0.0,0.0,0.0,0.0
2358,28,Tom,Krauß,9548784.0,56.0,26.0,26.0,19.0,116693.0,1461.0,0,3,https://kickbase.b-cdn.net/content/file/55c214adfaba4a839c1bb19ad5a5f8ed.png,5.0,1,153.0,,"[{""hasPlayed"": false, ""points"": null}, {""hasPlayed"": true, ""points"": 91}, {""hasPlayed"": true, ""points"": 59}, {""hasPlayed"": false, ""points"": null}, {""hasPlayed"": false, ""points"": null}]",2,Tom Krauß,179510.0,179510.0,225147.0,242829.0,1474839.0,5577700.0,0.0,1.2105263157894737,0.0,0.0,0.0,0.0,0.0,0.0
2536,28,Matthias,Köbbing,500000.0,,,,,,,0,1,https://kickbase.b-cdn.net/content/file/d7d4847201364186986efefd11b55766.png,44.0,0,,,"[{""hasPlayed"": false, ""points"": null}, {""hasPlayed"": false, ""points"": null}, {""hasPlayed"": false, ""points"": null}, {""hasPlayed"": false, ""points"": null}, {""hasPlayed"": false, ""points"": null}]",5,Matthias Köbbing,0.0,0.0,0.0,0.0,0.0,0.0,0.0,1.2105263157894737,0.0,0.0,0.0,0.0,0.0,0.0
2552,28,Marius,Bülter,7557272.0,53.0,32.0,32.0,18.0,109316.0,1701.0,0,4,https://kickbase.b-cdn.net/content/file/020abec0763842a7af00f1ec5aafeea4.png,30.0,1,225.0,,"[{""hasPlayed"": true, ""points"": 13}, {""hasPlayed"": true, ""points"": 155}, {""hasPlayed"": true, ""points"": 152}, {""hasPlayed"": true, ""points"": 4}, {""hasPlayed"": true, ""points"": 42}]",3,Marius Bülter,210180.0,210180.0,238389.0,250792.0,1573955.0,3491914.0,0.0,1.2105263157894737,0.0,0.0,0.0,0.0,0.0,0.0
2718,28,Ellyes,Skhiri,3865711.0,41.0,25.0,25.0,16.0,96669.0,1030.0,0,3,https://kickbase.b-cdn.net/content/file/5699e5e7896f472696f4a56b46bf8335.png,6.0,1,266.0,,"[{""hasPlayed"": true, ""points"": 87}, {""hasPlayed"": true, ""points"": 35}, {""hasPlayed"": true, ""points"": 37}, {""hasPlayed"": true, ""points"": 113}, {""hasPlayed"": true, ""points"": 2}]",4,Ellyes Skhiri,383195.0,383195.0,325273.0,148621.0,792955.0,-1216138.0,0.0,1.2105263157894737,0.0,0.0,0.0,0.0,0.0,0.0
2765,28,Jan,Thielmann,7390245.0,52.0,26.0,26.0,20.0,100549.0,1355.0,0,3,https://kickbase.b-cdn.net/content/file/bae198375c644308ba2bff1d0f3f0569.png,29.0,1,183.0,,"[{""hasPlayed"": true, ""points"": -14}, {""hasPlayed"": false, ""points"": null}, {""hasPlayed"": true, ""points"": 3}, {""hasPlayed"": true, ""points"": 78}, {""hasPlayed"": true, ""points"": 39}]",3,Jan Thielmann,76943.0,76943.0,161556.0,200101.0,1347507.0,4444342.0,0.0,1.2105263157894737,0.0,0.0,0.0,0.0,0.0,0.0
2855,28,Ragnar,Ache,14411516.0,67.0,29.0,29.0,18.0,113020.0,1937.0,0,4,https://kickbase.b-cdn.net/content/file/659aab812d23451ba8e47f520a7d0754.png,9.0,1,134.0,,"[{""hasPlayed"": false, ""points"": null}, {""hasPlayed"": false, ""points"": null}, {""hasPlayed"": false, ""points"": null}, {""hasPlayed"": false, ""points"": null}, {""hasPlayed"": true, ""points"": 19}]",1,Ragnar Ache,133402.0,133402.0,159521.0,172284.0,1169821.0,4392006.0,0.0,1.2105263157894737,0.0,0.0,0.0,0.0,0.0,0.0
7219,28,Ísak,Jóhannesson,9186050.0,48.0,31.0,31.0,21.0,119771.0,1473.0,0,3,https://kickbase.b-cdn.net/content/file/2922eb48335343ccb79b49b03af03818.png,8.0,1,160.0,,"[{""hasPlayed"": true, ""points"": -10}, {""hasPlayed"": true, ""points"": 59}, {""hasPlayed"": false, ""points"": null}, {""hasPlayed"": true, ""points"": 7}, {""hasPlayed"": true, ""points"": 55}]",2,Ísak Jóhannesson,125035.0,125035.0,150105.0,164593.0,1014826.0,3546330.0,0.0,1.2105263157894737,0.0,0.0,0.0,0.0,0.0,0.0
8001,28,Luka,Lochoshvili,10789208.0,,,,,,,0,2,https://kickbase.b-cdn.net/content/file/f6faf6be6d674e898fbfa189b9c2ad5c.png,24.0,1,,,"[{""hasPlayed"": false, ""points"": null}, {""hasPlayed"": false, ""points"": null}, {""hasPlayed"": false, ""points"": null}, {""hasPlayed"": false, ""points"": null}, {""hasPlayed"": false, ""points"": null}]",2,Luka Lochoshvili,56152.0,56152.0,94851.0,110106.0,1163907.0,5334148.0,0.0,1.2105263157894737,0.0,0.0,0.0,0.0,0.0,0.0
8274,28,Said,El Mala,25712844.0,71.0,34.0,34.0,20.0,130276.0,2418.0,0,3,https://kickbase.b-cdn.net/content/file/f56e6d60e40c49189c830fb4ff65d4bf.png,13.0,1,94.0,,"[{""hasPlayed"": true, ""points"": 89}, {""hasPlayed"": true, ""points"": 1}, {""hasPlayed"": true, ""points"": 169}, {""hasPlayed"": true, ""points"": 119}, {""hasPlayed"": true, ""points"": 55}]",1,Said El Mala,72687.0,72687.0,55040.0,55528.0,142564.0,2812285.0,0.0,1.2105263157894737,0.0,0.0,0.0,0.0,0.0,0.0
8385,28,Julian,Pauli,2018185.0,,,,,,,0,2,https://kickbase.b-cdn.net/content/file/9156e813f150449aaccfe844dbcd0d65.png,3.0,2,,,"[{""hasPlayed"": false, ""points"": null}, {""hasPlayed"": false, ""points"": null}, {""hasPlayed"": false, ""points"": null}, {""hasPlayed"": false, ""points"": null}, {""hasPlayed"": false, ""points"": null}]",5,Julian Pauli,-140369.0,-140369.0,-136388.0,-139824.0,-1000042.0,-467212.0,0.0,1.2105263157894737,0.0,0.0,0.0,0.0,0.0,0.0
10024,28,Joël,Schmied,2138341.0,40.0,16.0,16.0,13.0,73506.0,635.0,0,2,https://kickbase.b-cdn.net/content/file/312960f02c6e4acab4db65b9c63eaf01.png,2.0,2,296.0,,"[{""hasPlayed"": true, ""points"": -15}, {""hasPlayed"": true, ""points"": 48}, {""hasPlayed"": true, ""points"": -2}, {""hasPlayed"": false, ""points"": null}, {""hasPlayed"": false, ""points"": null}]",4,Joël Schmied,-130228.0,-130228.0,-124714.0,-130733.0,-929472.0,-751701.0,0.0,1.2105263157894737,0.0,0.0,0.0,0.0,0.0,0.0
11570,28,Sebastian,Sebulonsen,3394754.0,46.0,31.0,31.0,28.0,165693.0,1413.0,4,2,https://kickbase.b-cdn.net/content/file/0f9cbbaaccb148a6ad251ba707b4f099.png,28.0,2,416.0,,"[{""hasPlayed"": true, ""points"": 7}, {""hasPlayed"": true, ""points"": 71}, {""hasPlayed"": true, ""points"": 72}, {""hasPlayed"": true, ""points"": 29}, {""hasPlayed"": true, ""points"": 45}]",5,Sebastian Sebulonsen,-138356.0,-138356.0,-152829.0,-153323.0,-1039104.0,-1879428.0,0.0,1.2105263157894737,0.0,0.0,0.0,0.0,0.0,0.0
11875,28,Rav,van den Berg,2448144.0,58.0,14.0,14.0,12.0,74399.0,805.0,0,2,https://kickbase.b-cdn.net/content/file/0825c755c7df4f7ba70b3f8922154f99.png,33.0,2,328.0,,"[{""hasPlayed"": false, ""points"": null}, {""hasPlayed"": false, ""points"": null}, {""hasPlayed"": false, ""points"": null}, {""hasPlayed"": false, ""points"": null}, {""hasPlayed"": false, ""points"": null}]",4,Rav van den Berg,-103086.0,-103086.0,-110324.0,-108740.0,-777621.0,-1420308.0,0.0,1.2105263157894737,0.0,0.0,0.0,0.0,0.0,0.0
11958,28,Alessio,Castro-Montes,7285054.0,64.0,14.0,14.0,7.0,46040.0,892.0,0,3,https://kickbase.b-cdn.net/content/file/4df59c76b9024563892682f996043056.png,17.0,1,122.0,,"[{""hasPlayed"": true, ""points"": 15}, {""hasPlayed"": true, ""points"": 6}, {""hasPlayed"": false, ""points"": null}, {""hasPlayed"": true, ""points"": 19}, {""hasPlayed"": true, ""points"": 40}]",2,Alessio Castro-Montes,321948.0,321948.0,321147.0,358153.0,2527527.0,3256247.0,0.0,1.2105263157894737,0.0,0.0,0.0,0.0,0.0,0.0
12321,28,Jahmai,Simpson-Pusey,12130690.0,61.0,11.0,11.0,10.0,57539.0,669.0,0,2,https://kickbase.b-cdn.net/content/file/f83f61dc46de468bb38cb6a9d9f51205.png,22.0,1,55.0,,"[{""hasPlayed"": true, ""points"": 31}, {""hasPlayed"": false, ""points"": null}, {""hasPlayed"": true, ""points"": 82}, {""hasPlayed"": true, ""points"": 76}, {""hasPlayed"": true, ""points"": 88}]",1,Jahmai Simpson-Pusey,152433.0,152433.0,143501.0,158214.0,1084583.0,6095221.0,0.0,1.2105263157894737,0.0,0.0,0.0,0.0,0.0,0.0
12333,28,Youssoupha,Niang,4020884.0,6.0,10.0,10.0,2.0,14606.0,55.0,0,4,https://kickbase.b-cdn.net/content/file/c9bbe00d652e475e9ff69b9491b753d8.png,38.0,2,13.0,,"[{""hasPlayed"": true, ""points"": -21}, {""hasPlayed"": true, ""points"": -2}, {""hasPlayed"": true, ""points"": 11}, {""hasPlayed"": true, ""points"": -11}, {""hasPlayed"": false, ""points"": null}]",4,Youssoupha Niang,-150933.0,-150933.0,-143403.0,-145275.0,-1741112.0,3520884.0,0.0,1.2105263157894737,0.0,0.0,0.0,0.0,0.0,0.0
14140,28,Gideon,Mensah,10293831.0,,,,,,,0,2,https://kickbase.b-cdn.net/content/file/bb425f45cf04420b8e294776e2cc8b02.png,14.0,2,,,"[{""hasPlayed"": false, ""points"": null}, {""hasPlayed"": false, ""points"": null}, {""hasPlayed"": false, ""points"": null}, {""hasPlayed"": false, ""points"": null}, {""hasPlayed"": false, ""points"": null}]",2,Gideon Mensah,-285383.0,-285383.0,-13508.0,85674.0,495644.0,5082752.0,0.0,1.2105263157894737,0.0,0.0,0.0,0.0,0.0,0.0
14300,28,Paul,Okon-Engstler,6079462.0,,,,,,,0,3,https://kickbase.b-cdn.net/content/file/83d0df8f411b47068184c9a8166d0c21.png,23.0,1,,,"[{""hasPlayed"": false, ""points"": null}, {""hasPlayed"": false, ""points"": null}, {""hasPlayed"": false, ""points"": null}, {""hasPlayed"": false, ""points"": null}, {""hasPlayed"": false, ""points"": null}]",4,Paul Okon-Engstler,91988.0,91988.0,187916.0,233546.0,1795622.0,6079462.0,0.0,1.2105263157894737,0.0,0.0,0.0,0.0,0.0,0.0
15373,28,Reigan,Heskey,7494146.0,,,,,,,0,3,https://kickbase.b-cdn.net/content/file/c72750d23cdb4fd9850f67f26850e9f2.png,11.0,2,,,"[{""hasPlayed"": false, ""points"": null}, {""hasPlayed"": false, ""points"": null}, {""hasPlayed"": false, ""points"": null}, {""hasPlayed"": false, ""points"": null}, {""hasPlayed"": false, ""points"": null}]",4,Reigan Heskey,-369690.0,-369690.0,-373573.0,-377939.0,-2649729.0,2156405.0,0.0,1.2105263157894737,0.0,0.0,0.0,0.0,0.0,0.0
16945,28,Thijs,Dallinga,5332271.0,,,,,,,0,4,https://kickbase.b-cdn.net/content/file/105a676ffa99430ea1f9757ceaf17247.png,27.0,1,,,"[{""hasPlayed"": false, ""points"": null}, {""hasPlayed"": false, ""points"": null}, {""hasPlayed"": false, ""points"": null}, {""hasPlayed"": false, ""points"": null}, {""hasPlayed"": false, ""points"": null}]",4,Thijs Dallinga,253072.0,253072.0,257684.0,244146.0,5332271.0,5332271.0,0.0,1.2105263157894737,0.0,0.0,0.0,0.0,0.0,0.0
524,14,Oliver,Baumann,18931374.0,99.0,34.0,34.0,34.0,203483.0,3366.0,0,1,https://kickbase.b-cdn.net/content/file/edda0b62817c41d1a3a343129e44683d.png,1.0,2,177.0,,"[{""hasPlayed"": true, ""points"": 22}, {""hasPlayed"": true, ""points"": 161}, {""hasPlayed"": true, ""points"": 112}, {""hasPlayed"": true, ""points"": 57}, {""hasPlayed"": true, ""points"": 119}]",1,Oliver Baumann,-61233.0,-61233.0,-27552.0,-21397.0,-498120.0,-107713.0,0.0,1.526315789473684,0.0,0.0,0.0,0.0,0.0,0.0
1815,14,Andrej,Kramarić,17975727.0,111.0,34.0,34.0,26.0,143136.0,3757.0,2,3,https://kickbase.b-cdn.net/content/file/cbbf900916ce4e759f7d917366e1515d.png,27.0,2,209.0,,"[{""hasPlayed"": true, ""points"": 4}, {""hasPlayed"": true, ""points"": 180}, {""hasPlayed"": true, ""points"": 245}, {""hasPlayed"": true, ""points"": 62}, {""hasPlayed"": true, ""points"": 239}]",4,Andrej Kramarić,-339096.0,-339096.0,-416874.0,-461295.0,-3082971.0,-6651961.0,0.0,1.526315789473684,0.0,0.0,0.0,0.0,0.0,0.0
1954,14,,Bernardo,7811721.0,82.0,29.0,29.0,26.0,152866.0,2381.0,2,2,https://kickbase.b-cdn.net/content/file/2e01b620f1354d0f9383cc0003c49d97.png,13.0,2,304.0,,"[{""hasPlayed"": true, ""points"": 47}, {""hasPlayed"": true, ""points"": 129}, {""hasPlayed"": true, ""points"": 53}, {""hasPlayed"": true, ""points"": 70}, {""hasPlayed"": true, ""points"": 80}]",3,Bernardo,-204124.0,-204124.0,-172891.0,-172865.0,-1317836.0,-2211168.0,6.45,1.526315789473684,0.18864097363083165,0.3103448275862069,0.0,0.15,0.21069979716024342,2.074284
2373,14,Ozan,Kabak,22101156.0,105.0,25.0,25.0,18.0,117698.0,2629.0,0,2,https://kickbase.b-cdn.net/content/file/f41310cc735c4e749a950dc72a7c76c9.png,5.0,1,118.0,,"[{""hasPlayed"": true, ""points"": 29}, {""hasPlayed"": true, ""points"": 198}, {""hasPlayed"": true, ""points"": 34}, {""hasPlayed"": true, ""points"": 100}, {""hasPlayed"": true, ""points"": 150}]",1,Ozan Kabak,133154.0,133154.0,153536.0,153229.0,1123329.0,4694024.0,6.95,1.526315789473684,1.0,1.0,1.0,0.0,1.0,10.607895
2803,14,Tim,Lemperle,9708380.0,74.0,29.0,29.0,24.0,124309.0,2154.0,16,4,https://kickbase.b-cdn.net/content/file/531648f7c8e7446883243fb819e94d82.png,19.0,2,221.0,,"[{""hasPlayed"": true, ""points"": -62}, {""hasPlayed"": true, ""points"": 60}, {""hasPlayed"": true, ""points"": 60}, {""hasPlayed"": true, ""points"": 158}, {""hasPlayed"": true, ""points"": 72}]",5,Tim Lemperle,-93019.0,-93019.0,-127707.0,-256319.0,-1408696.0,-1494224.0,5.97,1.526315789473684,0.0,0.0,0.0,0.0,0.0,0.0
2852,14,Luca,Philipp,500000.0,,,,,,,0,1,https://kickbase.b-cdn.net/content/file/e45a165d68934e8e8a2bbc33ecbbbc96.png,37.0,0,,,"[{""hasPlayed"": false, ""points"": null}, {""hasPlayed"": false, ""points"": null}, {""hasPlayed"": false, ""points"": null}, {""hasPlayed"": false, ""points"": null}, {""hasPlayed"": false, ""points"": null}]",5,Luca Philipp,0.0,0.0,0.0,0.0,0.0,0.0,6.55,1.526315789473684,0.0,0.0,0.0,0.0,0.0,0.0
3124,14,Patrick,Wimmer,6714691.0,59.0,25.0,25.0,21.0,105411.0,1466.0,0,3,https://kickbase.b-cdn.net/content/file/1ffbdbd2f14848519596bb5fc54bbec5.png,8.0,2,218.0,,"[{""hasPlayed"": false, ""points"": null}, {""hasPlayed"": true, ""points"": 35}, {""hasPlayed"": true, ""points"": 73}, {""hasPlayed"": true, ""points"": 55}, {""hasPlayed"": true, ""points"": 204}]",2,Patrick Wimmer,-47320.0,-47320.0,-213601.0,-163860.0,-1119109.0,-7206.0,7.33,1.526315789473684,0.3103448275862069,0.2723146747352497,0.0,0.0,0.2572904168188221,2.878538
3158,14,Fisnik,Asllani,24746474.0,90.0,33.0,33.0,31.0,150494.0,2966.0,0,4,https://kickbase.b-cdn.net/content/file/61214fe54f31411ea068f8fb8b3c1e49.png,11.0,2,119.0,,"[{""hasPlayed"": true, ""points"": 42}, {""hasPlayed"": true, ""points"": 83}, {""hasPlayed"": true, ""points"": 91}, {""hasPlayed"": true, ""points"": 151}, {""hasPlayed"": true, ""points"": 57}]",3,Fisnik Asllani,-549525.0,-549525.0,-555000.0,-521272.0,-2115678.0,-732059.0,0.0,1.526315789473684,0.0,0.0,0.0,0.0,0.0,0.0
3204,14,Bambasé,Conté,9220822.0,,,,,,,0,4,https://kickbase.b-cdn.net/content/file/fa595ccc62ce4fdeafca00ccfc95088b.png,20.0,2,,,"[{""hasPlayed"": false, ""points"": null}, {""hasPlayed"": false, ""points"": null}, {""hasPlayed"": false, ""points"": null}, {""hasPlayed"": false, ""points"": null}, {""hasPlayed"": false, ""points"": null}]",3,Bambasé Conté,-289258.0,-289258.0,-521789.0,-529692.0,-2077204.0,962118.0,6.37,1.526315789473684,0.6896551724137931,0.6051437216338881,1.0,0.0,0.6967564818196046,6.774307
3471,14,Adam,Hložek,9916148.0,1.0,5.0,5.0,0.0,3674.0,4.0,0,4,https://kickbase.b-cdn.net/content/file/c46fc008a1284ad49727d68c3a8489e9.png,23.0,1,0.0,,"[{""hasPlayed"": true, ""points"": -17}, {""hasPlayed"": true, ""points"": 22}, {""hasPlayed"": false, ""points"": null}, {""hasPlayed"": false, ""points"": null}, {""hasPlayed"": false, ""points"": null}]",2,Adam Hložek,303140.0,303140.0,313896.0,334036.0,2136880.0,5478316.0,6.67,1.526315789473684,0.6896551724137931,1.0,1.0,0.0,0.8448275862068966,8.600789
7543,14,Max,Moerstedt,4931658.0,23.0,22.0,22.0,1.0,32693.0,495.0,0,4,https://kickbase.b-cdn.net/content/file/901ac71d98064e48b7b250786d8ac1d2.png,9.0,2,100.0,,"[{""hasPlayed"": false, ""points"": null}, {""hasPlayed"": false, ""points"": null}, {""hasPlayed"": true, ""points"": 9}, {""hasPlayed"": true, ""points"": 21}, {""hasPlayed"": true, ""points"": 13}]",4,Max Moerstedt,-304116.0,-304116.0,-339867.0,-365864.0,-1720124.0,1064356.0,6.6,1.526315789473684,0.3103448275862069,0.12254160363086235,0.0,0.0,0.20112551515467683,2.026075
7673,14,Albian,Hajdari,18548741.0,97.0,30.0,30.0,28.0,160153.0,2924.0,0,2,https://kickbase.b-cdn.net/content/file/0f60a3cd21c94cc4913d13f811e532a9.png,21.0,1,157.0,,"[{""hasPlayed"": true, ""points"": -7}, {""hasPlayed"": true, ""points"": 245}, {""hasPlayed"": true, ""points"": 81}, {""hasPlayed"": true, ""points"": 171}, {""hasPlayed"": true, ""points"": 120}]",1,Albian Hajdari,136614.0,136614.0,152314.0,165229.0,1139277.0,4831997.0,7.53,1.526315789473684,1.0,1.0,1.0,0.0,1.0,11.493158
7717,14,Alexander,Prass,3540941.0,50.0,32.0,32.0,12.0,90108.0,1591.0,2,3,https://kickbase.b-cdn.net/content/file/e67e0f9b96c8491e8ba2570ec188600c.png,22.0,2,449.0,,"[{""hasPlayed"": true, ""points"": -18}, {""hasPlayed"": true, ""points"": 51}, {""hasPlayed"": true, ""points"": 1}, {""hasPlayed"": true, ""points"": 17}, {""hasPlayed"": true, ""points"": 19}]",4,Alexander Prass,-112965.0,-112965.0,-114380.0,-116578.0,-800670.0,-1806857.0,0.0,1.526315789473684,0.0,0.0,0.0,0.0,0.0,0.0
7745,14,Vladimír,Coufal,25768123.0,115.0,34.0,34.0,34.0,198844.0,3918.0,0,2,https://kickbase.b-cdn.net/content/file/63bd51c8d410447694f867a0c98d983d.png,34.0,1,152.0,,"[{""hasPlayed"": true, ""points"": 52}, {""hasPlayed"": true, ""points"": 235}, {""hasPlayed"": true, ""points"": 76}, {""hasPlayed"": true, ""points"": 152}, {""hasPlayed"": true, ""points"": 112}]",1,Vladimír Coufal,39083.0,39083.0,46205.0,56891.0,423583.0,3490768.0,6.67,1.526315789473684,1.0,1.0,1.0,0.0,1.0,10.180526
7750,14,Robin,Hranác,3648740.0,79.0,29.0,29.0,26.0,150328.0,2290.0,0,2,https://kickbase.b-cdn.net/content/file/52ea64b1321a44aa874cdd39adb513b6.png,2.0,2,627.0,,"[{""hasPlayed"": false, ""points"": null}, {""hasPlayed"": true, ""points"": 40}, {""hasPlayed"": false, ""points"": null}, {""hasPlayed"": true, ""points"": 38}, {""hasPlayed"": true, ""points"": 17}]",5,Robin Hranác,-89504.0,-89504.0,-90761.0,-89294.0,-622071.0,-2372501.0,6.1,1.526315789473684,0.0,0.0,0.0,0.0,0.0,0.0
8289,14,Lúkas,Petersson,500000.0,,,,,,,0,1,https://kickbase.b-cdn.net/content/file/e12887e5419f4c63a3e0c0b0213fb3cc.png,36.0,0,,,"[{""hasPlayed"": false, ""points"": null}, {""hasPlayed"": false, ""points"": null}, {""hasPlayed"": false, ""points"": null}, {""hasPlayed"": false, ""points"": null}, {""hasPlayed"": false, ""points"": null}]",5,Lúkas Petersson,0.0,0.0,0.0,0.0,0.0,0.0,0.0,1.526315789473684,0.0,0.0,0.0,0.0,0.0,0.0
9598,14,Valentin,Gendrey,3639617.0,36.0,8.0,8.0,0.0,5564.0,287.0,0,2,https://kickbase.b-cdn.net/content/file/963aa0e9a1bf4537bba171631d3ef595.png,15.0,2,78.0,,"[{""hasPlayed"": false, ""points"": null}, {""hasPlayed"": false, ""points"": null}, {""hasPlayed"": false, ""points"": null}, {""hasPlayed"": false, ""points"": null}, {""hasPlayed"": false, ""points"": null}]",5,Valentin Gendrey,-138479.0,-138479.0,-146371.0,-143188.0,-1141906.0,2967088.0,7.03,1.526315789473684,0.0,0.0,0.0,0.0,0.0,0.0
9682,14,Arthur,Chaves,2381119.0,69.0,15.0,15.0,11.0,70866.0,1040.0,0,2,https://kickbase.b-cdn.net/content/file/833cf51fd2394b6dbc29f93960eec13a.png,35.0,2,436.0,,"[{""hasPlayed"": false, ""points"": null}, {""hasPlayed"": false, ""points"": null}, {""hasPlayed"": true, ""points"": 33}, {""hasPlayed"": true, ""points"": 124}, {""hasPlayed"": true, ""points"": 128}]",5,Arthur Chaves,-123351.0,-123351.0,-117832.0,-121543.0,-848049.0,-1666045.0,6.45,1.526315789473684,0.0,0.0,0.0,0.0,0.0,0.0
11161,14,Koki,Machida,1293221.0,42.0,1.0,1.0,1.0,2718.0,42.0,0,2,https://kickbase.b-cdn.net/content/file/80f0a50727b54ea5a90a99a754cc7a6c.png,28.0,2,32.0,,"[{""hasPlayed"": false, ""points"": null}, {""hasPlayed"": false, ""points"": null}, {""hasPlayed"": false, ""points"": null}, {""hasPlayed"": false, ""points"": null}, {""hasPlayed"": false, ""points"": null}]",5,Koki Machida,-110742.0,-110742.0,-110096.0,-118448.0,-831597.0,-2255222.0,0.0,1.526315789473684,0.0,0.0,0.0,0.0,0.0,0.0
11162,14,Leon,Avdullahu,16253969.0,85.0,33.0,33.0,32.0,187386.0,2805.0,0,3,https://kickbase.b-cdn.net/content/file/d0a6a4d4e08b4c8fa7b4c27fdb09c212.png,7.0,1,172.0,,"[{""hasPlayed"": true, ""points"": -32}, {""hasPlayed"": true, ""points"": 246}, {""hasPlayed"": true, ""points"": 93}, {""hasPlayed"": true, ""points"": 89}, {""hasPlayed"": true, ""points"": 88}]",1,Leon Avdullahu,147928.0,147928.0,161393.0,168171.0,1200632.0,4805024.0,6.9,1.526315789473684,1.0,1.0,1.0,0.0,1.0,10.531579
11591,14,Cajetan,Lenz,3105568.0,,,,,,,0,3,https://kickbase.b-cdn.net/content/file/2d15f1ede167438698d92ddc037e6abe.png,32.0,2,,,"[{""hasPlayed"": false, ""points"": null}, {""hasPlayed"": false, ""points"": null}, {""hasPlayed"": false, ""points"": null}, {""hasPlayed"": false, ""points"": null}, {""hasPlayed"": false, ""points"": null}]",5,Cajetan Lenz,-147086.0,-147086.0,-141286.0,-143515.0,-989592.0,-483463.0,6.7,1.526315789473684,0.0,0.0,0.0,0.0,0.0,0.0
11631,14,Wouter,Burger,23792102.0,114.0,30.0,30.0,30.0,159518.0,3425.0,0,3,https://kickbase.b-cdn.net/content/file/50a59d7c22f64565b2f31bba1dfae5bd.png,18.0,1,143.0,,"[{""hasPlayed"": true, ""points"": 65}, {""hasPlayed"": true, ""points"": 206}, {""hasPlayed"": true, ""points"": 105}, {""hasPlayed"": true, ""points"": 72}, {""hasPlayed"": true, ""points"": 85}]",1,Wouter Burger,134523.0,134523.0,143208.0,156902.0,1108260.0,4732856.0,7.4,1.526315789473684,1.0,1.0,1.0,0.0,1.0,11.294737
11959,14,Adam,Daghim,7123781.0,41.0,27.0,27.0,12.0,92265.0,1115.0,0,4,https://kickbase.b-cdn.net/content/file/b1ab63a730cb48ae9c3cd8d25ccc2b8e.png,0.0,1,156.0,,"[{""hasPlayed"": true, ""points"": 40}, {""hasPlayed"": true, ""points"": 31}, {""hasPlayed"": true, ""points"": 62}, {""hasPlayed"": true, ""points"": -1}, {""hasPlayed"": true, ""points"": 21}]",3,Adam Daghim,305468.0,305468.0,340456.0,343583.0,2388291.0,6623781.0,6.5,1.526315789473684,1.0,0.6051437216338881,1.0,0.0,0.851928895612708,8.452031
14890,14,Alessandro,Vogt,1126860.0,,,,,,,0,4,https://kickbase.b-cdn.net/content/file/112bd299786444d7b7ec83545c819009.png,24.0,2,,,"[{""hasPlayed"": false, ""points"": null}, {""hasPlayed"": false, ""points"": null}, {""hasPlayed"": false, ""points"": null}, {""hasPlayed"": false, ""points"": null}, {""hasPlayed"": false, ""points"": null}]",5,Alessandro Vogt,-131459.0,-131459.0,-127738.0,-137129.0,-960226.0,-3702069.0,6.45,1.526315789473684,0.0,0.0,0.0,0.0,0.0,0.0
15193,14,Mats,Rots,8364510.0,,,,,,,0,2,https://kickbase.b-cdn.net/content/file/d96dc40ca1674b38aef03dff83ae8ab0.png,39.0,2,,,"[{""hasPlayed"": false, ""points"": null}, {""hasPlayed"": false, ""points"": null}, {""hasPlayed"": false, ""points"": null}, {""hasPlayed"": false, ""points"": null}, {""hasPlayed"": false, ""points"": null}]",3,Mats Rots,-125804.0,-125804.0,-150097.0,-163982.0,-1162728.0,-268914.0,6.47,1.526315789473684,0.8113590263691683,0.6896551724137931,1.0,0.0,0.7893002028397567,7.794547
15262,14,Nathan,De Cat,17661419.0,,,,,,,0,3,https://kickbase.b-cdn.net/content/file/8c55d861342c440b9966f1cd6dc86f29.png,17.0,1,,,"[{""hasPlayed"": false, ""points"": null}, {""hasPlayed"": false, ""points"": null}, {""hasPlayed"": false, ""points"": null}, {""hasPlayed"": false, ""points"": null}, {""hasPlayed"": false, ""points"": null}]",2,Nathan De Cat,164055.0,164055.0,174136.0,191766.0,1354174.0,6468644.0,6.6,1.526315789473684,1.0,1.0,1.0,0.0,1.0,10.073684
51,40,Rani,Khedira,7756381.0,61.0,32.0,32.0,32.0,188165.0,1956.0,0,3,https://kickbase.b-cdn.net/content/file/9ecae4fccb2648b8b2bd92c4cac3f955.png,8.0,1,252.0,,"[{""hasPlayed"": false, ""points"": null}, {""hasPlayed"": true, ""points"": 44}, {""hasPlayed"": true, ""points"": 44}, {""hasPlayed"": true, ""points"": 6}, {""hasPlayed"": true, ""points"": 6}]",2,Rani Khedira,237698.0,237698.0,261985.0,277790.0,1909668.0,3360198.0,6.3,1.3937721718565235,1.0,1.0,1.0,0.0,1.0,8.780765
1223,40,Marvin,Friedrich,2159786.0,29.0,6.0,6.0,1.0,11653.0,173.0,0,2,https://kickbase.b-cdn.net/content/file/0e7e99776b0c460eaaf8702878b90869.png,5.0,1,80.0,,"[{""hasPlayed"": false, ""points"": null}, {""hasPlayed"": false, ""points"": null}, {""hasPlayed"": false, ""points"": null}, {""hasPlayed"": false, ""points"": null}, {""hasPlayed"": false, ""points"": null}]",3,Marvin Friedrich,352126.0,352126.0,350279.0,306377.0,1094527.0,348766.0,0.0,1.3937721718565235,0.0,0.0,0.0,0.0,0.0,0.0
1553,40,Janik,Haberer,3609195.0,31.0,28.0,28.0,20.0,109158.0,870.0,0,3,https://kickbase.b-cdn.net/content/file/ce496ba0469a4a3b80d18b665d7466c0.png,19.0,2,241.0,,"[{""hasPlayed"": false, ""points"": null}, {""hasPlayed"": false, ""points"": null}, {""hasPlayed"": false, ""points"": null}, {""hasPlayed"": true, ""points"": 6}, {""hasPlayed"": true, ""points"": 6}]",4,Janik Haberer,-138909.0,-138909.0,-137229.0,-140947.0,-1034812.0,2631060.0,0.0,1.3937721718565235,0.0,0.0,0.0,0.0,0.0,0.0
1955,40,Oliver,Burke,4154767.0,49.0,29.0,29.0,21.0,110171.0,1410.0,2,4,https://kickbase.b-cdn.net/content/file/a76d8d4a531548f58ceb241fe4958952.png,7.0,2,339.0,,"[{""hasPlayed"": true, ""points"": 139}, {""hasPlayed"": true, ""points"": 174}, {""hasPlayed"": true, ""points"": 61}, {""hasPlayed"": true, ""points"": -18}, {""hasPlayed"": true, ""points"": 139}]",5,Oliver Burke,-134854.0,-134854.0,-133646.0,-166569.0,-1128074.0,2205346.0,0.0,1.3937721718565235,0.0,0.0,0.0,0.0,0.0,0.0
2279,40,Frederik,Rönnow,8462651.0,75.0,30.0,30.0,30.0,176714.0,2245.0,2,1,https://kickbase.b-cdn.net/content/file/a74539007fa347f28af0ce83caafef6f.png,1.0,2,265.0,,"[{""hasPlayed"": false, ""points"": null}, {""hasPlayed"": false, ""points"": null}, {""hasPlayed"": false, ""points"": null}, {""hasPlayed"": true, ""points"": -19}, {""hasPlayed"": true, ""points"": 79}]",3,Frederik Rönnow,-223414.0,-223414.0,-227774.0,-239231.0,-1382513.0,1783622.0,0.0,1.3937721718565235,0.0,0.0,0.0,0.0,0.0,0.0
2302,40,Woo-Yeong,Jeong,3281030.0,36.0,28.0,28.0,13.0,81482.0,994.0,0,3,https://kickbase.b-cdn.net/content/file/167f780b883445c1bb79e00354f1e807.png,11.0,2,302.0,,"[{""hasPlayed"": true, ""points"": 125}, {""hasPlayed"": true, ""points"": 33}, {""hasPlayed"": false, ""points"": null}, {""hasPlayed"": false, ""points"": null}, {""hasPlayed"": false, ""points"": null}]",3,Woo-Yeong Jeong,-103580.0,-103580.0,-87046.0,-81050.0,-676515.0,1671984.0,6.5,1.3937721718565235,0.3103448275862069,0.3103448275862069,0.0,0.0,0.27155172413793105,2.460128
2400,40,Christopher,Trimmel,4296668.0,60.0,29.0,29.0,22.0,122793.0,1732.0,0,2,https://kickbase.b-cdn.net/content/file/0133043125be433d91c3b93eb502aebe.png,28.0,2,403.0,,"[{""hasPlayed"": true, ""points"": 133}, {""hasPlayed"": true, ""points"": 139}, {""hasPlayed"": true, ""points"": 104}, {""hasPlayed"": true, ""points"": 14}, {""hasPlayed"": true, ""points"": 107}]",4,Christopher Trimmel,-111466.0,-111466.0,-102783.0,-97886.0,-1694350.0,2456512.0,6.8,1.3937721718565235,0.0,0.0,0.0,0.0,0.0,0.0
2491,40,Tim,Skarke,4137600.0,26.0,22.0,22.0,4.0,44836.0,579.0,0,3,https://kickbase.b-cdn.net/content/file/530ba96741b943798d9be4d5dcc151f5.png,21.0,2,139.0,,"[{""hasPlayed"": true, ""points"": 59}, {""hasPlayed"": true, ""points"": 101}, {""hasPlayed"": true, ""points"": 28}, {""hasPlayed"": false, ""points"": null}, {""hasPlayed"": true, ""points"": 11}]",4,Tim Skarke,-145963.0,-145963.0,-148925.0,-149598.0,-1211069.0,3637600.0,0.0,1.3937721718565235,0.0,0.0,0.0,0.0,0.0,0.0
2717,40,Robert,Skov,2225296.0,35.0,3.0,3.0,3.0,14206.0,104.0,2,3,https://kickbase.b-cdn.net/content/file/ebae4e5c0fec43ebaed2b2aae064a346.png,24.0,2,46.0,,"[{""hasPlayed"": false, ""points"": null}, {""hasPlayed"": false, ""points"": null}, {""hasPlayed"": false, ""points"": null}, {""hasPlayed"": false, ""points"": null}, {""hasPlayed"": false, ""points"": null}]",5,Robert Skov,-145243.0,-145243.0,-138443.0,-140542.0,-1003171.0,1723015.0,0.0,1.3937721718565235,0.0,0.0,0.0,0.0,0.0,0.0
3102,40,Tom,Rothe,9003588.0,41.0,21.0,21.0,10.0,71469.0,863.0,0,2,https://kickbase.b-cdn.net/content/file/82917858d1a74a7f90a2d9dfca456b71.png,15.0,1,95.0,,"[{""hasPlayed"": true, ""points"": 146}, {""hasPlayed"": true, ""points"": 62}, {""hasPlayed"": true, ""points"": 155}, {""hasPlayed"": true, ""points"": 0}, {""hasPlayed"": true, ""points"": 18}]",2,Tom Rothe,255315.0,255315.0,277712.0,278945.0,2034790.0,5074641.0,0.0,1.3937721718565235,0.0,0.0,0.0,0.0,0.0,0.0
3187,40,András,Schäfer,3686644.0,42.0,28.0,28.0,16.0,96106.0,1177.0,0,3,https://kickbase.b-cdn.net/content/file/433f8b676b6b4b898ad3ede98e20f79d.png,13.0,1,319.0,,"[{""hasPlayed"": true, ""points"": 293}, {""hasPlayed"": true, ""points"": 52}, {""hasPlayed"": true, ""points"": 56}, {""hasPlayed"": true, ""points"": 33}, {""hasPlayed"": true, ""points"": 21}]",3,András Schäfer,295706.0,295706.0,232361.0,129828.0,580521.0,-1069231.0,7.0,1.3937721718565235,0.6896551724137931,0.6896551724137931,1.0,0.0,0.728448275862069,7.107037
3364,40,Carl,Klaus,4422831.0,117.0,4.0,4.0,3.0,22461.0,466.0,0,1,https://kickbase.b-cdn.net/content/file/03530ee1979440f6865c5fc39260c63a.png,25.0,1,105.0,,"[{""hasPlayed"": true, ""points"": 154}, {""hasPlayed"": true, ""points"": 124}, {""hasPlayed"": true, ""points"": 85}, {""hasPlayed"": true, ""points"": 103}, {""hasPlayed"": false, ""points"": null}]",3,Carl Klaus,339411.0,339411.0,360796.0,366555.0,2552080.0,2904660.0,0.0,1.3937721718565235,0.0,0.0,0.0,0.0,0.0,0.0
3419,40,Matheo,Raab,2200631.0,214.0,1.0,1.0,1.0,6311.0,214.0,0,1,https://kickbase.b-cdn.net/content/file/6f65c492a85a491b94cd3b8a37bae6f8.png,31.0,1,97.0,,"[{""hasPlayed"": false, ""points"": null}, {""hasPlayed"": false, ""points"": null}, {""hasPlayed"": false, ""points"": null}, {""hasPlayed"": false, ""points"": null}, {""hasPlayed"": false, ""points"": null}]",3,Matheo Raab,307614.0,307614.0,311979.0,257895.0,897279.0,1700631.0,6.6,1.3937721718565235,0.3103448275862069,0.6051437216338881,0.0,0.0,0.38210130940581144,3.51491
3453,40,Derrick,Köhn,2064306.0,48.0,29.0,29.0,21.0,125830.0,1387.0,0,2,https://kickbase.b-cdn.net/content/file/336162df73db46fdb0d35c73c0928582.png,17.0,2,671.0,,"[{""hasPlayed"": false, ""points"": null}, {""hasPlayed"": true, ""points"": 60}, {""hasPlayed"": false, ""points"": null}, {""hasPlayed"": false, ""points"": null}, {""hasPlayed"": true, ""points"": 16}]",4,Derrick Köhn,-89339.0,-89339.0,-90271.0,-89829.0,-688020.0,-2121608.0,0.0,1.3937721718565235,0.0,0.0,0.0,0.0,0.0,0.0
4352,40,Stanley,Nsoki,4135556.0,55.0,13.0,13.0,10.0,54082.0,718.0,1,2,https://kickbase.b-cdn.net/content/file/6c54070a804d4f15acb3d09b63af882a.png,34.0,2,173.0,,"[{""hasPlayed"": false, ""points"": null}, {""hasPlayed"": false, ""points"": null}, {""hasPlayed"": true, ""points"": 52}, {""hasPlayed"": false, ""points"": null}, {""hasPlayed"": false, ""points"": null}]",5,Stanley Nsoki,-156105.0,-156105.0,-164987.0,-188731.0,-615419.0,3573225.0,0.0,1.3937721718565235,0.0,0.0,0.0,0.0,0.0,0.0
4446,40,Aljoscha,Kemlein,9939115.0,48.0,30.0,30.0,23.0,129466.0,1437.0,0,3,https://kickbase.b-cdn.net/content/file/2dc45e5315ff4262a38925af69a6e745.png,6.0,1,144.0,,"[{""hasPlayed"": true, ""points"": 109}, {""hasPlayed"": true, ""points"": 175}, {""hasPlayed"": true, ""points"": 67}, {""hasPlayed"": true, ""points"": 3}, {""hasPlayed"": true, ""points"": 34}]",1,Aljoscha Kemlein,214696.0,214696.0,234480.0,248032.0,1790675.0,6033497.0,6.8,1.3937721718565235,1.0,1.0,1.0,0.0,1.0,9.477651
4598,40,Josip,Juranović,6443857.0,50.0,11.0,11.0,3.0,23550.0,554.0,0,2,https://kickbase.b-cdn.net/content/file/17ce8593891544bbae052579071e5c45.png,18.0,1,85.0,,"[{""hasPlayed"": true, ""points"": 62}, {""hasPlayed"": true, ""points"": 119}, {""hasPlayed"": true, ""points"": 25}, {""hasPlayed"": true, ""points"": 65}, {""hasPlayed"": false, ""points"": null}]",2,Josip Juranović,303299.0,303299.0,310905.0,322449.0,2018965.0,4833070.0,7.1,1.3937721718565235,1.0,1.0,1.0,0.0,1.0,9.895782
6750,40,Ilyas,Ansah,9494332.0,40.0,33.0,33.0,23.0,125016.0,1305.0,0,4,https://kickbase.b-cdn.net/content/file/4e244d293e744fe4a462219508989e68.png,10.0,2,137.0,,"[{""hasPlayed"": true, ""points"": 80}, {""hasPlayed"": true, ""points"": 61}, {""hasPlayed"": true, ""points"": -8}, {""hasPlayed"": true, ""points"": -11}, {""hasPlayed"": true, ""points"": 21}]",1,Ilyas Ansah,-43827.0,-43827.0,-67765.0,-160945.0,-835686.0,1404910.0,6.7,1.3937721718565235,1.0,1.0,1.0,0.0,1.0,9.338274
7684,40,Michel,Aebischer,5291056.0,,,,,,,0,3,https://kickbase.b-cdn.net/content/file/9c3aef0e82424be6b932b6f5b9601097.png,20.0,1,,,"[{""hasPlayed"": false, ""points"": null}, {""hasPlayed"": false, ""points"": null}, {""hasPlayed"": false, ""points"": null}, {""hasPlayed"": false, ""points"": null}, {""hasPlayed"": false, ""points"": null}]",3,Michel Aebischer,300701.0,300701.0,245888.0,4744467.0,5291056.0,5291056.0,6.6,1.3937721718565235,0.0,0.0,0.0,0.0,0.0,0.0
7723,40,Leopold,Querfeld,14383714.0,90.0,31.0,31.0,30.0,181108.0,2789.0,0,2,https://kickbase.b-cdn.net/content/file/b9dfbb26ed9347b9a1585f29718c9d76.png,14.0,1,193.0,,"[{""hasPlayed"": true, ""points"": 53}, {""hasPlayed"": false, ""points"": null}, {""hasPlayed"": false, ""points"": null}, {""hasPlayed"": true, ""points"": 38}, {""hasPlayed"": true, ""points"": 90}]",3,Leopold Querfeld,-21562.0,-21562.0,38474.0,92719.0,705458.0,2766121.0,6.1,1.3937721718565235,0.6896551724137931,0.6896551724137931,1.0,0.0,0.728448275862069,6.193275
8381,40,Livan,Burcu,8584319.0,28.0,18.0,18.0,6.0,45477.0,504.0,0,3,https://kickbase.b-cdn.net/content/file/9ee1048c9191462c82b58e23f1dbf647.png,9.0,1,58.0,,"[{""hasPlayed"": true, ""points"": 139}, {""hasPlayed"": true, ""points"": 35}, {""hasPlayed"": true, ""points"": 109}, {""hasPlayed"": true, ""points"": -6}, {""hasPlayed"": true, ""points"": -11}]",2,Livan Burcu,184683.0,184683.0,188602.0,192667.0,1200843.0,5811262.0,6.6,1.3937721718565235,1.0,1.0,1.0,0.0,1.0,9.198896
9683,40,Andrej,Ilic,6261007.0,69.0,32.0,32.0,24.0,151642.0,2204.0,2,4,https://kickbase.b-cdn.net/content/file/1a56a70bd0c1483894bc78d61bf30f46.png,23.0,2,352.0,,"[{""hasPlayed"": true, ""points"": 271}, {""hasPlayed"": true, ""points"": 255}, {""hasPlayed"": true, ""points"": 35}, {""hasPlayed"": true, ""points"": 24}, {""hasPlayed"": true, ""points"": 115}]",5,Andrej Ilic,-290321.0,-290321.0,-289947.0,-295478.0,-2073655.0,-847855.0,0.0,1.3937721718565235,0.0,0.0,0.0,0.0,0.0,0.0
12763,40,Emmanuel,Latte Lath,10229008.0,,,,,,,0,4,https://kickbase.b-cdn.net/content/file/703dfff3de074113a2edb492e5c585e7.png,29.0,1,,,"[{""hasPlayed"": false, ""points"": null}, {""hasPlayed"": false, ""points"": null}, {""hasPlayed"": false, ""points"": null}, {""hasPlayed"": false, ""points"": null}, {""hasPlayed"": false, ""points"": null}]",2,Emmanuel Latte Lath,199203.0,199203.0,289493.0,322105.0,2135400.0,10229008.0,6.0,1.3937721718565235,1.0,1.0,1.0,0.0,1.0,8.362633
13629,40,Linus,Güther,2436685.0,-31.0,1.0,1.0,0.0,849.0,-31.0,0,3,https://kickbase.b-cdn.net/content/file/d92375c9bb9640858ef3fa4deebadf84.png,49.0,1,,,"[{""hasPlayed"": false, ""points"": null}, {""hasPlayed"": false, ""points"": null}, {""hasPlayed"": false, ""points"": null}, {""hasPlayed"": false, ""points"": null}, {""hasPlayed"": false, ""points"": null}]",5,Linus Güther,317936.0,317936.0,316726.0,348370.0,1936685.0,1936685.0,0.0,1.3937721718565235,0.0,0.0,0.0,0.0,0.0,0.0
14917,40,Zeno,Van den Bosch,13509103.0,,,,,,,0,2,https://kickbase.b-cdn.net/content/file/f19174a181cb4b18a6fb28116d085029.png,4.0,1,,,"[{""hasPlayed"": false, ""points"": null}, {""hasPlayed"": false, ""points"": null}, {""hasPlayed"": false, ""points"": null}, {""hasPlayed"": false, ""points"": null}, {""hasPlayed"": false, ""points"": null}]",2,Zeno Van den Bosch,19756.0,19756.0,60713.0,93623.0,687460.0,3297656.0,7.8,1.3937721718565235,1.0,1.0,1.0,0.0,1.0,10.871423
357,4,Jens,Grahl,500000.0,,,,,,,0,1,https://kickbase.b-cdn.net/content/file/e76a9805862d4c849883f4035d7912a7.png,33.0,0,,,"[{""hasPlayed"": false, ""points"": null}, {""hasPlayed"": false, ""points"": null}, {""hasPlayed"": false, ""points"": null}, {""hasPlayed"": false, ""points"": null}, {""hasPlayed"": false, ""points"": null}]",5,Jens Grahl,0.0,0.0,0.0,0.0,0.0,0.0,0.0,1.3500197083169097,0.0,0.0,0.0,0.0,0.0,0.0
461,4,Timothy,Chandler,975748.0,31.0,1.0,1.0,0.0,932.0,31.0,0,2,https://kickbase.b-cdn.net/content/file/e7c03911a4054596904af25c839e49a8.png,22.0,1,31.0,,"[{""hasPlayed"": true, ""points"": 31}, {""hasPlayed"": false, ""points"": null}, {""hasPlayed"": false, ""points"": null}, {""hasPlayed"": false, ""points"": null}, {""hasPlayed"": false, ""points"": null}]",5,Timothy Chandler,270216.0,270216.0,193497.0,12035.0,475748.0,475748.0,0.0,1.3500197083169097,0.0,0.0,0.0,0.0,0.0,0.0
513,4,Mario,Götze,6293275.0,33.0,21.0,21.0,8.0,60719.0,696.0,0,3,https://kickbase.b-cdn.net/content/file/d3877d0c416e4d30a99efbd5a673b455.png,27.0,1,110.0,,"[{""hasPlayed"": true, ""points"": 38}, {""hasPlayed"": true, ""points"": -1}, {""hasPlayed"": false, ""points"": null}, {""hasPlayed"": false, ""points"": null}, {""hasPlayed"": false, ""points"": null}]",3,Mario Götze,-3675.0,-3675.0,94604.0,176884.0,1141509.0,4653418.0,7.5,1.3500197083169097,0.0,0.0,0.0,0.0,0.0,0.0
1655,4,Michael,Zetterer,4368855.0,94.0,22.0,22.0,21.0,131394.0,2075.0,0,1,https://kickbase.b-cdn.net/content/file/46598c7d33ac4ddba263c6795e68f1c1.png,23.0,2,474.0,,"[{""hasPlayed"": true, ""points"": 133}, {""hasPlayed"": true, ""points"": 105}, {""hasPlayed"": true, ""points"": 66}, {""hasPlayed"": true, ""points"": 95}, {""hasPlayed"": true, ""points"": 47}]",4,Michael Zetterer,-118765.0,-118765.0,-111171.0,-104456.0,-1292937.0,-2437452.0,0.0,1.3500197083169097,0.0,0.0,0.0,0.0,0.0,0.0
2144,4,Robin,Koch,23504399.0,107.0,32.0,32.0,32.0,188534.0,3419.0,0,2,https://kickbase.b-cdn.net/content/file/9ec4a1262fb84d21b3b5458cc97f9cf3.png,4.0,1,145.0,,"[{""hasPlayed"": true, ""points"": 94}, {""hasPlayed"": true, ""points"": 42}, {""hasPlayed"": true, ""points"": 81}, {""hasPlayed"": true, ""points"": 108}, {""hasPlayed"": true, ""points"": 89}]",1,Robin Koch,48748.0,48748.0,22728.0,979.0,105830.0,3106636.0,7.55,1.3500197083169097,1.0,1.0,1.0,0.0,1.0,10.192649
2255,4,Jonathan,Burkardt,26635533.0,87.0,22.0,22.0,15.0,87110.0,1912.0,0,4,https://kickbase.b-cdn.net/content/file/f11b49646cad49699fd37664e712e9c9.png,9.0,1,71.0,,"[{""hasPlayed"": true, ""points"": 227}, {""hasPlayed"": true, ""points"": 95}, {""hasPlayed"": true, ""points"": 63}, {""hasPlayed"": true, ""points"": -14}, {""hasPlayed"": true, ""points"": -6}]",1,Jonathan Burkardt,98669.0,98669.0,79607.0,84507.0,613869.0,3725996.0,8.35,1.3500197083169097,0.85,1.0,1.0,0.15,0.925,10.427215
2863,4,Ansgar,Knauff,5205519.0,46.0,28.0,28.0,12.0,88199.0,1284.0,0,3,https://kickbase.b-cdn.net/content/file/df49f152f9bc4fd99f45742758ff5cfc.png,7.0,1,246.0,,"[{""hasPlayed"": true, ""points"": 27}, {""hasPlayed"": true, ""points"": 14}, {""hasPlayed"": true, ""points"": 38}, {""hasPlayed"": true, ""points"": 25}, {""hasPlayed"": true, ""points"": 8}]",3,Ansgar Knauff,316626.0,316626.0,245524.0,154216.0,714829.0,-51973.0,6.85,1.3500197083169097,0.1683991683991684,0.3103448275862069,0.0,0.0,0.2005788945444118,1.85488
2864,4,Nnamdi,Collins,11310209.0,71.0,23.0,23.0,16.0,101407.0,1622.0,2,2,https://kickbase.b-cdn.net/content/file/47efb7c32b294c238dcddcc3bd26ac21.png,34.0,2,143.0,,"[{""hasPlayed"": false, ""points"": null}, {""hasPlayed"": false, ""points"": null}, {""hasPlayed"": false, ""points"": null}, {""hasPlayed"": false, ""points"": null}, {""hasPlayed"": false, ""points"": null}]",5,Nnamdi Collins,-578508.0,-578508.0,-664085.0,-758541.0,-2349149.0,1288552.0,0.0,1.3500197083169097,0.0,0.0,0.0,0.0,0.0,0.0
2887,4,Ritsu,Dōan,21489890.0,90.0,31.0,31.0,28.0,154093.0,2793.0,2,3,https://kickbase.b-cdn.net/content/file/8ad9394d1b4e4df9b692dad3a7539c1d.png,20.0,1,129.0,,"[{""hasPlayed"": true, ""points"": 89}, {""hasPlayed"": true, ""points"": 18}, {""hasPlayed"": false, ""points"": null}, {""hasPlayed"": true, ""points"": 138}, {""hasPlayed"": false, ""points"": null}]",3,Ritsu Dōan,40641.0,40641.0,110873.0,139535.0,893500.0,4429612.0,0.0,1.3500197083169097,0.0,0.0,0.0,0.0,0.0,0.0
6081,4,Can,Uzun,28088449.0,106.0,21.0,21.0,15.0,76576.0,2232.0,0,3,https://kickbase.b-cdn.net/content/file/d508a06c367e48b4a6ad92a95ee8612d.png,42.0,1,79.0,,"[{""hasPlayed"": true, ""points"": 31}, {""hasPlayed"": true, ""points"": 143}, {""hasPlayed"": true, ""points"": 218}, {""hasPlayed"": true, ""points"": 220}, {""hasPlayed"": true, ""points"": 9}]",1,Can Uzun,87862.0,87862.0,83342.0,89516.0,651019.0,2367494.0,8.05,1.3500197083169097,1.0,1.0,1.0,0.0,1.0,10.867659
6185,4,Hugo,Larsson,8822984.0,71.0,25.0,25.0,21.0,117957.0,1779.0,2,3,https://kickbase.b-cdn.net/content/file/552137cdc7904c788c537687f85b8d6d.png,16.0,2,201.0,,"[{""hasPlayed"": false, ""points"": null}, {""hasPlayed"": false, ""points"": null}, {""hasPlayed"": true, ""points"": 60}, {""hasPlayed"": true, ""points"": 166}, {""hasPlayed"": true, ""points"": 115}]",3,Hugo Larsson,-216909.0,-216909.0,-132147.0,-159412.0,-1623808.0,-1466024.0,0.0,1.3500197083169097,0.0,0.0,0.0,0.0,0.0,0.0
7275,4,Kauã,Santos,8399891.0,65.0,13.0,13.0,13.0,72952.0,849.0,0,1,https://kickbase.b-cdn.net/content/file/aa2d99e5647f41be9c144d86afcdde54.png,40.0,2,101.0,,"[{""hasPlayed"": false, ""points"": null}, {""hasPlayed"": false, ""points"": null}, {""hasPlayed"": false, ""points"": null}, {""hasPlayed"": false, ""points"": null}, {""hasPlayed"": false, ""points"": null}]",3,Kauã Santos,-249173.0,-249173.0,-268409.0,-314739.0,-1758654.0,998212.0,5.4,1.3500197083169097,1.0,1.0,1.0,0.0,1.0,7.290106
7277,4,Farès,Chaïbi,8448380.0,83.0,28.0,28.0,21.0,118583.0,2334.0,0,3,https://kickbase.b-cdn.net/content/file/774d9ee4bd994b9dae8672fbf45215fe.png,8.0,2,276.0,,"[{""hasPlayed"": true, ""points"": 52}, {""hasPlayed"": true, ""points"": 11}, {""hasPlayed"": true, ""points"": 26}, {""hasPlayed"": true, ""points"": 1}, {""hasPlayed"": true, ""points"": 58}]",4,Farès Chaïbi,-240516.0,-240516.0,-233250.0,-249127.0,-1943087.0,-3361617.0,7.35,1.3500197083169097,0.0,0.0,0.0,0.0,0.0,0.0
7325,4,Elias,Baum,10918557.0,6.0,5.0,5.0,0.0,6016.0,32.0,0,2,https://kickbase.b-cdn.net/content/file/0f3d607126284679ac5bc7ee81f890ad.png,2.0,1,2.0,,"[{""hasPlayed"": false, ""points"": null}, {""hasPlayed"": false, ""points"": null}, {""hasPlayed"": false, ""points"": null}, {""hasPlayed"": false, ""points"": null}, {""hasPlayed"": true, ""points"": -10}]",2,Elias Baum,162356.0,162356.0,149343.0,171530.0,1421493.0,6567338.0,6.35,1.3500197083169097,1.0,1.0,1.0,0.0,1.0,8.572625
7417,4,Noël,Aséko,7107414.0,,,,,,,0,3,https://kickbase.b-cdn.net/content/file/4c3b212857824d74bed5f3922ab26e64.png,0.0,2,,,"[{""hasPlayed"": false, ""points"": null}, {""hasPlayed"": false, ""points"": null}, {""hasPlayed"": false, ""points"": null}, {""hasPlayed"": false, ""points"": null}, {""hasPlayed"": false, ""points"": null}]",5,Noël Aséko,-297591.0,-297591.0,-279424.0,-283477.0,-2150675.0,2112287.0,0.0,1.3500197083169097,0.0,0.0,0.0,0.0,0.0,0.0
7491,4,Jean-Mattéo,Bahoya,6683645.0,64.0,27.0,27.0,15.0,89358.0,1718.0,0,4,https://kickbase.b-cdn.net/content/file/614b33d836c4436cb6893df7d4d3f574.png,19.0,2,257.0,,"[{""hasPlayed"": true, ""points"": 12}, {""hasPlayed"": true, ""points"": 37}, {""hasPlayed"": true, ""points"": 12}, {""hasPlayed"": false, ""points"": null}, {""hasPlayed"": false, ""points"": null}]",4,Jean-Mattéo Bahoya,-293443.0,-293443.0,-277075.0,-274194.0,-2049130.0,-2878017.0,0.0,1.3500197083169097,0.0,0.0,0.0,0.0,0.0,0.0
8057,4,Arthur,Theate,11593530.0,93.0,24.0,24.0,24.0,142350.0,2226.0,0,2,https://kickbase.b-cdn.net/content/file/fef437b4b9d74534a6448e9a47b3b86b.png,3.0,2,192.0,,"[{""hasPlayed"": false, ""points"": null}, {""hasPlayed"": true, ""points"": 23}, {""hasPlayed"": false, ""points"": null}, {""hasPlayed"": false, ""points"": null}, {""hasPlayed"": true, ""points"": 67}]",5,Arthur Theate,-505291.0,-505291.0,-84069.0,-69291.0,-1922078.0,-1522900.0,0.0,1.3500197083169097,0.0,0.0,0.0,0.0,0.0,0.0
8351,4,Oscar,Højlund,3917007.0,32.0,24.0,24.0,12.0,72520.0,772.0,0,3,https://kickbase.b-cdn.net/content/file/9f25f3c48efd47488db3f0fea31226bc.png,6.0,1,197.0,,"[{""hasPlayed"": false, ""points"": null}, {""hasPlayed"": false, ""points"": null}, {""hasPlayed"": true, ""points"": -1}, {""hasPlayed"": true, ""points"": 79}, {""hasPlayed"": true, ""points"": 32}]",3,Oscar Højlund,250007.0,250007.0,187652.0,63754.0,323482.0,-842432.0,0.0,1.3500197083169097,0.0,0.0,0.0,0.0,0.0,0.0
10004,4,Younes,Ebnoutalib,11018897.0,25.0,5.0,5.0,2.0,10174.0,126.0,0,4,https://kickbase.b-cdn.net/content/file/0a607bef8a9448cabbf3308c90e0dc6f.png,11.0,1,11.0,,"[{""hasPlayed"": false, ""points"": null}, {""hasPlayed"": false, ""points"": null}, {""hasPlayed"": true, ""points"": -2}, {""hasPlayed"": false, ""points"": null}, {""hasPlayed"": false, ""points"": null}]",3,Younes Ebnoutalib,148865.0,148865.0,124241.0,129536.0,910294.0,1488168.0,6.25,1.3500197083169097,1.0,0.6896551724137931,1.0,0.0,0.8836206896551724,7.455658
12284,4,Keita,Kosugi,8516777.0,,,,,,,0,2,https://kickbase.b-cdn.net/content/file/4626c41eb1dd44d5b36bfde09dc9f229.png,26.0,1,,,"[{""hasPlayed"": false, ""points"": null}, {""hasPlayed"": false, ""points"": null}, {""hasPlayed"": false, ""points"": null}, {""hasPlayed"": false, ""points"": null}, {""hasPlayed"": false, ""points"": null}]",1,Keita Kosugi,334908.0,334908.0,325430.0,310409.0,2061502.0,8016777.0,6.95,1.3500197083169097,0.8316008316008316,0.6896551724137931,1.0,0.0,0.7994211054555882,7.500678
12285,4,Love,Arrhov,3418621.0,14.0,5.0,5.0,1.0,5265.0,70.0,0,3,https://kickbase.b-cdn.net/content/file/02ec19133f8a43768226917be968f9f8.png,31.0,2,20.0,,"[{""hasPlayed"": false, ""points"": null}, {""hasPlayed"": false, ""points"": null}, {""hasPlayed"": false, ""points"": null}, {""hasPlayed"": true, ""points"": 19}, {""hasPlayed"": false, ""points"": null}]",5,Love Arrhov,-150511.0,-150511.0,-151757.0,-149829.0,-1045862.0,2275544.0,6.4,1.3500197083169097,0.0,0.0,0.0,0.0,0.0,0.0
12294,4,Ayoube,Amaimouni,3640409.0,40.0,17.0,17.0,6.0,40230.0,679.0,0,3,https://kickbase.b-cdn.net/content/file/5f68ec42f258435a8233881431dc3c75.png,29.0,2,186.0,,"[{""hasPlayed"": false, ""points"": null}, {""hasPlayed"": true, ""points"": 1}, {""hasPlayed"": true, ""points"": -6}, {""hasPlayed"": true, ""points"": 44}, {""hasPlayed"": true, ""points"": 79}]",3,Ayoube Amaimouni,16495.0,16495.0,-88255.0,-108772.0,-608946.0,-740629.0,6.35,1.3500197083169097,0.36511156186612576,0.0,0.0,0.0,0.18255578093306288,1.564982
14920,4,Malik,Pimpong,3881980.0,,,,,,,0,4,https://kickbase.b-cdn.net/content/file/0800fc3bf36841cbb6450f1a83cf8ee3.png,35.0,2,,,"[{""hasPlayed"": false, ""points"": null}, {""hasPlayed"": false, ""points"": null}, {""hasPlayed"": false, ""points"": null}, {""hasPlayed"": false, ""points"": null}, {""hasPlayed"": false, ""points"": null}]",5,Malik Pimpong,-128168.0,-128168.0,-130170.0,-126117.0,-894317.0,-164125.0,6.4,1.3500197083169097,0.0,0.0,0.0,0.0,0.0,0.0
15589,4,,Otávio,8679954.0,,,,,,,0,2,https://kickbase.b-cdn.net/content/file/29d28defc06541cdb2d6e020dc443ca1.png,5.0,1,,,"[{""hasPlayed"": false, ""points"": null}, {""hasPlayed"": false, ""points"": null}, {""hasPlayed"": false, ""points"": null}, {""hasPlayed"": false, ""points"": null}, {""hasPlayed"": false, ""points"": null}]",1,Otávio,300724.0,300724.0,245541.0,262261.0,1908858.0,8679954.0,7.4,1.3500197083169097,1.0,0.0,1.0,0.0,0.625,6.243841
16369,4,Raphael,Onyedika,14469302.0,,,,,,,0,3,https://kickbase.b-cdn.net/content/file/4413ed18fac54a58a6e94d858ea72074.png,25.0,1,,,"[{""hasPlayed"": false, ""points"": null}, {""hasPlayed"": false, ""points"": null}, {""hasPlayed"": false, ""points"": null}, {""hasPlayed"": false, ""points"": null}, {""hasPlayed"": false, ""points"": null}]",1,Raphael Onyedika,189282.0,189282.0,194329.0,209788.0,1454634.0,14469302.0,7.7,1.3500197083169097,1.0,1.0,1.0,0.0,1.0,10.395152
60,18,Dominik,Kohr,10186895.0,71.0,29.0,29.0,28.0,153973.0,2070.0,0,2,https://kickbase.b-cdn.net/content/file/fc6cb9d67771484baa8cd7547280f6cd.png,31.0,1,203.0,,"[{""hasPlayed"": true, ""points"": 146}, {""hasPlayed"": true, ""points"": 17}, {""hasPlayed"": true, ""points"": 24}, {""hasPlayed"": true, ""points"": 148}, {""hasPlayed"": true, ""points"": 112}]",2,Dominik Kohr,228965.0,228965.0,251629.0,227467.0,1482254.0,3816467.0,8.8,1.956353749284488,1.0,1.0,1.0,0.0,1.0,17.215913
550,18,Stefan,Bell,1932280.0,73.0,18.0,18.0,13.0,69705.0,1313.0,0,2,https://kickbase.b-cdn.net/content/file/b5f9d86fa6414225acae1ed532dfb2e7.png,16.0,2,679.0,,"[{""hasPlayed"": false, ""points"": null}, {""hasPlayed"": false, ""points"": null}, {""hasPlayed"": false, ""points"": null}, {""hasPlayed"": false, ""points"": null}, {""hasPlayed"": false, ""points"": null}]",5,Stefan Bell,-104138.0,-104138.0,-107913.0,-107250.0,-775181.0,-2025040.0,0.0,1.956353749284488,0.0,0.0,0.0,0.0,0.0,0.0
620,18,Alexander,Schwolow,5817322.0,,,,,,,0,1,https://kickbase.b-cdn.net/content/file/0e74f4dedbdf4ce0bdb4ad38262422a0.png,0.0,1,,,"[{""hasPlayed"": false, ""points"": null}, {""hasPlayed"": false, ""points"": null}, {""hasPlayed"": false, ""points"": null}, {""hasPlayed"": false, ""points"": null}, {""hasPlayed"": false, ""points"": null}]",5,Alexander Schwolow,-33875.0,-33875.0,119600.0,198074.0,1433624.0,5317322.0,0.0,1.956353749284488,0.0,0.0,0.0,0.0,0.0,0.0
1540,18,Danny,Da Costa,9888958.0,73.0,34.0,34.0,30.0,178678.0,2498.0,0,2,https://kickbase.b-cdn.net/content/file/d7479cd684eb4636932e2e5651e92411.png,21.0,1,252.0,,"[{""hasPlayed"": true, ""points"": 72}, {""hasPlayed"": true, ""points"": -4}, {""hasPlayed"": true, ""points"": 91}, {""hasPlayed"": true, ""points"": 38}, {""hasPlayed"": true, ""points"": 86}]",3,Danny Da Costa,69860.0,69860.0,103938.0,129684.0,933694.0,2610540.0,8.1,1.956353749284488,0.3103448275862069,0.3103448275862069,0.0,0.0,0.27155172413793105,4.303135
1590,18,Robin,Zentner,13669748.0,73.0,10.0,10.0,10.0,59055.0,728.0,0,1,https://kickbase.b-cdn.net/content/file/dad81a3053174c60b16a47385173f2d5.png,27.0,1,53.0,,"[{""hasPlayed"": false, ""points"": null}, {""hasPlayed"": true, ""points"": 96}, {""hasPlayed"": false, ""points"": null}, {""hasPlayed"": false, ""points"": null}, {""hasPlayed"": false, ""points"": null}]",1,Robin Zentner,145285.0,145285.0,158274.0,143014.0,1102563.0,4547117.0,7.6,1.956353749284488,1.0,1.0,1.0,0.0,1.0,14.868288
1639,18,Nadiem,Amiri,33544900.0,134.0,26.0,26.0,24.0,136794.0,3493.0,0,3,https://kickbase.b-cdn.net/content/file/fee710e358914669ab855823274a461e.png,10.0,1,104.0,,"[{""hasPlayed"": true, ""points"": 254}, {""hasPlayed"": true, ""points"": 98}, {""hasPlayed"": true, ""points"": 168}, {""hasPlayed"": true, ""points"": 93}, {""hasPlayed"": true, ""points"": 229}]",1,Nadiem Amiri,95109.0,95109.0,95377.0,112491.0,762929.0,2810851.0,10.0,1.956353749284488,1.0,1.0,1.0,0.0,1.0,19.563537
2006,18,Stefan,Posch,11108588.0,90.0,16.0,16.0,16.0,93180.0,1446.0,0,2,https://kickbase.b-cdn.net/content/file/61c45113d8144342ae187dd599d3eff5.png,0.0,1,130.0,,"[{""hasPlayed"": true, ""points"": 97}, {""hasPlayed"": true, ""points"": 63}, {""hasPlayed"": true, ""points"": 121}, {""hasPlayed"": true, ""points"": 53}, {""hasPlayed"": true, ""points"": 154}]",2,Stefan Posch,240836.0,240836.0,241887.0,267366.0,2269818.0,2759815.0,0.0,1.956353749284488,0.0,0.0,0.0,0.0,0.0,0.0
2030,18,Phillip,Tietz,13298909.0,56.0,29.0,29.0,19.0,120672.0,1612.0,0,4,https://kickbase.b-cdn.net/content/file/2acf94096d5443fcb6d70524c93fb74e.png,20.0,1,121.0,,"[{""hasPlayed"": true, ""points"": 240}, {""hasPlayed"": true, ""points"": 30}, {""hasPlayed"": true, ""points"": 198}, {""hasPlayed"": true, ""points"": 35}, {""hasPlayed"": true, ""points"": 49}]",1,Phillip Tietz,171227.0,171227.0,180615.0,181183.0,1293385.0,5602227.0,10.0,1.956353749284488,1.0,1.0,1.0,0.0,1.0,19.563537
2232,18,Philipp,Mwene,8059685.0,49.0,29.0,29.0,24.0,136771.0,1428.0,0,2,https://kickbase.b-cdn.net/content/file/275de3be8348462b85588eaa3c89e4b3.png,2.0,1,177.0,,"[{""hasPlayed"": true, ""points"": 181}, {""hasPlayed"": true, ""points"": 41}, {""hasPlayed"": true, ""points"": 233}, {""hasPlayed"": true, ""points"": 16}, {""hasPlayed"": true, ""points"": 57}]",2,Philipp Mwene,227042.0,227042.0,190732.0,111070.0,-315.0,2589012.0,7.2,1.956353749284488,1.0,1.0,1.0,0.0,1.0,14.085747
2399,18,Lennard,Maloney,1256642.0,16.0,21.0,21.0,4.0,36109.0,339.0,0,3,https://kickbase.b-cdn.net/content/file/8ae05919f4ae4c4a8ea0e0fdc6e08e32.png,15.0,2,269.0,,"[{""hasPlayed"": true, ""points"": 23}, {""hasPlayed"": false, ""points"": null}, {""hasPlayed"": true, ""points"": 16}, {""hasPlayed"": true, ""points"": 9}, {""hasPlayed"": false, ""points"": null}]",5,Lennard Maloney,-114734.0,-114734.0,-114319.0,-111652.0,-822098.0,756642.0,0.0,1.956353749284488,0.0,0.0,0.0,0.0,0.0,0.0
2476,18,Jae-Sung,Lee,10912725.0,65.0,28.0,28.0,26.0,141332.0,1824.0,0,3,https://kickbase.b-cdn.net/content/file/4958ca742c82430a89447e10efb492a9.png,7.0,1,167.0,,"[{""hasPlayed"": true, ""points"": 43}, {""hasPlayed"": true, ""points"": -22}, {""hasPlayed"": false, ""points"": null}, {""hasPlayed"": false, ""points"": null}, {""hasPlayed"": false, ""points"": null}]",1,Jae-Sung Lee,177547.0,177547.0,174348.0,194945.0,1767262.0,4751117.0,6.7,1.956353749284488,1.0,1.0,1.0,0.0,1.0,13.10757
2646,18,Sheraldo,Becker,14365898.0,76.0,14.0,14.0,11.0,61084.0,1065.0,0,4,https://kickbase.b-cdn.net/content/file/e279d94dff1f46ea8a7f16ea6656528c.png,23.0,1,74.0,,"[{""hasPlayed"": true, ""points"": 115}, {""hasPlayed"": true, ""points"": 114}, {""hasPlayed"": true, ""points"": 120}, {""hasPlayed"": true, ""points"": 136}, {""hasPlayed"": true, ""points"": 20}]",2,Sheraldo Becker,150914.0,150914.0,161631.0,192005.0,1229171.0,4470206.0,6.8,1.956353749284488,1.0,1.0,1.0,0.0,1.0,13.303205
2702,18,Eric,Martel,4326362.0,77.0,31.0,31.0,30.0,170710.0,2378.0,1,3,https://kickbase.b-cdn.net/content/file/8744ec1d907e4042b8afa0f7d030628c.png,5.0,2,549.0,,"[{""hasPlayed"": true, ""points"": 43}, {""hasPlayed"": false, ""points"": null}, {""hasPlayed"": true, ""points"": 73}, {""hasPlayed"": true, ""points"": 13}, {""hasPlayed"": true, ""points"": 115}]",5,Eric Martel,-128293.0,-128293.0,-131933.0,-124367.0,-1543163.0,-5713409.0,0.0,1.956353749284488,0.0,0.0,0.0,0.0,0.0,0.0
2822,18,,Silas,1481745.0,30.0,8.0,8.0,4.0,22414.0,241.0,1,4,https://kickbase.b-cdn.net/content/file/c9d8809a21ab421eae753d788da8f8e3.png,26.0,1,162.0,,"[{""hasPlayed"": false, ""points"": null}, {""hasPlayed"": false, ""points"": null}, {""hasPlayed"": false, ""points"": null}, {""hasPlayed"": false, ""points"": null}, {""hasPlayed"": false, ""points"": null}]",5,Silas,258875.0,258875.0,266862.0,249906.0,981745.0,919297.0,0.0,1.956353749284488,0.0,0.0,0.0,0.0,0.0,0.0
2895,18,Paul,Nebel,6149944.0,67.0,30.0,30.0,24.0,136191.0,2011.0,1,3,https://kickbase.b-cdn.net/content/file/03b835615e0c4ae3850ce2970f9cec04.png,8.0,2,326.0,,"[{""hasPlayed"": true, ""points"": 99}, {""hasPlayed"": true, ""points"": 95}, {""hasPlayed"": true, ""points"": 83}, {""hasPlayed"": true, ""points"": 115}, {""hasPlayed"": true, ""points"": 89}]",5,Paul Nebel,-324836.0,-324836.0,-307891.0,-311369.0,-2259537.0,-4616843.0,0.0,1.956353749284488,0.0,0.0,0.0,0.0,0.0,0.0
3041,18,Silvan Dominic,Widmer,2500897.0,54.0,27.0,27.0,22.0,117652.0,1463.0,0,2,https://kickbase.b-cdn.net/content/file/f8a4a7b03b4c4326bdc73b1c9e0d6866.png,30.0,2,584.0,,"[{""hasPlayed"": true, ""points"": 84}, {""hasPlayed"": false, ""points"": null}, {""hasPlayed"": true, ""points"": 147}, {""hasPlayed"": true, ""points"": 51}, {""hasPlayed"": true, ""points"": 26}]",4,Silvan Dominic Widmer,-96610.0,-96610.0,-98864.0,-107502.0,-652846.0,-1830468.0,6.4,1.956353749284488,0.0,0.0,0.0,0.0,0.0,0.0
3318,18,Ransford,Königsdörffer,5264858.0,45.0,33.0,33.0,29.0,149854.0,1498.0,0,4,https://kickbase.b-cdn.net/content/file/4f3abfff728148fda062801c5af46204.png,0.0,1,284.0,,"[{""hasPlayed"": false, ""points"": null}, {""hasPlayed"": true, ""points"": 61}, {""hasPlayed"": true, ""points"": 53}, {""hasPlayed"": true, ""points"": 63}, {""hasPlayed"": true, ""points"": 0}]",4,Ransford Königsdörffer,196576.0,196576.0,167497.0,77749.0,134683.0,-402680.0,6.7,1.956353749284488,0.0,0.0,0.0,0.0,0.0,0.0
3470,18,Anthony,Caci,10416096.0,54.0,10.0,10.0,6.0,35021.0,535.0,0,2,https://kickbase.b-cdn.net/content/file/5bb349b2622049a7aa73a59edcec1781.png,19.0,1,51.0,,"[{""hasPlayed"": true, ""points"": 28}, {""hasPlayed"": true, ""points"": 56}, {""hasPlayed"": true, ""points"": 25}, {""hasPlayed"": true, ""points"": -1}, {""hasPlayed"": true, ""points"": 112}]",2,Anthony Caci,161073.0,161073.0,283450.0,293147.0,2029144.0,5685147.0,8.1,1.956353749284488,1.0,1.0,1.0,0.0,1.0,15.846465
4576,18,Andreas,Hanche-Olsen,3319939.0,57.0,13.0,13.0,8.0,56559.0,736.0,0,2,https://kickbase.b-cdn.net/content/file/4c7d4215b6f24ad8a0daa5c7a9b9e290.png,25.0,2,221.0,,"[{""hasPlayed"": false, ""points"": null}, {""hasPlayed"": false, ""points"": null}, {""hasPlayed"": false, ""points"": null}, {""hasPlayed"": false, ""points"": null}, {""hasPlayed"": false, ""points"": null}]",5,Andreas Hanche-Olsen,-134297.0,-134297.0,-135501.0,-137299.0,-968914.0,1877867.0,0.0,1.956353749284488,0.0,0.0,0.0,0.0,0.0,0.0
6111,18,Benedict,Hollerbach,4179922.0,36.0,14.0,14.0,13.0,55268.0,500.0,2,4,https://kickbase.b-cdn.net/content/file/212f0c9603f04c869640c40bdbb0a396.png,17.0,2,119.0,,"[{""hasPlayed"": false, ""points"": null}, {""hasPlayed"": false, ""points"": null}, {""hasPlayed"": false, ""points"": null}, {""hasPlayed"": false, ""points"": null}, {""hasPlayed"": false, ""points"": null}]",5,Benedict Hollerbach,-140191.0,-140191.0,-140058.0,-178265.0,-916343.0,3035392.0,0.0,1.956353749284488,0.0,0.0,0.0,0.0,0.0,0.0
8307,18,Kaishu,Sano,15792374.0,83.0,34.0,34.0,34.0,203515.0,2817.0,0,3,https://kickbase.b-cdn.net/content/file/5d056e6175064f30b16047761d382a84.png,6.0,1,178.0,,"[{""hasPlayed"": true, ""points"": 115}, {""hasPlayed"": true, ""points"": 55}, {""hasPlayed"": true, ""points"": 88}, {""hasPlayed"": true, ""points"": 149}, {""hasPlayed"": true, ""points"": 90}]",2,Kaishu Sano,166542.0,166542.0,171392.0,181734.0,1273847.0,3882873.0,7.4,1.956353749284488,0.2723146747352497,1.0,0.0,0.0,0.5111573373676248,7.400034
10122,18,Fabio,Gruber,13553378.0,,,,,,,0,2,https://kickbase.b-cdn.net/content/file/278ee138191a434c98f6a644a68e553c.png,3.0,2,,,"[{""hasPlayed"": false, ""points"": null}, {""hasPlayed"": false, ""points"": null}, {""hasPlayed"": false, ""points"": null}, {""hasPlayed"": false, ""points"": null}, {""hasPlayed"": false, ""points"": null}]",3,Fabio Gruber,-303210.0,-303210.0,-35102.0,62133.0,410998.0,4467140.0,7.4,1.956353749284488,0.6896551724137931,0.6896551724137931,1.0,0.0,0.728448275862069,10.545759
11261,18,Sota,Kawasaki,5160886.0,15.0,10.0,10.0,3.0,21929.0,146.0,0,3,https://kickbase.b-cdn.net/content/file/4678b1fe37904abeb5122cf3927324dc.png,24.0,2,28.0,,"[{""hasPlayed"": false, ""points"": null}, {""hasPlayed"": false, ""points"": null}, {""hasPlayed"": false, ""points"": null}, {""hasPlayed"": false, ""points"": null}, {""hasPlayed"": false, ""points"": null}]",5,Sota Kawasaki,-568311.0,-568311.0,-380932.0,20618.0,-191295.0,4660886.0,0.0,1.956353749284488,0.0,0.0,0.0,0.0,0.0,0.0
11665,18,Kacper,Potulski,5458985.0,80.0,15.0,15.0,9.0,71592.0,1206.0,0,2,https://kickbase.b-cdn.net/content/file/fad6be1e7d7644989b542d6722ad734c.png,48.0,2,220.0,,"[{""hasPlayed"": true, ""points"": 160}, {""hasPlayed"": true, ""points"": 31}, {""hasPlayed"": true, ""points"": 87}, {""hasPlayed"": false, ""points"": null}, {""hasPlayed"": false, ""points"": null}]",4,Kacper Potulski,-267421.0,-267421.0,-285424.0,-292219.0,-2001239.0,-2800537.0,6.9,1.956353749284488,0.12254160363086235,0.0,0.0,0.0,0.061270801815431174,0.827085
11954,18,William,Bøving,4199685.0,16.0,9.0,9.0,2.0,16311.0,145.0,0,3,https://kickbase.b-cdn.net/content/file/4a2dfc01b55f4298b30ca2bca86b98f4.png,14.0,2,34.0,,"[{""hasPlayed"": false, ""points"": null}, {""hasPlayed"": false, ""points"": null}, {""hasPlayed"": false, ""points"": null}, {""hasPlayed"": true, ""points"": -4}, {""hasPlayed"": true, ""points"": 24}]",5,William Bøving,-146091.0,-146091.0,-156932.0,-191832.0,-1000031.0,3699685.0,7.7,1.956353749284488,0.0,0.0,0.0,0.0,0.0,0.0
13438,18,Otto,Ruoppi,3149649.0,,,,,,,0,3,https://kickbase.b-cdn.net/content/file/87f2fcbedcfd4094b1aa3112efb54de3.png,0.0,2,,,"[{""hasPlayed"": false, ""points"": null}, {""hasPlayed"": false, ""points"": null}, {""hasPlayed"": false, ""points"": null}, {""hasPlayed"": false, ""points"": null}, {""hasPlayed"": false, ""points"": null}]",5,Otto Ruoppi,-148196.0,-148196.0,-146064.0,-144203.0,-1025887.0,619855.0,7.9,1.956353749284488,0.0,0.0,0.0,0.0,0.0,0.0
168,29,Sven,Michel,1733072.0,,,,,,,1,4,https://kickbase.b-cdn.net/content/file/e03c92ddb64b4dfaa85fddc8832168ef.png,11.0,2,,,"[{""hasPlayed"": false, ""points"": null}, {""hasPlayed"": false, ""points"": null}, {""hasPlayed"": false, ""points"": null}, {""hasPlayed"": false, ""points"": null}, {""hasPlayed"": false, ""points"": null}]",5,Sven Michel,-150475.0,-150475.0,-154516.0,-154396.0,-1085352.0,6749.0,0.0,0.8122495706926158,0.0,0.0,0.0,0.0,0.0,0.0
1964,29,Felix,Götze,9758145.0,,,,,,,0,2,https://kickbase.b-cdn.net/content/file/211c165645f84bc08e3bac17e3ba0dcf.png,20.0,1,,,"[{""hasPlayed"": false, ""points"": null}, {""hasPlayed"": false, ""points"": null}, {""hasPlayed"": false, ""points"": null}, {""hasPlayed"": false, ""points"": null}, {""hasPlayed"": false, ""points"": null}]",3,Felix Götze,-84710.0,-84710.0,94473.0,184632.0,1325549.0,4567192.0,0.0,0.8122495706926158,0.0,0.0,0.0,0.0,0.0,0.0
2015,29,Raphael,Obermair,9223072.0,,,,,,,0,3,https://kickbase.b-cdn.net/content/file/0d9820e6e0904252b629770883bf6ed2.png,23.0,2,,,"[{""hasPlayed"": false, ""points"": null}, {""hasPlayed"": false, ""points"": null}, {""hasPlayed"": false, ""points"": null}, {""hasPlayed"": false, ""points"": null}, {""hasPlayed"": false, ""points"": null}]",1,Raphael Obermair,-313142.0,-313142.0,-495976.0,-284607.0,-826733.0,3832318.0,6.2,0.8122495706926158,1.0,1.0,1.0,0.0,1.0,5.035947
2301,29,Oliver,Batista Meier,6570027.0,,,,,,,0,3,https://kickbase.b-cdn.net/content/file/80153ba03a7849fdae3b398764d24b18.png,0.0,1,,,"[{""hasPlayed"": false, ""points"": null}, {""hasPlayed"": false, ""points"": null}, {""hasPlayed"": false, ""points"": null}, {""hasPlayed"": false, ""points"": null}, {""hasPlayed"": false, ""points"": null}]",2,Oliver Batista Meier,279826.0,279826.0,308534.0,295437.0,1367270.0,1303455.0,7.1,0.8122495706926158,1.0,1.0,1.0,0.0,1.0,5.766972
2471,29,Markus,Schubert,4106198.0,,,,,,,0,1,https://kickbase.b-cdn.net/content/file/1602a8ef777540f4ac5390f258ed237c.png,1.0,2,,,"[{""hasPlayed"": false, ""points"": null}, {""hasPlayed"": false, ""points"": null}, {""hasPlayed"": false, ""points"": null}, {""hasPlayed"": false, ""points"": null}, {""hasPlayed"": false, ""points"": null}]",5,Markus Schubert,-152743.0,-152743.0,-155059.0,-179062.0,-1268565.0,3512112.0,6.9,0.8122495706926158,0.0,0.0,0.0,0.0,0.0,0.0
2498,29,Tom,Baack,4137195.0,,,,,,,0,3,https://kickbase.b-cdn.net/content/file/e009e7eb6946411f8f86641cb56174fe.png,6.0,2,,,"[{""hasPlayed"": false, ""points"": null}, {""hasPlayed"": false, ""points"": null}, {""hasPlayed"": false, ""points"": null}, {""hasPlayed"": false, ""points"": null}, {""hasPlayed"": false, ""points"": null}]",3,Tom Baack,-141889.0,-141889.0,-138407.0,-131638.0,-1983362.0,2984088.0,0.0,0.8122495706926158,0.0,0.0,0.0,0.0,0.0,0.0
2749,29,Steffen,Tigges,1913576.0,,,,,,,0,4,https://kickbase.b-cdn.net/content/file/10d7abeb491e42818537662e1ceba8d1.png,27.0,1,,,"[{""hasPlayed"": false, ""points"": null}, {""hasPlayed"": false, ""points"": null}, {""hasPlayed"": false, ""points"": null}, {""hasPlayed"": false, ""points"": null}, {""hasPlayed"": false, ""points"": null}]",4,Steffen Tigges,322351.0,322351.0,326198.0,313279.0,1356312.0,481638.0,6.3,0.8122495706926158,0.0,0.0,0.0,0.0,0.0,0.0
2977,29,Nahuel,Noll,12680267.0,,,,,,,0,1,https://kickbase.b-cdn.net/content/file/48b2c904ac8c41fdaa5c9503ba6e81ca.png,15.0,1,,,"[{""hasPlayed"": false, ""points"": null}, {""hasPlayed"": false, ""points"": null}, {""hasPlayed"": false, ""points"": null}, {""hasPlayed"": false, ""points"": null}, {""hasPlayed"": false, ""points"": null}]",1,Nahuel Noll,56560.0,56560.0,68237.0,73645.0,657921.0,3372394.0,0.0,0.8122495706926158,0.0,0.0,0.0,0.0,0.0,0.0
3081,29,Gabriel,Vidović,5345600.0,,,,,,,0,3,https://kickbase.b-cdn.net/content/file/cbf9ad550a164e0392e43ae723e2d83d.png,40.0,1,,,"[{""hasPlayed"": false, ""points"": null}, {""hasPlayed"": false, ""points"": null}, {""hasPlayed"": false, ""points"": null}, {""hasPlayed"": false, ""points"": null}, {""hasPlayed"": false, ""points"": null}]",3,Gabriel Vidović,265521.0,265521.0,285288.0,253986.0,4845600.0,4845600.0,7.3,0.8122495706926158,0.3103448275862069,0.0,0.0,0.0,0.15517241379310345,0.920083
3336,29,Stefano,Marino,10024081.0,,,,,,,0,4,https://kickbase.b-cdn.net/content/file/197aeeb1c0994cb68e398212e6941782.png,30.0,2,,,"[{""hasPlayed"": false, ""points"": null}, {""hasPlayed"": false, ""points"": null}, {""hasPlayed"": false, ""points"": null}, {""hasPlayed"": false, ""points"": null}, {""hasPlayed"": false, ""points"": null}]",2,Stefano Marino,-244205.0,-244205.0,23247.0,137911.0,886962.0,5128433.0,6.9,0.8122495706926158,1.0,1.0,1.0,0.0,1.0,5.604522
3491,29,Sebastian,Klaas,500000.0,,,,,,,2,3,https://kickbase.b-cdn.net/content/file/889217c751e5403eaf39162d4dc54b9a.png,26.0,0,,,"[{""hasPlayed"": false, ""points"": null}, {""hasPlayed"": false, ""points"": null}, {""hasPlayed"": false, ""points"": null}, {""hasPlayed"": false, ""points"": null}, {""hasPlayed"": false, ""points"": null}]",5,Sebastian Klaas,0.0,0.0,0.0,0.0,0.0,-738409.0,0.0,0.8122495706926158,0.0,0.0,0.0,0.0,0.0,0.0
3492,29,Marcel,Hoffmeier,8352355.0,,,,,,,0,2,https://kickbase.b-cdn.net/content/file/b4ad73b6a3334bf8a2efdbe5b1d7e19c.png,33.0,1,,,"[{""hasPlayed"": false, ""points"": null}, {""hasPlayed"": false, ""points"": null}, {""hasPlayed"": false, ""points"": null}, {""hasPlayed"": false, ""points"": null}, {""hasPlayed"": false, ""points"": null}]",3,Marcel Hoffmeier,-106971.0,-106971.0,94233.0,173471.0,1070897.0,4244646.0,0.0,0.8122495706926158,0.0,0.0,0.0,0.0,0.0,0.0
3559,29,Laurin,Ulrich,6086608.0,,,,,,,0,3,https://kickbase.b-cdn.net/content/file/48e50490d07242cb9b0ecf6bcdc688f2.png,28.0,1,,,"[{""hasPlayed"": false, ""points"": null}, {""hasPlayed"": false, ""points"": null}, {""hasPlayed"": false, ""points"": null}, {""hasPlayed"": false, ""points"": null}, {""hasPlayed"": false, ""points"": null}]",3,Laurin Ulrich,260943.0,260943.0,277803.0,270500.0,5586608.0,5586608.0,7.0,0.8122495706926158,0.6896551724137931,0.6051437216338881,0.0,0.0,0.5717564818196046,3.250863
6197,29,Laurin,Curda,10261674.0,,,,,,,0,2,https://kickbase.b-cdn.net/content/file/ba195e9442954a30a3835950c99832a5.png,17.0,2,,,"[{""hasPlayed"": false, ""points"": null}, {""hasPlayed"": false, ""points"": null}, {""hasPlayed"": false, ""points"": null}, {""hasPlayed"": false, ""points"": null}, {""hasPlayed"": false, ""points"": null}]",1,Laurin Curda,-374206.0,-374206.0,-402670.0,-382372.0,-1553522.0,-268126.0,7.9,0.8122495706926158,0.6896551724137931,1.0,1.0,0.0,0.8448275862068966,5.421066
6290,29,Nick,Bätzner,1798569.0,,,,,,,0,3,https://kickbase.b-cdn.net/content/file/0ac0e9c2f9f34f7aaa47e00ee22f316b.png,9.0,2,,,"[{""hasPlayed"": false, ""points"": null}, {""hasPlayed"": false, ""points"": null}, {""hasPlayed"": false, ""points"": null}, {""hasPlayed"": false, ""points"": null}, {""hasPlayed"": false, ""points"": null}]",5,Nick Bätzner,-145340.0,-145340.0,-145457.0,-146974.0,-1045914.0,1159751.0,0.0,0.8122495706926158,0.0,0.0,0.0,0.0,0.0,0.0
6292,29,Mattes,Hansen,4604448.0,,,,,,,0,2,https://kickbase.b-cdn.net/content/file/c747e1ad35ed44f4afbc5de1075d8bf1.png,22.0,2,,,"[{""hasPlayed"": false, ""points"": null}, {""hasPlayed"": false, ""points"": null}, {""hasPlayed"": false, ""points"": null}, {""hasPlayed"": false, ""points"": null}, {""hasPlayed"": false, ""points"": null}]",4,Mattes Hansen,-554377.0,-554377.0,-239692.0,83937.0,147942.0,3610273.0,7.7,0.8122495706926158,0.0,0.0,0.0,0.0,0.0,0.0
6751,29,Florian,Pruhs,4729141.0,,,,,,,0,1,https://kickbase.b-cdn.net/content/file/3878770830244658b3841f0074466ab7.png,31.0,1,,,"[{""hasPlayed"": false, ""points"": null}, {""hasPlayed"": false, ""points"": null}, {""hasPlayed"": false, ""points"": null}, {""hasPlayed"": false, ""points"": null}, {""hasPlayed"": false, ""points"": null}]",5,Florian Pruhs,39940.0,39940.0,127754.0,186238.0,1220305.0,4229141.0,0.0,0.8122495706926158,0.0,0.0,0.0,0.0,0.0,0.0
7320,29,Tjark,Scheller,4721208.0,,,,,,,0,2,https://kickbase.b-cdn.net/content/file/06f63d14a0f4493faf04f78ea6aa5f10.png,25.0,2,,,"[{""hasPlayed"": false, ""points"": null}, {""hasPlayed"": false, ""points"": null}, {""hasPlayed"": false, ""points"": null}, {""hasPlayed"": false, ""points"": null}, {""hasPlayed"": false, ""points"": null}]",3,Tjark Scheller,-52218.0,-52218.0,-92685.0,-242464.0,-1606338.0,375747.0,7.0,0.8122495706926158,1.0,0.6896551724137931,1.0,0.0,0.8836206896551724,5.024044
7616,29,Jano,ter Horst,4770062.0,,,,,,,0,2,https://kickbase.b-cdn.net/content/file/a931e1f10bb84a9bb35b795a7857b8ee.png,21.0,1,,,"[{""hasPlayed"": false, ""points"": null}, {""hasPlayed"": false, ""points"": null}, {""hasPlayed"": false, ""points"": null}, {""hasPlayed"": false, ""points"": null}, {""hasPlayed"": false, ""points"": null}]",2,Jano ter Horst,326718.0,326718.0,239373.0,130161.0,348371.0,2507072.0,7.7,0.8122495706926158,0.3103448275862069,1.0,0.0,0.0,0.5301724137931034,3.315869
8292,29,Santiago,Castañeda,9083368.0,,,,,,,0,3,https://kickbase.b-cdn.net/content/file/37ddcd7042414ce59c844f52d87ee300.png,5.0,2,,,"[{""hasPlayed"": false, ""points"": null}, {""hasPlayed"": false, ""points"": null}, {""hasPlayed"": false, ""points"": null}, {""hasPlayed"": false, ""points"": null}, {""hasPlayed"": false, ""points"": null}]",1,Santiago Castañeda,-282416.0,-282416.0,-297708.0,-473386.0,-785150.0,3659953.0,8.5,0.8122495706926158,1.0,1.0,1.0,0.0,1.0,6.904121
8872,29,Jonah,Sticker,6132677.0,,,,,,,0,2,https://kickbase.b-cdn.net/content/file/74f3dad539cd4e30aabca849e8e8bc64.png,3.0,1,,,"[{""hasPlayed"": false, ""points"": null}, {""hasPlayed"": false, ""points"": null}, {""hasPlayed"": false, ""points"": null}, {""hasPlayed"": false, ""points"": null}, {""hasPlayed"": false, ""points"": null}]",3,Jonah Sticker,5366.0,5366.0,101394.0,172368.0,1120185.0,5274354.0,6.8,0.8122495706926158,1.0,0.6896551724137931,0.0,0.0,0.7586206896551724,4.190087
8984,29,Nyamekye,Awortwie-Grant,500000.0,,,,,,,1,2,https://kickbase.b-cdn.net/content/file/6b0e71018bd542b0b17a0e0a3e9058ac.png,4.0,0,,,"[{""hasPlayed"": false, ""points"": null}, {""hasPlayed"": false, ""points"": null}, {""hasPlayed"": false, ""points"": null}, {""hasPlayed"": false, ""points"": null}, {""hasPlayed"": false, ""points"": null}]",5,Nyamekye Awortwie-Grant,0.0,0.0,0.0,0.0,0.0,0.0,0.0,0.8122495706926158,0.0,0.0,0.0,0.0,0.0,0.0
9283,29,Deniz,Zeitler,3276817.0,,,,,,,0,4,https://kickbase.b-cdn.net/content/file/b3f504e1c3274815a84cd32d2a63477f.png,0.0,1,,,"[{""hasPlayed"": false, ""points"": null}, {""hasPlayed"": false, ""points"": null}, {""hasPlayed"": false, ""points"": null}, {""hasPlayed"": false, ""points"": null}, {""hasPlayed"": false, ""points"": null}]",3,Deniz Zeitler,339525.0,339525.0,351711.0,389190.0,2506904.0,2776817.0,6.8,0.8122495706926158,0.0,0.3103448275862069,0.0,0.0,0.1163793103448276,0.642798
10048,29,Luka,Duric,4166965.0,-6.0,1.0,1.0,0.0,797.0,-6.0,0,3,https://kickbase.b-cdn.net/content/file/fdce53ba9bff4a39b30dda997ad991ee.png,8.0,2,,,"[{""hasPlayed"": false, ""points"": null}, {""hasPlayed"": false, ""points"": null}, {""hasPlayed"": false, ""points"": null}, {""hasPlayed"": false, ""points"": null}, {""hasPlayed"": false, ""points"": null}]",3,Luka Duric,-137463.0,-137463.0,-131109.0,-130632.0,-1653994.0,3209408.0,0.0,0.8122495706926158,0.0,0.0,0.0,0.0,0.0,0.0
11170,29,Ruben,Müller,5212964.0,,,,,,,0,3,https://kickbase.b-cdn.net/content/file/30dea41b80454a638771929f17e0d368.png,2.0,1,,,"[{""hasPlayed"": false, ""points"": null}, {""hasPlayed"": false, ""points"": null}, {""hasPlayed"": false, ""points"": null}, {""hasPlayed"": false, ""points"": null}, {""hasPlayed"": false, ""points"": null}]",4,Ruben Müller,181869.0,181869.0,257213.0,262465.0,1757531.0,3226561.0,0.0,0.8122495706926158,0.0,0.0,0.0,0.0,0.0,0.0
12262,29,Albert Frank,Millgramm,4919275.0,,,,,,,0,4,https://kickbase.b-cdn.net/content/file/0635ef3343fb4b138fd946cc4a199637.png,19.0,2,,,"[{""hasPlayed"": false, ""points"": null}, {""hasPlayed"": false, ""points"": null}, {""hasPlayed"": false, ""points"": null}, {""hasPlayed"": false, ""points"": null}, {""hasPlayed"": false, ""points"": null}]",3,Albert Frank Millgramm,-382736.0,-382736.0,-400051.0,-463579.0,-1892323.0,3653621.0,6.0,0.8122495706926158,0.6896551724137931,0.6896551724137931,0.85,0.15,0.709698275862069,3.458713
12296,29,Kennedy,Okpala,2302086.0,,,,,,,0,4,https://kickbase.b-cdn.net/content/file/dd97a9b150444134beb800f1fbf48d0a.png,10.0,2,,,"[{""hasPlayed"": false, ""points"": null}, {""hasPlayed"": false, ""points"": null}, {""hasPlayed"": false, ""points"": null}, {""hasPlayed"": false, ""points"": null}, {""hasPlayed"": false, ""points"": null}]",4,Kennedy Okpala,-141872.0,-141872.0,-138394.0,-138048.0,-985311.0,-1959712.0,0.0,0.8122495706926158,0.0,0.0,0.0,0.0,0.0,0.0
14911,29,Clemens,Lippmann,1597036.0,,,,,,,0,2,https://kickbase.b-cdn.net/content/file/7462061e1e7843ffb7efaa2fe7e2b5f5.png,29.0,2,,,"[{""hasPlayed"": false, ""points"": null}, {""hasPlayed"": false, ""points"": null}, {""hasPlayed"": false, ""points"": null}, {""hasPlayed"": false, ""points"": null}, {""hasPlayed"": false, ""points"": null}]",5,Clemens Lippmann,-139570.0,-139570.0,-143524.0,-144320.0,-1017399.0,-1919205.0,6.5,0.8122495706926158,0.0,0.0,0.0,0.0,0.0,0.0
14914,29,Timur,Gayret,500000.0,,,,,,,1,3,https://kickbase.b-cdn.net/content/file/174077d2fba447fbb8a0e46a12d28245.png,44.0,0,,,"[{""hasPlayed"": false, ""points"": null}, {""hasPlayed"": false, ""points"": null}, {""hasPlayed"": false, ""points"": null}, {""hasPlayed"": false, ""points"": null}, {""hasPlayed"": false, ""points"": null}]",5,Timur Gayret,0.0,0.0,0.0,0.0,0.0,0.0,0.0,0.8122495706926158,0.0,0.0,0.0,0.0,0.0,0.0
1225,43,Leopold,Zingerle,500000.0,,,,,,,0,1,https://kickbase.b-cdn.net/content/file/035ea65b37b74f2da2548be379438c9c.png,25.0,0,,,"[{""hasPlayed"": false, ""points"": null}, {""hasPlayed"": false, ""points"": null}, {""hasPlayed"": false, ""points"": null}, {""hasPlayed"": false, ""points"": null}, {""hasPlayed"": false, ""points"": null}]",5,Leopold Zingerle,0.0,0.0,0.0,0.0,0.0,0.0,0.0,2.0684447930966856,0.0,0.0,0.0,0.0,0.0,0.0
1246,43,Willi,Orban,31321056.0,131.0,33.0,33.0,33.0,193712.0,4323.0,0,2,https://kickbase.b-cdn.net/content/file/bda722458bd445d5ba24094a5306031d.png,4.0,1,138.0,,"[{""hasPlayed"": true, ""points"": 110}, {""hasPlayed"": true, ""points"": 313}, {""hasPlayed"": true, ""points"": 82}, {""hasPlayed"": true, ""points"": 131}, {""hasPlayed"": false, ""points"": null}]",2,Willi Orban,40817.0,40817.0,41298.0,44203.0,369981.0,1839448.0,7.8,2.0684447930966856,1.0,1.0,1.0,0.0,1.0,16.133869
1333,43,Lukas,Klostermann,2008810.0,40.0,5.0,5.0,1.0,7355.0,201.0,0,2,https://kickbase.b-cdn.net/content/file/b48aaa342d854e869af8b6c1ec17a954.png,16.0,2,100.0,,"[{""hasPlayed"": false, ""points"": null}, {""hasPlayed"": false, ""points"": null}, {""hasPlayed"": false, ""points"": null}, {""hasPlayed"": false, ""points"": null}, {""hasPlayed"": true, ""points"": 148}]",5,Lukas Klostermann,-131150.0,-131150.0,-133799.0,-136155.0,-963905.0,898809.0,0.0,2.0684447930966856,0.0,0.0,0.0,0.0,0.0,0.0
1689,43,Benjamin,Henrichs,8651011.0,26.0,17.0,17.0,3.0,22181.0,447.0,0,2,https://kickbase.b-cdn.net/content/file/5acf39c9f5ba403ba774ea0d47d67aab.png,39.0,1,51.0,,"[{""hasPlayed"": true, ""points"": -5}, {""hasPlayed"": true, ""points"": 17}, {""hasPlayed"": true, ""points"": -21}, {""hasPlayed"": true, ""points"": 27}, {""hasPlayed"": true, ""points"": 17}]",3,Benjamin Henrichs,177344.0,177344.0,195435.0,239107.0,1591186.0,3950932.0,6.57,2.0684447930966856,0.0,0.3103448275862069,0.0,0.0,0.1163793103448276,1.581558
1728,43,Örjan,Nyland,5179027.0,,,,,,,2,1,https://kickbase.b-cdn.net/content/file/59574acd38ee4d5f8be6e03a1ee2276a.png,1.0,1,,,"[{""hasPlayed"": false, ""points"": null}, {""hasPlayed"": false, ""points"": null}, {""hasPlayed"": false, ""points"": null}, {""hasPlayed"": false, ""points"": null}, {""hasPlayed"": false, ""points"": null}]",5,Örjan Nyland,39968.0,39968.0,179094.0,209306.0,1562771.0,4679027.0,0.0,2.0684447930966856,0.0,0.0,0.0,0.0,0.0,0.0
2141,43,Ridle ,Baku,17932672.0,102.0,32.0,32.0,28.0,162435.0,3278.0,0,2,https://kickbase.b-cdn.net/content/file/dea132bbe8444490a8b8fa7d725f4b64.png,17.0,2,182.0,,"[{""hasPlayed"": true, ""points"": -4}, {""hasPlayed"": true, ""points"": 95}, {""hasPlayed"": true, ""points"": 38}, {""hasPlayed"": true, ""points"": 224}, {""hasPlayed"": true, ""points"": 124}]",3,Ridle  Baku,-162153.0,-162153.0,-136134.0,-112815.0,-1212803.0,545063.0,7.37,2.0684447930966856,1.0,0.6896551724137931,1.0,0.0,0.8836206896551724,13.470301
2275,43,Christoph,Baumgartner,18202480.0,117.0,33.0,33.0,32.0,179653.0,3846.0,4,3,https://kickbase.b-cdn.net/content/file/8b2225416e584d5ebd4ee89d8a8a99eb.png,14.0,2,211.0,,"[{""hasPlayed"": true, ""points"": 8}, {""hasPlayed"": true, ""points"": 114}, {""hasPlayed"": true, ""points"": 129}, {""hasPlayed"": true, ""points"": 47}, {""hasPlayed"": true, ""points"": 130}]",5,Christoph Baumgartner,-353481.0,-353481.0,-389084.0,-307420.0,-1668539.0,-1237182.0,0.0,2.0684447930966856,0.0,0.0,0.0,0.0,0.0,0.0
2522,43,David,Raum,34053916.0,148.0,30.0,30.0,29.0,167920.0,4445.0,0,2,https://kickbase.b-cdn.net/content/file/63b51608f37a4eb083c1865d497d3cbe.png,22.0,1,130.0,,"[{""hasPlayed"": false, ""points"": null}, {""hasPlayed"": true, ""points"": 152}, {""hasPlayed"": false, ""points"": null}, {""hasPlayed"": false, ""points"": null}, {""hasPlayed"": true, ""points"": 28}]",1,David Raum,81393.0,81393.0,90536.0,97941.0,698166.0,2910008.0,7.25,2.0684447930966856,1.0,1.0,1.0,0.0,1.0,14.996225
2897,43,Rocco,Reitz,13353368.0,74.0,31.0,31.0,31.0,170280.0,2301.0,0,3,https://kickbase.b-cdn.net/content/file/152dbd3a41f7408a89c99f65e55935df.png,20.0,1,172.0,,"[{""hasPlayed"": false, ""points"": null}, {""hasPlayed"": true, ""points"": 131}, {""hasPlayed"": true, ""points"": 210}, {""hasPlayed"": true, ""points"": 100}, {""hasPlayed"": true, ""points"": 75}]",3,Rocco Reitz,82859.0,82859.0,97897.0,100739.0,194838.0,2183078.0,6.55,2.0684447930966856,0.3103448275862069,0.3103448275862069,0.0,0.0,0.27155172413793105,3.679068
4596,43,Brajan,Gruda,19090052.0,98.0,13.0,13.0,8.0,49007.0,1270.0,0,3,https://kickbase.b-cdn.net/content/file/f1dd66425b59403ab0f2796e4ad0b0f8.png,10.0,1,66.0,,"[{""hasPlayed"": true, ""points"": 28}, {""hasPlayed"": true, ""points"": 68}, {""hasPlayed"": true, ""points"": 89}, {""hasPlayed"": true, ""points"": 24}, {""hasPlayed"": true, ""points"": 48}]",1,Brajan Gruda,255016.0,255016.0,262659.0,266938.0,1847417.0,7182608.0,7.5,2.0684447930966856,1.0,1.0,1.0,0.0,1.0,15.513336
6176,43,Nicolas,Seiwald,17448479.0,86.0,33.0,33.0,31.0,174575.0,2839.0,0,3,https://kickbase.b-cdn.net/content/file/49894e11778042f09b92bdbd82994680.png,13.0,1,162.0,,"[{""hasPlayed"": true, ""points"": 44}, {""hasPlayed"": true, ""points"": 20}, {""hasPlayed"": true, ""points"": 60}, {""hasPlayed"": false, ""points"": null}, {""hasPlayed"": true, ""points"": 115}]",1,Nicolas Seiwald,129352.0,129352.0,149062.0,160935.0,1156063.0,4787455.0,6.93,2.0684447930966856,1.0,1.0,1.0,0.0,1.0,14.334322
6300,43,Assan,Ouédraogo,13432757.0,90.0,19.0,19.0,13.0,61254.0,1705.0,1,3,https://kickbase.b-cdn.net/content/file/0d8a1173062a4478822b06c0490cfe41.png,8.0,2,126.0,,"[{""hasPlayed"": true, ""points"": 127}, {""hasPlayed"": true, ""points"": 75}, {""hasPlayed"": true, ""points"": -16}, {""hasPlayed"": true, ""points"": 87}, {""hasPlayed"": true, ""points"": 47}]",5,Assan Ouédraogo,-580018.0,-580018.0,-560354.0,-564323.0,-4078112.0,-6459911.0,0.0,2.0684447930966856,0.0,0.0,0.0,0.0,0.0,0.0
6667,43,El Chadaille,Bitshiabu,2918850.0,74.0,11.0,11.0,8.0,43528.0,815.0,0,2,https://kickbase.b-cdn.net/content/file/35e5bfeabc4344cd8db03535c4ca2d6f.png,5.0,2,279.0,,"[{""hasPlayed"": false, ""points"": null}, {""hasPlayed"": false, ""points"": null}, {""hasPlayed"": true, ""points"": 106}, {""hasPlayed"": true, ""points"": 109}, {""hasPlayed"": true, ""points"": 120}]",4,El Chadaille Bitshiabu,-107686.0,-107686.0,-107780.0,-108223.0,-770652.0,-1521134.0,6.6,2.0684447930966856,0.0,0.0,0.0,0.0,0.0,0.0
7224,43,Lukeba,Castello Jr.,18496411.0,106.0,26.0,26.0,24.0,142996.0,2765.0,0,2,https://kickbase.b-cdn.net/content/file/02c2d826957a4899a614c0ad25d8a9a8.png,23.0,2,149.0,,"[{""hasPlayed"": true, ""points"": 66}, {""hasPlayed"": true, ""points"": 116}, {""hasPlayed"": true, ""points"": 28}, {""hasPlayed"": false, ""points"": null}, {""hasPlayed"": false, ""points"": null}]",2,Lukeba Castello Jr.,89109.0,89109.0,-20162.0,-145163.0,-996556.0,-1440519.0,6.97,2.0684447930966856,0.8113590263691683,0.6896551724137931,0.0,0.0,0.6643002028397567,9.577256
7239,43,Max,Finkgräfe,6645578.0,55.0,13.0,13.0,5.0,33441.0,718.0,0,2,https://kickbase.b-cdn.net/content/file/5ea42faff1bf42f386a0f98d8203ee4e.png,35.0,1,108.0,,"[{""hasPlayed"": true, ""points"": 17}, {""hasPlayed"": true, ""points"": 37}, {""hasPlayed"": true, ""points"": 39}, {""hasPlayed"": true, ""points"": 214}, {""hasPlayed"": true, ""points"": 124}]",5,Max Finkgräfe,142617.0,142617.0,202062.0,246436.0,1839036.0,3850394.0,6.8,2.0684447930966856,0.0,0.0,0.0,0.0,0.0,0.0
7493,43,Arthur,Vermeeren,6476321.0,,,,,,,0,3,https://kickbase.b-cdn.net/content/file/6e7334ffc310411d89c8c5230815dafc.png,48.0,2,,,"[{""hasPlayed"": false, ""points"": null}, {""hasPlayed"": false, ""points"": null}, {""hasPlayed"": false, ""points"": null}, {""hasPlayed"": false, ""points"": null}, {""hasPlayed"": false, ""points"": null}]",4,Arthur Vermeeren,-373942.0,-373942.0,27653.0,150986.0,799244.0,5683600.0,6.6,2.0684447930966856,0.0,0.0,0.0,0.0,0.0,0.0
8061,43,Johan,Bakayoko,10738721.0,49.0,20.0,20.0,8.0,51925.0,982.0,0,4,https://kickbase.b-cdn.net/content/file/e45b0e99acb145f1a3f98666018c27b1.png,11.0,1,91.0,,"[{""hasPlayed"": true, ""points"": 16}, {""hasPlayed"": false, ""points"": null}, {""hasPlayed"": false, ""points"": null}, {""hasPlayed"": true, ""points"": 43}, {""hasPlayed"": true, ""points"": 16}]",3,Johan Bakayoko,206893.0,206893.0,203951.0,220469.0,2004815.0,2544806.0,6.7,2.0684447930966856,1.0,0.6051437216338881,1.0,0.0,0.851928895612708,11.806525
8227,43,Maarten,Vandevoordt,16192287.0,109.0,12.0,12.0,11.0,69295.0,1313.0,0,1,https://kickbase.b-cdn.net/content/file/cb4de12c99d148feb2f88e1c91186400.png,26.0,1,81.0,,"[{""hasPlayed"": false, ""points"": null}, {""hasPlayed"": true, ""points"": 77}, {""hasPlayed"": true, ""points"": 87}, {""hasPlayed"": true, ""points"": 96}, {""hasPlayed"": true, ""points"": 135}]",1,Maarten Vandevoordt,133397.0,133397.0,145417.0,151737.0,1035995.0,4562778.0,7.03,2.0684447930966856,1.0,1.0,1.0,0.0,1.0,14.541167
9507,43,Antonio,Nusa,25699975.0,91.0,31.0,31.0,24.0,129764.0,2835.0,0,3,https://kickbase.b-cdn.net/content/file/7b0130fc7648401b8dac316e07e7327b.png,7.0,1,110.0,,"[{""hasPlayed"": true, ""points"": 20}, {""hasPlayed"": true, ""points"": 42}, {""hasPlayed"": true, ""points"": 25}, {""hasPlayed"": true, ""points"": 95}, {""hasPlayed"": true, ""points"": 265}]",1,Antonio Nusa,69215.0,69215.0,73190.0,73155.0,488888.0,3894678.0,7.2,2.0684447930966856,1.0,1.0,1.0,0.0,1.0,14.892803
9776,43,Andrija,Maksimovic,5722385.0,18.0,8.0,8.0,0.0,7579.0,140.0,0,3,https://kickbase.b-cdn.net/content/file/1427cbd96ee74d9dbfc9ed098c47ff78.png,30.0,2,24.0,,"[{""hasPlayed"": false, ""points"": null}, {""hasPlayed"": false, ""points"": null}, {""hasPlayed"": false, ""points"": null}, {""hasPlayed"": false, ""points"": null}, {""hasPlayed"": false, ""points"": null}]",3,Andrija Maksimovic,-464114.0,-464114.0,-98621.0,89217.0,235050.0,5222385.0,6.3,2.0684447930966856,0.0,0.12254160363086235,0.0,0.0,0.04595310136157338,0.598824
10113,43,Tidiam,Gomis,4155152.0,23.0,18.0,18.0,2.0,25742.0,405.0,0,4,https://kickbase.b-cdn.net/content/file/77509238e8ef41bc92c01b1b1637a8d3.png,27.0,2,97.0,,"[{""hasPlayed"": true, ""points"": -18}, {""hasPlayed"": false, ""points"": null}, {""hasPlayed"": false, ""points"": null}, {""hasPlayed"": true, ""points"": 58}, {""hasPlayed"": false, ""points"": null}]",3,Tidiam Gomis,69949.0,69949.0,-55151.0,-64025.0,-336105.0,2868612.0,6.57,2.0684447930966856,0.36511156186612576,0.2723146747352497,0.0,0.0,0.2846737839587815,3.868626
10530,43,Conrad,Harder,3284070.0,39.0,29.0,29.0,8.0,64737.0,1119.0,0,4,https://kickbase.b-cdn.net/content/file/139438491a5a497099a6e6bb96cc922a.png,9.0,1,340.0,,"[{""hasPlayed"": true, ""points"": 16}, {""hasPlayed"": false, ""points"": null}, {""hasPlayed"": true, ""points"": -11}, {""hasPlayed"": true, ""points"": 46}, {""hasPlayed"": true, ""points"": 109}]",4,Conrad Harder,37096.0,37096.0,51929.0,-27860.0,-262927.0,-1642473.0,6.67,2.0684447930966856,0.0,0.0,0.0,0.0,0.0,0.0
11008,43,Ezechiel,Banzuzi,7697909.0,36.0,24.0,24.0,2.0,43182.0,871.0,0,3,https://kickbase.b-cdn.net/content/file/3529ab9a9bde4d28b8aca1b6586f7747.png,6.0,1,113.0,,"[{""hasPlayed"": false, ""points"": null}, {""hasPlayed"": false, ""points"": null}, {""hasPlayed"": false, ""points"": null}, {""hasPlayed"": false, ""points"": null}, {""hasPlayed"": false, ""points"": null}]",3,Ezechiel Banzuzi,302789.0,302789.0,303487.0,307087.0,2217473.0,2991819.0,7.3,2.0684447930966856,0.6896551724137931,0.6896551724137931,1.0,0.0,0.728448275862069,10.999312
11886,43,,Rômulo,20405009.0,83.0,30.0,30.0,27.0,139633.0,2488.0,2,4,https://kickbase.b-cdn.net/content/file/2a6ca20436b4402f83f0c5d25b10f6be.png,40.0,2,121.0,,"[{""hasPlayed"": true, ""points"": -25}, {""hasPlayed"": true, ""points"": 50}, {""hasPlayed"": true, ""points"": 26}, {""hasPlayed"": true, ""points"": 136}, {""hasPlayed"": true, ""points"": 41}]",3,Rômulo,-343418.0,-343418.0,-41068.0,35167.0,-40001.0,3490722.0,0.0,2.0684447930966856,0.0,0.0,0.0,0.0,0.0,0.0
14896,43,Abdoul,Koné,3623915.0,,,,,,,0,2,https://kickbase.b-cdn.net/content/file/64a8d06b53144763b2c5e21a8ff6e246.png,2.0,2,,,"[{""hasPlayed"": false, ""points"": null}, {""hasPlayed"": false, ""points"": null}, {""hasPlayed"": false, ""points"": null}, {""hasPlayed"": false, ""points"": null}, {""hasPlayed"": false, ""points"": null}]",5,Abdoul Koné,-125576.0,-125576.0,-133995.0,-131632.0,-923385.0,-7350452.0,0.0,2.0684447930966856,0.0,0.0,0.0,0.0,0.0,0.0
15376,43,Maxime,Estève,14638008.0,,,,,,,2,2,https://kickbase.b-cdn.net/content/file/6834bb4cf7ea48e283e5f6678aad4dcf.png,3.0,2,,,"[{""hasPlayed"": false, ""points"": null}, {""hasPlayed"": false, ""points"": null}, {""hasPlayed"": false, ""points"": null}, {""hasPlayed"": false, ""points"": null}, {""hasPlayed"": false, ""points"": null}]",4,Maxime Estève,-575615.0,-575615.0,-489551.0,-462152.0,-3400240.0,-432455.0,0.0,2.0684447930966856,0.0,0.0,0.0,0.0,0.0,0.0
577,15,Daniel,Batz,2448053.0,111.0,21.0,21.0,21.0,125022.0,2331.0,0,1,https://kickbase.b-cdn.net/content/file/61c6f55172674b6eb750e6263b23da0d.png,33.0,2,952.0,,"[{""hasPlayed"": true, ""points"": 282}, {""hasPlayed"": false, ""points"": null}, {""hasPlayed"": true, ""points"": 45}, {""hasPlayed"": true, ""points"": 37}, {""hasPlayed"": true, ""points"": 95}]",5,Daniel Batz,-121024.0,-121024.0,-115076.0,-117457.0,-860560.0,-3359787.0,0.0,0.7340655030398117,0.0,0.0,0.0,0.0,0.0,0.0
619,15,Kevin,Stöger,8023848.0,43.0,29.0,29.0,15.0,86591.0,1239.0,0,3,https://kickbase.b-cdn.net/content/file/ec9e6d0723944f8d846da3ac937cd7b3.png,7.0,1,154.0,,"[{""hasPlayed"": true, ""points"": 80}, {""hasPlayed"": true, ""points"": 21}, {""hasPlayed"": true, ""points"": 104}, {""hasPlayed"": true, ""points"": 78}, {""hasPlayed"": true, ""points"": 81}]",3,Kevin Stöger,235054.0,235054.0,250170.0,246276.0,1841880.0,6729893.0,7.4,0.7340655030398117,0.6896551724137931,0.6896551724137931,1.0,0.0,0.728448275862069,3.956993
849,15,Tim,Kleindienst,18149829.0,20.0,3.0,3.0,0.0,1186.0,61.0,0,4,https://kickbase.b-cdn.net/content/file/c5a005a8dbaa4237a4d0cb0304ac67a0.png,11.0,1,3.0,,"[{""hasPlayed"": true, ""points"": 25}, {""hasPlayed"": false, ""points"": null}, {""hasPlayed"": false, ""points"": null}, {""hasPlayed"": false, ""points"": null}, {""hasPlayed"": false, ""points"": null}]",2,Tim Kleindienst,203807.0,203807.0,204549.0,214136.0,1507731.0,5235639.0,0.0,0.7340655030398117,0.0,0.0,0.0,0.0,0.0,0.0
1883,15,Moritz,Nicolas,19209956.0,111.0,34.0,34.0,34.0,200791.0,3766.0,0,1,https://kickbase.b-cdn.net/content/file/02e615fb0e3043649fe830816e2860ba.png,1.0,1,196.0,,"[{""hasPlayed"": true, ""points"": 135}, {""hasPlayed"": true, ""points"": 151}, {""hasPlayed"": true, ""points"": 111}, {""hasPlayed"": true, ""points"": 166}, {""hasPlayed"": true, ""points"": 81}]",1,Moritz Nicolas,-8388.0,-8388.0,14462.0,42439.0,336105.0,2474784.0,7.3,0.7340655030398117,1.0,1.0,1.0,0.0,1.0,5.358678
2074,15,Robin,Hack,9711512.0,59.0,8.0,8.0,3.0,21645.0,469.0,0,3,https://kickbase.b-cdn.net/content/file/05225d0ae1a74293a432710302565e54.png,25.0,1,48.0,,"[{""hasPlayed"": true, ""points"": 137}, {""hasPlayed"": true, ""points"": 54}, {""hasPlayed"": true, ""points"": 22}, {""hasPlayed"": true, ""points"": -3}, {""hasPlayed"": false, ""points"": null}]",3,Robin Hack,124890.0,124890.0,147572.0,178477.0,1230215.0,3229459.0,7.4,0.7340655030398117,0.3103448275862069,0.3103448275862069,1.0,0.0,0.39655172413793105,2.154103
2261,15,Florian,Neuhaus,1536368.0,53.0,17.0,17.0,11.0,59787.0,909.0,0,3,https://kickbase.b-cdn.net/content/file/0244f54c08f14d5e98d1ec66bd2bca77.png,10.0,2,591.0,,"[{""hasPlayed"": false, ""points"": null}, {""hasPlayed"": false, ""points"": null}, {""hasPlayed"": false, ""points"": null}, {""hasPlayed"": false, ""points"": null}, {""hasPlayed"": false, ""points"": null}]",5,Florian Neuhaus,-104396.0,-104396.0,-102831.0,-108043.0,-767810.0,-3167354.0,0.0,0.7340655030398117,0.0,0.0,0.0,0.0,0.0,0.0
2560,15,Philipp,Sander,12505568.0,80.0,30.0,30.0,29.0,158337.0,2386.0,0,3,https://kickbase.b-cdn.net/content/file/fb578835ac86440a8189e44877f9bcc8.png,16.0,1,190.0,,"[{""hasPlayed"": true, ""points"": 92}, {""hasPlayed"": true, ""points"": 77}, {""hasPlayed"": true, ""points"": 92}, {""hasPlayed"": true, ""points"": 99}, {""hasPlayed"": true, ""points"": 55}]",1,Philipp Sander,126715.0,126715.0,137178.0,159201.0,1105413.0,4852143.0,7.7,0.7340655030398117,1.0,1.0,1.0,0.0,1.0,5.652304
2850,15,Jan,Olschowsky,500000.0,,,,,,,0,1,https://kickbase.b-cdn.net/content/file/871dd19a11bc47da8b9d1105bec98909.png,23.0,0,,,"[{""hasPlayed"": false, ""points"": null}, {""hasPlayed"": false, ""points"": null}, {""hasPlayed"": false, ""points"": null}, {""hasPlayed"": false, ""points"": null}, {""hasPlayed"": false, ""points"": null}]",5,Jan Olschowsky,0.0,0.0,0.0,0.0,0.0,0.0,0.0,0.7340655030398117,0.0,0.0,0.0,0.0,0.0,0.0
2862,15,Jens,Castrop,4070162.0,49.0,26.0,26.0,20.0,102167.0,1278.0,1,3,https://kickbase.b-cdn.net/content/file/cbc017919fc248448f6b036125a0141d.png,17.0,2,313.0,,"[{""hasPlayed"": false, ""points"": null}, {""hasPlayed"": false, ""points"": null}, {""hasPlayed"": false, ""points"": null}, {""hasPlayed"": true, ""points"": 10}, {""hasPlayed"": true, ""points"": 51}]",5,Jens Castrop,-144458.0,-144458.0,-146072.0,-144436.0,-1244244.0,-3719294.0,0.0,0.7340655030398117,0.0,0.0,0.0,0.0,0.0,0.0
2941,15,Joseph,Scally,4368413.0,62.0,32.0,32.0,29.0,170347.0,1983.0,0,2,https://kickbase.b-cdn.net/content/file/d6ec0ce09dc940e7ae1e339aba844c03.png,29.0,2,453.0,,"[{""hasPlayed"": true, ""points"": 103}, {""hasPlayed"": true, ""points"": -6}, {""hasPlayed"": true, ""points"": 120}, {""hasPlayed"": true, ""points"": 86}, {""hasPlayed"": true, ""points"": 137}]",4,Joseph Scally,-97910.0,-97910.0,-87330.0,-87268.0,-856475.0,-1533740.0,0.0,0.7340655030398117,0.0,0.0,0.0,0.0,0.0,0.0
3063,15,Fabio,Chiarodia,762366.0,33.0,15.0,15.0,8.0,44040.0,490.0,0,2,https://kickbase.b-cdn.net/content/file/b20e95c99c5c414dba98788ce536d7ad.png,2.0,2,642.0,,"[{""hasPlayed"": false, ""points"": null}, {""hasPlayed"": true, ""points"": 13}, {""hasPlayed"": true, ""points"": 72}, {""hasPlayed"": true, ""points"": 59}, {""hasPlayed"": true, ""points"": 19}]",5,Fabio Chiarodia,9511.0,9511.0,-28573.0,-59101.0,-520286.0,-775216.0,0.0,0.7340655030398117,0.0,0.0,0.0,0.0,0.0,0.0
3129,15,Ko,Itakura,10061480.0,,,,,,,0,2,https://kickbase.b-cdn.net/content/file/1bc3046eee7a4e7fa51801ed88f7e143.png,0.0,2,,,"[{""hasPlayed"": false, ""points"": null}, {""hasPlayed"": false, ""points"": null}, {""hasPlayed"": false, ""points"": null}, {""hasPlayed"": false, ""points"": null}, {""hasPlayed"": false, ""points"": null}]",2,Ko Itakura,181547.0,181547.0,-3727864.0,0.0,-3546317.0,-3546317.0,7.3,0.7340655030398117,0.6896551724137931,0.0,1.0,0.0,0.4698275862068966,2.517655
3516,15,Enzo,Leopold,11111588.0,,,,,,,0,3,https://kickbase.b-cdn.net/content/file/55c63aaaf1484294892e8cc74ad7b53d.png,8.0,2,,,"[{""hasPlayed"": false, ""points"": null}, {""hasPlayed"": false, ""points"": null}, {""hasPlayed"": false, ""points"": null}, {""hasPlayed"": false, ""points"": null}, {""hasPlayed"": false, ""points"": null}]",3,Enzo Leopold,-552633.0,-552633.0,-559331.0,-594807.0,-3575988.0,-44591.0,6.7,0.7340655030398117,0.3103448275862069,0.3103448275862069,0.0,0.0,0.27155172413793105,1.335556
4292,15,David,Herold,6015797.0,,,,,,,0,2,https://kickbase.b-cdn.net/content/file/78e179f9be5248c887e00608eaee10bc.png,20.0,2,,,"[{""hasPlayed"": false, ""points"": null}, {""hasPlayed"": false, ""points"": null}, {""hasPlayed"": false, ""points"": null}, {""hasPlayed"": false, ""points"": null}, {""hasPlayed"": false, ""points"": null}]",4,David Herold,-328103.0,-328103.0,-330885.0,-328294.0,-2339711.0,-932176.0,6.4,0.7340655030398117,0.3103448275862069,0.0,0.0,0.0,0.15517241379310345,0.729003
4333,15,Lukas,Ullrich,8036650.0,33.0,23.0,23.0,14.0,85790.0,766.0,0,2,https://kickbase.b-cdn.net/content/file/27f19d9713034a05b1a7dedcb527f48d.png,26.0,1,95.0,,"[{""hasPlayed"": true, ""points"": 105}, {""hasPlayed"": true, ""points"": 3}, {""hasPlayed"": false, ""points"": null}, {""hasPlayed"": false, ""points"": null}, {""hasPlayed"": true, ""points"": 11}]",2,Lukas Ullrich,253004.0,253004.0,248158.0,276907.0,1923654.0,7536650.0,8.2,0.7340655030398117,0.6896551724137931,1.0,1.0,0.0,0.8448275862068966,5.085302
6199,15,Shuto,Machino,2878335.0,23.0,32.0,32.0,9.0,74463.0,742.0,0,4,https://kickbase.b-cdn.net/content/file/cefff6eb5d884a94b7d3b2ffb53b760c.png,18.0,1,257.0,,"[{""hasPlayed"": true, ""points"": 28}, {""hasPlayed"": true, ""points"": -6}, {""hasPlayed"": true, ""points"": 17}, {""hasPlayed"": true, ""points"": 6}, {""hasPlayed"": false, ""points"": null}]",4,Shuto Machino,328356.0,328356.0,363974.0,370571.0,2078136.0,606568.0,6.4,0.7340655030398117,0.0,0.0,0.0,0.0,0.0,0.0
6319,15,Franck,Honorat,9753607.0,68.0,28.0,28.0,24.0,126507.0,1898.0,2,3,https://kickbase.b-cdn.net/content/file/ba369ac3889a4ce98a51468fb3f7c14b.png,9.0,2,194.0,,"[{""hasPlayed"": true, ""points"": 36}, {""hasPlayed"": true, ""points"": -3}, {""hasPlayed"": true, ""points"": 137}, {""hasPlayed"": true, ""points"": 32}, {""hasPlayed"": true, ""points"": 2}]",3,Franck Honorat,-250356.0,-250356.0,-27264.0,34890.0,-142151.0,2154648.0,7.2,0.7340655030398117,1.0,0.6896551724137931,0.85,0.15,0.8648706896551724,4.571077
7774,15,Yukhym,Konoplia,2386415.0,,,,,,,1,2,https://kickbase.b-cdn.net/content/file/37facc3b42e54ca4aa5a24fb0c96cc4d.png,22.0,2,,,"[{""hasPlayed"": false, ""points"": null}, {""hasPlayed"": false, ""points"": null}, {""hasPlayed"": false, ""points"": null}, {""hasPlayed"": false, ""points"": null}, {""hasPlayed"": false, ""points"": null}]",5,Yukhym Konoplia,-145445.0,-145445.0,-144179.0,-142863.0,-1041069.0,-4888636.0,0.0,0.7340655030398117,0.0,0.0,0.0,0.0,0.0,0.0
9540,15,Isac,Lidberg,7954813.0,,,,,,,0,4,https://kickbase.b-cdn.net/content/file/b759181ffa3546828a627f5efb974b06.png,3.0,2,,,"[{""hasPlayed"": false, ""points"": null}, {""hasPlayed"": false, ""points"": null}, {""hasPlayed"": false, ""points"": null}, {""hasPlayed"": false, ""points"": null}, {""hasPlayed"": false, ""points"": null}]",4,Isac Lidberg,-300941.0,-300941.0,-313583.0,-260322.0,-2360382.0,-2224393.0,6.2,0.7340655030398117,0.3103448275862069,0.0,0.0,0.0,0.15517241379310345,0.706222
11010,15,Kevin,Diks,17129261.0,95.0,30.0,30.0,28.0,161173.0,2844.0,0,2,https://kickbase.b-cdn.net/content/file/2963465030854dafa3b90fbfd15f4a89.png,4.0,1,166.0,,"[{""hasPlayed"": true, ""points"": 241}, {""hasPlayed"": true, ""points"": 71}, {""hasPlayed"": true, ""points"": 33}, {""hasPlayed"": false, ""points"": null}, {""hasPlayed"": true, ""points"": 72}]",1,Kevin Diks,152316.0,152316.0,171326.0,191497.0,1275726.0,5099913.0,7.5,0.7340655030398117,1.0,1.0,1.0,0.0,1.0,5.505491
11748,15,Wael,Mohya,10838941.0,34.0,15.0,15.0,6.0,36598.0,507.0,0,3,https://kickbase.b-cdn.net/content/file/4fc954ae0ffd4f5ab6d58a98b51cccd9.png,36.0,1,46.0,,"[{""hasPlayed"": true, ""points"": 87}, {""hasPlayed"": true, ""points"": 24}, {""hasPlayed"": true, ""points"": 46}, {""hasPlayed"": false, ""points"": null}, {""hasPlayed"": false, ""points"": null}]",2,Wael Mohya,107544.0,107544.0,120108.0,117785.0,972871.0,3362328.0,7.2,0.7340655030398117,0.6896551724137931,1.0,0.0,0.0,0.7198275862068966,3.804484
13442,15,Hugo,Bolin,9557831.0,40.0,13.0,13.0,5.0,35891.0,517.0,0,3,https://kickbase.b-cdn.net/content/file/7f789e6ac2c84d5b878ec36c44b31dc2.png,38.0,1,54.0,,"[{""hasPlayed"": true, ""points"": 183}, {""hasPlayed"": true, ""points"": 3}, {""hasPlayed"": true, ""points"": 39}, {""hasPlayed"": false, ""points"": null}, {""hasPlayed"": true, ""points"": 78}]",2,Hugo Bolin,281223.0,281223.0,288046.0,296345.0,2066494.0,6569841.0,9.2,0.7340655030398117,1.0,1.0,1.0,0.0,1.0,6.753403
15181,15,Jan,Leszczynski,5935421.0,,,,,,,0,2,https://kickbase.b-cdn.net/content/file/43eddfa24a0f4db3a737bf045f96d849.png,5.0,1,,,"[{""hasPlayed"": false, ""points"": null}, {""hasPlayed"": false, ""points"": null}, {""hasPlayed"": false, ""points"": null}, {""hasPlayed"": false, ""points"": null}, {""hasPlayed"": false, ""points"": null}]",4,Jan Leszczynski,231597.0,231597.0,247331.0,293770.0,1651572.0,2085154.0,7.2,0.7340655030398117,0.3103448275862069,1.0,0.0,0.0,0.5301724137931034,2.802105
15202,15,Zento,Uno,2169502.0,,,,,,,2,3,https://kickbase.b-cdn.net/content/file/9c1b0bb28e67413dad79f8a99c4eda88.png,47.0,2,,,"[{""hasPlayed"": false, ""points"": null}, {""hasPlayed"": false, ""points"": null}, {""hasPlayed"": false, ""points"": null}, {""hasPlayed"": false, ""points"": null}, {""hasPlayed"": false, ""points"": null}]",5,Zento Uno,-141190.0,-141190.0,-141750.0,-141856.0,-1002205.0,-2867948.0,0.0,0.7340655030398117,0.0,0.0,0.0,0.0,0.0,0.0
15613,15,Daiki,Hashioka,9946345.0,,,,,,,0,2,https://kickbase.b-cdn.net/content/file/dc4f94ffdb854af9a954313e8b974d4c.png,0.0,1,,,"[{""hasPlayed"": false, ""points"": null}, {""hasPlayed"": false, ""points"": null}, {""hasPlayed"": false, ""points"": null}, {""hasPlayed"": false, ""points"": null}, {""hasPlayed"": false, ""points"": null}]",2,Daiki Hashioka,264988.0,264988.0,294127.0,312809.0,2196574.0,9946345.0,7.9,0.7340655030398117,1.0,1.0,1.0,0.0,1.0,5.799117
54,3,Emre,Can,1015584.0,114.0,9.0,9.0,7.0,41373.0,1026.0,1,2,https://kickbase.b-cdn.net/content/file/29f90f2f2f2045f69460f20564a894ab.png,23.0,2,1010.0,,"[{""hasPlayed"": false, ""points"": null}, {""hasPlayed"": false, ""points"": null}, {""hasPlayed"": false, ""points"": null}, {""hasPlayed"": false, ""points"": null}, {""hasPlayed"": false, ""points"": null}]",5,Emre Can,-87855.0,-87855.0,-86257.0,-90714.0,-673296.0,-2773256.0,0.0,2.3519386450788238,0.0,0.0,0.0,0.0,0.0,0.0
75,3,Patrick,Drewes,500000.0,,,,,,,0,1,https://kickbase.b-cdn.net/content/file/1c9bdd7907a5425e8f2a0cb0fc5426ee.png,30.0,0,,,"[{""hasPlayed"": false, ""points"": null}, {""hasPlayed"": false, ""points"": null}, {""hasPlayed"": false, ""points"": null}, {""hasPlayed"": false, ""points"": null}, {""hasPlayed"": false, ""points"": null}]",5,Patrick Drewes,0.0,0.0,0.0,0.0,0.0,0.0,0.0,2.3519386450788238,0.0,0.0,0.0,0.0,0.0,0.0
1704,3,Waldemar,Anton,34013231.0,126.0,32.0,32.0,32.0,190794.0,4034.0,0,2,https://kickbase.b-cdn.net/content/file/b1a7f338e7c9453d93897bd6ac8c9457.png,3.0,1,118.0,,"[{""hasPlayed"": true, ""points"": 156}, {""hasPlayed"": true, ""points"": 123}, {""hasPlayed"": true, ""points"": 40}, {""hasPlayed"": true, ""points"": 153}, {""hasPlayed"": true, ""points"": 133}]",1,Waldemar Anton,33240.0,33240.0,32603.0,46049.0,347456.0,1881704.0,6.9,2.3519386450788238,1.0,1.0,1.0,0.0,1.0,16.228377
1856,3,Marcel,Sabitzer,7951576.0,83.0,26.0,26.0,21.0,119084.0,2146.0,0,3,https://kickbase.b-cdn.net/content/file/e5fd8b4544ef4fbf99fa27874f810794.png,20.0,2,269.0,,"[{""hasPlayed"": false, ""points"": null}, {""hasPlayed"": true, ""points"": 104}, {""hasPlayed"": true, ""points"": 68}, {""hasPlayed"": true, ""points"": 115}, {""hasPlayed"": true, ""points"": 29}]",4,Marcel Sabitzer,-282603.0,-282603.0,-268654.0,-247572.0,-1567310.0,-2129514.0,6.77,2.3519386450788238,0.0,0.3103448275862069,0.0,0.0,0.1163793103448276,1.853064
1873,3,Gregor,Kobel,22582561.0,104.0,34.0,34.0,34.0,202740.0,3530.0,0,1,https://kickbase.b-cdn.net/content/file/5cf1813a3f0f4cb6997088b18ad5adcf.png,1.0,2,156.0,,"[{""hasPlayed"": true, ""points"": 154}, {""hasPlayed"": true, ""points"": 81}, {""hasPlayed"": true, ""points"": 82}, {""hasPlayed"": true, ""points"": 160}, {""hasPlayed"": true, ""points"": 65}]",1,Gregor Kobel,-158176.0,-158176.0,-70802.0,-44876.0,-517570.0,890295.0,6.8,2.3519386450788238,1.0,1.0,1.0,0.0,1.0,15.993183
1920,3,Serhou,Guirassy,29513420.0,102.0,33.0,33.0,27.0,151810.0,3356.0,0,4,https://kickbase.b-cdn.net/content/file/fb2bd82aeb8440f8acdbcf6ebf4487dc.png,9.0,1,113.0,,"[{""hasPlayed"": true, ""points"": 155}, {""hasPlayed"": true, ""points"": 134}, {""hasPlayed"": true, ""points"": 26}, {""hasPlayed"": true, ""points"": 187}, {""hasPlayed"": true, ""points"": 101}]",2,Serhou Guirassy,93874.0,93874.0,108594.0,114499.0,784523.0,3127579.0,6.58,2.3519386450788238,1.0,1.0,1.0,0.0,1.0,15.475756
2148,3,Alexander,Meyer,589578.0,,,,,,,0,1,https://kickbase.b-cdn.net/content/file/b2b01de70f7b47dbb31b104de35ac5cc.png,33.0,2,,,"[{""hasPlayed"": false, ""points"": null}, {""hasPlayed"": false, ""points"": null}, {""hasPlayed"": false, ""points"": null}, {""hasPlayed"": false, ""points"": null}, {""hasPlayed"": false, ""points"": null}]",5,Alexander Meyer,-106156.0,-106156.0,-113909.0,-119085.0,-876449.0,89578.0,6.55,2.3519386450788238,0.0,0.0,0.0,0.0,0.0,0.0
2383,3,Nico,Schlotterbeck,25862983.0,148.0,28.0,28.0,28.0,166561.0,4142.0,1,2,https://kickbase.b-cdn.net/content/file/531ad1f9d6804b9db55d5aace6d79888.png,4.0,2,160.0,,"[{""hasPlayed"": true, ""points"": 142}, {""hasPlayed"": true, ""points"": 250}, {""hasPlayed"": true, ""points"": 72}, {""hasPlayed"": true, ""points"": 146}, {""hasPlayed"": true, ""points"": 67}]",5,Nico Schlotterbeck,-665693.0,-665693.0,-651692.0,-597263.0,-4439195.0,-9415527.0,0.0,2.3519386450788238,0.0,0.0,0.0,0.0,0.0,0.0
2395,3,Julian,Ryerson,25926775.0,105.0,31.0,31.0,26.0,148097.0,3246.0,0,2,https://kickbase.b-cdn.net/content/file/5c70c2a110fd48919c487e0b0d97af57.png,26.0,1,125.0,,"[{""hasPlayed"": true, ""points"": 141}, {""hasPlayed"": true, ""points"": 127}, {""hasPlayed"": true, ""points"": 41}, {""hasPlayed"": true, ""points"": 171}, {""hasPlayed"": true, ""points"": 3}]",1,Julian Ryerson,53404.0,53404.0,55596.0,62631.0,365068.0,1268881.0,7.35,2.3519386450788238,1.0,1.0,1.0,0.0,1.0,17.286749
2714,3,Maximilian,Beier,23779780.0,94.0,32.0,32.0,24.0,132156.0,3023.0,0,4,https://kickbase.b-cdn.net/content/file/901a04fa3f274f95921af3b42a45f795.png,14.0,2,127.0,,"[{""hasPlayed"": true, ""points"": 52}, {""hasPlayed"": true, ""points"": 207}, {""hasPlayed"": true, ""points"": 17}, {""hasPlayed"": true, ""points"": 241}, {""hasPlayed"": true, ""points"": 13}]",2,Maximilian Beier,-193882.0,-193882.0,-315552.0,-712944.0,-2111794.0,-242941.0,6.57,2.3519386450788238,0.6896551724137931,1.0,0.0,0.0,0.7198275862068966,11.122946
2736,3,Ramy,Bensebaini,21726972.0,128.0,21.0,21.0,15.0,102687.0,2683.0,0,2,https://kickbase.b-cdn.net/content/file/f52b92d109bf4f53b2fb20e5c50f00ec.png,5.0,1,123.0,,"[{""hasPlayed"": false, ""points"": null}, {""hasPlayed"": false, ""points"": null}, {""hasPlayed"": false, ""points"": null}, {""hasPlayed"": true, ""points"": 364}, {""hasPlayed"": true, ""points"": 106}]",1,Ramy Bensebaini,172521.0,172521.0,181756.0,199374.0,1381961.0,5067489.0,6.8,2.3519386450788238,1.0,1.0,1.0,0.0,1.0,15.993183
3069,3,Felix,Nmecha,26970373.0,94.0,29.0,29.0,25.0,141393.0,2730.0,0,3,https://kickbase.b-cdn.net/content/file/510ad66f94f943fb940c1a7b11792266.png,8.0,1,101.0,,"[{""hasPlayed"": true, ""points"": 126}, {""hasPlayed"": true, ""points"": 14}, {""hasPlayed"": false, ""points"": null}, {""hasPlayed"": false, ""points"": null}, {""hasPlayed"": false, ""points"": null}]",1,Felix Nmecha,112371.0,112371.0,121639.0,122424.0,874992.0,5482985.0,6.78,2.3519386450788238,1.0,1.0,1.0,0.0,1.0,15.946144
7737,3,Joey,Veerman,17822597.0,,,,,,,0,3,https://kickbase.b-cdn.net/content/file/c751e952d6ef4ac9a5743ea52f4202f6.png,25.0,1,,,"[{""hasPlayed"": false, ""points"": null}, {""hasPlayed"": false, ""points"": null}, {""hasPlayed"": false, ""points"": null}, {""hasPlayed"": false, ""points"": null}, {""hasPlayed"": false, ""points"": null}]",3,Joey Veerman,149178.0,149178.0,150432.0,151483.0,17822597.0,17822597.0,6.5,2.3519386450788238,0.0,0.0,0.0,0.0,0.0,0.0
9440,3,Filippo,Mane,3253614.0,12.0,4.0,4.0,2.0,8570.0,46.0,0,2,https://kickbase.b-cdn.net/content/file/9994a14997ae4a03a9ac5f78376003db.png,39.0,2,14.0,,"[{""hasPlayed"": false, ""points"": null}, {""hasPlayed"": false, ""points"": null}, {""hasPlayed"": false, ""points"": null}, {""hasPlayed"": false, ""points"": null}, {""hasPlayed"": false, ""points"": null}]",5,Filippo Mane,-110835.0,-110835.0,-111175.0,-113783.0,-733940.0,1567498.0,6.53,2.3519386450788238,0.0,0.0,0.0,0.0,0.0,0.0
9698,3,,Fábio Silva,6096178.0,51.0,28.0,28.0,7.0,57551.0,1414.0,0,4,https://kickbase.b-cdn.net/content/file/da60f61d4f674e4db35b6f47db49c153.png,21.0,2,231.0,,"[{""hasPlayed"": true, ""points"": 44}, {""hasPlayed"": true, ""points"": 6}, {""hasPlayed"": true, ""points"": -10}, {""hasPlayed"": true, ""points"": 112}, {""hasPlayed"": true, ""points"": -14}]",4,Fábio Silva,-246872.0,-246872.0,-272460.0,-255633.0,-1610109.0,-1534844.0,6.88,2.3519386450788238,0.0,0.0,0.0,0.0,0.0,0.0
10114,3,Carney,Chukwuemeka,3609907.0,47.0,28.0,28.0,8.0,63437.0,1307.0,0,3,https://kickbase.b-cdn.net/content/file/819b3e31455d4830a3e5acf58eb5290d.png,17.0,2,362.0,,"[{""hasPlayed"": true, ""points"": 30}, {""hasPlayed"": false, ""points"": null}, {""hasPlayed"": true, ""points"": -14}, {""hasPlayed"": true, ""points"": 32}, {""hasPlayed"": true, ""points"": 3}]",5,Carney Chukwuemeka,-98624.0,-98624.0,-103886.0,-118833.0,-761426.0,-4230592.0,6.6,2.3519386450788238,0.0,0.0,0.0,0.0,0.0,0.0
10115,3,Daniel,Svensson,16914433.0,82.0,33.0,33.0,27.0,162894.0,2705.0,0,2,https://kickbase.b-cdn.net/content/file/9ff6af44ccf14bb3846cafc261f362ad.png,24.0,2,159.0,,"[{""hasPlayed"": true, ""points"": 151}, {""hasPlayed"": false, ""points"": null}, {""hasPlayed"": true, ""points"": -11}, {""hasPlayed"": true, ""points"": 27}, {""hasPlayed"": true, ""points"": 34}]",3,Daniel Svensson,-378731.0,-378731.0,-331348.0,-271314.0,-1870607.0,-1562362.0,6.95,2.3519386450788238,1.0,0.3103448275862069,1.0,0.0,0.7413793103448276,12.118567
11099,3,Jobe,Bellingham,18915297.0,68.0,32.0,32.0,20.0,119220.0,2172.0,0,3,https://kickbase.b-cdn.net/content/file/7b67f5aec4444746b2848e6d9a775210.png,7.0,2,114.0,,"[{""hasPlayed"": true, ""points"": 108}, {""hasPlayed"": true, ""points"": 80}, {""hasPlayed"": true, ""points"": 43}, {""hasPlayed"": true, ""points"": 124}, {""hasPlayed"": true, ""points"": 37}]",3,Jobe Bellingham,-366333.0,-366333.0,-264950.0,-64461.0,-402186.0,2065671.0,6.78,2.3519386450788238,1.0,0.6896551724137931,1.0,0.0,0.8836206896551724,14.090343
11100,3,Samuele,Inácio,9677612.0,52.0,7.0,7.0,4.0,25406.0,365.0,0,3,https://kickbase.b-cdn.net/content/file/0e8e34d536e6420cb5d7d96fc909f97d.png,40.0,1,37.0,,"[{""hasPlayed"": true, ""points"": 136}, {""hasPlayed"": true, ""points"": 119}, {""hasPlayed"": true, ""points"": 27}, {""hasPlayed"": true, ""points"": 88}, {""hasPlayed"": true, ""points"": -12}]",4,Samuele Inácio,30446.0,30446.0,52759.0,67872.0,128303.0,-1648589.0,6.86,2.3519386450788238,0.3103448275862069,0.0,1.0,0.0,0.2801724137931034,4.520386
13472,3,Luca,Reggiani,3717555.0,74.0,8.0,8.0,6.0,32656.0,592.0,0,2,https://kickbase.b-cdn.net/content/file/ae27049c76974053b81276c3faa1f639.png,49.0,2,159.0,,"[{""hasPlayed"": true, ""points"": 97}, {""hasPlayed"": true, ""points"": 48}, {""hasPlayed"": true, ""points"": 56}, {""hasPlayed"": false, ""points"": null}, {""hasPlayed"": false, ""points"": null}]",5,Luca Reggiani,-109077.0,-109077.0,-112199.0,-108956.0,-721952.0,-3648280.0,7.05,2.3519386450788238,0.0,0.0,0.0,0.0,0.0,0.0
14662,3,Justin,Lerma,5490074.0,,,,,,,0,3,https://kickbase.b-cdn.net/content/file/febaeb82caf74cb4b0511a58b28d70ac.png,28.0,2,,,"[{""hasPlayed"": false, ""points"": null}, {""hasPlayed"": false, ""points"": null}, {""hasPlayed"": false, ""points"": null}, {""hasPlayed"": false, ""points"": null}, {""hasPlayed"": false, ""points"": null}]",5,Justin Lerma,-367886.0,-367886.0,-361186.0,-354668.0,-2549744.0,-2274379.0,0.0,2.3519386450788238,0.0,0.0,0.0,0.0,0.0,0.0
14899,3,Kauã,Prates,2811131.0,,,,,,,0,2,https://kickbase.b-cdn.net/content/file/6ea4006dc79446228b81953749d7948b.png,36.0,2,,,"[{""hasPlayed"": false, ""points"": null}, {""hasPlayed"": false, ""points"": null}, {""hasPlayed"": false, ""points"": null}, {""hasPlayed"": false, ""points"": null}, {""hasPlayed"": false, ""points"": null}]",4,Kauã Prates,-129324.0,-129324.0,-127865.0,-125832.0,-880764.0,-4727484.0,6.1,2.3519386450788238,0.0,0.0,0.0,0.0,0.0,0.0
15211,3,Joane,Gadou,24586219.0,,,,,,,0,2,https://kickbase.b-cdn.net/content/file/3ca6efe4d6904a609a712b6b68be0ebb.png,22.0,1,,,"[{""hasPlayed"": false, ""points"": null}, {""hasPlayed"": false, ""points"": null}, {""hasPlayed"": false, ""points"": null}, {""hasPlayed"": false, ""points"": null}, {""hasPlayed"": false, ""points"": null}]",1,Joane Gadou,137321.0,137321.0,159511.0,172612.0,1237050.0,5157190.0,6.8,2.3519386450788238,1.0,1.0,1.0,0.0,1.0,15.993183
16378,3,Konstantinos,Karetsas,23538072.0,,,,,,,0,3,https://kickbase.b-cdn.net/content/file/2607076d85724a188e9db75bd12b7889.png,19.0,1,,,"[{""hasPlayed"": false, ""points"": null}, {""hasPlayed"": false, ""points"": null}, {""hasPlayed"": false, ""points"": null}, {""hasPlayed"": false, ""points"": null}, {""hasPlayed"": false, ""points"": null}]",1,Konstantinos Karetsas,275497.0,275497.0,285794.0,276218.0,2000959.0,23538072.0,7.27,2.3519386450788238,1.0,1.0,1.0,0.0,1.0,17.098594
16948,3,Giannis,Konstantelias,18041690.0,,,,,,,0,3,https://kickbase.b-cdn.net/content/file/b5b22871d880409a8cabf9c1ec00e898.png,45.0,1,,,"[{""hasPlayed"": false, ""points"": null}, {""hasPlayed"": false, ""points"": null}, {""hasPlayed"": false, ""points"": null}, {""hasPlayed"": false, ""points"": null}, {""hasPlayed"": false, ""points"": null}]",3,Giannis Konstantelias,173138.0,173138.0,176994.0,186996.0,18041690.0,18041690.0,7.3,2.3519386450788238,0.0,0.6896551724137931,0.0,0.0,0.25862068965517243,4.440298
1863,6,Daniel,Heuer Fernandes,14751203.0,92.0,33.0,33.0,33.0,199082.0,3051.0,0,1,https://kickbase.b-cdn.net/content/file/25bb5ce570244f8296d6e817316ad707.png,1.0,1,206.0,,"[{""hasPlayed"": false, ""points"": null}, {""hasPlayed"": true, ""points"": 100}, {""hasPlayed"": true, ""points"": 119}, {""hasPlayed"": true, ""points"": 92}, {""hasPlayed"": true, ""points"": 54}]",1,Daniel Heuer Fernandes,118868.0,118868.0,123739.0,138030.0,1010348.0,3839525.0,0.0,0.48189177673625905,0.0,0.0,0.0,0.0,0.0,0.0
1865,6,Yussuf,Poulsen,3037964.0,23.0,15.0,15.0,1.0,26304.0,340.0,0,4,https://kickbase.b-cdn.net/content/file/b3e645c3a34347808d97e722fcbe2ced.png,15.0,2,111.0,,"[{""hasPlayed"": true, ""points"": 13}, {""hasPlayed"": true, ""points"": 25}, {""hasPlayed"": true, ""points"": 17}, {""hasPlayed"": false, ""points"": null}, {""hasPlayed"": false, ""points"": null}]",4,Yussuf Poulsen,-138269.0,-138269.0,-140597.0,-133298.0,-978642.0,1778772.0,0.0,0.48189177673625905,0.0,0.0,0.0,0.0,0.0,0.0
1889,6,Bakery,Jatta,5456538.0,47.0,15.0,15.0,12.0,59140.0,710.0,0,3,https://kickbase.b-cdn.net/content/file/7b147e15dd4b4df4bddb50f00fa8ce4e.png,18.0,1,130.0,,"[{""hasPlayed"": false, ""points"": null}, {""hasPlayed"": true, ""points"": 178}, {""hasPlayed"": true, ""points"": 25}, {""hasPlayed"": true, ""points"": 8}, {""hasPlayed"": true, ""points"": -16}]",2,Bakery Jatta,281546.0,281546.0,314560.0,289636.0,1248252.0,3896413.0,0.0,0.48189177673625905,0.0,0.0,0.0,0.0,0.0,0.0
1978,6,Jordan,Torunarigha,11890732.0,73.0,24.0,24.0,21.0,129230.0,1753.0,0,2,https://kickbase.b-cdn.net/content/file/58a51dcb3fef41de90e23a162e7fe44e.png,25.0,1,147.0,,"[{""hasPlayed"": true, ""points"": -4}, {""hasPlayed"": false, ""points"": null}, {""hasPlayed"": true, ""points"": 128}, {""hasPlayed"": true, ""points"": 99}, {""hasPlayed"": true, ""points"": 38}]",1,Jordan Torunarigha,101272.0,101272.0,123239.0,133439.0,864559.0,4627086.0,0.0,0.48189177673625905,0.0,0.0,0.0,0.0,0.0,0.0
2725,6,Sebastiaan,Bornauw,9960035.0,,,,,,,0,2,https://kickbase.b-cdn.net/content/file/11f46340ac514b048f534ac6e0ab9d3c.png,33.0,1,,,"[{""hasPlayed"": false, ""points"": null}, {""hasPlayed"": false, ""points"": null}, {""hasPlayed"": false, ""points"": null}, {""hasPlayed"": false, ""points"": null}, {""hasPlayed"": false, ""points"": null}]",2,Sebastiaan Bornauw,290480.0,290480.0,259145.0,8874022.0,9423647.0,9423647.0,0.0,0.48189177673625905,0.0,0.0,0.0,0.0,0.0,0.0
3277,6,Miro,Muheim,8296477.0,67.0,29.0,29.0,27.0,162140.0,1929.0,2,2,https://kickbase.b-cdn.net/content/file/6b31cba3484c46c98c5575fe4f79b349.png,28.0,2,232.0,,"[{""hasPlayed"": true, ""points"": 17}, {""hasPlayed"": false, ""points"": null}, {""hasPlayed"": false, ""points"": null}, {""hasPlayed"": false, ""points"": null}, {""hasPlayed"": true, ""points"": 17}]",3,Miro Muheim,-319603.0,-319603.0,-317617.0,-327699.0,-1285731.0,2628455.0,0.0,0.48189177673625905,0.0,0.0,0.0,0.0,0.0,0.0
3521,6,Daniel,Elfadli,3363580.0,37.0,21.0,21.0,15.0,84859.0,767.0,0,2,https://kickbase.b-cdn.net/content/file/ab840d167b4f4811a1a40e49fef84a76.png,8.0,2,228.0,,"[{""hasPlayed"": false, ""points"": null}, {""hasPlayed"": false, ""points"": null}, {""hasPlayed"": true, ""points"": 22}, {""hasPlayed"": false, ""points"": null}, {""hasPlayed"": false, ""points"": null}]",4,Daniel Elfadli,-136537.0,-136537.0,-133599.0,-134765.0,-952167.0,2299379.0,0.0,0.48189177673625905,0.0,0.0,0.0,0.0,0.0,0.0
4404,6,Jean-Luc,Dompé,500000.0,64.0,20.0,20.0,12.0,75809.0,1279.0,256,4,https://kickbase.b-cdn.net/content/file/4d4bfeaf414f47e2994cf7669d884f08.png,7.0,2,2558.0,,"[{""hasPlayed"": false, ""points"": null}, {""hasPlayed"": false, ""points"": null}, {""hasPlayed"": false, ""points"": null}, {""hasPlayed"": false, ""points"": null}, {""hasPlayed"": false, ""points"": null}]",5,Jean-Luc Dompé,-39905.0,-39905.0,-97761.0,-114501.0,-783832.0,-3131603.0,0.0,0.48189177673625905,0.0,0.0,0.0,0.0,0.0,0.0
6201,6,Nicolai,Remberg,12474341.0,70.0,32.0,32.0,32.0,193422.0,2243.0,0,3,https://kickbase.b-cdn.net/content/file/8838a772b69f4284a8f34b1d63f406d8.png,21.0,1,179.0,,"[{""hasPlayed"": true, ""points"": 80}, {""hasPlayed"": true, ""points"": 185}, {""hasPlayed"": true, ""points"": 64}, {""hasPlayed"": true, ""points"": 68}, {""hasPlayed"": true, ""points"": 45}]",1,Nicolai Remberg,86970.0,86970.0,110503.0,132013.0,911770.0,4375535.0,0.0,0.48189177673625905,0.0,0.0,0.0,0.0,0.0,0.0
6217,6,Rayan,Philippe,2824850.0,35.0,28.0,28.0,13.0,85138.0,971.0,0,4,https://kickbase.b-cdn.net/content/file/4fe19be7a9df439fa6f788b27095a090.png,14.0,2,343.0,,"[{""hasPlayed"": true, ""points"": 74}, {""hasPlayed"": true, ""points"": 10}, {""hasPlayed"": false, ""points"": null}, {""hasPlayed"": true, ""points"": -16}, {""hasPlayed"": false, ""points"": null}]",4,Rayan Philippe,-111295.0,-111295.0,-114287.0,-113706.0,-802548.0,-17020.0,0.0,0.48189177673625905,0.0,0.0,0.0,0.0,0.0,0.0
7350,6,Otto,Stange,4538526.0,5.0,10.0,10.0,2.0,20981.0,51.0,0,4,https://kickbase.b-cdn.net/content/file/d876e417d53e4983b76765c28cb2825d.png,49.0,1,11.0,,"[{""hasPlayed"": true, ""points"": 28}, {""hasPlayed"": true, ""points"": 46}, {""hasPlayed"": false, ""points"": null}, {""hasPlayed"": true, ""points"": -2}, {""hasPlayed"": true, ""points"": -5}]",3,Otto Stange,356140.0,356140.0,358960.0,345987.0,1537723.0,620544.0,0.0,0.48189177673625905,0.0,0.0,0.0,0.0,0.0,0.0
7394,6,Kofi,Amoako,3124849.0,,,,,,,0,3,https://kickbase.b-cdn.net/content/file/6faaaadc0c43454aa7802b77b1455f2e.png,0.0,2,,,"[{""hasPlayed"": false, ""points"": null}, {""hasPlayed"": false, ""points"": null}, {""hasPlayed"": false, ""points"": null}, {""hasPlayed"": false, ""points"": null}, {""hasPlayed"": false, ""points"": null}]",4,Kofi Amoako,-136570.0,-136570.0,-133519.0,-136313.0,-958345.0,-1117572.0,0.0,0.48189177673625905,0.0,0.0,0.0,0.0,0.0,0.0
8367,6,Albert,Sambi Lokonga,10789044.0,68.0,26.0,26.0,20.0,112966.0,1759.0,0,3,https://kickbase.b-cdn.net/content/file/c9c716c7e03d47078ca74b707b1577a9.png,6.0,1,163.0,,"[{""hasPlayed"": true, ""points"": 120}, {""hasPlayed"": true, ""points"": 57}, {""hasPlayed"": true, ""points"": 79}, {""hasPlayed"": true, ""points"": -11}, {""hasPlayed"": false, ""points"": null}]",1,Albert Sambi Lokonga,53072.0,53072.0,57880.0,54736.0,260265.0,3794643.0,0.0,0.48189177673625905,0.0,0.0,0.0,0.0,0.0,0.0
9605,6,Albert,Grønbæk,11406769.0,74.0,7.0,7.0,6.0,31737.0,520.0,0,3,https://kickbase.b-cdn.net/content/file/02b24cefd3da410ca1d4639a2fb7ccac.png,23.0,1,45.0,,"[{""hasPlayed"": true, ""points"": 39}, {""hasPlayed"": true, ""points"": 158}, {""hasPlayed"": true, ""points"": 266}, {""hasPlayed"": true, ""points"": 30}, {""hasPlayed"": true, ""points"": 28}]",1,Albert Grønbæk,139706.0,139706.0,171248.0,171316.0,980144.0,4337436.0,0.0,0.48189177673625905,0.0,0.0,0.0,0.0,0.0,0.0
10120,6,Alexander,Røssing-Lelesiit,1498528.0,10.0,11.0,11.0,5.0,23037.0,114.0,4,4,https://kickbase.b-cdn.net/content/file/1e0140e6053349279a689f6bac4fdc91.png,38.0,2,76.0,,"[{""hasPlayed"": false, ""points"": null}, {""hasPlayed"": false, ""points"": null}, {""hasPlayed"": false, ""points"": null}, {""hasPlayed"": false, ""points"": null}, {""hasPlayed"": false, ""points"": null}]",5,Alexander Røssing-Lelesiit,-132867.0,-132867.0,-132119.0,-135821.0,-962659.0,936035.0,0.0,0.48189177673625905,0.0,0.0,0.0,0.0,0.0,0.0
11512,6,Nicolás,Capaldo,9753432.0,65.0,26.0,26.0,24.0,130826.0,1682.0,0,2,https://kickbase.b-cdn.net/content/file/bb8ff3d0932d47bd9d7fa4a4f38068ef.png,24.0,2,172.0,,"[{""hasPlayed"": true, ""points"": 136}, {""hasPlayed"": true, ""points"": 101}, {""hasPlayed"": true, ""points"": 64}, {""hasPlayed"": true, ""points"": 53}, {""hasPlayed"": true, ""points"": 90}]",1,Nicolás Capaldo,-131907.0,-131907.0,-171114.0,-240093.0,-803826.0,1166053.0,0.0,0.48189177673625905,0.0,0.0,0.0,0.0,0.0,0.0
11752,6,Warmed,Omari,3892142.0,60.0,20.0,20.0,17.0,106595.0,1204.0,1,2,https://kickbase.b-cdn.net/content/file/6565bd5f9c14426aad721f006cf6f971.png,17.0,2,309.0,,"[{""hasPlayed"": true, ""points"": 86}, {""hasPlayed"": true, ""points"": 85}, {""hasPlayed"": true, ""points"": 151}, {""hasPlayed"": true, ""points"": 82}, {""hasPlayed"": true, ""points"": 57}]",5,Warmed Omari,-147035.0,-147035.0,-144467.0,-155735.0,-851797.0,-1674396.0,0.0,0.48189177673625905,0.0,0.0,0.0,0.0,0.0,0.0
11949,6,Shafiq,Nandja,500000.0,13.0,2.0,2.0,0.0,1379.0,26.0,0,2,https://kickbase.b-cdn.net/content/file/74d769a877844fa1bf2f65f53f4fb91f.png,43.0,0,52.0,,"[{""hasPlayed"": true, ""points"": 9}, {""hasPlayed"": true, ""points"": 17}, {""hasPlayed"": false, ""points"": null}, {""hasPlayed"": false, ""points"": null}, {""hasPlayed"": false, ""points"": null}]",5,Shafiq Nandja,0.0,0.0,0.0,0.0,0.0,0.0,0.0,0.48189177673625905,0.0,0.0,0.0,0.0,0.0,0.0
12368,6,Sander,Tangvik,1221519.0,220.0,1.0,1.0,1.0,6034.0,220.0,0,1,https://kickbase.b-cdn.net/content/file/3d7ab89b5e874e77bbb6b1fb6724745f.png,12.0,1,180.0,,"[{""hasPlayed"": true, ""points"": 220}, {""hasPlayed"": false, ""points"": null}, {""hasPlayed"": false, ""points"": null}, {""hasPlayed"": false, ""points"": null}, {""hasPlayed"": false, ""points"": null}]",5,Sander Tangvik,300428.0,300428.0,278041.0,133642.0,538370.0,-1626379.0,0.0,0.48189177673625905,0.0,0.0,0.0,0.0,0.0,0.0
13433,6,Louis,Lemke,4480432.0,20.0,1.0,1.0,0.0,67.0,20.0,0,2,https://kickbase.b-cdn.net/content/file/46eac50def834b9983f1475d94d28249.png,37.0,1,4.0,,"[{""hasPlayed"": false, ""points"": null}, {""hasPlayed"": true, ""points"": 20}, {""hasPlayed"": false, ""points"": null}, {""hasPlayed"": false, ""points"": null}, {""hasPlayed"": false, ""points"": null}]",3,Louis Lemke,326134.0,326134.0,372866.0,374222.0,2648889.0,3980432.0,0.0,0.48189177673625905,0.0,0.0,0.0,0.0,0.0,0.0
15283,6,Martin,Adeline,6140986.0,,,,,,,0,3,https://kickbase.b-cdn.net/content/file/a88b98f2845e4a508b7e59e2bce5ff27.png,0.0,2,,,"[{""hasPlayed"": false, ""points"": null}, {""hasPlayed"": false, ""points"": null}, {""hasPlayed"": false, ""points"": null}, {""hasPlayed"": false, ""points"": null}, {""hasPlayed"": false, ""points"": null}]",3,Martin Adeline,-201322.0,-201322.0,-198913.0,-199339.0,-1572251.0,-529194.0,0.0,0.48189177673625905,0.0,0.0,0.0,0.0,0.0,0.0
15472,6,Patson,Daka,12082119.0,,,,,,,0,4,https://kickbase.b-cdn.net/content/file/218db4a2d0cb4f89be008597b2e2d9a7.png,0.0,1,,,"[{""hasPlayed"": false, ""points"": null}, {""hasPlayed"": false, ""points"": null}, {""hasPlayed"": false, ""points"": null}, {""hasPlayed"": false, ""points"": null}, {""hasPlayed"": false, ""points"": null}]",2,Patson Daka,32806.0,32806.0,89926.0,111857.0,887364.0,7899354.0,0.0,0.48189177673625905,0.0,0.0,0.0,0.0,0.0,0.0
15478,6,Bilal,Nadir,3558640.0,,,,,,,0,3,https://kickbase.b-cdn.net/content/file/d153e6d5703a4637bf8ee1c23c857608.png,0.0,2,,,"[{""hasPlayed"": false, ""points"": null}, {""hasPlayed"": false, ""points"": null}, {""hasPlayed"": false, ""points"": null}, {""hasPlayed"": false, ""points"": null}, {""hasPlayed"": false, ""points"": null}]",4,Bilal Nadir,-148761.0,-148761.0,-134425.0,-130080.0,-935149.0,3558640.0,0.0,0.48189177673625905,0.0,0.0,0.0,0.0,0.0,0.0
49,5,Matthias,Ginter,26693072.0,114.0,32.0,32.0,32.0,188048.0,3663.0,0,2,https://kickbase.b-cdn.net/content/file/a8c1cfae192947a6b91e1c32238cf2d6.png,28.0,1,137.0,,"[{""hasPlayed"": true, ""points"": 243}, {""hasPlayed"": true, ""points"": 39}, {""hasPlayed"": true, ""points"": 72}, {""hasPlayed"": false, ""points"": null}, {""hasPlayed"": true, ""points"": 146}]",1,Matthias Ginter,39477.0,39477.0,40753.0,32998.0,283883.0,1445459.0,7.6,1.6764168190127973,1.0,1.0,1.0,0.0,1.0,12.740768
89,5,Christian,Günter,4878004.0,48.0,24.0,24.0,18.0,102008.0,1161.0,0,2,https://kickbase.b-cdn.net/content/file/6cf382255517427e83824869e5a182d9.png,30.0,1,238.0,,"[{""hasPlayed"": false, ""points"": null}, {""hasPlayed"": false, ""points"": null}, {""hasPlayed"": true, ""points"": 25}, {""hasPlayed"": true, ""points"": -22}, {""hasPlayed"": true, ""points"": 56}]",3,Christian Günter,360717.0,360717.0,367208.0,355138.0,2062945.0,850813.0,6.65,1.6764168190127973,0.6051437216338881,0.2723146747352497,0.0,0.0,0.4046898638426627,4.511552
118,5,Vincenzo,Grifo,12683722.0,71.0,33.0,33.0,21.0,113451.0,2332.0,0,3,https://kickbase.b-cdn.net/content/file/eabed4e9dee0416bbcc8ff5864f44ea5.png,32.0,1,183.0,,"[{""hasPlayed"": true, ""points"": 38}, {""hasPlayed"": true, ""points"": 57}, {""hasPlayed"": true, ""points"": 60}, {""hasPlayed"": true, ""points"": -1}, {""hasPlayed"": true, ""points"": 205}]",3,Vincenzo Grifo,97892.0,97892.0,119562.0,150221.0,952932.0,3683004.0,6.73,1.6764168190127973,0.6896551724137931,0.6896551724137931,1.0,0.0,0.728448275862069,8.218561
1257,5,Lukas,Kübler,3823085.0,82.0,23.0,23.0,19.0,105359.0,1875.0,0,2,https://kickbase.b-cdn.net/content/file/a2d24146b6354e6f9b967bb58061f2ac.png,17.0,2,490.0,,"[{""hasPlayed"": true, ""points"": 40}, {""hasPlayed"": true, ""points"": 118}, {""hasPlayed"": true, ""points"": 17}, {""hasPlayed"": true, ""points"": 50}, {""hasPlayed"": true, ""points"": 62}]",4,Lukas Kübler,-87659.0,-87659.0,-86442.0,-73967.0,-594547.0,-796996.0,7.45,1.6764168190127973,0.0,0.0,0.0,0.0,0.0,0.0
1645,5,Maximilian,Eggestein,15755378.0,84.0,34.0,34.0,34.0,203699.0,2849.0,0,3,https://kickbase.b-cdn.net/content/file/7b762754c912496287f84b3c38b24a82.png,8.0,1,180.0,,"[{""hasPlayed"": true, ""points"": 76}, {""hasPlayed"": true, ""points"": 38}, {""hasPlayed"": true, ""points"": 78}, {""hasPlayed"": true, ""points"": -19}, {""hasPlayed"": true, ""points"": 171}]",1,Maximilian Eggestein,135901.0,135901.0,130991.0,151546.0,1101190.0,4375084.0,7.23,1.6764168190127973,1.0,1.0,1.0,0.0,1.0,12.120494
1767,5,Jannik,Huth,500000.0,,,,,,,0,1,https://kickbase.b-cdn.net/content/file/32936879ffa043938bf688dd5dbca746.png,24.0,0,,,"[{""hasPlayed"": false, ""points"": null}, {""hasPlayed"": false, ""points"": null}, {""hasPlayed"": false, ""points"": null}, {""hasPlayed"": false, ""points"": null}, {""hasPlayed"": false, ""points"": null}]",5,Jannik Huth,0.0,0.0,0.0,0.0,0.0,0.0,0.0,1.6764168190127973,0.0,0.0,0.0,0.0,0.0,0.0
1858,5,Anthony,Jung,1310223.0,37.0,12.0,12.0,4.0,36970.0,441.0,0,2,https://kickbase.b-cdn.net/content/file/5de873b60e7a46eb83255e4a5297a974.png,5.0,2,336.0,,"[{""hasPlayed"": false, ""points"": null}, {""hasPlayed"": true, ""points"": 16}, {""hasPlayed"": false, ""points"": null}, {""hasPlayed"": true, ""points"": 5}, {""hasPlayed"": false, ""points"": null}]",4,Anthony Jung,-121847.0,-121847.0,-120409.0,-122668.0,-920075.0,810223.0,0.0,1.6764168190127973,0.0,0.0,0.0,0.0,0.0,0.0
1910,5,Florian,Müller,500000.0,,,,,,,0,1,https://kickbase.b-cdn.net/content/file/812a2cedbff7444099345ed29acae1a0.png,21.0,0,,,"[{""hasPlayed"": false, ""points"": null}, {""hasPlayed"": false, ""points"": null}, {""hasPlayed"": false, ""points"": null}, {""hasPlayed"": false, ""points"": null}, {""hasPlayed"": false, ""points"": null}]",5,Florian Müller,0.0,0.0,0.0,0.0,0.0,0.0,0.0,1.6764168190127973,0.0,0.0,0.0,0.0,0.0,0.0
2084,5,Philipp,Lienhart,13123590.0,69.0,20.0,20.0,14.0,86712.0,1379.0,0,2,https://kickbase.b-cdn.net/content/file/748f11f6c0294a41850137ab1c162436.png,3.0,1,105.0,,"[{""hasPlayed"": true, ""points"": 80}, {""hasPlayed"": true, ""points"": 25}, {""hasPlayed"": true, ""points"": 152}, {""hasPlayed"": true, ""points"": 2}, {""hasPlayed"": true, ""points"": 15}]",2,Philipp Lienhart,114085.0,114085.0,136860.0,165045.0,1108239.0,5269101.0,6.97,1.6764168190127973,1.0,1.0,1.0,0.0,1.0,11.684625
2125,5,Jan-Niklas,Beste,11702306.0,60.0,28.0,28.0,20.0,111405.0,1693.0,0,3,https://kickbase.b-cdn.net/content/file/50008e312d584e419fc78f1d54151bc3.png,19.0,1,144.0,,"[{""hasPlayed"": true, ""points"": 150}, {""hasPlayed"": true, ""points"": 2}, {""hasPlayed"": true, ""points"": 63}, {""hasPlayed"": true, ""points"": 0}, {""hasPlayed"": true, ""points"": 55}]",1,Jan-Niklas Beste,130907.0,130907.0,158877.0,168399.0,1096308.0,5376002.0,6.6,1.6764168190127973,1.0,1.0,1.0,0.0,1.0,11.064351
2176,5,Lucas,Höler,3249970.0,46.0,33.0,33.0,25.0,134301.0,1531.0,256,4,https://kickbase.b-cdn.net/content/file/fd6c0b5e138c4a7382c1f0eade49e3f9.png,9.0,1,471.0,,"[{""hasPlayed"": true, ""points"": 43}, {""hasPlayed"": true, ""points"": -5}, {""hasPlayed"": true, ""points"": 16}, {""hasPlayed"": true, ""points"": 72}, {""hasPlayed"": true, ""points"": 94}]",4,Lucas Höler,267570.0,267570.0,207236.0,176810.0,674541.0,-996466.0,7.3,1.6764168190127973,0.0,0.0,0.0,0.0,0.0,0.0
2722,5,Patrick,Osterhage,4234812.0,47.0,20.0,20.0,13.0,78511.0,938.0,0,3,https://kickbase.b-cdn.net/content/file/60fae74949d64f7dbfc181f788ffc48c.png,6.0,2,221.0,,"[{""hasPlayed"": false, ""points"": null}, {""hasPlayed"": false, ""points"": null}, {""hasPlayed"": false, ""points"": null}, {""hasPlayed"": false, ""points"": null}, {""hasPlayed"": false, ""points"": null}]",4,Patrick Osterhage,-132450.0,-132450.0,-133062.0,-135401.0,-1295042.0,3569654.0,7.25,1.6764168190127973,0.0,0.0,0.0,0.0,0.0,0.0
3019,5,Noah,Atubolu,9724849.0,97.0,34.0,34.0,34.0,203699.0,3299.0,0,1,https://kickbase.b-cdn.net/content/file/ba5dbe845bb948f5887a048993400dbb.png,1.0,1,339.0,,"[{""hasPlayed"": true, ""points"": 118}, {""hasPlayed"": true, ""points"": 51}, {""hasPlayed"": true, ""points"": 64}, {""hasPlayed"": true, ""points"": 23}, {""hasPlayed"": true, ""points"": 94}]",5,Noah Atubolu,330949.0,330949.0,329331.0,345439.0,1391222.0,-2064041.0,0.0,1.6764168190127973,0.0,0.0,0.0,0.0,0.0,0.0
3209,5,Yannik,Engelhardt,10553425.0,64.0,31.0,31.0,29.0,162513.0,1970.0,0,3,https://kickbase.b-cdn.net/content/file/026c80a428ef428ba28a09167853739e.png,16.0,1,186.0,,"[{""hasPlayed"": true, ""points"": 135}, {""hasPlayed"": true, ""points"": 24}, {""hasPlayed"": true, ""points"": 86}, {""hasPlayed"": true, ""points"": 87}, {""hasPlayed"": true, ""points"": -10}]",2,Yannik Engelhardt,133085.0,133085.0,171322.0,266067.0,1607283.0,7142720.0,7.2,1.6764168190127973,1.0,1.0,1.0,0.0,1.0,12.070201
3218,5,Mio,Backhaus,17354151.0,95.0,32.0,32.0,32.0,190988.0,3025.0,0,1,https://kickbase.b-cdn.net/content/file/5b9a29bca41244bb8c7e691643d00e7d.png,1.0,1,174.0,,"[{""hasPlayed"": true, ""points"": 179}, {""hasPlayed"": true, ""points"": 115}, {""hasPlayed"": true, ""points"": 74}, {""hasPlayed"": true, ""points"": 120}, {""hasPlayed"": true, ""points"": 67}]",1,Mio Backhaus,42344.0,42344.0,68640.0,91382.0,687983.0,3498854.0,6.9,1.6764168190127973,1.0,1.0,1.0,0.0,1.0,11.567276
3304,5,Igor,Matanović,19014276.0,68.0,31.0,31.0,14.0,106505.0,2099.0,0,4,https://kickbase.b-cdn.net/content/file/6bb42fe3c2da4e1e9f8ad8dc25f1cc85.png,31.0,1,110.0,,"[{""hasPlayed"": true, ""points"": 265}, {""hasPlayed"": true, ""points"": 207}, {""hasPlayed"": true, ""points"": 17}, {""hasPlayed"": true, ""points"": 5}, {""hasPlayed"": true, ""points"": 37}]",1,Igor Matanović,159425.0,159425.0,155654.0,172495.0,1194228.0,4770811.0,7.8,1.6764168190127973,1.0,1.0,1.0,0.0,1.0,13.076051
4335,5,Derry,Scherhant,6040917.0,48.0,31.0,31.0,12.0,87953.0,1487.0,0,3,https://kickbase.b-cdn.net/content/file/bef26d4942154c3483dbb80207a36d4d.png,7.0,1,246.0,,"[{""hasPlayed"": true, ""points"": 183}, {""hasPlayed"": true, ""points"": 6}, {""hasPlayed"": true, ""points"": 6}, {""hasPlayed"": true, ""points"": 8}, {""hasPlayed"": true, ""points"": 59}]",3,Derry Scherhant,261951.0,261951.0,282952.0,273409.0,1299841.0,1372195.0,7.53,1.6764168190127973,0.3103448275862069,0.3103448275862069,0.0,0.0,0.27155172413793105,3.427911
6209,5,Philipp,Treu,11814328.0,52.0,28.0,28.0,24.0,144527.0,1454.0,0,2,https://kickbase.b-cdn.net/content/file/76b764f7f4a448e39454f846207e2071.png,29.0,1,123.0,,"[{""hasPlayed"": true, ""points"": 47}, {""hasPlayed"": true, ""points"": 22}, {""hasPlayed"": true, ""points"": 60}, {""hasPlayed"": false, ""points"": null}, {""hasPlayed"": false, ""points"": null}]",1,Philipp Treu,117479.0,117479.0,136804.0,133146.0,843109.0,4891989.0,7.15,1.6764168190127973,1.0,1.0,1.0,0.0,1.0,11.98638
7215,5,Jordy,Makengo,3925875.0,42.0,20.0,20.0,12.0,79520.0,840.0,0,2,https://kickbase.b-cdn.net/content/file/fd0567aa1f2a49ac97f7b4bdc6aa87a7.png,33.0,1,213.0,,"[{""hasPlayed"": true, ""points"": 188}, {""hasPlayed"": true, ""points"": 0}, {""hasPlayed"": false, ""points"": null}, {""hasPlayed"": false, ""points"": null}, {""hasPlayed"": true, ""points"": 28}]",3,Jordy Makengo,407196.0,407196.0,402456.0,411503.0,2139574.0,-84229.0,6.97,1.6764168190127973,0.2723146747352497,0.6051437216338881,1.0,0.0,0.4880862329803328,5.703105
7216,5,Max,Rosenfelder,3034922.0,27.0,12.0,12.0,5.0,32955.0,318.0,0,2,https://kickbase.b-cdn.net/content/file/e433049f58c743a5959513619885f55b.png,37.0,2,104.0,,"[{""hasPlayed"": false, ""points"": null}, {""hasPlayed"": false, ""points"": null}, {""hasPlayed"": false, ""points"": null}, {""hasPlayed"": false, ""points"": null}, {""hasPlayed"": false, ""points"": null}]",4,Max Rosenfelder,-66008.0,-66008.0,-93984.0,-126034.0,-768407.0,1504311.0,6.9,1.6764168190127973,0.0,0.0,0.0,0.0,0.0,0.0
8363,5,Berkay,Yilmaz,7020413.0,,,,,,,0,2,https://kickbase.b-cdn.net/content/file/1fc23d1e07db4a7da80071b9456c1dfc.png,27.0,2,,,"[{""hasPlayed"": false, ""points"": null}, {""hasPlayed"": false, ""points"": null}, {""hasPlayed"": false, ""points"": null}, {""hasPlayed"": false, ""points"": null}, {""hasPlayed"": false, ""points"": null}]",3,Berkay Yilmaz,-333195.0,-333195.0,-344822.0,-320002.0,-2309197.0,1753040.0,0.0,1.6764168190127973,0.0,0.0,0.0,0.0,0.0,0.0
8364,5,Bruno,Ogbus,1642906.0,52.0,18.0,18.0,14.0,78675.0,940.0,0,2,https://kickbase.b-cdn.net/content/file/e64737da07c343e9a8027194fa943078.png,43.0,2,572.0,,"[{""hasPlayed"": true, ""points"": 38}, {""hasPlayed"": true, ""points"": -23}, {""hasPlayed"": true, ""points"": 50}, {""hasPlayed"": true, ""points"": 59}, {""hasPlayed"": true, ""points"": 110}]",5,Bruno Ogbus,-64664.0,-64664.0,-66332.0,-74439.0,-637919.0,-2742170.0,0.0,1.6764168190127973,0.0,0.0,0.0,0.0,0.0,0.0
11006,5,Yuito,Suzuki,13592160.0,63.0,25.0,25.0,18.0,107057.0,1570.0,0,3,https://kickbase.b-cdn.net/content/file/b6f12e7f20704297b8205da224ce56f1.png,14.0,1,115.0,,"[{""hasPlayed"": false, ""points"": null}, {""hasPlayed"": false, ""points"": null}, {""hasPlayed"": true, ""points"": 50}, {""hasPlayed"": false, ""points"": null}, {""hasPlayed"": true, ""points"": 62}]",1,Yuito Suzuki,172535.0,172535.0,185310.0,184053.0,1302004.0,4841631.0,6.53,1.6764168190127973,1.0,1.0,1.0,0.0,1.0,10.947002
11007,5,Cyriaque,Irié,3724354.0,15.0,10.0,10.0,3.0,24064.0,150.0,0,3,https://kickbase.b-cdn.net/content/file/495fd2fe440e4673a4c36e223f53eb4e.png,22.0,2,40.0,,"[{""hasPlayed"": false, ""points"": null}, {""hasPlayed"": false, ""points"": null}, {""hasPlayed"": false, ""points"": null}, {""hasPlayed"": true, ""points"": -20}, {""hasPlayed"": false, ""points"": null}]",4,Cyriaque Irié,-127801.0,-127801.0,-134527.0,-133639.0,-1280634.0,2852981.0,6.87,1.6764168190127973,0.0,0.0,0.0,0.0,0.0,0.0
14048,5,Keisuke,Goto,5055250.0,,,,,,,0,4,https://kickbase.b-cdn.net/content/file/51c1a52f7444432aab2f7b125fe5ac33.png,42.0,2,,,"[{""hasPlayed"": false, ""points"": null}, {""hasPlayed"": false, ""points"": null}, {""hasPlayed"": false, ""points"": null}, {""hasPlayed"": false, ""points"": null}, {""hasPlayed"": false, ""points"": null}]",5,Keisuke Goto,-282936.0,-282936.0,-270986.0,-338632.0,-2258790.0,-3190291.0,6.77,1.6764168190127973,0.0,0.0,0.0,0.0,0.0,0.0
15196,5,Rihito,Yamamoto,5458304.0,,,,,,,2,3,https://kickbase.b-cdn.net/content/file/500d566763b246d9b74d65bf2cf33241.png,20.0,2,,,"[{""hasPlayed"": false, ""points"": null}, {""hasPlayed"": false, ""points"": null}, {""hasPlayed"": false, ""points"": null}, {""hasPlayed"": false, ""points"": null}, {""hasPlayed"": false, ""points"": null}]",4,Rihito Yamamoto,-352932.0,-352932.0,-349391.0,-349879.0,-2421105.0,-2017900.0,0.0,1.6764168190127973,0.0,0.0,0.0,0.0,0.0,0.0
43,10,Mitchell,Weiser,4519893.0,,,,,,,2,2,https://kickbase.b-cdn.net/content/file/d4075d101f5c49f88113a719ed8f34e5.png,8.0,2,,,"[{""hasPlayed"": false, ""points"": null}, {""hasPlayed"": false, ""points"": null}, {""hasPlayed"": false, ""points"": null}, {""hasPlayed"": false, ""points"": null}, {""hasPlayed"": false, ""points"": null}]",5,Mitchell Weiser,-64593.0,-64593.0,-45526.0,-43240.0,-617755.0,-2205583.0,0.0,1.0676416819012795,0.0,0.0,0.0,0.0,0.0,0.0
157,10,Niklas,Stark,1938917.0,36.0,14.0,14.0,9.0,46992.0,508.0,2,2,https://kickbase.b-cdn.net/content/file/47d350de3ba7487dad6fff58c11b5910.png,4.0,2,262.0,,"[{""hasPlayed"": false, ""points"": null}, {""hasPlayed"": false, ""points"": null}, {""hasPlayed"": false, ""points"": null}, {""hasPlayed"": true, ""points"": 69}, {""hasPlayed"": true, ""points"": 29}]",5,Niklas Stark,-130749.0,-130749.0,-129125.0,-131768.0,-913674.0,-1469255.0,0.0,1.0676416819012795,0.0,0.0,0.0,0.0,0.0,0.0
608,10,Niclas,Füllkrug,10874734.0,,,,,,,0,4,https://kickbase.b-cdn.net/content/file/df8ef582eb6640278efb36590a35123a.png,0.0,1,,,"[{""hasPlayed"": false, ""points"": null}, {""hasPlayed"": false, ""points"": null}, {""hasPlayed"": false, ""points"": null}, {""hasPlayed"": false, ""points"": null}, {""hasPlayed"": false, ""points"": null}]",3,Niclas Füllkrug,218274.0,218274.0,183892.0,156278.0,-13255634.0,-13255634.0,0.0,1.0676416819012795,0.0,0.0,0.0,0.0,0.0,0.0
1996,10,Marco,Friedl,13366286.0,78.0,30.0,30.0,29.0,167391.0,2349.0,0,2,https://kickbase.b-cdn.net/content/file/7ab07056637e493d80590700542ee887.png,32.0,1,175.0,,"[{""hasPlayed"": true, ""points"": 14}, {""hasPlayed"": true, ""points"": 21}, {""hasPlayed"": true, ""points"": 62}, {""hasPlayed"": false, ""points"": null}, {""hasPlayed"": false, ""points"": null}]",1,Marco Friedl,125237.0,125237.0,142690.0,145390.0,1041749.0,4792287.0,0.0,1.0676416819012795,0.0,0.0,0.0,0.0,0.0,0.0
2294,10,Amos,Pieper,10836338.0,80.0,19.0,19.0,19.0,99133.0,1529.0,0,2,https://kickbase.b-cdn.net/content/file/32262c6e17164fd1a62ee34e358e2540.png,5.0,1,141.0,,"[{""hasPlayed"": true, ""points"": 24}, {""hasPlayed"": true, ""points"": 44}, {""hasPlayed"": true, ""points"": 72}, {""hasPlayed"": true, ""points"": 80}, {""hasPlayed"": true, ""points"": 82}]",1,Amos Pieper,141182.0,141182.0,152918.0,154237.0,1384701.0,4424586.0,0.0,1.0676416819012795,0.0,0.0,0.0,0.0,0.0,0.0
2842,10,Felix,Agu,3821078.0,46.0,11.0,11.0,9.0,48743.0,509.0,1,2,https://kickbase.b-cdn.net/content/file/d3aec548a0d84afcb6a8f6c90cc09e72.png,27.0,2,133.0,,"[{""hasPlayed"": false, ""points"": null}, {""hasPlayed"": false, ""points"": null}, {""hasPlayed"": false, ""points"": null}, {""hasPlayed"": false, ""points"": null}, {""hasPlayed"": false, ""points"": null}]",5,Felix Agu,-151111.0,-151111.0,-158883.0,-164446.0,-1352710.0,1329516.0,0.0,1.0676416819012795,0.0,0.0,0.0,0.0,0.0,0.0
2939,10,Eren Sami,Dinkçi,5591874.0,44.0,22.0,22.0,16.0,91259.0,965.0,2,3,https://kickbase.b-cdn.net/content/file/b75aff01aa3044f98175598e580fdd75.png,0.0,1,172.0,,"[{""hasPlayed"": true, ""points"": 23}, {""hasPlayed"": true, ""points"": 87}, {""hasPlayed"": true, ""points"": 170}, {""hasPlayed"": true, ""points"": 203}, {""hasPlayed"": false, ""points"": null}]",4,Eren Sami Dinkçi,244564.0,244564.0,279583.0,343338.0,2009301.0,2024708.0,0.0,1.0676416819012795,0.0,0.0,0.0,0.0,0.0,0.0
3139,10,Cédric,Itten,7467502.0,,,,,,,0,4,https://kickbase.b-cdn.net/content/file/6479aeb8ddab4dd1a92025ddb8b2c3c2.png,26.0,2,,,"[{""hasPlayed"": false, ""points"": null}, {""hasPlayed"": false, ""points"": null}, {""hasPlayed"": false, ""points"": null}, {""hasPlayed"": false, ""points"": null}, {""hasPlayed"": false, ""points"": null}]",3,Cédric Itten,-313032.0,-313032.0,-313309.0,-350159.0,-2091840.0,-56063.0,0.0,1.0676416819012795,0.0,0.0,0.0,0.0,0.0,0.0
3166,10,Keke,Topp,500000.0,22.0,20.0,20.0,7.0,45051.0,438.0,1,4,https://kickbase.b-cdn.net/content/file/3b2c4046987d46a6a2afe1a90455d7ea.png,9.0,0,876.0,,"[{""hasPlayed"": false, ""points"": null}, {""hasPlayed"": false, ""points"": null}, {""hasPlayed"": false, ""points"": null}, {""hasPlayed"": false, ""points"": null}, {""hasPlayed"": false, ""points"": null}]",5,Keke Topp,0.0,0.0,0.0,0.0,0.0,0.0,0.0,1.0676416819012795,0.0,0.0,0.0,0.0,0.0,0.0
3228,10,Justin,Njinmah,4883901.0,43.0,33.0,33.0,22.0,126736.0,1409.0,0,4,https://kickbase.b-cdn.net/content/file/aecaedfbbfac4fc189856b5b5d560b2d.png,11.0,1,288.0,,"[{""hasPlayed"": true, ""points"": 10}, {""hasPlayed"": true, ""points"": 33}, {""hasPlayed"": true, ""points"": 13}, {""hasPlayed"": true, ""points"": 12}, {""hasPlayed"": true, ""points"": 104}]",3,Justin Njinmah,71200.0,71200.0,19067.0,-23810.0,-660517.0,118662.0,0.0,1.0676416819012795,0.0,0.0,0.0,0.0,0.0,0.0
3281,10,Ludovit,Reis,5139123.0,,,,,,,0,3,https://kickbase.b-cdn.net/content/file/8d0ebe886d844bffb3283d7f4f8cfdce.png,0.0,1,,,"[{""hasPlayed"": false, ""points"": null}, {""hasPlayed"": false, ""points"": null}, {""hasPlayed"": false, ""points"": null}, {""hasPlayed"": false, ""points"": null}, {""hasPlayed"": false, ""points"": null}]",3,Ludovit Reis,352551.0,352551.0,316905.0,225672.0,-3408160.0,-3408160.0,0.0,1.0676416819012795,0.0,0.0,0.0,0.0,0.0,0.0
3450,10,Markus,Kolke,500000.0,,,,,,,0,1,https://kickbase.b-cdn.net/content/file/8e62a66ca620435fa877b6e0ed662c0b.png,25.0,0,,,"[{""hasPlayed"": false, ""points"": null}, {""hasPlayed"": false, ""points"": null}, {""hasPlayed"": false, ""points"": null}, {""hasPlayed"": false, ""points"": null}, {""hasPlayed"": false, ""points"": null}]",5,Markus Kolke,0.0,0.0,0.0,0.0,0.0,0.0,0.0,1.0676416819012795,0.0,0.0,0.0,0.0,0.0,0.0
3481,10,Jens,Stage,19598109.0,100.0,29.0,29.0,29.0,160601.0,2895.0,0,3,https://kickbase.b-cdn.net/content/file/1660e6fa98fe418d8a4abdb17bda1d62.png,6.0,1,147.0,,"[{""hasPlayed"": true, ""points"": 48}, {""hasPlayed"": true, ""points"": 12}, {""hasPlayed"": true, ""points"": 30}, {""hasPlayed"": true, ""points"": 157}, {""hasPlayed"": true, ""points"": 265}]",2,Jens Stage,94768.0,94768.0,84220.0,81168.0,753899.0,3862707.0,0.0,1.0676416819012795,0.0,0.0,0.0,0.0,0.0,0.0
7167,10,Senne,Lynen,10417894.0,71.0,31.0,31.0,31.0,180555.0,2210.0,0,3,https://kickbase.b-cdn.net/content/file/155288638ca9459bbebfab0684e818ef.png,14.0,1,212.0,,"[{""hasPlayed"": true, ""points"": 33}, {""hasPlayed"": true, ""points"": 104}, {""hasPlayed"": true, ""points"": 103}, {""hasPlayed"": true, ""points"": 101}, {""hasPlayed"": true, ""points"": 87}]",2,Senne Lynen,101830.0,101830.0,163273.0,289421.0,1714726.0,4025943.0,0.0,1.0676416819012795,0.0,0.0,0.0,0.0,0.0,0.0
7282,10,Olivier,Deman,9856859.0,74.0,16.0,16.0,14.0,82852.0,1176.0,0,2,https://kickbase.b-cdn.net/content/file/581d084f390f47a38c3d2d35085fb1e4.png,2.0,2,119.0,,"[{""hasPlayed"": true, ""points"": 51}, {""hasPlayed"": true, ""points"": 129}, {""hasPlayed"": true, ""points"": 106}, {""hasPlayed"": true, ""points"": 33}, {""hasPlayed"": true, ""points"": 87}]",1,Olivier Deman,-108702.0,-108702.0,-145072.0,-109761.0,-574242.0,4335739.0,0.0,1.0676416819012795,0.0,0.0,0.0,0.0,0.0,0.0
7469,10,Julián,Malatini,4267469.0,26.0,11.0,11.0,5.0,34567.0,288.0,0,2,https://kickbase.b-cdn.net/content/file/af2e51f752864218aed53729ddc7056e.png,22.0,2,67.0,,"[{""hasPlayed"": false, ""points"": null}, {""hasPlayed"": false, ""points"": null}, {""hasPlayed"": false, ""points"": null}, {""hasPlayed"": false, ""points"": null}, {""hasPlayed"": false, ""points"": null}]",5,Julián Malatini,-155736.0,-155736.0,-194125.0,-566915.0,-697803.0,3767469.0,0.0,1.0676416819012795,0.0,0.0,0.0,0.0,0.0,0.0
7721,10,Marco,Grüll,6933587.0,50.0,33.0,33.0,23.0,130955.0,1641.0,0,3,https://kickbase.b-cdn.net/content/file/73071b81354346399a14dd6431d4e823.png,17.0,1,236.0,,"[{""hasPlayed"": true, ""points"": 28}, {""hasPlayed"": true, ""points"": -14}, {""hasPlayed"": true, ""points"": 19}, {""hasPlayed"": false, ""points"": null}, {""hasPlayed"": true, ""points"": 53}]",3,Marco Grüll,195667.0,195667.0,224631.0,263275.0,1878947.0,3233450.0,0.0,1.0676416819012795,0.0,0.0,0.0,0.0,0.0,0.0
8166,10,,Chuki,11874619.0,,,,,,,0,3,https://kickbase.b-cdn.net/content/file/480d2ef5bfd94f57a5db7545d63b0828.png,20.0,1,,,"[{""hasPlayed"": false, ""points"": null}, {""hasPlayed"": false, ""points"": null}, {""hasPlayed"": false, ""points"": null}, {""hasPlayed"": false, ""points"": null}, {""hasPlayed"": false, ""points"": null}]",3,Chuki,71859.0,71859.0,106659.0,123274.0,889287.0,4528675.0,0.0,1.0676416819012795,0.0,0.0,0.0,0.0,0.0,0.0
9513,10,Karl,Hein,13238570.0,164.0,2.0,2.0,2.0,11560.0,327.0,2,1,https://kickbase.b-cdn.net/content/file/0342913c28ed45b18f310732f9b90b16.png,1.0,1,24.0,,"[{""hasPlayed"": false, ""points"": null}, {""hasPlayed"": false, ""points"": null}, {""hasPlayed"": false, ""points"": null}, {""hasPlayed"": false, ""points"": null}, {""hasPlayed"": false, ""points"": null}]",2,Karl Hein,43211.0,43211.0,79583.0,105897.0,732749.0,4350301.0,0.0,1.0676416819012795,0.0,0.0,0.0,0.0,0.0,0.0
9600,10,Alexander,Schlager,3753619.0,,,,,,,0,1,https://kickbase.b-cdn.net/content/file/c677b3706079488a8ee0283db8fdd970.png,30.0,2,,,"[{""hasPlayed"": false, ""points"": null}, {""hasPlayed"": false, ""points"": null}, {""hasPlayed"": false, ""points"": null}, {""hasPlayed"": false, ""points"": null}, {""hasPlayed"": false, ""points"": null}]",4,Alexander Schlager,-112365.0,-112365.0,-112694.0,-134793.0,-868847.0,-2099069.0,0.0,1.0676416819012795,0.0,0.0,0.0,0.0,0.0,0.0
9923,10,Samuel,Mbangula,10228215.0,50.0,26.0,26.0,12.0,77710.0,1289.0,0,3,https://kickbase.b-cdn.net/content/file/bb63ae114a9641aea1903e760c388b1c.png,7.0,1,126.0,,"[{""hasPlayed"": true, ""points"": 9}, {""hasPlayed"": true, ""points"": -11}, {""hasPlayed"": true, ""points"": 36}, {""hasPlayed"": true, ""points"": 3}, {""hasPlayed"": false, ""points"": null}]",2,Samuel Mbangula,169260.0,169260.0,283673.0,296935.0,1942349.0,2814409.0,0.0,1.0676416819012795,0.0,0.0,0.0,0.0,0.0,0.0
9996,10,Patrice,Covic,3628560.0,18.0,15.0,15.0,2.0,25884.0,268.0,0,3,https://kickbase.b-cdn.net/content/file/3c9740e4f1b6416580b598d3da08cdb2.png,24.0,2,73.0,,"[{""hasPlayed"": true, ""points"": 9}, {""hasPlayed"": false, ""points"": null}, {""hasPlayed"": false, ""points"": null}, {""hasPlayed"": false, ""points"": null}, {""hasPlayed"": false, ""points"": null}]",4,Patrice Covic,-142603.0,-142603.0,-146665.0,-143243.0,-1027666.0,2717190.0,0.0,1.0676416819012795,0.0,0.0,0.0,0.0,0.0,0.0
10131,10,Dariusz,Stalmach,2565905.0,,,,,,,2,3,https://kickbase.b-cdn.net/content/file/24197523c05b4e17ac6e922264265d37.png,23.0,2,,,"[{""hasPlayed"": false, ""points"": null}, {""hasPlayed"": false, ""points"": null}, {""hasPlayed"": false, ""points"": null}, {""hasPlayed"": false, ""points"": null}, {""hasPlayed"": false, ""points"": null}]",5,Dariusz Stalmach,-148023.0,-148023.0,-144040.0,-145907.0,-1046663.0,558034.0,0.0,1.0676416819012795,0.0,0.0,0.0,0.0,0.0,0.0
10134,10,Mick,Schmetgens,7173200.0,40.0,2.0,2.0,0.0,2459.0,79.0,0,2,https://kickbase.b-cdn.net/content/file/cbb89b4949af4997a53ca8ecc1ce7c78.png,33.0,1,11.0,,"[{""hasPlayed"": false, ""points"": null}, {""hasPlayed"": false, ""points"": null}, {""hasPlayed"": false, ""points"": null}, {""hasPlayed"": false, ""points"": null}, {""hasPlayed"": false, ""points"": null}]",2,Mick Schmetgens,263324.0,263324.0,246650.0,239166.0,1779356.0,6673200.0,0.0,1.0676416819012795,0.0,0.0,0.0,0.0,0.0,0.0
11262,10,Salim Amani,Musah,7766567.0,17.0,8.0,8.0,2.0,13915.0,134.0,0,4,https://kickbase.b-cdn.net/content/file/06171b2c46b740f29fc107281e5b489c.png,29.0,1,17.0,,"[{""hasPlayed"": true, ""points"": 19}, {""hasPlayed"": true, ""points"": -12}, {""hasPlayed"": true, ""points"": 20}, {""hasPlayed"": true, ""points"": 2}, {""hasPlayed"": false, ""points"": null}]",3,Salim Amani Musah,122716.0,122716.0,184796.0,216245.0,1536697.0,4458330.0,0.0,1.0676416819012795,0.0,0.0,0.0,0.0,0.0,0.0
14923,10,Kenny,Quetant,2858033.0,,,,,,,0,4,https://kickbase.b-cdn.net/content/file/ce71a0ceab994338b9911cf79b91e00c.png,19.0,2,,,"[{""hasPlayed"": false, ""points"": null}, {""hasPlayed"": false, ""points"": null}, {""hasPlayed"": false, ""points"": null}, {""hasPlayed"": false, ""points"": null}, {""hasPlayed"": false, ""points"": null}]",5,Kenny Quetant,-146317.0,-146317.0,-148208.0,-146210.0,-1019006.0,-2214510.0,0.0,1.0676416819012795,0.0,0.0,0.0,0.0,0.0,0.0
14926,10,Darwin,Soylu,2798098.0,,,,,,,0,3,https://kickbase.b-cdn.net/content/file/5cb0e397fead443c8b6edad320c05fb5.png,34.0,2,,,"[{""hasPlayed"": false, ""points"": null}, {""hasPlayed"": false, ""points"": null}, {""hasPlayed"": false, ""points"": null}, {""hasPlayed"": false, ""points"": null}, {""hasPlayed"": false, ""points"": null}]",5,Darwin Soylu,-149650.0,-149650.0,-146758.0,-146807.0,-1051064.0,-1212357.0,0.0,1.0676416819012795,0.0,0.0,0.0,0.0,0.0,0.0
15256,10,Oskar,Wójcik,4408670.0,,,,,,,2,2,https://kickbase.b-cdn.net/content/file/97c455965a994f56b1d9c44f02427633.png,3.0,2,,,"[{""hasPlayed"": false, ""points"": null}, {""hasPlayed"": false, ""points"": null}, {""hasPlayed"": false, ""points"": null}, {""hasPlayed"": false, ""points"": null}, {""hasPlayed"": false, ""points"": null}]",4,Oskar Wójcik,-131470.0,-131470.0,-139380.0,-377014.0,-2079104.0,-1037515.0,0.0,1.0676416819012795,0.0,0.0,0.0,0.0,0.0,0.0
15313,10,Paul,Erevbenagie,5391510.0,,,,,,,0,4,https://kickbase.b-cdn.net/content/file/6e29480ac28c4af59908453b181e813c.png,38.0,1,,,"[{""hasPlayed"": false, ""points"": null}, {""hasPlayed"": false, ""points"": null}, {""hasPlayed"": false, ""points"": null}, {""hasPlayed"": false, ""points"": null}, {""hasPlayed"": false, ""points"": null}]",3,Paul Erevbenagie,268100.0,268100.0,328293.0,378280.0,2600862.0,4891510.0,0.0,1.0676416819012795,0.0,0.0,0.0,0.0,0.0,0.0
493,13,Michael,Gregoritsch,10372917.0,74.0,17.0,17.0,11.0,60067.0,1251.0,0,4,https://kickbase.b-cdn.net/content/file/90d8bfeb702e4fc9a12b70e61d1cada3.png,38.0,2,120.0,,"[{""hasPlayed"": true, ""points"": -15}, {""hasPlayed"": true, ""points"": 273}, {""hasPlayed"": true, ""points"": 132}, {""hasPlayed"": true, ""points"": 75}, {""hasPlayed"": false, ""points"": null}]",2,Michael Gregoritsch,-140965.0,-140965.0,-4357.0,78687.0,591235.0,3446506.0,6.7,1.58530986993114,1.0,0.6896551724137931,1.0,0.0,0.8836206896551724,9.385444
1809,13,Marius,Wolf,2765834.0,24.0,29.0,29.0,12.0,69269.0,686.0,0,3,https://kickbase.b-cdn.net/content/file/a1f80afaec424464a483185498e81a2e.png,27.0,1,248.0,,"[{""hasPlayed"": true, ""points"": 8}, {""hasPlayed"": true, ""points"": 35}, {""hasPlayed"": true, ""points"": 94}, {""hasPlayed"": true, ""points"": 17}, {""hasPlayed"": true, ""points"": 15}]",2,Marius Wolf,380241.0,380241.0,387263.0,387112.0,2144432.0,288126.0,6.5,1.58530986993114,1.0,0.3103448275862069,1.0,0.0,0.7413793103448276,7.639554
1811,13,Jeffrey,Gouweleeuw,10895146.0,62.0,11.0,11.0,10.0,56368.0,684.0,2,2,https://kickbase.b-cdn.net/content/file/12102af2b43f4161bfaeb1a6d0172ad2.png,6.0,1,62.0,,"[{""hasPlayed"": true, ""points"": 47}, {""hasPlayed"": true, ""points"": 78}, {""hasPlayed"": true, ""points"": 79}, {""hasPlayed"": true, ""points"": 62}, {""hasPlayed"": true, ""points"": 93}]",3,Jeffrey Gouweleeuw,-84784.0,-84784.0,65204.0,102965.0,532668.0,4428605.0,0.0,1.58530986993114,0.0,0.0,0.0,0.0,0.0,0.0
2195,13,Finn,Dahmen,16389203.0,90.0,34.0,34.0,34.0,203411.0,3060.0,0,1,https://kickbase.b-cdn.net/content/file/78075846ec2d4f2eaeef6be38fdb6681.png,1.0,1,186.0,,"[{""hasPlayed"": true, ""points"": 28}, {""hasPlayed"": true, ""points"": 77}, {""hasPlayed"": true, ""points"": 109}, {""hasPlayed"": true, ""points"": 87}, {""hasPlayed"": true, ""points"": 274}]",1,Finn Dahmen,45899.0,45899.0,53418.0,82866.0,603763.0,2804301.0,7.9,1.58530986993114,1.0,1.0,1.0,0.0,1.0,12.523948
2274,13,Keven,Schlotterbeck,9945297.0,87.0,24.0,24.0,22.0,136251.0,2080.0,0,2,https://kickbase.b-cdn.net/content/file/32c5da5af6124b1d92fc800121634316.png,31.0,1,209.0,,"[{""hasPlayed"": false, ""points"": null}, {""hasPlayed"": false, ""points"": null}, {""hasPlayed"": true, ""points"": 31}, {""hasPlayed"": false, ""points"": null}, {""hasPlayed"": false, ""points"": null}]",2,Keven Schlotterbeck,107788.0,107788.0,65420.0,-8341.0,-638818.0,-1203118.0,6.9,1.58530986993114,0.6896551724137931,0.6896551724137931,1.0,0.0,0.728448275862069,7.968232
2651,13,Mads,Pedersen,5481030.0,10.0,7.0,7.0,1.0,14713.0,67.0,0,2,https://kickbase.b-cdn.net/content/file/d23570d4b3cc4868802dff2488913f39.png,3.0,2,12.0,,"[{""hasPlayed"": true, ""points"": -4}, {""hasPlayed"": false, ""points"": null}, {""hasPlayed"": false, ""points"": null}, {""hasPlayed"": false, ""points"": null}, {""hasPlayed"": false, ""points"": null}]",5,Mads Pedersen,-557848.0,-557848.0,-549.0,129429.0,502570.0,4981030.0,0.0,1.58530986993114,0.0,0.0,0.0,0.0,0.0,0.0
2764,13,Yannik,Keitel,3288637.0,39.0,6.0,6.0,2.0,16772.0,233.0,0,3,https://kickbase.b-cdn.net/content/file/4f4bc9f6569e49588aa7dd39288b614f.png,14.0,2,70.0,,"[{""hasPlayed"": true, ""points"": -7}, {""hasPlayed"": true, ""points"": 33}, {""hasPlayed"": false, ""points"": null}, {""hasPlayed"": false, ""points"": null}, {""hasPlayed"": false, ""points"": null}]",4,Yannik Keitel,-140227.0,-140227.0,-142068.0,-148731.0,-1010176.0,2042165.0,6.6,1.58530986993114,0.0,0.0,0.0,0.0,0.0,0.0
3143,13,Kristijan,Jakić,1372694.0,56.0,26.0,26.0,18.0,110792.0,1450.0,0,3,https://kickbase.b-cdn.net/content/file/e10151863bbf44bab60284439ee3e070.png,17.0,2,1056.0,,"[{""hasPlayed"": false, ""points"": null}, {""hasPlayed"": true, ""points"": 35}, {""hasPlayed"": true, ""points"": 181}, {""hasPlayed"": true, ""points"": 6}, {""hasPlayed"": false, ""points"": null}]",4,Kristijan Jakić,-57906.0,-57906.0,-86712.0,-100319.0,-712657.0,-2957105.0,7.7,1.58530986993114,0.0,0.0,0.0,0.0,0.0,0.0
3183,13,Anton,Kade,12239474.0,64.0,28.0,28.0,18.0,114106.0,1783.0,0,4,https://kickbase.b-cdn.net/content/file/023539a6ce2b4b2d971d98593d7ce584.png,30.0,1,145.0,,"[{""hasPlayed"": true, ""points"": 53}, {""hasPlayed"": true, ""points"": 108}, {""hasPlayed"": true, ""points"": 306}, {""hasPlayed"": true, ""points"": 147}, {""hasPlayed"": true, ""points"": 72}]",1,Anton Kade,160056.0,160056.0,168002.0,172710.0,1091341.0,5726114.0,7.0,1.58530986993114,1.0,1.0,1.0,0.0,1.0,11.097169
4654,13,Mert,Kömür,5008192.0,53.0,28.0,28.0,17.0,98463.0,1481.0,0,3,https://kickbase.b-cdn.net/content/file/f2c46eb7f8d3482c8bb69240abd7762d.png,36.0,1,295.0,,"[{""hasPlayed"": true, ""points"": -5}, {""hasPlayed"": true, ""points"": 166}, {""hasPlayed"": false, ""points"": null}, {""hasPlayed"": true, ""points"": 1}, {""hasPlayed"": true, ""points"": 41}]",4,Mert Kömür,339978.0,339978.0,344884.0,357685.0,2291531.0,1292461.0,0.0,1.58530986993114,0.0,0.0,0.0,0.0,0.0,0.0
6168,13,Robin,Fellhauer,9830345.0,65.0,34.0,34.0,31.0,182393.0,2209.0,0,3,https://kickbase.b-cdn.net/content/file/c458283e0fd243beb4cd2bd270cbfb54.png,19.0,2,224.0,,"[{""hasPlayed"": true, ""points"": 30}, {""hasPlayed"": true, ""points"": 160}, {""hasPlayed"": true, ""points"": 54}, {""hasPlayed"": true, ""points"": 23}, {""hasPlayed"": true, ""points"": 93}]",1,Robin Fellhauer,-154898.0,-154898.0,-235750.0,-132869.0,-334159.0,3619301.0,6.5,1.58530986993114,1.0,1.0,1.0,0.0,1.0,10.304514
7283,13,Calvin,Brackelmann,4622796.0,,,,,,,0,2,https://kickbase.b-cdn.net/content/file/e13f320cbaad4bad96143f969d2cf434.png,0.0,2,,,"[{""hasPlayed"": false, ""points"": null}, {""hasPlayed"": false, ""points"": null}, {""hasPlayed"": false, ""points"": null}, {""hasPlayed"": false, ""points"": null}, {""hasPlayed"": false, ""points"": null}]",4,Calvin Brackelmann,-133969.0,-133969.0,-295628.0,-307685.0,-1946609.0,-3870092.0,0.0,1.58530986993114,0.0,0.0,0.0,0.0,0.0,0.0
7336,13,Sima,Suso,2854783.0,,,,,,,2,3,https://kickbase.b-cdn.net/content/file/183351daddfd4c36b0c80c411b0e061c.png,0.0,2,,,"[{""hasPlayed"": false, ""points"": null}, {""hasPlayed"": false, ""points"": null}, {""hasPlayed"": false, ""points"": null}, {""hasPlayed"": false, ""points"": null}, {""hasPlayed"": false, ""points"": null}]",5,Sima Suso,-149257.0,-149257.0,-149993.0,-151840.0,-1051271.0,-53963.0,0.0,1.58530986993114,0.0,0.0,0.0,0.0,0.0,0.0
7676,13,Fabian,Rieder,14119355.0,71.0,32.0,32.0,28.0,153869.0,2269.0,0,3,https://kickbase.b-cdn.net/content/file/bdc22db52af641168bf48d012401bd6b.png,32.0,1,160.0,,"[{""hasPlayed"": true, ""points"": 35}, {""hasPlayed"": true, ""points"": 134}, {""hasPlayed"": true, ""points"": 78}, {""hasPlayed"": true, ""points"": 77}, {""hasPlayed"": true, ""points"": 262}]",1,Fabian Rieder,172007.0,172007.0,199585.0,200153.0,1409817.0,5787091.0,6.7,1.58530986993114,1.0,1.0,1.0,0.0,1.0,10.621576
7696,13,Nediljko,Labrović,1604956.0,,,,,,,0,1,https://kickbase.b-cdn.net/content/file/ab74d9253f714c34b29783c84700fd13.png,22.0,2,,,"[{""hasPlayed"": false, ""points"": null}, {""hasPlayed"": false, ""points"": null}, {""hasPlayed"": false, ""points"": null}, {""hasPlayed"": false, ""points"": null}, {""hasPlayed"": false, ""points"": null}]",5,Nediljko Labrović,-145327.0,-145327.0,-151053.0,-151213.0,-1056395.0,1104956.0,0.0,1.58530986993114,0.0,0.0,0.0,0.0,0.0,0.0
8355,13,Noahkai,Banks,5289168.0,73.0,23.0,23.0,20.0,114349.0,1668.0,0,2,https://kickbase.b-cdn.net/content/file/eee3a63f6cd84553ac20c6854134da5c.png,40.0,2,315.0,,"[{""hasPlayed"": true, ""points"": 46}, {""hasPlayed"": false, ""points"": null}, {""hasPlayed"": false, ""points"": null}, {""hasPlayed"": false, ""points"": null}, {""hasPlayed"": false, ""points"": null}]",3,Noahkai Banks,-122065.0,-122065.0,-211342.0,-236815.0,-1823200.0,-525860.0,7.5,1.58530986993114,0.36511156186612576,0.3103448275862069,0.0,0.0,0.2989350912778905,3.554286
9642,13,Chrislain,Matsima,12187348.0,82.0,18.0,18.0,17.0,99447.0,1473.0,0,2,https://kickbase.b-cdn.net/content/file/0337794cdbe74c759f6ea4c6ac9c796b.png,5.0,1,120.0,,"[{""hasPlayed"": true, ""points"": 9}, {""hasPlayed"": true, ""points"": 82}, {""hasPlayed"": true, ""points"": 65}, {""hasPlayed"": true, ""points"": 2}, {""hasPlayed"": false, ""points"": null}]",2,Chrislain Matsima,195560.0,195560.0,184235.0,194397.0,1320103.0,2183112.0,7.0,1.58530986993114,1.0,1.0,1.0,0.0,1.0,11.097169
9684,13,Alexis,Claude-Maurice,9701325.0,80.0,29.0,29.0,25.0,136499.0,2314.0,2,3,https://kickbase.b-cdn.net/content/file/6fcd0e7bf78f4355ac28aecef9efb589.png,20.0,2,238.0,,"[{""hasPlayed"": false, ""points"": null}, {""hasPlayed"": true, ""points"": 24}, {""hasPlayed"": true, ""points"": 139}, {""hasPlayed"": true, ""points"": 91}, {""hasPlayed"": true, ""points"": 42}]",4,Alexis Claude-Maurice,-283413.0,-283413.0,-474630.0,-417142.0,-2464846.0,-292277.0,0.0,1.58530986993114,0.0,0.0,0.0,0.0,0.0,0.0
9965,13,Faik,Sakar,5382195.0,,,,,,,0,3,https://kickbase.b-cdn.net/content/file/8acfc6a0b1524998999efe1e686302d4.png,0.0,2,,,"[{""hasPlayed"": false, ""points"": null}, {""hasPlayed"": false, ""points"": null}, {""hasPlayed"": false, ""points"": null}, {""hasPlayed"": false, ""points"": null}, {""hasPlayed"": false, ""points"": null}]",5,Faik Sakar,-607180.0,-607180.0,-464063.0,12931.0,-248891.0,4882195.0,0.0,1.58530986993114,0.0,0.0,0.0,0.0,0.0,0.0
10049,13,Hennes,Behrens,10769928.0,68.0,16.0,16.0,15.0,87282.0,1093.0,0,2,https://kickbase.b-cdn.net/content/file/18dac711dedc44698522f7c499401190.png,0.0,1,101.0,,"[{""hasPlayed"": true, ""points"": 39}, {""hasPlayed"": true, ""points"": 103}, {""hasPlayed"": true, ""points"": 62}, {""hasPlayed"": true, ""points"": 123}, {""hasPlayed"": true, ""points"": 33}]",1,Hennes Behrens,156729.0,156729.0,173332.0,176589.0,1733234.0,7046546.0,7.0,1.58530986993114,1.0,1.0,1.0,0.0,1.0,11.097169
11556,13,Han-Noah,Massengo,9835144.0,59.0,33.0,33.0,29.0,158322.0,1949.0,0,3,https://kickbase.b-cdn.net/content/file/d5c086e505984d7ba4c7e0af23d1a901.png,4.0,1,198.0,,"[{""hasPlayed"": true, ""points"": -5}, {""hasPlayed"": true, ""points"": 22}, {""hasPlayed"": true, ""points"": 26}, {""hasPlayed"": true, ""points"": 64}, {""hasPlayed"": true, ""points"": 107}]",2,Han-Noah Massengo,21730.0,21730.0,40661.0,56672.0,536484.0,4667059.0,7.4,1.58530986993114,1.0,1.0,1.0,0.0,1.0,11.731293
12341,13,Rodrigo,Ribeiro,3781260.0,38.0,14.0,14.0,6.0,41356.0,529.0,0,4,https://kickbase.b-cdn.net/content/file/7d60acf2c66d45288438f5f879775e01.png,21.0,2,139.0,,"[{""hasPlayed"": true, ""points"": 11}, {""hasPlayed"": true, ""points"": 20}, {""hasPlayed"": true, ""points"": 21}, {""hasPlayed"": true, ""points"": 18}, {""hasPlayed"": true, ""points"": 66}]",4,Rodrigo Ribeiro,-55611.0,-55611.0,-68630.0,-81651.0,-581638.0,2030344.0,6.6,1.58530986993114,0.0,0.3103448275862069,0.0,0.0,0.1163793103448276,1.217682
13479,13,Uchenna,Ogundu,5802829.0,18.0,5.0,5.0,0.0,4536.0,88.0,0,4,https://kickbase.b-cdn.net/content/file/c9277b2f662b4b60a7ad1b27ddb68201.png,39.0,2,15.0,,"[{""hasPlayed"": true, ""points"": 22}, {""hasPlayed"": false, ""points"": null}, {""hasPlayed"": false, ""points"": null}, {""hasPlayed"": false, ""points"": null}, {""hasPlayed"": true, ""points"": 56}]",5,Uchenna Ogundu,-556909.0,-556909.0,-4383.0,116663.0,442567.0,5302829.0,0.0,1.58530986993114,0.0,0.0,0.0,0.0,0.0,0.0
32,8,Loris,Karius,16968674.0,,,,,,,0,1,https://kickbase.b-cdn.net/content/file/9b53a17786bd45d8b843b3e188f2ceae.png,1.0,1,,,"[{""hasPlayed"": false, ""points"": null}, {""hasPlayed"": false, ""points"": null}, {""hasPlayed"": false, ""points"": null}, {""hasPlayed"": false, ""points"": null}, {""hasPlayed"": false, ""points"": null}]",1,Loris Karius,48451.0,48451.0,75068.0,98919.0,727778.0,4549165.0,6.4,1.1514919663351186,1.0,1.0,1.0,0.0,1.0,7.369549
670,8,Kenan,Karaman,13842305.0,,,,,,,2,4,https://kickbase.b-cdn.net/content/file/3eb5c46b23e042a4b366137871517bbe.png,19.0,2,,,"[{""hasPlayed"": false, ""points"": null}, {""hasPlayed"": false, ""points"": null}, {""hasPlayed"": false, ""points"": null}, {""hasPlayed"": false, ""points"": null}, {""hasPlayed"": false, ""points"": null}]",3,Kenan Karaman,-467084.0,-467084.0,-463656.0,-430541.0,-1781312.0,1395042.0,0.0,1.1514919663351186,0.0,0.0,0.0,0.0,0.0,0.0
755,8,Kevin,Müller,500000.0,,,,,,,0,1,https://kickbase.b-cdn.net/content/file/9267ef7e0ff04d8d8f68116e2baab8fa.png,22.0,0,,,"[{""hasPlayed"": false, ""points"": null}, {""hasPlayed"": false, ""points"": null}, {""hasPlayed"": false, ""points"": null}, {""hasPlayed"": false, ""points"": null}, {""hasPlayed"": false, ""points"": null}]",5,Kevin Müller,0.0,0.0,0.0,0.0,-362367.0,-359577.0,0.0,1.1514919663351186,0.0,0.0,0.0,0.0,0.0,0.0
1012,8,Edin,Džeko,10151652.0,,,,,,,0,4,https://kickbase.b-cdn.net/content/file/31e382a514fb4fd0a7b6bf028b56f839.png,0.0,1,,,"[{""hasPlayed"": false, ""points"": null}, {""hasPlayed"": false, ""points"": null}, {""hasPlayed"": false, ""points"": null}, {""hasPlayed"": false, ""points"": null}, {""hasPlayed"": false, ""points"": null}]",4,Edin Džeko,211010.0,211010.0,233613.0,258017.0,1779587.0,9651652.0,6.4,1.1514919663351186,0.3103448275862069,0.0,0.0,0.0,0.15517241379310345,1.143551
1691,8,Finn,Porath,3926048.0,,,,,,,0,3,https://kickbase.b-cdn.net/content/file/250d4c6c00a74d8b9604ba54ec4385fd.png,27.0,2,,,"[{""hasPlayed"": false, ""points"": null}, {""hasPlayed"": false, ""points"": null}, {""hasPlayed"": false, ""points"": null}, {""hasPlayed"": false, ""points"": null}, {""hasPlayed"": false, ""points"": null}]",5,Finn Porath,-144042.0,-144042.0,-148479.0,-148112.0,-1865671.0,3335297.0,0.0,1.1514919663351186,0.0,0.0,0.0,0.0,0.0,0.0
1911,8,Anton,Donkor,4217643.0,,,,,,,0,2,https://kickbase.b-cdn.net/content/file/0db1ac5e9cad4c9bbb22a84b1c0a00af.png,30.0,2,,,"[{""hasPlayed"": false, ""points"": null}, {""hasPlayed"": false, ""points"": null}, {""hasPlayed"": false, ""points"": null}, {""hasPlayed"": false, ""points"": null}, {""hasPlayed"": false, ""points"": null}]",5,Anton Donkor,-146909.0,-146909.0,-145586.0,-156615.0,-1928391.0,3587143.0,0.0,1.1514919663351186,0.0,0.0,0.0,0.0,0.0,0.0
2762,8,Timo,Becker,6253215.0,,,,,,,0,2,https://kickbase.b-cdn.net/content/file/f1cc618a8f9e4121bc762da081feea87.png,5.0,1,,,"[{""hasPlayed"": false, ""points"": null}, {""hasPlayed"": false, ""points"": null}, {""hasPlayed"": false, ""points"": null}, {""hasPlayed"": false, ""points"": null}, {""hasPlayed"": false, ""points"": null}]",3,Timo Becker,308070.0,308070.0,305773.0,316497.0,1431525.0,-542770.0,7.0,1.1514919663351186,0.6896551724137931,0.6896551724137931,1.0,0.0,0.728448275862069,5.871616
2876,8,Ron,Schallenberg,6487006.0,,,,,,,0,3,https://kickbase.b-cdn.net/content/file/9f2d8e42f6bc438a9b4808262a3b2349.png,6.0,2,,,"[{""hasPlayed"": false, ""points"": null}, {""hasPlayed"": false, ""points"": null}, {""hasPlayed"": false, ""points"": null}, {""hasPlayed"": false, ""points"": null}, {""hasPlayed"": false, ""points"": null}]",3,Ron Schallenberg,-350828.0,-350828.0,-347842.0,-370255.0,-1808313.0,2138739.0,6.0,1.1514919663351186,0.3103448275862069,0.3103448275862069,0.0,0.0,0.27155172413793105,1.876138
2967,8,Soufiane,El-Faouzi,15073209.0,,,,,,,0,3,https://kickbase.b-cdn.net/content/file/08eca83815c745e1b44ccab6f89b6778.png,23.0,1,,,"[{""hasPlayed"": false, ""points"": null}, {""hasPlayed"": false, ""points"": null}, {""hasPlayed"": false, ""points"": null}, {""hasPlayed"": false, ""points"": null}, {""hasPlayed"": false, ""points"": null}]",1,Soufiane El-Faouzi,100116.0,100116.0,120069.0,116805.0,879029.0,4481376.0,7.4,1.1514919663351186,1.0,1.0,1.0,0.0,1.0,8.521041
3029,8,Dejan,Ljubičić,5598936.0,,,,,,,0,3,https://kickbase.b-cdn.net/content/file/98ab54f781d048c8b864ceba5bc2f7d4.png,21.0,2,,,"[{""hasPlayed"": false, ""points"": null}, {""hasPlayed"": false, ""points"": null}, {""hasPlayed"": false, ""points"": null}, {""hasPlayed"": false, ""points"": null}, {""hasPlayed"": false, ""points"": null}]",3,Dejan Ljubičić,-266438.0,-266438.0,-249725.0,-273944.0,-1787803.0,-2007018.0,6.7,1.1514919663351186,0.6896551724137931,0.3103448275862069,1.0,0.0,0.5862068965517242,4.522584
3307,8,Janik,Bachmann,1532564.0,,,,,,,0,3,https://kickbase.b-cdn.net/content/file/428a68b3510c4b3ba91bef10ecd9fff2.png,14.0,2,,,"[{""hasPlayed"": false, ""points"": null}, {""hasPlayed"": false, ""points"": null}, {""hasPlayed"": false, ""points"": null}, {""hasPlayed"": false, ""points"": null}, {""hasPlayed"": false, ""points"": null}]",5,Janik Bachmann,-140272.0,-140272.0,-146146.0,-143635.0,-1031353.0,-2086787.0,6.8,1.1514919663351186,0.0,0.0,0.0,0.0,0.0,0.0
4406,8,Éric,Dina Ebimbe,5118801.0,,,,,,,0,3,https://kickbase.b-cdn.net/content/file/afbea634b0e842279a632beb83f7cfbd.png,0.0,2,,,"[{""hasPlayed"": false, ""points"": null}, {""hasPlayed"": false, ""points"": null}, {""hasPlayed"": false, ""points"": null}, {""hasPlayed"": false, ""points"": null}, {""hasPlayed"": false, ""points"": null}]",3,Éric Dina Ebimbe,21697.0,21697.0,-58361.0,-175081.0,-1109169.0,4618801.0,0.0,1.1514919663351186,0.0,0.0,0.0,0.0,0.0,0.0
4606,8,Hasan,Kuruçay,12805727.0,,,,,,,0,2,https://kickbase.b-cdn.net/content/file/6448b21aef9940588bd94029c6f79831.png,4.0,2,,,"[{""hasPlayed"": false, ""points"": null}, {""hasPlayed"": false, ""points"": null}, {""hasPlayed"": false, ""points"": null}, {""hasPlayed"": false, ""points"": null}, {""hasPlayed"": false, ""points"": null}]",2,Hasan Kuruçay,-172473.0,-172473.0,-22354.0,21577.0,114209.0,3050103.0,6.1,1.1514919663351186,1.0,1.0,1.0,0.0,1.0,7.024101
6172,8,Junior,Adamu,6303785.0,47.0,9.0,9.0,7.0,28586.0,419.0,0,4,https://kickbase.b-cdn.net/content/file/61eaae6121e34a598bac55925001ce96.png,20.0,2,66.0,,"[{""hasPlayed"": false, ""points"": null}, {""hasPlayed"": false, ""points"": null}, {""hasPlayed"": false, ""points"": null}, {""hasPlayed"": false, ""points"": null}, {""hasPlayed"": false, ""points"": null}]",3,Junior Adamu,-153603.0,-153603.0,-149799.0,-184611.0,-1411513.0,-1533842.0,6.3,1.1514919663351186,0.6896551724137931,0.6896551724137931,1.0,0.0,0.728448275862069,5.284455
7156,8,Maximilian,Wöber,3826872.0,33.0,2.0,2.0,0.0,2759.0,66.0,0,2,https://kickbase.b-cdn.net/content/file/aa8759270ae54b79851feea4f7769c01.png,39.0,2,17.0,,"[{""hasPlayed"": false, ""points"": null}, {""hasPlayed"": true, ""points"": 22}, {""hasPlayed"": false, ""points"": null}, {""hasPlayed"": true, ""points"": 44}, {""hasPlayed"": false, ""points"": null}]",4,Maximilian Wöber,-126534.0,-126534.0,-128889.0,-125547.0,-891760.0,2127147.0,6.5,1.1514919663351186,0.0,0.0,0.0,0.0,0.0,0.0
7242,8,Robin,Gosens,10658341.0,,,,,,,0,2,https://kickbase.b-cdn.net/content/file/aad327c722fd45e2a843dfbba1484126.png,8.0,1,,,"[{""hasPlayed"": false, ""points"": null}, {""hasPlayed"": false, ""points"": null}, {""hasPlayed"": false, ""points"": null}, {""hasPlayed"": false, ""points"": null}, {""hasPlayed"": false, ""points"": null}]",3,Robin Gosens,121702.0,121702.0,144358.0,178959.0,1645728.0,1344803.0,0.0,1.1514919663351186,0.0,0.0,0.0,0.0,0.0,0.0
8222,8,Moussa,Sylla,9896047.0,,,,,,,0,4,https://kickbase.b-cdn.net/content/file/9e29701cd06e47cb89a5e43674193068.png,9.0,1,,,"[{""hasPlayed"": false, ""points"": null}, {""hasPlayed"": false, ""points"": null}, {""hasPlayed"": false, ""points"": null}, {""hasPlayed"": false, ""points"": null}, {""hasPlayed"": false, ""points"": null}]",3,Moussa Sylla,57509.0,57509.0,106204.0,135817.0,874182.0,3934987.0,6.6,1.1514919663351186,0.36511156186612576,0.3103448275862069,0.0,0.0,0.2989350912778905,2.271861
8235,8,Adrian,Gantenbein,500000.0,,,,,,,1,2,https://kickbase.b-cdn.net/content/file/20ff107cb10149319ad76cc948de9e70.png,17.0,0,,,"[{""hasPlayed"": false, ""points"": null}, {""hasPlayed"": false, ""points"": null}, {""hasPlayed"": false, ""points"": null}, {""hasPlayed"": false, ""points"": null}, {""hasPlayed"": false, ""points"": null}]",5,Adrian Gantenbein,0.0,0.0,0.0,0.0,0.0,-2416665.0,0.0,1.1514919663351186,0.0,0.0,0.0,0.0,0.0,0.0
8277,8,Vitalie,Becker,8055580.0,,,,,,,0,2,https://kickbase.b-cdn.net/content/file/e467725d314c414688deb0c9754900e0.png,33.0,2,,,"[{""hasPlayed"": false, ""points"": null}, {""hasPlayed"": false, ""points"": null}, {""hasPlayed"": false, ""points"": null}, {""hasPlayed"": false, ""points"": null}, {""hasPlayed"": false, ""points"": null}]",3,Vitalie Becker,-344798.0,-344798.0,-56545.0,83261.0,258079.0,2125006.0,5.9,1.1514919663351186,0.6896551724137931,0.0,1.0,0.0,0.4698275862068966,3.191916
9390,8,Max,Grüger,1671655.0,,,,,,,0,3,https://kickbase.b-cdn.net/content/file/8a2c62c732764e97bafa4b50c345cd3c.png,37.0,2,,,"[{""hasPlayed"": false, ""points"": null}, {""hasPlayed"": false, ""points"": null}, {""hasPlayed"": false, ""points"": null}, {""hasPlayed"": false, ""points"": null}, {""hasPlayed"": false, ""points"": null}]",5,Max Grüger,-142857.0,-142857.0,-144854.0,-149636.0,-1031993.0,-2569404.0,0.0,1.1514919663351186,0.0,0.0,0.0,0.0,0.0,0.0
10916,8,Mert Can,Ayhan,8286524.0,,,,,,,0,2,https://kickbase.b-cdn.net/content/file/130406d171884bb486982e8fe381150c.png,43.0,2,,,"[{""hasPlayed"": false, ""points"": null}, {""hasPlayed"": false, ""points"": null}, {""hasPlayed"": false, ""points"": null}, {""hasPlayed"": false, ""points"": null}, {""hasPlayed"": false, ""points"": null}]",3,Mert Can Ayhan,-294368.0,-294368.0,-315230.0,-335886.0,-1720310.0,1269429.0,6.1,1.1514919663351186,0.3103448275862069,0.3103448275862069,0.0,0.0,0.27155172413793105,1.907407
11255,8,Nikola,Katic,15026803.0,,,,,,,0,2,https://kickbase.b-cdn.net/content/file/74d1dd6590234bdb8e0d4bd266d6c531.png,25.0,1,,,"[{""hasPlayed"": false, ""points"": null}, {""hasPlayed"": false, ""points"": null}, {""hasPlayed"": false, ""points"": null}, {""hasPlayed"": false, ""points"": null}, {""hasPlayed"": false, ""points"": null}]",1,Nikola Katic,89448.0,89448.0,104119.0,109943.0,836655.0,3848290.0,6.7,1.1514919663351186,1.0,1.0,1.0,0.0,1.0,7.714996
11964,8,Christian,Gomis,3029505.0,,,,,,,0,4,https://kickbase.b-cdn.net/content/file/86eb275dff074b3fac2607cbc0e0cf2a.png,7.0,2,,,"[{""hasPlayed"": false, ""points"": null}, {""hasPlayed"": false, ""points"": null}, {""hasPlayed"": false, ""points"": null}, {""hasPlayed"": false, ""points"": null}, {""hasPlayed"": false, ""points"": null}]",5,Christian Gomis,-146498.0,-146498.0,-145627.0,-142734.0,-1024317.0,-381847.0,6.4,1.1514919663351186,0.0,0.0,0.0,0.0,0.0,0.0
12158,8,Luca,Vozar,1934781.0,,,,,,,0,3,https://kickbase.b-cdn.net/content/file/48805a793bcc4f09abdd1e903981c421.png,38.0,1,,,"[{""hasPlayed"": false, ""points"": null}, {""hasPlayed"": false, ""points"": null}, {""hasPlayed"": false, ""points"": null}, {""hasPlayed"": false, ""points"": null}, {""hasPlayed"": false, ""points"": null}]",5,Luca Vozar,369819.0,369819.0,356083.0,338629.0,1434781.0,1434781.0,6.7,1.1514919663351186,0.0,0.0,0.0,0.0,0.0,0.0
12297,8,Satoshi,Tanaka,5629788.0,,,,,,,0,3,https://kickbase.b-cdn.net/content/file/450d1dc6d03543289c75d4e5e117d7e1.png,13.0,2,,,"[{""hasPlayed"": false, ""points"": null}, {""hasPlayed"": false, ""points"": null}, {""hasPlayed"": false, ""points"": null}, {""hasPlayed"": false, ""points"": null}, {""hasPlayed"": false, ""points"": null}]",3,Satoshi Tanaka,-137990.0,-137990.0,-137163.0,-157439.0,-1202760.0,-2120885.0,6.8,1.1514919663351186,0.6896551724137931,0.6896551724137931,1.0,0.0,0.728448275862069,5.703856
13431,8,Johannes Simon,Siebeking,1533786.0,,,,,,,0,1,https://kickbase.b-cdn.net/content/file/c6ff39d185b14c30a66421c5c78c245e.png,36.0,2,,,"[{""hasPlayed"": false, ""points"": null}, {""hasPlayed"": false, ""points"": null}, {""hasPlayed"": false, ""points"": null}, {""hasPlayed"": false, ""points"": null}, {""hasPlayed"": false, ""points"": null}]",5,Johannes Simon Siebeking,-146650.0,-146650.0,-151071.0,-151116.0,-1060248.0,441630.0,0.0,1.1514919663351186,0.0,0.0,0.0,0.0,0.0,0.0
13448,8,Adil,Aouchiche,15401473.0,,,,,,,0,3,https://kickbase.b-cdn.net/content/file/8ac09c4f6e974d80a4bc1aff9ad6768d.png,24.0,1,,,"[{""hasPlayed"": false, ""points"": null}, {""hasPlayed"": false, ""points"": null}, {""hasPlayed"": false, ""points"": null}, {""hasPlayed"": false, ""points"": null}, {""hasPlayed"": false, ""points"": null}]",1,Adil Aouchiche,88171.0,88171.0,112260.0,126274.0,864988.0,4423768.0,5.8,1.1514919663351186,1.0,1.0,1.0,0.0,1.0,6.678653
