id,teamId,firstName,lastName,marketValue,averagePoints,games,gamesPlayed,start11,totalPlaytimeS,totalPoints,status,position,playerImage,number,trend,pointsPerValue,pointsStdDev,history,startProbability,name,marketChangeToday,score
173,2,Jonathan,Tah,36786174.0,127.0,28.0,28.0,23.0,135209.0,3559.0,0,2,https://kickbase.b-cdn.net/content/file/bbdbcc801d7245e79786231de87b80b7.png,4.0,1,96.0,,"[{""hasPlayed"": true, ""points"": 146}, {""hasPlayed"": true, ""points"": 53}, {""hasPlayed"": true, ""points"": 84}, {""hasPlayed"": true, ""points"": 59}, {""hasPlayed"": false, ""points"": null}]",1,Jonathan Tah,48730.0,28000000
237,2,Manuel,Neuer,12761537.0,95.0,22.0,22.0,22.0,124205.0,2083.0,0,1,https://kickbase.b-cdn.net/content/file/aadd45c3d6354126886481e0a33a3c1f.png,1.0,1,163.0,,"[{""hasPlayed"": true, ""points"": 45}, {""hasPlayed"": false, ""points"": null}, {""hasPlayed"": false, ""points"": null}, {""hasPlayed"": false, ""points"": null}, {""hasPlayed"": false, ""points"": null}]",2,Manuel Neuer,70077.0,4000000
383,2,Sven,Ulreich,1858016.0,125.0,1.0,1.0,1.0,6244.0,125.0,0,1,https://kickbase.b-cdn.net/content/file/903ab63179ea4d5bb2d3308d33ed94a8.png,26.0,2,67.0,,"[{""hasPlayed"": false, ""points"": null}, {""hasPlayed"": false, ""points"": null}, {""hasPlayed"": false, ""points"": null}, {""hasPlayed"": false, ""points"": null}, {""hasPlayed"": false, ""points"": null}]",5,Sven Ulreich,-210462.0,500000
1685,2,Joshua,Kimmich,59676168.0,186.0,29.0,29.0,24.0,151968.0,5391.0,0,3,https://kickbase.b-cdn.net/content/file/e84941ae3809492c84e8f8bad5b3791e.png,6.0,1,90.0,,"[{""hasPlayed"": true, ""points"": 317}, {""hasPlayed"": true, ""points"": 238}, {""hasPlayed"": true, ""points"": 83}, {""hasPlayed"": false, ""points"": null}, {""hasPlayed"": true, ""points"": 215}]",1,Joshua Kimmich,27719.0,35000000
1961,2,Serge,Gnabry,17314237.0,142.0,21.0,21.0,16.0,80707.0,2980.0,2,3,https://kickbase.b-cdn.net/content/file/e88435a468a14a10b3e6894bbc3bb0a1.png,7.0,2,172.0,,"[{""hasPlayed"": false, ""points"": null}, {""hasPlayed"": false, ""points"": null}, {""hasPlayed"": false, ""points"": null}, {""hasPlayed"": false, ""points"": null}, {""hasPlayed"": false, ""points"": null}]",5,Serge Gnabry,-413437.0,18000000
1991,2,Dayotchanculle,Upamecano,33676981.0,119.0,24.0,24.0,21.0,119193.0,2858.0,0,2,https://kickbase.b-cdn.net/content/file/786ab7fb4f394b598ffdd4d09c323bfa.png,2.0,1,84.0,,"[{""hasPlayed"": true, ""points"": 152}, {""hasPlayed"": true, ""points"": 71}, {""hasPlayed"": false, ""points"": null}, {""hasPlayed"": false, ""points"": null}, {""hasPlayed"": false, ""points"": null}]",2,Dayotchanculle Upamecano,66183.0,75000000
2038,2,Konrad,Laimer,33290901.0,136.0,29.0,29.0,22.0,131747.0,3943.0,2,2,https://kickbase.b-cdn.net/content/file/5facdf754a204792b327d0754f2ede01.png,27.0,2,118.0,,"[{""hasPlayed"": true, ""points"": 69}, {""hasPlayed"": true, ""points"": 135}, {""hasPlayed"": true, ""points"": 95}, {""hasPlayed"": true, ""points"": 241}, {""hasPlayed"": true, ""points"": 39}]",3,Konrad Laimer,-581587.0,32000000
2300,2,Josip,Stanišić,24348104.0,128.0,26.0,26.0,19.0,124437.0,3330.0,2,2,https://kickbase.b-cdn.net/content/file/0828c39abfa3434387731b4125f9c877.png,44.0,2,136.0,,"[{""hasPlayed"": true, ""points"": 70}, {""hasPlayed"": true, ""points"": 172}, {""hasPlayed"": true, ""points"": 46}, {""hasPlayed"": true, ""points"": 72}, {""hasPlayed"": true, ""points"": 105}]",3,Josip Stanišić,-309066.0,40000000
2366,2,Alphonso,Davies,13693052.0,86.0,13.0,13.0,6.0,36386.0,1116.0,0,2,https://kickbase.b-cdn.net/content/file/c425ab49434449f08f28bcd1ae8b303d.png,19.0,2,81.0,,"[{""hasPlayed"": false, ""points"": null}, {""hasPlayed"": false, ""points"": null}, {""hasPlayed"": true, ""points"": 63}, {""hasPlayed"": true, ""points"": 92}, {""hasPlayed"": true, ""points"": 200}]",3,Alphonso Davies,-292813.0,40000000
2804,2,Jamal,Musiala,35254956.0,98.0,15.0,15.0,7.0,45579.0,1476.0,2,3,https://kickbase.b-cdn.net/content/file/0874c227bdbf4d93b915953ecd463f34.png,10.0,1,41.0,,"[{""hasPlayed"": true, ""points"": 36}, {""hasPlayed"": true, ""points"": 100}, {""hasPlayed"": true, ""points"": 42}, {""hasPlayed"": true, ""points"": 198}, {""hasPlayed"": true, ""points"": 125}]",3,Jamal Musiala,38967.0,100000000
3072,2,Jonas,Urbig,9449053.0,114.0,14.0,14.0,11.0,73976.0,1591.0,0,1,https://kickbase.b-cdn.net/content/file/c0e433f099ae43b186eae925a0234c11.png,40.0,2,168.0,,"[{""hasPlayed"": true, ""points"": 41}, {""hasPlayed"": true, ""points"": 187}, {""hasPlayed"": true, ""points"": 80}, {""hasPlayed"": true, ""points"": 204}, {""hasPlayed"": true, ""points"": 150}]",4,Jonas Urbig,-240469.0,18000000
3089,2,Hiroki,Ito,4660152.0,103.0,16.0,16.0,10.0,60821.0,1652.0,0,2,https://kickbase.b-cdn.net/content/file/da6a70c8cd1d413f9143de52e07a8ee7.png,21.0,2,354.0,,"[{""hasPlayed"": false, ""points"": null}, {""hasPlayed"": true, ""points"": 145}, {""hasPlayed"": true, ""points"": 117}, {""hasPlayed"": true, ""points"": 153}, {""hasPlayed"": true, ""points"": 129}]",5,Hiroki Ito,-71251.0,18000000
3120,2,Tom,Bischof,22014468.0,118.0,26.0,26.0,14.0,88493.0,3077.0,0,3,https://kickbase.b-cdn.net/content/file/f25237e8f3a640479c355850b4139da6.png,8.0,1,139.0,,"[{""hasPlayed"": true, ""points"": 268}, {""hasPlayed"": true, ""points"": 228}, {""hasPlayed"": false, ""points"": null}, {""hasPlayed"": false, ""points"": null}, {""hasPlayed"": false, ""points"": null}]",3,Tom Bischof,141854.0,40000000
3176,2,Arijon,Ibrahimović,4370847.0,57.0,32.0,32.0,25.0,140654.0,1838.0,0,3,https://kickbase.b-cdn.net/content/file/f6128e01598c4fc99e4475770cee5ee4.png,0.0,2,420.0,,"[{""hasPlayed"": true, ""points"": 7}, {""hasPlayed"": true, ""points"": 264}, {""hasPlayed"": true, ""points"": 114}, {""hasPlayed"": true, ""points"": 29}, {""hasPlayed"": true, ""points"": 62}]",5,Arijon Ibrahimović,-68625.0,10000000
3543,2,Nathaniel,Brown,28700467.0,83.0,33.0,33.0,29.0,176484.0,2726.0,0,2,https://kickbase.b-cdn.net/content/file/a6bbeb9411db465cb0b0b5dac3fd61a4.png,0.0,1,94.0,,"[{""hasPlayed"": true, ""points"": 70}, {""hasPlayed"": true, ""points"": 26}, {""hasPlayed"": true, ""points"": 38}, {""hasPlayed"": true, ""points"": 166}, {""hasPlayed"": true, ""points"": 31}]",3,Nathaniel Brown,81734.0,50000000
6080,2,Aleksandar,Pavlović,31779334.0,119.0,24.0,24.0,16.0,98316.0,2844.0,0,3,https://kickbase.b-cdn.net/content/file/edb0e886b6a545f1b564cd3d24c6e4b3.png,45.0,1,89.0,,"[{""hasPlayed"": false, ""points"": null}, {""hasPlayed"": false, ""points"": null}, {""hasPlayed"": true, ""points"": 43}, {""hasPlayed"": true, ""points"": 68}, {""hasPlayed"": false, ""points"": null}]",1,Aleksandar Pavlović,93308.0,90000000
6668,2,Kim,Minjae,9375449.0,124.0,25.0,25.0,19.0,106765.0,3112.0,2,2,https://kickbase.b-cdn.net/content/file/5c6879180be846a0be7608b367bb4100.png,3.0,2,331.0,,"[{""hasPlayed"": false, ""points"": null}, {""hasPlayed"": true, ""points"": 173}, {""hasPlayed"": true, ""points"": 166}, {""hasPlayed"": true, ""points"": 148}, {""hasPlayed"": true, ""points"": 125}]",4,Kim Minjae,-246093.0,20000000
7226,2,Harry,Kane,68648299.0,216.0,31.0,31.0,25.0,158399.0,6703.0,0,4,https://kickbase.b-cdn.net/content/file/5f6dd618010f4c54a4039708d3ed0a0a.png,9.0,1,97.0,,"[{""hasPlayed"": true, ""points"": 415}, {""hasPlayed"": true, ""points"": 53}, {""hasPlayed"": true, ""points"": 45}, {""hasPlayed"": true, ""points"": 150}, {""hasPlayed"": true, ""points"": 163}]",1,Harry Kane,24472.0,60000000
7498,2,Sacha,Boey,1840207.0,70.0,9.0,9.0,5.0,30468.0,628.0,0,2,https://kickbase.b-cdn.net/content/file/8b2dd6f9c82142b3a8f588b86defc822.png,0.0,1,341.0,,"[{""hasPlayed"": false, ""points"": null}, {""hasPlayed"": false, ""points"": null}, {""hasPlayed"": false, ""points"": null}, {""hasPlayed"": false, ""points"": null}, {""hasPlayed"": false, ""points"": null}]",5,Sacha Boey,336551.0,10000000
8329,2,Michael,Olise,64588226.0,225.0,32.0,32.0,23.0,154488.0,7185.0,0,3,https://kickbase.b-cdn.net/content/file/42c4a07d3d9a4dd0a7a4d68a1e5b5fee.png,17.0,1,111.0,,"[{""hasPlayed"": true, ""points"": 81}, {""hasPlayed"": true, ""points"": 334}, {""hasPlayed"": true, ""points"": 290}, {""hasPlayed"": true, ""points"": 166}, {""hasPlayed"": true, ""points"": 152}]",1,Michael Olise,34321.0,170000000
10789,2,Lennart,Karl,24059807.0,106.0,26.0,26.0,16.0,84581.0,2765.0,2,3,https://kickbase.b-cdn.net/content/file/70997dc609a7466ebc62a28327fcd5c0.png,42.0,2,114.0,,"[{""hasPlayed"": true, ""points"": 194}, {""hasPlayed"": true, ""points"": 57}, {""hasPlayed"": false, ""points"": null}, {""hasPlayed"": false, ""points"": null}, {""hasPlayed"": false, ""points"": null}]",4,Lennart Karl,-314133.0,60000000
11675,2,Luis,Díaz,53300314.0,178.0,32.0,32.0,27.0,163321.0,5698.0,0,4,https://kickbase.b-cdn.net/content/file/8be4ef70fac349c3920923d1d22c624f.png,14.0,1,106.0,,"[{""hasPlayed"": true, ""points"": 205}, {""hasPlayed"": true, ""points"": 50}, {""hasPlayed"": true, ""points"": 54}, {""hasPlayed"": true, ""points"": 30}, {""hasPlayed"": true, ""points"": 225}]",1,Luis Díaz,36000.0,70000000
12314,2,Bara Sapoko,Ndiaye,2991870.0,49.0,4.0,4.0,2.0,9482.0,194.0,0,3,https://kickbase.b-cdn.net/content/file/ce28a9c385074d738233c35d9b4490dc.png,0.0,2,64.0,,"[{""hasPlayed"": false, ""points"": null}, {""hasPlayed"": false, ""points"": null}, {""hasPlayed"": true, ""points"": 21}, {""hasPlayed"": true, ""points"": 102}, {""hasPlayed"": true, ""points"": 23}]",5,Bara Sapoko Ndiaye,-98413.0,4000000
14251,2,Ismael,Saibari,29748546.0,,,,,,,0,4,https://kickbase.b-cdn.net/content/file/cdc8e6f2d14547ab82c1d0e310da39b2.png,34.0,1,,,"[{""hasPlayed"": false, ""points"": null}, {""hasPlayed"": false, ""points"": null}, {""hasPlayed"": false, ""points"": null}, {""hasPlayed"": false, ""points"": null}, {""hasPlayed"": false, ""points"": null}]",3,Ismael Saibari,76651.0,55000000
15502,2,Tim,Binder,1518717.0,,,,,,,0,3,https://kickbase.b-cdn.net/content/file/a885375aa4f84815973e7f256289d997.png,0.0,1,,,"[{""hasPlayed"": false, ""points"": null}, {""hasPlayed"": false, ""points"": null}, {""hasPlayed"": false, ""points"": null}, {""hasPlayed"": false, ""points"": null}, {""hasPlayed"": false, ""points"": null}]",5,Tim Binder,392465.0,0
1664,9,Maximilian,Mittelstädt,27853928.0,123.0,32.0,32.0,24.0,142785.0,3927.0,0,2,https://kickbase.b-cdn.net/content/file/b8cb80b921914e60885e8e9429df9518.png,7.0,2,140.0,,"[{""hasPlayed"": true, ""points"": 66}, {""hasPlayed"": true, ""points"": 206}, {""hasPlayed"": true, ""points"": 43}, {""hasPlayed"": true, ""points"": 95}, {""hasPlayed"": true, ""points"": 28}]",3,Maximilian Mittelstädt,-311545.0,18000000
1671,9,Grischa,Prömel,12093611.0,76.0,33.0,33.0,16.0,118467.0,2495.0,0,3,https://kickbase.b-cdn.net/content/file/9d953a0bc5fd432db7c0da4605a6726e.png,21.0,1,206.0,,"[{""hasPlayed"": true, ""points"": 7}, {""hasPlayed"": true, ""points"": 24}, {""hasPlayed"": false, ""points"": null}, {""hasPlayed"": true, ""points"": 24}, {""hasPlayed"": true, ""points"": 37}]",3,Grischa Prömel,98067.0,3500000
2068,9,Dan-Axel,Zagadou,3777561.0,141.0,3.0,3.0,3.0,13672.0,424.0,1,2,https://kickbase.b-cdn.net/content/file/2f2eb673a0224e1cb305b8cc042cf931.png,23.0,2,112.0,,"[{""hasPlayed"": false, ""points"": null}, {""hasPlayed"": false, ""points"": null}, {""hasPlayed"": false, ""points"": null}, {""hasPlayed"": true, ""points"": 74}, {""hasPlayed"": false, ""points"": null}]",5,Dan-Axel Zagadou,-150965.0,2000000
2120,9,Nikolas,Nartey,7344021.0,73.0,28.0,28.0,14.0,83295.0,2041.0,0,3,https://kickbase.b-cdn.net/content/file/7dcfaa141b6a4adba66ad4729afb0f1e.png,28.0,1,277.0,,"[{""hasPlayed"": true, ""points"": 150}, {""hasPlayed"": true, ""points"": 165}, {""hasPlayed"": false, ""points"": null}, {""hasPlayed"": true, ""points"": 10}, {""hasPlayed"": false, ""points"": null}]",3,Nikolas Nartey,295081.0,10000000
2172,9,Chris,Führich,25275859.0,101.0,33.0,33.0,20.0,110946.0,3346.0,0,3,https://kickbase.b-cdn.net/content/file/58b49d98f88041f2861d70e0af0a69e5.png,10.0,1,132.0,,"[{""hasPlayed"": true, ""points"": 164}, {""hasPlayed"": true, ""points"": 99}, {""hasPlayed"": true, ""points"": 198}, {""hasPlayed"": true, ""points"": 82}, {""hasPlayed"": true, ""points"": 122}]",2,Chris Führich,62803.0,12000000
2199,9,Josha,Vagnoman,4401275.0,61.0,27.0,27.0,18.0,105456.0,1638.0,0,2,https://kickbase.b-cdn.net/content/file/fde909d2a7f54d248d93bc1df1c53072.png,4.0,2,372.0,,"[{""hasPlayed"": true, ""points"": 7}, {""hasPlayed"": true, ""points"": 18}, {""hasPlayed"": true, ""points"": 3}, {""hasPlayed"": false, ""points"": null}, {""hasPlayed"": true, ""points"": 28}]",4,Josha Vagnoman,-94558.0,10000000
2214,9,Atakan,Karazor,7790264.0,65.0,28.0,28.0,22.0,122492.0,1817.0,0,3,https://kickbase.b-cdn.net/content/file/11ef3f2e23eb41769d708b861ff23fa6.png,16.0,2,233.0,,"[{""hasPlayed"": false, ""points"": null}, {""hasPlayed"": false, ""points"": null}, {""hasPlayed"": true, ""points"": -27}, {""hasPlayed"": false, ""points"": null}, {""hasPlayed"": true, ""points"": 126}]",3,Atakan Karazor,-246659.0,8000000
2237,9,Fabian,Bredlow,8540633.0,,,,,,,0,1,https://kickbase.b-cdn.net/content/file/e12be05595f3430f8e286ff6f4d9d103.png,1.0,1,,,"[{""hasPlayed"": false, ""points"": null}, {""hasPlayed"": false, ""points"": null}, {""hasPlayed"": false, ""points"": null}, {""hasPlayed"": false, ""points"": null}, {""hasPlayed"": false, ""points"": null}]",2,Fabian Bredlow,274703.0,700000
2445,9,Marius,Funk,4615059.0,,,,,,,0,1,https://kickbase.b-cdn.net/content/file/1569b2236e4a4a8f862740b2c2ad8a12.png,33.0,1,,,"[{""hasPlayed"": false, ""points"": null}, {""hasPlayed"": false, ""points"": null}, {""hasPlayed"": false, ""points"": null}, {""hasPlayed"": false, ""points"": null}, {""hasPlayed"": false, ""points"": null}]",4,Marius Funk,184796.0,300000
2694,9,Angelo,Stiller,36886887.0,119.0,34.0,34.0,30.0,180374.0,4054.0,0,3,https://kickbase.b-cdn.net/content/file/7810bc5805c94de984743e33da7c044c.png,6.0,1,109.0,,"[{""hasPlayed"": true, ""points"": 108}, {""hasPlayed"": true, ""points"": 141}, {""hasPlayed"": true, ""points"": 87}, {""hasPlayed"": true, ""points"": 112}, {""hasPlayed"": true, ""points"": 33}]",1,Angelo Stiller,42758.0,45000000
2854,9,Ermedin,Demirović,22932317.0,90.0,25.0,25.0,17.0,98446.0,2254.0,0,4,https://kickbase.b-cdn.net/content/file/b48829b887d04fe9afd4fbe51f04a3ea.png,9.0,2,98.0,,"[{""hasPlayed"": true, ""points"": 8}, {""hasPlayed"": true, ""points"": 206}, {""hasPlayed"": true, ""points"": 119}, {""hasPlayed"": true, ""points"": 115}, {""hasPlayed"": true, ""points"": 4}]",3,Ermedin Demirović,-314917.0,22000000
2988,9,Jamie,Leweling,27043734.0,103.0,32.0,32.0,26.0,153640.0,3282.0,0,3,https://kickbase.b-cdn.net/content/file/f1ba50c544bd40d9ae5a68fbc1ee8cbd.png,18.0,1,121.0,,"[{""hasPlayed"": true, ""points"": 76}, {""hasPlayed"": true, ""points"": 166}, {""hasPlayed"": true, ""points"": 121}, {""hasPlayed"": true, ""points"": 22}, {""hasPlayed"": true, ""points"": 40}]",2,Jamie Leweling,41547.0,40000000
3190,9,Jeff,Chabot,25782429.0,113.0,27.0,27.0,26.0,150716.0,3061.0,0,2,https://kickbase.b-cdn.net/content/file/2aa1e27ad0dd4e83b94ff2e16dfbdddc.png,24.0,1,118.0,,"[{""hasPlayed"": true, ""points"": 82}, {""hasPlayed"": true, ""points"": 130}, {""hasPlayed"": true, ""points"": 59}, {""hasPlayed"": false, ""points"": null}, {""hasPlayed"": true, ""points"": 86}]",2,Jeff Chabot,-5100.0,15000000
3193,9,,Tiago Tomás,4606571.0,59.0,27.0,27.0,10.0,69578.0,1606.0,0,4,https://kickbase.b-cdn.net/content/file/0e9c45eed595406784ebef4f6c9d7a72.png,8.0,2,348.0,,"[{""hasPlayed"": true, ""points"": 2}, {""hasPlayed"": true, ""points"": 19}, {""hasPlayed"": true, ""points"": 88}, {""hasPlayed"": true, ""points"": 26}, {""hasPlayed"": true, ""points"": -6}]",3,Tiago Tomás,-47633.0,15000000
4296,9,Dzenan,Pejcinovic,4170397.0,46.0,30.0,30.0,16.0,100110.0,1371.0,0,4,https://kickbase.b-cdn.net/content/file/69a98c6891964f7f86ea0118d83c5c54.png,17.0,1,328.0,0.0,"[{""hasPlayed"": true, ""points"": 223}, {""hasPlayed"": true, ""points"": 92}, {""hasPlayed"": true, ""points"": 63}, {""hasPlayed"": true, ""points"": 84}, {""hasPlayed"": true, ""points"": 134}]",3,Dzenan Pejcinovic,444383.0,15000000
4589,9,Justin,Diehl,500000.0,,,,,,,1,4,https://kickbase.b-cdn.net/content/file/55cabd9c41b9497290c1b7dbf24ef5f2.png,31.0,0,,,"[{""hasPlayed"": false, ""points"": null}, {""hasPlayed"": false, ""points"": null}, {""hasPlayed"": false, ""points"": null}, {""hasPlayed"": false, ""points"": null}, {""hasPlayed"": false, ""points"": null}]",5,Justin Diehl,0.0,1200000
6085,9,Dennis,Seimen,6005700.0,,,,,,,1,1,https://kickbase.b-cdn.net/content/file/67a4b3e69dd04fa3953823a78c223e13.png,41.0,2,,,"[{""hasPlayed"": false, ""points"": null}, {""hasPlayed"": false, ""points"": null}, {""hasPlayed"": false, ""points"": null}, {""hasPlayed"": false, ""points"": null}, {""hasPlayed"": false, ""points"": null}]",5,Dennis Seimen,-227687.0,10000000
6171,9,Jovan,Milosevic,4789479.0,31.0,13.0,13.0,5.0,33794.0,398.0,0,4,https://kickbase.b-cdn.net/content/file/67c437a3a4754053b2ebfe5707d65c5d.png,19.0,2,83.0,,"[{""hasPlayed"": false, ""points"": null}, {""hasPlayed"": false, ""points"": null}, {""hasPlayed"": true, ""points"": -21}, {""hasPlayed"": true, ""points"": 23}, {""hasPlayed"": true, ""points"": 23}]",5,Jovan Milosevic,-191300.0,7000000
7158,9,Deniz,Undav,43927476.0,138.0,29.0,29.0,25.0,146045.0,4006.0,0,4,https://kickbase.b-cdn.net/content/file/ce96ede35441430c92ce3362f11f218c.png,26.0,1,91.0,,"[{""hasPlayed"": true, ""points"": 131}, {""hasPlayed"": true, ""points"": 215}, {""hasPlayed"": true, ""points"": 62}, {""hasPlayed"": true, ""points"": 74}, {""hasPlayed"": false, ""points"": null}]",1,Deniz Undav,61390.0,22000000
7257,9,Leonidas,Stergiou,4600867.0,29.0,6.0,6.0,1.0,14245.0,174.0,0,2,https://kickbase.b-cdn.net/content/file/e0ff60fb10b147f78246449a86397e4f.png,20.0,2,37.0,,"[{""hasPlayed"": false, ""points"": null}, {""hasPlayed"": true, ""points"": 32}, {""hasPlayed"": false, ""points"": null}, {""hasPlayed"": false, ""points"": null}, {""hasPlayed"": false, ""points"": null}]",5,Leonidas Stergiou,-579156.0,2500000
7349,9,Finn,Jeltsch,12913588.0,72.0,23.0,23.0,17.0,100377.0,1665.0,0,2,https://kickbase.b-cdn.net/content/file/cd9f13da05844d2f8faf04022c539aea.png,29.0,1,128.0,,"[{""hasPlayed"": true, ""points"": -1}, {""hasPlayed"": false, ""points"": null}, {""hasPlayed"": false, ""points"": null}, {""hasPlayed"": false, ""points"": null}, {""hasPlayed"": true, ""points"": -45}]",1,Finn Jeltsch,201995.0,35000000
7781,9,Leo,Sauer,5605116.0,,,,,,,4,3,https://kickbase.b-cdn.net/content/file/5565612c65d34958967660743ead48bb.png,44.0,2,,,"[{""hasPlayed"": false, ""points"": null}, {""hasPlayed"": false, ""points"": null}, {""hasPlayed"": false, ""points"": null}, {""hasPlayed"": false, ""points"": null}, {""hasPlayed"": false, ""points"": null}]",4,Leo Sauer,-351687.0,7000000
8247,9,Ramon,Hendriks,12606945.0,66.0,31.0,31.0,22.0,135100.0,2040.0,0,2,https://kickbase.b-cdn.net/content/file/d84f6e79416d43549ec3b7c2cbc87b87.png,3.0,1,161.0,,"[{""hasPlayed"": true, ""points"": 66}, {""hasPlayed"": true, ""points"": 45}, {""hasPlayed"": true, ""points"": 98}, {""hasPlayed"": true, ""points"": 63}, {""hasPlayed"": true, ""points"": 43}]",2,Ramon Hendriks,156986.0,25000000
9615,9,Ameen,Al Dakhil,3491274.0,52.0,8.0,8.0,3.0,26229.0,414.0,0,2,https://kickbase.b-cdn.net/content/file/878bf81b707a44a7a9d1b0db14915947.png,2.0,2,118.0,,"[{""hasPlayed"": false, ""points"": null}, {""hasPlayed"": false, ""points"": null}, {""hasPlayed"": false, ""points"": null}, {""hasPlayed"": false, ""points"": null}, {""hasPlayed"": false, ""points"": null}]",4,Ameen Al Dakhil,-139207.0,3000000
9746,9,Chema,Andrés,9499325.0,77.0,25.0,25.0,14.0,88001.0,1926.0,0,3,https://kickbase.b-cdn.net/content/file/df7418a408754f918c71251db745927f.png,30.0,2,202.0,,"[{""hasPlayed"": true, ""points"": 171}, {""hasPlayed"": true, ""points"": 123}, {""hasPlayed"": false, ""points"": null}, {""hasPlayed"": true, ""points"": 72}, {""hasPlayed"": true, ""points"": 136}]",3,Chema Andrés,-191267.0,20000000
10112,9,Luca,Jaquez,4310719.0,83.0,14.0,14.0,10.0,58596.0,1161.0,2,2,https://kickbase.b-cdn.net/content/file/3930823f7eb246aab32d7075bf65943d.png,14.0,2,269.0,,"[{""hasPlayed"": true, ""points"": 20}, {""hasPlayed"": true, ""points"": 32}, {""hasPlayed"": true, ""points"": 68}, {""hasPlayed"": true, ""points"": 101}, {""hasPlayed"": true, ""points"": 29}]",4,Luca Jaquez,-118554.0,10000000
11043,9,Lorenz,Assignon,1154166.0,48.0,24.0,24.0,12.0,72816.0,1141.0,4,2,https://kickbase.b-cdn.net/content/file/0725364d90ff49f4a767200f52debe5f.png,22.0,1,988.0,,"[{""hasPlayed"": false, ""points"": null}, {""hasPlayed"": true, ""points"": 18}, {""hasPlayed"": true, ""points"": 20}, {""hasPlayed"": true, ""points"": 85}, {""hasPlayed"": false, ""points"": null}]",5,Lorenz Assignon,306177.0,9000000
11258,9,Lazar,Jovanovic,5844821.0,10.0,3.0,3.0,0.0,3386.0,29.0,0,3,https://kickbase.b-cdn.net/content/file/fe20cf505b4f4572b0780b9e81982c43.png,45.0,1,4.0,,"[{""hasPlayed"": false, ""points"": null}, {""hasPlayed"": false, ""points"": null}, {""hasPlayed"": false, ""points"": null}, {""hasPlayed"": false, ""points"": null}, {""hasPlayed"": false, ""points"": null}]",5,Lazar Jovanovic,199117.0,3500000
11947,9,Badredine,Bouanani,1555557.0,39.0,14.0,14.0,5.0,31973.0,540.0,0,3,https://kickbase.b-cdn.net/content/file/7cf21cd343ba41458c1739f3cb6b51d3.png,27.0,2,347.0,,"[{""hasPlayed"": false, ""points"": null}, {""hasPlayed"": false, ""points"": null}, {""hasPlayed"": false, ""points"": null}, {""hasPlayed"": true, ""points"": 15}, {""hasPlayed"": true, ""points"": 22}]",4,Badredine Bouanani,-66999.0,10000000
11955,9,Bilal,El Khannouss,24264301.0,109.0,25.0,25.0,19.0,106302.0,2713.0,0,3,https://kickbase.b-cdn.net/content/file/308c317d260f4051ad8394dd0c0d1f02.png,11.0,2,111.0,,"[{""hasPlayed"": false, ""points"": null}, {""hasPlayed"": true, ""points"": 21}, {""hasPlayed"": true, ""points"": 37}, {""hasPlayed"": true, ""points"": 178}, {""hasPlayed"": true, ""points"": 149}]",3,Bilal El Khannouss,-334142.0,35000000
12293,9,Jeremy,Arévalo,4264001.0,15.0,7.0,7.0,0.0,4191.0,108.0,2,4,https://kickbase.b-cdn.net/content/file/024720cbc2f540d19dfb555c607c7cc2.png,25.0,2,25.0,,"[{""hasPlayed"": false, ""points"": null}, {""hasPlayed"": false, ""points"": null}, {""hasPlayed"": false, ""points"": null}, {""hasPlayed"": false, ""points"": null}, {""hasPlayed"": false, ""points"": null}]",5,Jeremy Arévalo,-241969.0,7000000
859,77,Jan,Gyamerah,6277498.0,,,,,,,0,2,https://kickbase.b-cdn.net/content/file/827076634785457f9da47c79d04f475e.png,30.0,1,,,"[{""hasPlayed"": false, ""points"": null}, {""hasPlayed"": false, ""points"": null}, {""hasPlayed"": false, ""points"": null}, {""hasPlayed"": false, ""points"": null}, {""hasPlayed"": false, ""points"": null}]",3,Jan Gyamerah,242311.0,700000
1745,77,Amara,Condé,2946533.0,,,,,,,0,3,https://kickbase.b-cdn.net/content/file/beacc1d7177e4a3aaca05f6131ead92c.png,6.0,2,,,"[{""hasPlayed"": false, ""points"": null}, {""hasPlayed"": false, ""points"": null}, {""hasPlayed"": false, ""points"": null}, {""hasPlayed"": false, ""points"": null}, {""hasPlayed"": false, ""points"": null}]",3,Amara Condé,-118898.0,900000
2495,77,Tim,Boss,5610571.0,,,,,,,0,1,https://kickbase.b-cdn.net/content/file/e2e06a91e80c46e39c764afdfdf69bef.png,28.0,1,,,"[{""hasPlayed"": false, ""points"": null}, {""hasPlayed"": false, ""points"": null}, {""hasPlayed"": false, ""points"": null}, {""hasPlayed"": false, ""points"": null}, {""hasPlayed"": false, ""points"": null}]",5,Tim Boss,64315.0,200000
2708,77,Jason,Ceka,3024629.0,,,,,,,0,3,https://kickbase.b-cdn.net/content/file/38e13ad8808a4053996bae71d27d8756.png,11.0,2,,,"[{""hasPlayed"": false, ""points"": null}, {""hasPlayed"": false, ""points"": null}, {""hasPlayed"": false, ""points"": null}, {""hasPlayed"": false, ""points"": null}, {""hasPlayed"": false, ""points"": null}]",5,Jason Ceka,-145883.0,800000
2928,77,Lukas Emanuel,Petkov,11787230.0,,,,,,,0,3,https://kickbase.b-cdn.net/content/file/1b9b370ce3f4426284cbbeff5727e4cd.png,25.0,1,,,"[{""hasPlayed"": false, ""points"": null}, {""hasPlayed"": false, ""points"": null}, {""hasPlayed"": false, ""points"": null}, {""hasPlayed"": false, ""points"": null}, {""hasPlayed"": false, ""points"": null}]",1,Lukas Emanuel Petkov,45130.0,3000000
3026,77,Lasse,Günther,9747958.0,,,,,,,0,2,https://kickbase.b-cdn.net/content/file/a583be5870964e529412be23555ed410.png,21.0,1,,,"[{""hasPlayed"": false, ""points"": null}, {""hasPlayed"": false, ""points"": null}, {""hasPlayed"": false, ""points"": null}, {""hasPlayed"": false, ""points"": null}, {""hasPlayed"": false, ""points"": null}]",1,Lasse Günther,216479.0,2500000
3232,77,Luca,Pfeiffer,4698937.0,,,,,,,0,4,https://kickbase.b-cdn.net/content/file/8c42d065d2024fa8a520b3f1b9ef85b3.png,16.0,2,,,"[{""hasPlayed"": false, ""points"": null}, {""hasPlayed"": false, ""points"": null}, {""hasPlayed"": false, ""points"": null}, {""hasPlayed"": false, ""points"": null}, {""hasPlayed"": false, ""points"": null}]",5,Luca Pfeiffer,-180258.0,500000
3284,77,Maximilian,Rohr,10804601.0,,,,,,,0,2,https://kickbase.b-cdn.net/content/file/55c6ec9a70904e2895e28466d00e3d30.png,31.0,1,,,"[{""hasPlayed"": false, ""points"": null}, {""hasPlayed"": false, ""points"": null}, {""hasPlayed"": false, ""points"": null}, {""hasPlayed"": false, ""points"": null}, {""hasPlayed"": false, ""points"": null}]",1,Maximilian Rohr,69.0,800000
3350,77,Felix,Keidel,4787946.0,,,,,,,0,2,https://kickbase.b-cdn.net/content/file/39b5557dea7c4d42bd788da85803059e.png,43.0,1,,,"[{""hasPlayed"": false, ""points"": null}, {""hasPlayed"": false, ""points"": null}, {""hasPlayed"": false, ""points"": null}, {""hasPlayed"": false, ""points"": null}, {""hasPlayed"": false, ""points"": null}]",3,Felix Keidel,315162.0,1200000
6148,77,Lukas,Pinckert,10125142.0,,,,,,,0,2,https://kickbase.b-cdn.net/content/file/a639e432a7d848d683f34325990aa8c2.png,19.0,1,,,"[{""hasPlayed"": false, ""points"": null}, {""hasPlayed"": false, ""points"": null}, {""hasPlayed"": false, ""points"": null}, {""hasPlayed"": false, ""points"": null}, {""hasPlayed"": false, ""points"": null}]",1,Lukas Pinckert,213512.0,2500000
6149,77,Frank,Lehmann,1840744.0,,,,,,,2,1,https://kickbase.b-cdn.net/content/file/40a93182270541a28648f8edb5f5ad07.png,1.0,2,,,"[{""hasPlayed"": false, ""points"": null}, {""hasPlayed"": false, ""points"": null}, {""hasPlayed"": false, ""points"": null}, {""hasPlayed"": false, ""points"": null}, {""hasPlayed"": false, ""points"": null}]",5,Frank Lehmann,-164988.0,100000
6158,77,Luca,Schnellbacher,3852232.0,,,,,,,0,4,https://kickbase.b-cdn.net/content/file/f3bd13b718b3418ba83fdaea74388e3d.png,24.0,1,,,"[{""hasPlayed"": false, ""points"": null}, {""hasPlayed"": false, ""points"": null}, {""hasPlayed"": false, ""points"": null}, {""hasPlayed"": false, ""points"": null}, {""hasPlayed"": false, ""points"": null}]",4,Luca Schnellbacher,294052.0,500000
6160,77,Nicolas,Kristof,12470269.0,,,,,,,0,1,https://kickbase.b-cdn.net/content/file/c329cf5e4552496e96a0ed1777c316f8.png,20.0,1,,,"[{""hasPlayed"": false, ""points"": null}, {""hasPlayed"": false, ""points"": null}, {""hasPlayed"": false, ""points"": null}, {""hasPlayed"": false, ""points"": null}, {""hasPlayed"": false, ""points"": null}]",1,Nicolas Kristof,119524.0,2500000
6183,77,Noel,Futkeu,8627643.0,,,,,,,0,4,https://kickbase.b-cdn.net/content/file/3906f407631745fa95e0398fa7628fcb.png,0.0,1,,,"[{""hasPlayed"": false, ""points"": null}, {""hasPlayed"": false, ""points"": null}, {""hasPlayed"": false, ""points"": null}, {""hasPlayed"": false, ""points"": null}, {""hasPlayed"": false, ""points"": null}]",2,Noel Futkeu,185174.0,7500000
7278,77,Lukasz,Poreba,9564339.0,,,,,,,0,3,https://kickbase.b-cdn.net/content/file/b548d08129f549ea95c7881bbd7d3112.png,8.0,1,,,"[{""hasPlayed"": false, ""points"": null}, {""hasPlayed"": false, ""points"": null}, {""hasPlayed"": false, ""points"": null}, {""hasPlayed"": false, ""points"": null}, {""hasPlayed"": false, ""points"": null}]",1,Lukasz Poreba,175030.0,2500000
7441,77,Cole,Campbell,3994782.0,11.0,6.0,6.0,0.0,6994.0,66.0,0,3,https://kickbase.b-cdn.net/content/file/618685003046433c850374c6e88b7f85.png,39.0,2,16.0,,"[{""hasPlayed"": true, ""points"": 1}, {""hasPlayed"": true, ""points"": 35}, {""hasPlayed"": false, ""points"": null}, {""hasPlayed"": true, ""points"": 27}, {""hasPlayed"": false, ""points"": null}]",3,Cole Campbell,-42734.0,5000000
7463,77,Francis,Onyeka,9736951.0,,,,,,,0,3,https://kickbase.b-cdn.net/content/file/11587a7513ab411c822f947b686e8e48.png,40.0,2,,,"[{""hasPlayed"": false, ""points"": null}, {""hasPlayed"": false, ""points"": null}, {""hasPlayed"": false, ""points"": null}, {""hasPlayed"": false, ""points"": null}, {""hasPlayed"": false, ""points"": null}]",3,Francis Onyeka,-505470.0,10000000
7514,77,Florian,Le Joncour,2875966.0,,,,,,,0,2,https://kickbase.b-cdn.net/content/file/1ae50321c2fc41a08133b755a4f36479.png,3.0,2,,,"[{""hasPlayed"": false, ""points"": null}, {""hasPlayed"": false, ""points"": null}, {""hasPlayed"": false, ""points"": null}, {""hasPlayed"": false, ""points"": null}, {""hasPlayed"": false, ""points"": null}]",5,Florian Le Joncour,-142675.0,500000
8252,77,Maurice,Krattenmacher,3329996.0,,,,,,,0,3,https://kickbase.b-cdn.net/content/file/f3408da3bd8347588f826aae7f9d5b9a.png,7.0,2,,,"[{""hasPlayed"": false, ""points"": null}, {""hasPlayed"": false, ""points"": null}, {""hasPlayed"": false, ""points"": null}, {""hasPlayed"": false, ""points"": null}, {""hasPlayed"": false, ""points"": null}]",5,Maurice Krattenmacher,-125684.0,3000000
8296,77,Frederik,Schmahl,4765331.0,,,,,,,0,3,https://kickbase.b-cdn.net/content/file/1505317d7634469ca04d5e1dffb97707.png,17.0,1,,,"[{""hasPlayed"": false, ""points"": null}, {""hasPlayed"": false, ""points"": null}, {""hasPlayed"": false, ""points"": null}, {""hasPlayed"": false, ""points"": null}, {""hasPlayed"": false, ""points"": null}]",4,Frederik Schmahl,261722.0,750000
8301,77,Luca,Sirch,6683196.0,,,,,,,0,2,https://kickbase.b-cdn.net/content/file/88d02ad680e44d6899035c283dc18de7.png,0.0,1,,,"[{""hasPlayed"": false, ""points"": null}, {""hasPlayed"": false, ""points"": null}, {""hasPlayed"": false, ""points"": null}, {""hasPlayed"": false, ""points"": null}, {""hasPlayed"": false, ""points"": null}]",3,Luca Sirch,54557.0,2200000
9224,77,Tom,Zimmerschied,4640835.0,,,,,,,2,3,https://kickbase.b-cdn.net/content/file/c6ea391e637144f495b13db4c7a49093.png,29.0,2,,,"[{""hasPlayed"": false, ""points"": null}, {""hasPlayed"": false, ""points"": null}, {""hasPlayed"": false, ""points"": null}, {""hasPlayed"": false, ""points"": null}, {""hasPlayed"": false, ""points"": null}]",3,Tom Zimmerschied,-375537.0,1500000
9384,77,Noah,Darvich,4704015.0,,,,,,,0,3,https://kickbase.b-cdn.net/content/file/f420b6297db840caad87f307b7fb974a.png,10.0,2,,,"[{""hasPlayed"": false, ""points"": null}, {""hasPlayed"": false, ""points"": null}, {""hasPlayed"": false, ""points"": null}, {""hasPlayed"": false, ""points"": null}, {""hasPlayed"": false, ""points"": null}]",3,Noah Darvich,-22757.0,4000000
9995,77,David,Mokwa,3582265.0,,,,,,,2,4,https://kickbase.b-cdn.net/content/file/ca5c93c783264009b9a193960b9ec557.png,42.0,2,,,"[{""hasPlayed"": false, ""points"": null}, {""hasPlayed"": false, ""points"": null}, {""hasPlayed"": false, ""points"": null}, {""hasPlayed"": false, ""points"": null}, {""hasPlayed"": false, ""points"": null}]",4,David Mokwa,-138894.0,4000000
11253,77,Nicholas,Mickelson,2304658.0,,,,,,,0,2,https://kickbase.b-cdn.net/content/file/992cfc556d2345cbb347e46c39b858f3.png,2.0,1,,,"[{""hasPlayed"": false, ""points"": null}, {""hasPlayed"": false, ""points"": null}, {""hasPlayed"": false, ""points"": null}, {""hasPlayed"": false, ""points"": null}, {""hasPlayed"": false, ""points"": null}]",4,Nicholas Mickelson,282836.0,1000000
12317,77,Raif,Adam,5431408.0,,,,,,,0,4,https://kickbase.b-cdn.net/content/file/81e58734d6fb4225af312b1bcf3a3075.png,15.0,1,,,"[{""hasPlayed"": false, ""points"": null}, {""hasPlayed"": false, ""points"": null}, {""hasPlayed"": false, ""points"": null}, {""hasPlayed"": false, ""points"": null}, {""hasPlayed"": false, ""points"": null}]",5,Raif Adam,255623.0,500000
4,7,Janis,Blaswich,1322618.0,111.0,11.0,11.0,10.0,62668.0,1222.0,0,1,https://kickbase.b-cdn.net/content/file/d17035064d4a480484cb35d2dab54e46.png,28.0,2,923.0,,"[{""hasPlayed"": false, ""points"": null}, {""hasPlayed"": false, ""points"": null}, {""hasPlayed"": false, ""points"": null}, {""hasPlayed"": true, ""points"": 177}, {""hasPlayed"": false, ""points"": null}]",5,Janis Blaswich,-110972.0,700000
72,7,Mark,Flekken,14546472.0,93.0,24.0,24.0,24.0,141251.0,2230.0,0,1,https://kickbase.b-cdn.net/content/file/98ea8901b970421b88f6a41a3137142f.png,1.0,1,153.0,,"[{""hasPlayed"": true, ""points"": 110}, {""hasPlayed"": true, ""points"": 77}, {""hasPlayed"": true, ""points"": 111}, {""hasPlayed"": false, ""points"": null}, {""hasPlayed"": true, ""points"": 75}]",1,Mark Flekken,138392.0,6000000
78,7,Jonas,Hofmann,1642655.0,58.0,23.0,23.0,11.0,68545.0,1338.0,0,3,https://kickbase.b-cdn.net/content/file/328114051c1e42df84e2a6ac3e93cf42.png,7.0,2,814.0,,"[{""hasPlayed"": true, ""points"": 34}, {""hasPlayed"": false, ""points"": null}, {""hasPlayed"": false, ""points"": null}, {""hasPlayed"": false, ""points"": null}, {""hasPlayed"": true, ""points"": 10}]",5,Jonas Hofmann,-96348.0,1500000
663,7,Robert,Andrich,8425888.0,82.0,32.0,32.0,29.0,168594.0,2610.0,2,2,https://kickbase.b-cdn.net/content/file/0cdcdb27004443c09d112462f32ace2c.png,8.0,2,309.0,,"[{""hasPlayed"": true, ""points"": 52}, {""hasPlayed"": true, ""points"": 44}, {""hasPlayed"": true, ""points"": 99}, {""hasPlayed"": true, ""points"": 43}, {""hasPlayed"": false, ""points"": null}]",4,Robert Andrich,-275006.0,6000000
2746,7,Patrik,Schick,29247310.0,103.0,28.0,28.0,23.0,130835.0,2889.0,0,4,https://kickbase.b-cdn.net/content/file/9f0daa3f23514ac7a72c46ba81396a95.png,14.0,1,98.0,,"[{""hasPlayed"": true, ""points"": 42}, {""hasPlayed"": true, ""points"": 23}, {""hasPlayed"": true, ""points"": 367}, {""hasPlayed"": true, ""points"": 227}, {""hasPlayed"": true, ""points"": 161}]",3,Patrik Schick,31086.0,18000000
2766,7,Exequiel,Palacios,21611930.0,93.0,18.0,18.0,12.0,73391.0,1672.0,0,3,https://kickbase.b-cdn.net/content/file/0d5ad85f5920460c8489a65db5c6a1cb.png,25.0,2,77.0,,"[{""hasPlayed"": true, ""points"": 174}, {""hasPlayed"": true, ""points"": 28}, {""hasPlayed"": true, ""points"": 109}, {""hasPlayed"": true, ""points"": 91}, {""hasPlayed"": true, ""points"": 125}]",3,Exequiel Palacios,-555407.0,25000000
2783,7,Edmond,Tapsoba,32203714.0,136.0,29.0,29.0,29.0,171644.0,3941.0,0,2,https://kickbase.b-cdn.net/content/file/21031db97a054165806a98d2f0c0d73b.png,12.0,1,122.0,,"[{""hasPlayed"": true, ""points"": 111}, {""hasPlayed"": true, ""points"": 6}, {""hasPlayed"": true, ""points"": 135}, {""hasPlayed"": true, ""points"": 93}, {""hasPlayed"": true, ""points"": 194}]",1,Edmond Tapsoba,70016.0,35000000
2846,7,Malik,Tillman,13009973.0,82.0,29.0,29.0,18.0,111183.0,2380.0,0,3,https://kickbase.b-cdn.net/content/file/04966a0af0e2477db734c91fdd98d4e1.png,10.0,2,182.0,,"[{""hasPlayed"": true, ""points"": 87}, {""hasPlayed"": true, ""points"": 6}, {""hasPlayed"": true, ""points"": 16}, {""hasPlayed"": true, ""points"": 4}, {""hasPlayed"": true, ""points"": -13}]",4,Malik Tillman,-297731.0,30000000
3754,7,Lucas,Vázquez,2814475.0,69.0,12.0,12.0,6.0,33531.0,824.0,0,2,https://kickbase.b-cdn.net/content/file/1636c5905fe44210aa3526352673cb13.png,21.0,2,292.0,,"[{""hasPlayed"": true, ""points"": 31}, {""hasPlayed"": false, ""points"": null}, {""hasPlayed"": false, ""points"": null}, {""hasPlayed"": false, ""points"": null}, {""hasPlayed"": true, ""points"": 49}]",4,Lucas Vázquez,-69036.0,1500000
3759,7,Miguel,Gutiérrez,19329747.0,,,,,,,0,2,https://kickbase.b-cdn.net/content/file/86a6415d0ab240d780a37de359f3d327.png,3.0,1,,,"[{""hasPlayed"": false, ""points"": null}, {""hasPlayed"": false, ""points"": null}, {""hasPlayed"": false, ""points"": null}, {""hasPlayed"": false, ""points"": null}, {""hasPlayed"": false, ""points"": null}]",2,Miguel Gutiérrez,203042.0,22000000
4199,7,Aleix,García,38094668.0,142.0,33.0,33.0,31.0,175200.0,4684.0,0,3,https://kickbase.b-cdn.net/content/file/3de0ab19c54f4523a5bf21f686259db0.png,24.0,1,122.0,,"[{""hasPlayed"": true, ""points"": 229}, {""hasPlayed"": true, ""points"": 121}, {""hasPlayed"": true, ""points"": 214}, {""hasPlayed"": true, ""points"": 93}, {""hasPlayed"": true, ""points"": 181}]",1,Aleix García,114866.0,20000000
4318,7,Tim,Oermann,5542639.0,2.0,2.0,2.0,0.0,1774.0,3.0,0,2,https://kickbase.b-cdn.net/content/file/b9857e88faaf4de1a3450f6301c5448e.png,15.0,1,0.0,,"[{""hasPlayed"": false, ""points"": null}, {""hasPlayed"": false, ""points"": null}, {""hasPlayed"": false, ""points"": null}, {""hasPlayed"": false, ""points"": null}, {""hasPlayed"": false, ""points"": null}]",5,Tim Oermann,241389.0,4000000
4563,7,Loïc,Badé,13463364.0,95.0,23.0,23.0,19.0,110581.0,2192.0,0,2,https://kickbase.b-cdn.net/content/file/80f11505e8d445ae827aefe485b1c4c7.png,5.0,2,162.0,,"[{""hasPlayed"": false, ""points"": null}, {""hasPlayed"": false, ""points"": null}, {""hasPlayed"": false, ""points"": null}, {""hasPlayed"": true, ""points"": 50}, {""hasPlayed"": true, ""points"": 121}]",3,Loïc Badé,-314685.0,20000000
6061,7,Ibrahim,Maza,29315691.0,98.0,28.0,28.0,20.0,121679.0,2743.0,0,3,https://kickbase.b-cdn.net/content/file/7ff9728d20544b96a1fe698af86f9f2f.png,30.0,1,93.0,,"[{""hasPlayed"": true, ""points"": 85}, {""hasPlayed"": true, ""points"": 34}, {""hasPlayed"": true, ""points"": 182}, {""hasPlayed"": true, ""points"": 40}, {""hasPlayed"": true, ""points"": 79}]",1,Ibrahim Maza,83976.0,45000000
6174,7,,Arthur,4361008.0,64.0,20.0,20.0,13.0,75109.0,1284.0,2,2,https://kickbase.b-cdn.net/content/file/4b043678aef04d80b37dc5474cba9cb1.png,13.0,2,294.0,,"[{""hasPlayed"": true, ""points"": 36}, {""hasPlayed"": true, ""points"": 17}, {""hasPlayed"": true, ""points"": 24}, {""hasPlayed"": true, ""points"": 25}, {""hasPlayed"": false, ""points"": null}]",4,Arthur,-113501.0,8000000
6745,7,Victor,Boniface,4298526.0,43.0,11.0,11.0,2.0,23116.0,468.0,0,4,https://kickbase.b-cdn.net/content/file/f5f3d11be23443cb9e4c8c472288e093.png,22.0,2,108.0,,"[{""hasPlayed"": false, ""points"": null}, {""hasPlayed"": false, ""points"": null}, {""hasPlayed"": false, ""points"": null}, {""hasPlayed"": false, ""points"": null}, {""hasPlayed"": false, ""points"": null}]",5,Victor Boniface,-44497.0,5000000
7269,7,Nathan,Tella,7213880.0,68.0,17.0,17.0,10.0,56629.0,1149.0,0,3,https://kickbase.b-cdn.net/content/file/e0df07546d38465080767efd17a0898e.png,23.0,2,159.0,,"[{""hasPlayed"": false, ""points"": null}, {""hasPlayed"": false, ""points"": null}, {""hasPlayed"": true, ""points"": 277}, {""hasPlayed"": true, ""points"": 153}, {""hasPlayed"": true, ""points"": 83}]",3,Nathan Tella,-238111.0,15000000
7963,7,Jarell,Quansah,22040663.0,102.0,28.0,28.0,25.0,152471.0,2867.0,0,2,https://kickbase.b-cdn.net/content/file/28464ad9ca424fa199f3f674422285de.png,4.0,1,130.0,,"[{""hasPlayed"": true, ""points"": 223}, {""hasPlayed"": true, ""points"": 35}, {""hasPlayed"": true, ""points"": 85}, {""hasPlayed"": true, ""points"": 72}, {""hasPlayed"": true, ""points"": 74}]",2,Jarell Quansah,125618.0,45000000
8225,7,Jeanuël,Belocian,4119439.0,54.0,22.0,22.0,17.0,102511.0,1194.0,0,2,https://kickbase.b-cdn.net/content/file/274858f664db446a9e3a944511815446.png,44.0,2,289.0,,"[{""hasPlayed"": true, ""points"": 110}, {""hasPlayed"": true, ""points"": 64}, {""hasPlayed"": true, ""points"": 70}, {""hasPlayed"": true, ""points"": 78}, {""hasPlayed"": true, ""points"": 89}]",5,Jeanuël Belocian,-120023.0,12000000
8374,7,Martin,Terrier,2669724.0,54.0,18.0,18.0,7.0,45086.0,963.0,0,4,https://kickbase.b-cdn.net/content/file/039e1528fe214c32ad0653b911ea944e.png,11.0,2,360.0,,"[{""hasPlayed"": false, ""points"": null}, {""hasPlayed"": false, ""points"": null}, {""hasPlayed"": false, ""points"": null}, {""hasPlayed"": false, ""points"": null}, {""hasPlayed"": false, ""points"": null}]",5,Martin Terrier,-108520.0,8000000
11181,7,Axel,Tape,3558740.0,20.0,6.0,6.0,2.0,15970.0,121.0,0,2,https://kickbase.b-cdn.net/content/file/b929e93687354267b939b60b82bcbbfb.png,16.0,2,34.0,,"[{""hasPlayed"": false, ""points"": null}, {""hasPlayed"": false, ""points"": null}, {""hasPlayed"": false, ""points"": null}, {""hasPlayed"": false, ""points"": null}, {""hasPlayed"": false, ""points"": null}]",5,Axel Tape,-146367.0,8000000
11513,7,Christian,Kofane,11253407.0,58.0,29.0,29.0,12.0,85285.0,1677.0,0,4,https://kickbase.b-cdn.net/content/file/ce8356c51b154a87a40a56f723f2e3e3.png,35.0,2,149.0,,"[{""hasPlayed"": false, ""points"": null}, {""hasPlayed"": true, ""points"": 76}, {""hasPlayed"": true, ""points"": 17}, {""hasPlayed"": false, ""points"": null}, {""hasPlayed"": true, ""points"": 16}]",3,Christian Kofane,-97827.0,40000000
11680,7,Kennet,Eichhorn,5930767.0,,,,,,,1,3,https://kickbase.b-cdn.net/content/file/ceafc42e35aa446595952bcbdf873954.png,18.0,2,,,"[{""hasPlayed"": false, ""points"": null}, {""hasPlayed"": false, ""points"": null}, {""hasPlayed"": false, ""points"": null}, {""hasPlayed"": false, ""points"": null}, {""hasPlayed"": false, ""points"": null}]",5,Kennet Eichhorn,-352585.0,20000000
11756,7,Montrell,Culbreath,4340206.0,61.0,12.0,12.0,9.0,48534.0,737.0,1,3,https://kickbase.b-cdn.net/content/file/43c4c26e99f3442ab58db3d049e5f1ae.png,42.0,2,169.0,,"[{""hasPlayed"": true, ""points"": 50}, {""hasPlayed"": true, ""points"": 11}, {""hasPlayed"": true, ""points"": 114}, {""hasPlayed"": true, ""points"": 81}, {""hasPlayed"": true, ""points"": -19}]",5,Montrell Culbreath,-133498.0,15000000
11867,7,Ernest,Poku,7668920.0,72.0,29.0,29.0,16.0,97546.0,2099.0,0,3,https://kickbase.b-cdn.net/content/file/6c2995fc9a5b4c929660e1c336abf1c0.png,19.0,2,273.0,,"[{""hasPlayed"": false, ""points"": null}, {""hasPlayed"": true, ""points"": -14}, {""hasPlayed"": true, ""points"": 21}, {""hasPlayed"": false, ""points"": null}, {""hasPlayed"": false, ""points"": null}]",3,Ernest Poku,-159202.0,25000000
11956,7,Ezequiél,Fernández,5068347.0,58.0,20.0,20.0,12.0,67020.0,1168.0,0,3,https://kickbase.b-cdn.net/content/file/2c37f7daf46f4c9693ffa9ef33ff980b.png,6.0,1,230.0,,"[{""hasPlayed"": false, ""points"": null}, {""hasPlayed"": false, ""points"": null}, {""hasPlayed"": true, ""points"": 22}, {""hasPlayed"": true, ""points"": 43}, {""hasPlayed"": false, ""points"": null}]",3,Ezequiél Fernández,399517.0,20000000
11957,7,Eliesse,Ben Seghir,1740043.0,35.0,10.0,10.0,2.0,18106.0,354.0,1,3,https://kickbase.b-cdn.net/content/file/83c0ccd07e1e42d0ac339779564cd1f4.png,17.0,2,203.0,,"[{""hasPlayed"": true, ""points"": 48}, {""hasPlayed"": true, ""points"": -8}, {""hasPlayed"": false, ""points"": null}, {""hasPlayed"": true, ""points"": 17}, {""hasPlayed"": false, ""points"": null}]",5,Eliesse Ben Seghir,-126219.0,20000000
14241,7,Facundo,Medina,14342054.0,,,,,,,0,2,https://kickbase.b-cdn.net/content/file/ebd2978dab6e4e97ad8a2d0ce529b0f4.png,0.0,1,,,"[{""hasPlayed"": false, ""points"": null}, {""hasPlayed"": false, ""points"": null}, {""hasPlayed"": false, ""points"": null}, {""hasPlayed"": false, ""points"": null}, {""hasPlayed"": false, ""points"": null}]",3,Facundo Medina,70081.0,18000000
14893,7,Aleksa,Damjanovic,6666185.0,,,,,,,0,4,https://kickbase.b-cdn.net/content/file/3066194dcdd54389a1de081ced1de5ad.png,0.0,2,,,"[{""hasPlayed"": false, ""points"": null}, {""hasPlayed"": false, ""points"": null}, {""hasPlayed"": false, ""points"": null}, {""hasPlayed"": false, ""points"": null}, {""hasPlayed"": false, ""points"": null}]",5,Aleksa Damjanovic,-367745.0,0
15199,7,Afonso,Moreira,22425951.0,,,,,,,0,4,https://kickbase.b-cdn.net/content/file/91b4b5c394a1464f98589ffa59af5aec.png,0.0,1,,,"[{""hasPlayed"": false, ""points"": null}, {""hasPlayed"": false, ""points"": null}, {""hasPlayed"": false, ""points"": null}, {""hasPlayed"": false, ""points"": null}, {""hasPlayed"": false, ""points"": null}]",1,Afonso Moreira,237665.0,20000000
417,28,Ron-Robert,Zieler,3047115.0,,,,,,,0,1,https://kickbase.b-cdn.net/content/file/87bb56a22db74cfd99e639824b703f30.png,20.0,1,,,"[{""hasPlayed"": false, ""points"": null}, {""hasPlayed"": false, ""points"": null}, {""hasPlayed"": false, ""points"": null}, {""hasPlayed"": false, ""points"": null}, {""hasPlayed"": false, ""points"": null}]",5,Ron-Robert Zieler,-16401.0,500000
737,28,Luca,Waldschmidt,5423349.0,50.0,24.0,24.0,7.0,49454.0,1192.0,2,3,https://kickbase.b-cdn.net/content/file/c6c99717a5834cacbb3161877ca3f29f.png,7.0,1,219.0,,"[{""hasPlayed"": false, ""points"": null}, {""hasPlayed"": true, ""points"": 46}, {""hasPlayed"": true, ""points"": 120}, {""hasPlayed"": true, ""points"": 116}, {""hasPlayed"": true, ""points"": 96}]",3,Luca Waldschmidt,249718.0,2000000
1580,28,Marvin,Schwäbe,14031257.0,96.0,34.0,34.0,34.0,205397.0,3249.0,0,1,https://kickbase.b-cdn.net/content/file/2708fddc28474a2299885f3eb69be6bc.png,1.0,1,231.0,,"[{""hasPlayed"": true, ""points"": 60}, {""hasPlayed"": true, ""points"": 75}, {""hasPlayed"": true, ""points"": 3}, {""hasPlayed"": true, ""points"": 50}, {""hasPlayed"": true, ""points"": 130}]",1,Marvin Schwäbe,144536.0,3000000
2069,28,Timo,Hübers,2581228.0,92.0,8.0,8.0,8.0,45515.0,737.0,4,2,https://kickbase.b-cdn.net/content/file/6dbad3a67b1c4ffa892f8bef224e9f85.png,4.0,2,285.0,,"[{""hasPlayed"": false, ""points"": null}, {""hasPlayed"": false, ""points"": null}, {""hasPlayed"": false, ""points"": null}, {""hasPlayed"": false, ""points"": null}, {""hasPlayed"": false, ""points"": null}]",5,Timo Hübers,-121098.0,1500000
2201,28,Linton,Maina,3912838.0,40.0,24.0,24.0,9.0,69909.0,960.0,0,4,https://kickbase.b-cdn.net/content/file/54aad91024e84cf59b75e3c363775d71.png,37.0,2,245.0,,"[{""hasPlayed"": true, ""points"": -1}, {""hasPlayed"": true, ""points"": 47}, {""hasPlayed"": true, ""points"": 4}, {""hasPlayed"": true, ""points"": 48}, {""hasPlayed"": true, ""points"": 34}]",3,Linton Maina,-64425.0,3000000
2358,28,Tom,Krauß,8231549.0,56.0,26.0,26.0,19.0,116693.0,1461.0,0,3,https://kickbase.b-cdn.net/content/file/55c214adfaba4a839c1bb19ad5a5f8ed.png,5.0,1,177.0,,"[{""hasPlayed"": false, ""points"": null}, {""hasPlayed"": true, ""points"": 91}, {""hasPlayed"": true, ""points"": 59}, {""hasPlayed"": false, ""points"": null}, {""hasPlayed"": false, ""points"": null}]",2,Tom Krauß,157604.0,4500000
2536,28,Matthias,Köbbing,500000.0,,,,,,,0,1,https://kickbase.b-cdn.net/content/file/d7d4847201364186986efefd11b55766.png,44.0,0,,,"[{""hasPlayed"": false, ""points"": null}, {""hasPlayed"": false, ""points"": null}, {""hasPlayed"": false, ""points"": null}, {""hasPlayed"": false, ""points"": null}, {""hasPlayed"": false, ""points"": null}]",5,Matthias Köbbing,0.0,100000
2552,28,Marius,Bülter,6153017.0,53.0,32.0,32.0,18.0,109316.0,1701.0,0,4,https://kickbase.b-cdn.net/content/file/020abec0763842a7af00f1ec5aafeea4.png,30.0,1,276.0,,"[{""hasPlayed"": true, ""points"": 13}, {""hasPlayed"": true, ""points"": 155}, {""hasPlayed"": true, ""points"": 152}, {""hasPlayed"": true, ""points"": 4}, {""hasPlayed"": true, ""points"": 42}]",3,Marius Bülter,169700.0,1800000
2765,28,Jan,Thielmann,6254299.0,52.0,26.0,26.0,20.0,100549.0,1355.0,0,3,https://kickbase.b-cdn.net/content/file/bae198375c644308ba2bff1d0f3f0569.png,29.0,1,216.0,,"[{""hasPlayed"": true, ""points"": -14}, {""hasPlayed"": false, ""points"": null}, {""hasPlayed"": true, ""points"": 3}, {""hasPlayed"": true, ""points"": 78}, {""hasPlayed"": true, ""points"": 39}]",3,Jan Thielmann,211561.0,5000000
2855,28,Ragnar,Ache,13412889.0,67.0,29.0,29.0,18.0,113020.0,1937.0,0,4,https://kickbase.b-cdn.net/content/file/659aab812d23451ba8e47f520a7d0754.png,9.0,1,144.0,,"[{""hasPlayed"": false, ""points"": null}, {""hasPlayed"": false, ""points"": null}, {""hasPlayed"": false, ""points"": null}, {""hasPlayed"": false, ""points"": null}, {""hasPlayed"": true, ""points"": 19}]",1,Ragnar Ache,171194.0,9000000
7219,28,Ísak,Jóhannesson,8291706.0,48.0,31.0,31.0,21.0,119771.0,1473.0,0,3,https://kickbase.b-cdn.net/content/file/2922eb48335343ccb79b49b03af03818.png,8.0,1,177.0,,"[{""hasPlayed"": true, ""points"": -10}, {""hasPlayed"": true, ""points"": 59}, {""hasPlayed"": false, ""points"": null}, {""hasPlayed"": true, ""points"": 7}, {""hasPlayed"": true, ""points"": 55}]",2,Ísak Jóhannesson,120482.0,8000000
8001,28,Luka,Lochoshvili,9896879.0,,,,,,,0,2,https://kickbase.b-cdn.net/content/file/f6faf6be6d674e898fbfa189b9c2ad5c.png,24.0,1,,,"[{""hasPlayed"": false, ""points"": null}, {""hasPlayed"": false, ""points"": null}, {""hasPlayed"": false, ""points"": null}, {""hasPlayed"": false, ""points"": null}, {""hasPlayed"": false, ""points"": null}]",2,Luka Lochoshvili,271578.0,2500000
8274,28,Said,El Mala,25483259.0,71.0,34.0,34.0,20.0,130276.0,2418.0,0,3,https://kickbase.b-cdn.net/content/file/f56e6d60e40c49189c830fb4ff65d4bf.png,13.0,2,94.0,,"[{""hasPlayed"": true, ""points"": 89}, {""hasPlayed"": true, ""points"": 1}, {""hasPlayed"": true, ""points"": 169}, {""hasPlayed"": true, ""points"": 119}, {""hasPlayed"": true, ""points"": 55}]",2,Said El Mala,-87021.0,45000000
8385,28,Julian,Pauli,2868967.0,,,,,,,0,2,https://kickbase.b-cdn.net/content/file/9156e813f150449aaccfe844dbcd0d65.png,3.0,2,,,"[{""hasPlayed"": false, ""points"": null}, {""hasPlayed"": false, ""points"": null}, {""hasPlayed"": false, ""points"": null}, {""hasPlayed"": false, ""points"": null}, {""hasPlayed"": false, ""points"": null}]",5,Julian Pauli,-149260.0,2500000
10024,28,Joël,Schmied,2925545.0,40.0,16.0,16.0,13.0,73506.0,635.0,0,2,https://kickbase.b-cdn.net/content/file/312960f02c6e4acab4db65b9c63eaf01.png,2.0,2,217.0,,"[{""hasPlayed"": true, ""points"": -15}, {""hasPlayed"": true, ""points"": 48}, {""hasPlayed"": true, ""points"": -2}, {""hasPlayed"": false, ""points"": null}, {""hasPlayed"": false, ""points"": null}]",4,Joël Schmied,-142268.0,3000000
11570,28,Sebastian,Sebulonsen,4281647.0,46.0,31.0,31.0,28.0,165693.0,1413.0,1,2,https://kickbase.b-cdn.net/content/file/0f9cbbaaccb148a6ad251ba707b4f099.png,28.0,2,330.0,,"[{""hasPlayed"": true, ""points"": 7}, {""hasPlayed"": true, ""points"": 71}, {""hasPlayed"": true, ""points"": 72}, {""hasPlayed"": true, ""points"": 29}, {""hasPlayed"": true, ""points"": 45}]",4,Sebastian Sebulonsen,-152211.0,5500000
11875,28,Rav,van den Berg,3109249.0,58.0,14.0,14.0,12.0,74399.0,805.0,0,2,https://kickbase.b-cdn.net/content/file/0825c755c7df4f7ba70b3f8922154f99.png,33.0,2,258.0,,"[{""hasPlayed"": false, ""points"": null}, {""hasPlayed"": false, ""points"": null}, {""hasPlayed"": false, ""points"": null}, {""hasPlayed"": false, ""points"": null}, {""hasPlayed"": false, ""points"": null}]",4,Rav van den Berg,-116516.0,7000000
11958,28,Alessio,Castro-Montes,5168099.0,64.0,14.0,14.0,7.0,46040.0,892.0,0,3,https://kickbase.b-cdn.net/content/file/4df59c76b9024563892682f996043056.png,17.0,1,172.0,,"[{""hasPlayed"": true, ""points"": 15}, {""hasPlayed"": true, ""points"": 6}, {""hasPlayed"": false, ""points"": null}, {""hasPlayed"": true, ""points"": 19}, {""hasPlayed"": true, ""points"": 40}]",2,Alessio Castro-Montes,410572.0,2500000
12321,28,Jahmai,Simpson-Pusey,11194262.0,61.0,11.0,11.0,10.0,57539.0,669.0,0,2,https://kickbase.b-cdn.net/content/file/f83f61dc46de468bb38cb6a9d9f51205.png,22.0,1,59.0,,"[{""hasPlayed"": true, ""points"": 31}, {""hasPlayed"": false, ""points"": null}, {""hasPlayed"": true, ""points"": 82}, {""hasPlayed"": true, ""points"": 76}, {""hasPlayed"": true, ""points"": 88}]",1,Jahmai Simpson-Pusey,148155.0,9000000
12333,28,Youssoupha,Niang,5655700.0,6.0,10.0,10.0,2.0,14606.0,55.0,0,4,https://kickbase.b-cdn.net/content/file/c9bbe00d652e475e9ff69b9491b753d8.png,38.0,1,9.0,,"[{""hasPlayed"": true, ""points"": -21}, {""hasPlayed"": true, ""points"": -2}, {""hasPlayed"": true, ""points"": 11}, {""hasPlayed"": true, ""points"": -11}, {""hasPlayed"": false, ""points"": null}]",4,Youssoupha Niang,-106296.0,2000000
14140,28,Gideon,Mensah,10057629.0,,,,,,,0,2,https://kickbase.b-cdn.net/content/file/bb425f45cf04420b8e294776e2cc8b02.png,14.0,1,,,"[{""hasPlayed"": false, ""points"": null}, {""hasPlayed"": false, ""points"": null}, {""hasPlayed"": false, ""points"": null}, {""hasPlayed"": false, ""points"": null}, {""hasPlayed"": false, ""points"": null}]",2,Gideon Mensah,259442.0,4000000
14300,28,Paul,Okon-Engstler,4617855.0,,,,,,,0,3,https://kickbase.b-cdn.net/content/file/83d0df8f411b47068184c9a8166d0c21.png,23.0,1,,,"[{""hasPlayed"": false, ""points"": null}, {""hasPlayed"": false, ""points"": null}, {""hasPlayed"": false, ""points"": null}, {""hasPlayed"": false, ""points"": null}, {""hasPlayed"": false, ""points"": null}]",4,Paul Okon-Engstler,334015.0,1200000
15373,28,Reigan,Heskey,10152136.0,,,,,,,0,3,https://kickbase.b-cdn.net/content/file/c72750d23cdb4fd9850f67f26850e9f2.png,11.0,1,,,"[{""hasPlayed"": false, ""points"": null}, {""hasPlayed"": false, ""points"": null}, {""hasPlayed"": false, ""points"": null}, {""hasPlayed"": false, ""points"": null}, {""hasPlayed"": false, ""points"": null}]",4,Reigan Heskey,8261.0,0
524,14,Oliver,Baumann,19277127.0,99.0,34.0,34.0,34.0,203483.0,3366.0,0,1,https://kickbase.b-cdn.net/content/file/edda0b62817c41d1a3a343129e44683d.png,1.0,2,174.0,,"[{""hasPlayed"": true, ""points"": 22}, {""hasPlayed"": true, ""points"": 161}, {""hasPlayed"": true, ""points"": 112}, {""hasPlayed"": true, ""points"": 57}, {""hasPlayed"": true, ""points"": 119}]",1,Oliver Baumann,-152367.0,2500000
1815,14,Andrej,Kramarić,20574856.0,111.0,34.0,34.0,26.0,143136.0,3757.0,4,3,https://kickbase.b-cdn.net/content/file/cbbf900916ce4e759f7d917366e1515d.png,27.0,2,182.0,,"[{""hasPlayed"": true, ""points"": 4}, {""hasPlayed"": true, ""points"": 180}, {""hasPlayed"": true, ""points"": 245}, {""hasPlayed"": true, ""points"": 62}, {""hasPlayed"": true, ""points"": 239}]",4,Andrej Kramarić,-483842.0,2500000
1954,14,,Bernardo,8921174.0,82.0,29.0,29.0,26.0,152866.0,2381.0,0,2,https://kickbase.b-cdn.net/content/file/2e01b620f1354d0f9383cc0003c49d97.png,13.0,2,266.0,,"[{""hasPlayed"": true, ""points"": 47}, {""hasPlayed"": true, ""points"": 129}, {""hasPlayed"": true, ""points"": 53}, {""hasPlayed"": true, ""points"": 70}, {""hasPlayed"": true, ""points"": 80}]",3,Bernardo,-208383.0,4000000
2373,14,Ozan,Kabak,21143370.0,105.0,25.0,25.0,18.0,117698.0,2629.0,0,2,https://kickbase.b-cdn.net/content/file/f41310cc735c4e749a950dc72a7c76c9.png,5.0,1,124.0,,"[{""hasPlayed"": true, ""points"": 29}, {""hasPlayed"": true, ""points"": 198}, {""hasPlayed"": true, ""points"": 34}, {""hasPlayed"": true, ""points"": 100}, {""hasPlayed"": true, ""points"": 150}]",1,Ozan Kabak,165543.0,15000000
2803,14,Tim,Lemperle,10880934.0,74.0,29.0,29.0,24.0,124309.0,2154.0,16,4,https://kickbase.b-cdn.net/content/file/531648f7c8e7446883243fb819e94d82.png,19.0,2,197.0,,"[{""hasPlayed"": true, ""points"": -62}, {""hasPlayed"": true, ""points"": 60}, {""hasPlayed"": true, ""points"": 60}, {""hasPlayed"": true, ""points"": 158}, {""hasPlayed"": true, ""points"": 72}]",5,Tim Lemperle,-236142.0,17000000
2852,14,Luca,Philipp,500000.0,,,,,,,0,1,https://kickbase.b-cdn.net/content/file/e45a165d68934e8e8a2bbc33ecbbbc96.png,37.0,0,,,"[{""hasPlayed"": false, ""points"": null}, {""hasPlayed"": false, ""points"": null}, {""hasPlayed"": false, ""points"": null}, {""hasPlayed"": false, ""points"": null}, {""hasPlayed"": false, ""points"": null}]",5,Luca Philipp,0.0,750000
3124,14,Patrick,Wimmer,7643985.0,59.0,25.0,25.0,21.0,105411.0,1466.0,0,3,https://kickbase.b-cdn.net/content/file/1ffbdbd2f14848519596bb5fc54bbec5.png,8.0,2,191.0,,"[{""hasPlayed"": false, ""points"": null}, {""hasPlayed"": true, ""points"": 35}, {""hasPlayed"": true, ""points"": 73}, {""hasPlayed"": true, ""points"": 55}, {""hasPlayed"": true, ""points"": 204}]",3,Patrick Wimmer,-189815.0,12000000
3158,14,Fisnik,Asllani,26917653.0,90.0,33.0,33.0,31.0,150494.0,2966.0,0,4,https://kickbase.b-cdn.net/content/file/61214fe54f31411ea068f8fb8b3c1e49.png,11.0,1,110.0,,"[{""hasPlayed"": true, ""points"": 42}, {""hasPlayed"": true, ""points"": 83}, {""hasPlayed"": true, ""points"": 91}, {""hasPlayed"": true, ""points"": 151}, {""hasPlayed"": true, ""points"": 57}]",3,Fisnik Asllani,55501.0,35000000
3204,14,Bambasé,Conté,11320665.0,,,,,,,0,4,https://kickbase.b-cdn.net/content/file/fa595ccc62ce4fdeafca00ccfc95088b.png,20.0,1,,,"[{""hasPlayed"": false, ""points"": null}, {""hasPlayed"": false, ""points"": null}, {""hasPlayed"": false, ""points"": null}, {""hasPlayed"": false, ""points"": null}, {""hasPlayed"": false, ""points"": null}]",3,Bambasé Conté,22639.0,4000000
3471,14,Adam,Hložek,8031639.0,1.0,5.0,5.0,0.0,3674.0,4.0,0,4,https://kickbase.b-cdn.net/content/file/c46fc008a1284ad49727d68c3a8489e9.png,23.0,1,0.0,,"[{""hasPlayed"": true, ""points"": -17}, {""hasPlayed"": true, ""points"": 22}, {""hasPlayed"": false, ""points"": null}, {""hasPlayed"": false, ""points"": null}, {""hasPlayed"": false, ""points"": null}]",2,Adam Hložek,252371.0,10000000
7543,14,Max,Moerstedt,6724423.0,23.0,22.0,22.0,1.0,32693.0,495.0,0,4,https://kickbase.b-cdn.net/content/file/901ac71d98064e48b7b250786d8ac1d2.png,9.0,1,73.0,,"[{""hasPlayed"": false, ""points"": null}, {""hasPlayed"": false, ""points"": null}, {""hasPlayed"": true, ""points"": 9}, {""hasPlayed"": true, ""points"": 21}, {""hasPlayed"": true, ""points"": 13}]",3,Max Moerstedt,72641.0,7000000
7673,14,Albian,Hajdari,17574276.0,97.0,30.0,30.0,28.0,160153.0,2924.0,0,2,https://kickbase.b-cdn.net/content/file/0f60a3cd21c94cc4913d13f811e532a9.png,21.0,1,166.0,,"[{""hasPlayed"": true, ""points"": -7}, {""hasPlayed"": true, ""points"": 245}, {""hasPlayed"": true, ""points"": 81}, {""hasPlayed"": true, ""points"": 171}, {""hasPlayed"": true, ""points"": 120}]",1,Albian Hajdari,164812.0,25000000
7717,14,Alexander,Prass,4234687.0,50.0,32.0,32.0,12.0,90108.0,1591.0,2,3,https://kickbase.b-cdn.net/content/file/e67e0f9b96c8491e8ba2570ec188600c.png,22.0,2,375.0,,"[{""hasPlayed"": true, ""points"": -18}, {""hasPlayed"": true, ""points"": 51}, {""hasPlayed"": true, ""points"": 1}, {""hasPlayed"": true, ""points"": 17}, {""hasPlayed"": true, ""points"": 19}]",3,Alexander Prass,-106924.0,9000000
7745,14,Vladimír,Coufal,25410717.0,115.0,34.0,34.0,34.0,198844.0,3918.0,0,2,https://kickbase.b-cdn.net/content/file/63bd51c8d410447694f867a0c98d983d.png,34.0,1,154.0,,"[{""hasPlayed"": true, ""points"": 52}, {""hasPlayed"": true, ""points"": 235}, {""hasPlayed"": true, ""points"": 76}, {""hasPlayed"": true, ""points"": 152}, {""hasPlayed"": true, ""points"": 112}]",1,Vladimír Coufal,66177.0,2500000
7750,14,Robin,Hranác,4174564.0,79.0,29.0,29.0,26.0,150328.0,2290.0,0,2,https://kickbase.b-cdn.net/content/file/52ea64b1321a44aa874cdd39adb513b6.png,2.0,2,548.0,,"[{""hasPlayed"": false, ""points"": null}, {""hasPlayed"": true, ""points"": 40}, {""hasPlayed"": false, ""points"": null}, {""hasPlayed"": true, ""points"": 38}, {""hasPlayed"": true, ""points"": 17}]",5,Robin Hranác,-96247.0,10000000
8289,14,Lúkas,Petersson,500000.0,,,,,,,0,1,https://kickbase.b-cdn.net/content/file/e12887e5419f4c63a3e0c0b0213fb3cc.png,36.0,0,,,"[{""hasPlayed"": false, ""points"": null}, {""hasPlayed"": false, ""points"": null}, {""hasPlayed"": false, ""points"": null}, {""hasPlayed"": false, ""points"": null}, {""hasPlayed"": false, ""points"": null}]",5,Lúkas Petersson,0.0,600000
9598,14,Valentin,Gendrey,4546396.0,36.0,8.0,8.0,0.0,5564.0,287.0,0,2,https://kickbase.b-cdn.net/content/file/963aa0e9a1bf4537bba171631d3ef595.png,15.0,2,63.0,,"[{""hasPlayed"": false, ""points"": null}, {""hasPlayed"": false, ""points"": null}, {""hasPlayed"": false, ""points"": null}, {""hasPlayed"": false, ""points"": null}, {""hasPlayed"": false, ""points"": null}]",5,Valentin Gendrey,-235127.0,6000000
9682,14,Arthur,Chaves,3101501.0,69.0,15.0,15.0,11.0,70866.0,1040.0,0,2,https://kickbase.b-cdn.net/content/file/833cf51fd2394b6dbc29f93960eec13a.png,35.0,2,335.0,,"[{""hasPlayed"": false, ""points"": null}, {""hasPlayed"": false, ""points"": null}, {""hasPlayed"": true, ""points"": 33}, {""hasPlayed"": true, ""points"": 124}, {""hasPlayed"": true, ""points"": 128}]",5,Arthur Chaves,-127667.0,5000000
11161,14,Koki,Machida,2003026.0,42.0,1.0,1.0,1.0,2718.0,42.0,0,2,https://kickbase.b-cdn.net/content/file/80f0a50727b54ea5a90a99a754cc7a6c.png,28.0,2,20.0,,"[{""hasPlayed"": false, ""points"": null}, {""hasPlayed"": false, ""points"": null}, {""hasPlayed"": false, ""points"": null}, {""hasPlayed"": false, ""points"": null}, {""hasPlayed"": false, ""points"": null}]",5,Koki Machida,-121792.0,6000000
11162,14,Leon,Avdullahu,15226923.0,85.0,33.0,33.0,32.0,187386.0,2805.0,0,3,https://kickbase.b-cdn.net/content/file/d0a6a4d4e08b4c8fa7b4c27fdb09c212.png,7.0,1,184.0,,"[{""hasPlayed"": true, ""points"": -32}, {""hasPlayed"": true, ""points"": 246}, {""hasPlayed"": true, ""points"": 93}, {""hasPlayed"": true, ""points"": 89}, {""hasPlayed"": true, ""points"": 88}]",1,Leon Avdullahu,173586.0,30000000
11591,14,Cajetan,Lenz,3953874.0,,,,,,,0,3,https://kickbase.b-cdn.net/content/file/2d15f1ede167438698d92ddc037e6abe.png,32.0,2,,,"[{""hasPlayed"": false, ""points"": null}, {""hasPlayed"": false, ""points"": null}, {""hasPlayed"": false, ""points"": null}, {""hasPlayed"": false, ""points"": null}, {""hasPlayed"": false, ""points"": null}]",5,Cajetan Lenz,-141286.0,10000000
11631,14,Wouter,Burger,22850507.0,114.0,30.0,30.0,30.0,159518.0,3425.0,0,3,https://kickbase.b-cdn.net/content/file/50a59d7c22f64565b2f31bba1dfae5bd.png,18.0,1,149.0,,"[{""hasPlayed"": true, ""points"": 65}, {""hasPlayed"": true, ""points"": 206}, {""hasPlayed"": true, ""points"": 105}, {""hasPlayed"": true, ""points"": 72}, {""hasPlayed"": true, ""points"": 85}]",1,Wouter Burger,166665.0,20000000
11959,14,Adam,Daghim,5100911.0,41.0,27.0,27.0,12.0,92265.0,1115.0,0,4,https://kickbase.b-cdn.net/content/file/b21c816521cb44579d57b65452b7c1cc.png,0.0,1,218.0,,"[{""hasPlayed"": true, ""points"": 40}, {""hasPlayed"": true, ""points"": 31}, {""hasPlayed"": true, ""points"": 62}, {""hasPlayed"": true, ""points"": -1}, {""hasPlayed"": true, ""points"": 21}]",3,Adam Daghim,365421.0,7500000
14890,14,Alessandro,Vogt,1941726.0,,,,,,,0,4,https://kickbase.b-cdn.net/content/file/112bd299786444d7b7ec83545c819009.png,24.0,2,,,"[{""hasPlayed"": false, ""points"": null}, {""hasPlayed"": false, ""points"": null}, {""hasPlayed"": false, ""points"": null}, {""hasPlayed"": false, ""points"": null}, {""hasPlayed"": false, ""points"": null}]",5,Alessandro Vogt,-145360.0,8000000
15193,14,Mats,Rots,9333725.0,,,,,,,0,2,https://kickbase.b-cdn.net/content/file/d96dc40ca1674b38aef03dff83ae8ab0.png,39.0,2,,,"[{""hasPlayed"": false, ""points"": null}, {""hasPlayed"": false, ""points"": null}, {""hasPlayed"": false, ""points"": null}, {""hasPlayed"": false, ""points"": null}, {""hasPlayed"": false, ""points"": null}]",3,Mats Rots,-193513.0,12000000
15262,14,Nathan,De Cat,16522188.0,,,,,,,0,3,https://kickbase.b-cdn.net/content/file/8c55d861342c440b9966f1cd6dc86f29.png,17.0,1,,,"[{""hasPlayed"": false, ""points"": null}, {""hasPlayed"": false, ""points"": null}, {""hasPlayed"": false, ""points"": null}, {""hasPlayed"": false, ""points"": null}, {""hasPlayed"": false, ""points"": null}]",2,Nathan De Cat,214943.0,27000000
51,40,Rani,Khedira,6091989.0,61.0,32.0,32.0,32.0,188165.0,1956.0,0,3,https://kickbase.b-cdn.net/content/file/9ecae4fccb2648b8b2bd92c4cac3f955.png,8.0,1,321.0,,"[{""hasPlayed"": false, ""points"": null}, {""hasPlayed"": true, ""points"": 44}, {""hasPlayed"": true, ""points"": 44}, {""hasPlayed"": true, ""points"": 6}, {""hasPlayed"": true, ""points"": 6}]",2,Rani Khedira,245276.0,2000000
1223,40,Marvin,Friedrich,978650.0,29.0,6.0,6.0,1.0,11653.0,173.0,0,2,https://kickbase.b-cdn.net/content/file/0e7e99776b0c460eaaf8702878b90869.png,5.0,2,176.0,,"[{""hasPlayed"": false, ""points"": null}, {""hasPlayed"": false, ""points"": null}, {""hasPlayed"": false, ""points"": null}, {""hasPlayed"": false, ""points"": null}, {""hasPlayed"": false, ""points"": null}]",3,Marvin Friedrich,-86609.0,1800000
1553,40,Janik,Haberer,4481222.0,31.0,28.0,28.0,20.0,109158.0,870.0,0,3,https://kickbase.b-cdn.net/content/file/ce496ba0469a4a3b80d18b665d7466c0.png,19.0,2,194.0,,"[{""hasPlayed"": false, ""points"": null}, {""hasPlayed"": false, ""points"": null}, {""hasPlayed"": false, ""points"": null}, {""hasPlayed"": true, ""points"": 6}, {""hasPlayed"": true, ""points"": 6}]",4,Janik Haberer,-162785.0,2000000
1955,40,Oliver,Burke,5399152.0,49.0,29.0,29.0,21.0,110171.0,1410.0,2,4,https://kickbase.b-cdn.net/content/file/a76d8d4a531548f58ceb241fe4958952.png,7.0,1,261.0,,"[{""hasPlayed"": true, ""points"": 139}, {""hasPlayed"": true, ""points"": 174}, {""hasPlayed"": true, ""points"": 61}, {""hasPlayed"": true, ""points"": -18}, {""hasPlayed"": true, ""points"": 139}]",5,Oliver Burke,116311.0,3000000
2279,40,Frederik,Rönnow,9679232.0,75.0,30.0,30.0,30.0,176714.0,2245.0,2,1,https://kickbase.b-cdn.net/content/file/a74539007fa347f28af0ce83caafef6f.png,1.0,2,231.0,,"[{""hasPlayed"": false, ""points"": null}, {""hasPlayed"": false, ""points"": null}, {""hasPlayed"": false, ""points"": null}, {""hasPlayed"": true, ""points"": -19}, {""hasPlayed"": true, ""points"": 79}]",3,Frederik Rönnow,-165932.0,2000000
2302,40,Woo-Yeong,Jeong,3838652.0,36.0,28.0,28.0,13.0,81482.0,994.0,0,3,https://kickbase.b-cdn.net/content/file/167f780b883445c1bb79e00354f1e807.png,11.0,2,258.0,,"[{""hasPlayed"": true, ""points"": 125}, {""hasPlayed"": true, ""points"": 33}, {""hasPlayed"": false, ""points"": null}, {""hasPlayed"": false, ""points"": null}, {""hasPlayed"": false, ""points"": null}]",3,Woo-Yeong Jeong,-118893.0,3500000
2400,40,Christopher,Trimmel,5507486.0,60.0,29.0,29.0,22.0,122793.0,1732.0,0,2,https://kickbase.b-cdn.net/content/file/0133043125be433d91c3b93eb502aebe.png,28.0,2,314.0,,"[{""hasPlayed"": true, ""points"": 133}, {""hasPlayed"": true, ""points"": 139}, {""hasPlayed"": true, ""points"": 104}, {""hasPlayed"": true, ""points"": 14}, {""hasPlayed"": true, ""points"": 107}]",4,Christopher Trimmel,-483532.0,600000
2491,40,Tim,Skarke,5428173.0,26.0,22.0,22.0,4.0,44836.0,579.0,0,3,https://kickbase.b-cdn.net/content/file/530ba96741b943798d9be4d5dcc151f5.png,21.0,1,106.0,,"[{""hasPlayed"": true, ""points"": 59}, {""hasPlayed"": true, ""points"": 101}, {""hasPlayed"": true, ""points"": 28}, {""hasPlayed"": false, ""points"": null}, {""hasPlayed"": true, ""points"": 11}]",4,Tim Skarke,79504.0,1500000
2717,40,Robert,Skov,3079800.0,35.0,3.0,3.0,3.0,14206.0,104.0,0,3,https://kickbase.b-cdn.net/content/file/ebae4e5c0fec43ebaed2b2aae064a346.png,24.0,2,33.0,,"[{""hasPlayed"": false, ""points"": null}, {""hasPlayed"": false, ""points"": null}, {""hasPlayed"": false, ""points"": null}, {""hasPlayed"": false, ""points"": null}, {""hasPlayed"": false, ""points"": null}]",4,Robert Skov,-148667.0,2000000
3102,40,Tom,Rothe,7262007.0,41.0,21.0,21.0,10.0,71469.0,863.0,0,2,https://kickbase.b-cdn.net/content/file/82917858d1a74a7f90a2d9dfca456b71.png,15.0,1,118.0,,"[{""hasPlayed"": true, ""points"": 146}, {""hasPlayed"": true, ""points"": 62}, {""hasPlayed"": true, ""points"": 155}, {""hasPlayed"": true, ""points"": 0}, {""hasPlayed"": true, ""points"": 18}]",2,Tom Rothe,293209.0,10000000
3187,40,András,Schäfer,3039218.0,42.0,28.0,28.0,16.0,96106.0,1177.0,0,3,https://kickbase.b-cdn.net/content/file/433f8b676b6b4b898ad3ede98e20f79d.png,13.0,2,387.0,,"[{""hasPlayed"": true, ""points"": 293}, {""hasPlayed"": true, ""points"": 52}, {""hasPlayed"": true, ""points"": 56}, {""hasPlayed"": true, ""points"": 33}, {""hasPlayed"": true, ""points"": 21}]",3,András Schäfer,-66905.0,4500000
3364,40,Carl,Klaus,2234068.0,117.0,4.0,4.0,3.0,22461.0,466.0,0,1,https://kickbase.b-cdn.net/content/file/03530ee1979440f6865c5fc39260c63a.png,25.0,1,208.0,,"[{""hasPlayed"": true, ""points"": 154}, {""hasPlayed"": true, ""points"": 124}, {""hasPlayed"": true, ""points"": 85}, {""hasPlayed"": true, ""points"": 103}, {""hasPlayed"": false, ""points"": null}]",4,Carl Klaus,363317.0,350000
3419,40,Matheo,Raab,1214141.0,214.0,1.0,1.0,1.0,6311.0,214.0,0,1,https://kickbase.b-cdn.net/content/file/6f65c492a85a491b94cd3b8a37bae6f8.png,31.0,2,176.0,,"[{""hasPlayed"": false, ""points"": null}, {""hasPlayed"": false, ""points"": null}, {""hasPlayed"": false, ""points"": null}, {""hasPlayed"": false, ""points"": null}, {""hasPlayed"": false, ""points"": null}]",3,Matheo Raab,-89211.0,600000
3453,40,Derrick,Köhn,2640550.0,48.0,29.0,29.0,21.0,125830.0,1387.0,0,2,https://kickbase.b-cdn.net/content/file/336162df73db46fdb0d35c73c0928582.png,17.0,2,525.0,,"[{""hasPlayed"": false, ""points"": null}, {""hasPlayed"": true, ""points"": 60}, {""hasPlayed"": false, ""points"": null}, {""hasPlayed"": false, ""points"": null}, {""hasPlayed"": true, ""points"": 16}]",4,Derrick Köhn,-111776.0,4000000
4352,40,Stanley,Nsoki,4986946.0,55.0,13.0,13.0,10.0,54082.0,718.0,2,2,https://kickbase.b-cdn.net/content/file/6c54070a804d4f15acb3d09b63af882a.png,34.0,1,143.0,,"[{""hasPlayed"": false, ""points"": null}, {""hasPlayed"": false, ""points"": null}, {""hasPlayed"": true, ""points"": 52}, {""hasPlayed"": false, ""points"": null}, {""hasPlayed"": false, ""points"": null}]",4,Stanley Nsoki,235971.0,2000000
4446,40,Aljoscha,Kemlein,8418464.0,48.0,30.0,30.0,23.0,129466.0,1437.0,0,3,https://kickbase.b-cdn.net/content/file/2dc45e5315ff4262a38925af69a6e745.png,6.0,1,170.0,,"[{""hasPlayed"": true, ""points"": 109}, {""hasPlayed"": true, ""points"": 175}, {""hasPlayed"": true, ""points"": 67}, {""hasPlayed"": true, ""points"": 3}, {""hasPlayed"": true, ""points"": 34}]",1,Aljoscha Kemlein,270024.0,12000000
4598,40,Josip,Juranović,4563008.0,50.0,11.0,11.0,3.0,23550.0,554.0,0,2,https://kickbase.b-cdn.net/content/file/17ce8593891544bbae052579071e5c45.png,18.0,1,121.0,,"[{""hasPlayed"": true, ""points"": 62}, {""hasPlayed"": true, ""points"": 119}, {""hasPlayed"": true, ""points"": 25}, {""hasPlayed"": true, ""points"": 65}, {""hasPlayed"": false, ""points"": null}]",2,Josip Juranović,138116.0,2000000
6750,40,Ilyas,Ansah,10310426.0,40.0,33.0,33.0,23.0,125016.0,1305.0,0,4,https://kickbase.b-cdn.net/content/file/4e244d293e744fe4a462219508989e68.png,10.0,1,126.0,,"[{""hasPlayed"": true, ""points"": 80}, {""hasPlayed"": true, ""points"": 61}, {""hasPlayed"": true, ""points"": -8}, {""hasPlayed"": true, ""points"": -11}, {""hasPlayed"": true, ""points"": 21}]",1,Ilyas Ansah,-19592.0,12000000
7723,40,Leopold,Querfeld,13830584.0,90.0,31.0,31.0,30.0,181108.0,2789.0,0,2,https://kickbase.b-cdn.net/content/file/b9dfbb26ed9347b9a1585f29718c9d76.png,14.0,1,201.0,,"[{""hasPlayed"": true, ""points"": 53}, {""hasPlayed"": false, ""points"": null}, {""hasPlayed"": false, ""points"": null}, {""hasPlayed"": true, ""points"": 38}, {""hasPlayed"": true, ""points"": 90}]",3,Leopold Querfeld,152328.0,20000000
8381,40,Livan,Burcu,7493636.0,28.0,18.0,18.0,6.0,45477.0,504.0,0,3,https://kickbase.b-cdn.net/content/file/9ee1048c9191462c82b58e23f1dbf647.png,9.0,1,67.0,,"[{""hasPlayed"": true, ""points"": 139}, {""hasPlayed"": true, ""points"": 35}, {""hasPlayed"": true, ""points"": 109}, {""hasPlayed"": true, ""points"": -6}, {""hasPlayed"": true, ""points"": -11}]",2,Livan Burcu,110160.0,4000000
9221,40,Dmytro,Bogdanov,500000.0,16.0,2.0,2.0,0.0,721.0,32.0,0,4,https://kickbase.b-cdn.net/content/file/f506ca426a5c42ff979ce1664db5fd78.png,30.0,0,64.0,,"[{""hasPlayed"": true, ""points"": 45}, {""hasPlayed"": false, ""points"": null}, {""hasPlayed"": false, ""points"": null}, {""hasPlayed"": false, ""points"": null}, {""hasPlayed"": false, ""points"": null}]",5,Dmytro Bogdanov,0.0,800000
9683,40,Andrej,Ilic,8034636.0,69.0,32.0,32.0,24.0,151642.0,2204.0,2,4,https://kickbase.b-cdn.net/content/file/1a56a70bd0c1483894bc78d61bf30f46.png,23.0,2,274.0,,"[{""hasPlayed"": true, ""points"": 271}, {""hasPlayed"": true, ""points"": 255}, {""hasPlayed"": true, ""points"": 35}, {""hasPlayed"": true, ""points"": 24}, {""hasPlayed"": true, ""points"": 115}]",4,Andrej Ilic,-300026.0,9000000
12763,40,Emmanuel,Latte Lath,8419528.0,,,,,,,0,4,https://kickbase.b-cdn.net/content/file/703dfff3de074113a2edb492e5c585e7.png,29.0,1,,,"[{""hasPlayed"": false, ""points"": null}, {""hasPlayed"": false, ""points"": null}, {""hasPlayed"": false, ""points"": null}, {""hasPlayed"": false, ""points"": null}, {""hasPlayed"": false, ""points"": null}]",2,Emmanuel Latte Lath,325920.0,10000000
13629,40,Linus,Güther,506500.0,-31.0,1.0,1.0,0.0,849.0,-31.0,0,3,https://kickbase.b-cdn.net/content/file/d92375c9bb9640858ef3fa4deebadf84.png,49.0,1,,,"[{""hasPlayed"": false, ""points"": null}, {""hasPlayed"": false, ""points"": null}, {""hasPlayed"": false, ""points"": null}, {""hasPlayed"": false, ""points"": null}, {""hasPlayed"": false, ""points"": null}]",5,Linus Güther,6500.0,1000000
14917,40,Zeno,Van den Bosch,12950192.0,,,,,,,0,2,https://kickbase.b-cdn.net/content/file/f19174a181cb4b18a6fb28116d085029.png,4.0,1,,,"[{""hasPlayed"": false, ""points"": null}, {""hasPlayed"": false, ""points"": null}, {""hasPlayed"": false, ""points"": null}, {""hasPlayed"": false, ""points"": null}, {""hasPlayed"": false, ""points"": null}]",2,Zeno Van den Bosch,128549.0,6000000
357,4,Jens,Grahl,500000.0,,,,,,,0,1,https://kickbase.b-cdn.net/content/file/81b6a0fdd62a41c680a68075b371017f.png,33.0,0,,,"[{""hasPlayed"": false, ""points"": null}, {""hasPlayed"": false, ""points"": null}, {""hasPlayed"": false, ""points"": null}, {""hasPlayed"": false, ""points"": null}, {""hasPlayed"": false, ""points"": null}]",5,Jens Grahl,0.0,200000
461,4,Timothy,Chandler,500000.0,31.0,1.0,1.0,0.0,932.0,31.0,2,2,https://kickbase.b-cdn.net/content/file/3f7d0bb3af4c44edb1d33b849df45686.png,22.0,0,62.0,,"[{""hasPlayed"": true, ""points"": 31}, {""hasPlayed"": false, ""points"": null}, {""hasPlayed"": false, ""points"": null}, {""hasPlayed"": false, ""points"": null}, {""hasPlayed"": false, ""points"": null}]",5,Timothy Chandler,0.0,350000
513,4,Mario,Götze,5375327.0,33.0,21.0,21.0,8.0,60719.0,696.0,0,3,https://kickbase.b-cdn.net/content/file/677f22ea04504944be2873ce5f5d179f.png,27.0,1,129.0,,"[{""hasPlayed"": true, ""points"": 38}, {""hasPlayed"": true, ""points"": -1}, {""hasPlayed"": false, ""points"": null}, {""hasPlayed"": false, ""points"": null}, {""hasPlayed"": false, ""points"": null}]",4,Mario Götze,223561.0,3000000
1655,4,Michael,Zetterer,5389457.0,94.0,22.0,22.0,21.0,131394.0,2075.0,0,1,https://kickbase.b-cdn.net/content/file/7b95a79040f048299e6825e31771d397.png,23.0,2,385.0,,"[{""hasPlayed"": true, ""points"": 133}, {""hasPlayed"": true, ""points"": 105}, {""hasPlayed"": true, ""points"": 66}, {""hasPlayed"": true, ""points"": 95}, {""hasPlayed"": true, ""points"": 47}]",4,Michael Zetterer,-272335.0,4000000
2144,4,Robin,Koch,23455591.0,107.0,32.0,32.0,32.0,188534.0,3419.0,2,2,https://kickbase.b-cdn.net/content/file/340cf29dd65140208f579773d046dd30.png,4.0,1,145.0,,"[{""hasPlayed"": true, ""points"": 94}, {""hasPlayed"": true, ""points"": 42}, {""hasPlayed"": true, ""points"": 81}, {""hasPlayed"": true, ""points"": 108}, {""hasPlayed"": true, ""points"": 89}]",1,Robin Koch,57022.0,10000000
2190,4,Michy,Batshuayi,3636274.0,17.0,6.0,6.0,1.0,10960.0,104.0,0,4,https://kickbase.b-cdn.net/content/file/3b9e88cc2fb04c4b8f25529205d0e88b.png,30.0,1,28.0,,"[{""hasPlayed"": false, ""points"": null}, {""hasPlayed"": false, ""points"": null}, {""hasPlayed"": false, ""points"": null}, {""hasPlayed"": false, ""points"": null}, {""hasPlayed"": false, ""points"": null}]",5,Michy Batshuayi,290521.0,0
2255,4,Jonathan,Burkardt,26109785.0,87.0,22.0,22.0,15.0,87110.0,1912.0,0,4,https://kickbase.b-cdn.net/content/file/2eca07d51a734c0582f65922e9bf3a91.png,9.0,1,73.0,,"[{""hasPlayed"": true, ""points"": 227}, {""hasPlayed"": true, ""points"": 95}, {""hasPlayed"": true, ""points"": 63}, {""hasPlayed"": true, ""points"": -14}, {""hasPlayed"": true, ""points"": -6}]",1,Jonathan Burkardt,88121.0,30000000
2718,4,Ellyes,Skhiri,3010859.0,41.0,25.0,25.0,16.0,96669.0,1030.0,0,3,https://kickbase.b-cdn.net/content/file/491757afd9e94da4a8fcbeaa8e23e1f0.png,15.0,2,342.0,,"[{""hasPlayed"": true, ""points"": 87}, {""hasPlayed"": true, ""points"": 35}, {""hasPlayed"": true, ""points"": 37}, {""hasPlayed"": true, ""points"": 113}, {""hasPlayed"": true, ""points"": 2}]",5,Ellyes Skhiri,-61897.0,5000000
2863,4,Ansgar,Knauff,4466298.0,46.0,28.0,28.0,12.0,88199.0,1284.0,0,3,https://kickbase.b-cdn.net/content/file/65567e26534544698e6a43b7411db0c5.png,7.0,2,287.0,,"[{""hasPlayed"": true, ""points"": 27}, {""hasPlayed"": true, ""points"": 14}, {""hasPlayed"": true, ""points"": 38}, {""hasPlayed"": true, ""points"": 25}, {""hasPlayed"": true, ""points"": 8}]",3,Ansgar Knauff,-24392.0,15000000
2864,4,Nnamdi,Collins,13775375.0,71.0,23.0,23.0,16.0,101407.0,1622.0,2,2,https://kickbase.b-cdn.net/content/file/2a1e4075871c4c2189ad01a35880199b.png,34.0,1,117.0,,"[{""hasPlayed"": false, ""points"": null}, {""hasPlayed"": false, ""points"": null}, {""hasPlayed"": false, ""points"": null}, {""hasPlayed"": false, ""points"": null}, {""hasPlayed"": false, ""points"": null}]",3,Nnamdi Collins,116017.0,20000000
2887,4,Ritsu,Dōan,20741886.0,90.0,31.0,31.0,28.0,154093.0,2793.0,0,3,https://kickbase.b-cdn.net/content/file/a635c31b1d4a4468826bb1915a8495c6.png,20.0,1,134.0,,"[{""hasPlayed"": true, ""points"": 89}, {""hasPlayed"": true, ""points"": 18}, {""hasPlayed"": false, ""points"": null}, {""hasPlayed"": true, ""points"": 138}, {""hasPlayed"": false, ""points"": null}]",2,Ritsu Dōan,145496.0,17000000
6081,4,Can,Uzun,27536604.0,106.0,21.0,21.0,15.0,76576.0,2232.0,0,3,https://kickbase.b-cdn.net/content/file/57ff676333514f5cbfe8036ee8243473.png,42.0,1,81.0,,"[{""hasPlayed"": true, ""points"": 31}, {""hasPlayed"": true, ""points"": 143}, {""hasPlayed"": true, ""points"": 218}, {""hasPlayed"": true, ""points"": 220}, {""hasPlayed"": true, ""points"": 9}]",2,Can Uzun,99174.0,45000000
6185,4,Hugo,Larsson,9950158.0,71.0,25.0,25.0,21.0,117957.0,1779.0,2,3,https://kickbase.b-cdn.net/content/file/9e79207a19224f719522639de01974d9.png,16.0,2,178.0,,"[{""hasPlayed"": false, ""points"": null}, {""hasPlayed"": false, ""points"": null}, {""hasPlayed"": true, ""points"": 60}, {""hasPlayed"": true, ""points"": 166}, {""hasPlayed"": true, ""points"": 115}]",3,Hugo Larsson,-496634.0,28000000
7275,4,Kauã,Santos,10286001.0,65.0,13.0,13.0,13.0,72952.0,849.0,0,1,https://kickbase.b-cdn.net/content/file/e95656af26a24b76bc26de60a6de98ef.png,40.0,1,82.0,,"[{""hasPlayed"": false, ""points"": null}, {""hasPlayed"": false, ""points"": null}, {""hasPlayed"": false, ""points"": null}, {""hasPlayed"": false, ""points"": null}, {""hasPlayed"": false, ""points"": null}]",3,Kauã Santos,127456.0,7000000
7277,4,Farès,Chaïbi,9924495.0,83.0,28.0,28.0,21.0,118583.0,2334.0,0,3,https://kickbase.b-cdn.net/content/file/3dde5ae84a7548f0927de855bf547940.png,8.0,2,235.0,,"[{""hasPlayed"": true, ""points"": 52}, {""hasPlayed"": true, ""points"": 11}, {""hasPlayed"": true, ""points"": 26}, {""hasPlayed"": true, ""points"": 1}, {""hasPlayed"": true, ""points"": 58}]",4,Farès Chaïbi,-466972.0,15000000
7325,4,Elias,Baum,9757060.0,6.0,5.0,5.0,0.0,6016.0,32.0,0,2,https://kickbase.b-cdn.net/content/file/d902a58e5d944b18a5c4fdc246b131d0.png,2.0,1,3.0,,"[{""hasPlayed"": false, ""points"": null}, {""hasPlayed"": false, ""points"": null}, {""hasPlayed"": false, ""points"": null}, {""hasPlayed"": false, ""points"": null}, {""hasPlayed"": true, ""points"": -10}]",2,Elias Baum,259996.0,4000000
7417,4,Noël,Aséko,8945898.0,,,,,,,2,3,https://kickbase.b-cdn.net/content/file/7a633dbb4f5746f588f52cd657f1b67f.png,0.0,2,,,"[{""hasPlayed"": false, ""points"": null}, {""hasPlayed"": false, ""points"": null}, {""hasPlayed"": false, ""points"": null}, {""hasPlayed"": false, ""points"": null}, {""hasPlayed"": false, ""points"": null}]",4,Noël Aséko,-312191.0,12000000
7491,4,Jean-Mattéo,Bahoya,8410738.0,64.0,27.0,27.0,15.0,89358.0,1718.0,0,4,https://kickbase.b-cdn.net/content/file/3408b03eeefc4c9297226cdf3fade4f6.png,19.0,2,204.0,,"[{""hasPlayed"": true, ""points"": 12}, {""hasPlayed"": true, ""points"": 37}, {""hasPlayed"": true, ""points"": 12}, {""hasPlayed"": false, ""points"": null}, {""hasPlayed"": false, ""points"": null}]",4,Jean-Mattéo Bahoya,-322037.0,25000000
8057,4,Arthur,Theate,13098237.0,93.0,24.0,24.0,24.0,142350.0,2226.0,0,2,https://kickbase.b-cdn.net/content/file/8dd075b3ad334b36ae27f1910cd562d4.png,3.0,2,169.0,,"[{""hasPlayed"": false, ""points"": null}, {""hasPlayed"": true, ""points"": 23}, {""hasPlayed"": false, ""points"": null}, {""hasPlayed"": false, ""points"": null}, {""hasPlayed"": true, ""points"": 67}]",3,Arthur Theate,-417371.0,17000000
8351,4,Oscar,Højlund,3512174.0,32.0,24.0,24.0,12.0,72520.0,772.0,0,3,https://kickbase.b-cdn.net/content/file/cb0c9d9d621f48f58bd3237c6264870e.png,6.0,2,219.0,,"[{""hasPlayed"": false, ""points"": null}, {""hasPlayed"": false, ""points"": null}, {""hasPlayed"": true, ""points"": -1}, {""hasPlayed"": true, ""points"": 79}, {""hasPlayed"": true, ""points"": 32}]",3,Oscar Højlund,-81351.0,15000000
10004,4,Younes,Ebnoutalib,10236458.0,25.0,5.0,5.0,2.0,10174.0,126.0,0,4,https://kickbase.b-cdn.net/content/file/e071a76ceed648049a6de91138a0d2a9.png,11.0,1,12.0,,"[{""hasPlayed"": false, ""points"": null}, {""hasPlayed"": false, ""points"": null}, {""hasPlayed"": true, ""points"": -2}, {""hasPlayed"": false, ""points"": null}, {""hasPlayed"": false, ""points"": null}]",3,Younes Ebnoutalib,127855.0,8000000
12284,4,Keita,Kosugi,6723284.0,,,,,,,0,2,https://kickbase.b-cdn.net/content/file/04b750a692fd4c7cb78d4bce90db9733.png,26.0,1,,,"[{""hasPlayed"": false, ""points"": null}, {""hasPlayed"": false, ""points"": null}, {""hasPlayed"": false, ""points"": null}, {""hasPlayed"": false, ""points"": null}, {""hasPlayed"": false, ""points"": null}]",3,Keita Kosugi,268009.0,5000000
12285,4,Love,Arrhov,4312502.0,14.0,5.0,5.0,1.0,5265.0,70.0,0,3,https://kickbase.b-cdn.net/content/file/874a8f6a5061492cb5885245ee1697bd.png,31.0,2,16.0,,"[{""hasPlayed"": false, ""points"": null}, {""hasPlayed"": false, ""points"": null}, {""hasPlayed"": false, ""points"": null}, {""hasPlayed"": true, ""points"": 19}, {""hasPlayed"": false, ""points"": null}]",5,Love Arrhov,-151981.0,5000000
12294,4,Ayoube,Amaimouni,4147336.0,40.0,17.0,17.0,6.0,40230.0,679.0,0,3,https://kickbase.b-cdn.net/content/file/79da64806f7d46e2a04e1497b6829add.png,29.0,2,163.0,,"[{""hasPlayed"": false, ""points"": null}, {""hasPlayed"": true, ""points"": 1}, {""hasPlayed"": true, ""points"": -6}, {""hasPlayed"": true, ""points"": 44}, {""hasPlayed"": true, ""points"": 79}]",4,Ayoube Amaimouni,-102019.0,10000000
14920,4,Malik,Pimpong,4641881.0,,,,,,,0,4,https://kickbase.b-cdn.net/content/file/bd46302fa69a41ce9f4ddca60f2d5f50.png,35.0,2,,,"[{""hasPlayed"": false, ""points"": null}, {""hasPlayed"": false, ""points"": null}, {""hasPlayed"": false, ""points"": null}, {""hasPlayed"": false, ""points"": null}, {""hasPlayed"": false, ""points"": null}]",5,Malik Pimpong,-134416.0,0
15589,4,,Otávio,7065743.0,,,,,,,0,2,https://kickbase.b-cdn.net/content/file/09678a27347041df90d1af976ab13bc4.png,5.0,1,,,"[{""hasPlayed"": false, ""points"": null}, {""hasPlayed"": false, ""points"": null}, {""hasPlayed"": false, ""points"": null}, {""hasPlayed"": false, ""points"": null}, {""hasPlayed"": false, ""points"": null}]",3,Otávio,294647.0,1500000
16369,4,Raphael,Onyedika,13237242.0,,,,,,,0,3,https://kickbase.b-cdn.net/content/file/ef0dddf47dd4415d87a89c141f59d513.png,25.0,1,,,"[{""hasPlayed"": false, ""points"": null}, {""hasPlayed"": false, ""points"": null}, {""hasPlayed"": false, ""points"": null}, {""hasPlayed"": false, ""points"": null}, {""hasPlayed"": false, ""points"": null}]",2,Raphael Onyedika,222574.0,23000000
60,18,Dominik,Kohr,8899738.0,71.0,29.0,29.0,28.0,153973.0,2070.0,0,2,https://kickbase.b-cdn.net/content/file/fc6cb9d67771484baa8cd7547280f6cd.png,31.0,1,232.0,,"[{""hasPlayed"": true, ""points"": 146}, {""hasPlayed"": true, ""points"": 17}, {""hasPlayed"": true, ""points"": 24}, {""hasPlayed"": true, ""points"": 148}, {""hasPlayed"": true, ""points"": 112}]",3,Dominik Kohr,195097.0,2000000
550,18,Stefan,Bell,2583394.0,73.0,18.0,18.0,13.0,69705.0,1313.0,0,2,https://kickbase.b-cdn.net/content/file/b5f9d86fa6414225acae1ed532dfb2e7.png,16.0,2,508.0,,"[{""hasPlayed"": false, ""points"": null}, {""hasPlayed"": false, ""points"": null}, {""hasPlayed"": false, ""points"": null}, {""hasPlayed"": false, ""points"": null}, {""hasPlayed"": false, ""points"": null}]",5,Stefan Bell,-124067.0,600000
620,18,Alexander,Schwolow,4688192.0,,,,,,,0,1,https://kickbase.b-cdn.net/content/file/4cc1d15b731f40d1868ff35958c5f191.png,0.0,1,,,"[{""hasPlayed"": false, ""points"": null}, {""hasPlayed"": false, ""points"": null}, {""hasPlayed"": false, ""points"": null}, {""hasPlayed"": false, ""points"": null}, {""hasPlayed"": false, ""points"": null}]",5,Alexander Schwolow,304494.0,450000
1540,18,Danny,Da Costa,9129645.0,73.0,34.0,34.0,30.0,178678.0,2498.0,0,2,https://kickbase.b-cdn.net/content/file/d7479cd684eb4636932e2e5651e92411.png,21.0,1,273.0,,"[{""hasPlayed"": true, ""points"": 72}, {""hasPlayed"": true, ""points"": -4}, {""hasPlayed"": true, ""points"": 91}, {""hasPlayed"": true, ""points"": 38}, {""hasPlayed"": true, ""points"": 86}]",3,Danny Da Costa,174381.0,1200000
1590,18,Robin,Zentner,12718902.0,73.0,10.0,10.0,10.0,59055.0,728.0,0,1,https://kickbase.b-cdn.net/content/file/dad81a3053174c60b16a47385173f2d5.png,27.0,1,57.0,,"[{""hasPlayed"": false, ""points"": null}, {""hasPlayed"": true, ""points"": 96}, {""hasPlayed"": false, ""points"": null}, {""hasPlayed"": false, ""points"": null}, {""hasPlayed"": false, ""points"": null}]",1,Robin Zentner,151717.0,2500000
1639,18,Nadiem,Amiri,32895728.0,134.0,26.0,26.0,24.0,136794.0,3493.0,0,3,https://kickbase.b-cdn.net/content/file/fee710e358914669ab855823274a461e.png,10.0,1,106.0,,"[{""hasPlayed"": true, ""points"": 254}, {""hasPlayed"": true, ""points"": 98}, {""hasPlayed"": true, ""points"": 168}, {""hasPlayed"": true, ""points"": 93}, {""hasPlayed"": true, ""points"": 229}]",1,Nadiem Amiri,113757.0,17000000
2006,18,Stefan,Posch,9188920.0,90.0,16.0,16.0,16.0,93180.0,1446.0,0,2,https://kickbase.b-cdn.net/content/file/61c45113d8144342ae187dd599d3eff5.png,0.0,1,157.0,,"[{""hasPlayed"": true, ""points"": 97}, {""hasPlayed"": true, ""points"": 63}, {""hasPlayed"": true, ""points"": 121}, {""hasPlayed"": true, ""points"": 53}, {""hasPlayed"": true, ""points"": 154}]",2,Stefan Posch,350150.0,6000000
2030,18,Phillip,Tietz,12189044.0,56.0,29.0,29.0,19.0,120672.0,1612.0,0,4,https://kickbase.b-cdn.net/content/file/2acf94096d5443fcb6d70524c93fb74e.png,20.0,1,132.0,,"[{""hasPlayed"": true, ""points"": 240}, {""hasPlayed"": true, ""points"": 30}, {""hasPlayed"": true, ""points"": 198}, {""hasPlayed"": true, ""points"": 35}, {""hasPlayed"": true, ""points"": 49}]",1,Phillip Tietz,183520.0,4000000
2232,18,Philipp,Mwene,7766034.0,49.0,29.0,29.0,24.0,136771.0,1428.0,0,2,https://kickbase.b-cdn.net/content/file/275de3be8348462b85588eaa3c89e4b3.png,2.0,2,183.0,,"[{""hasPlayed"": true, ""points"": 181}, {""hasPlayed"": true, ""points"": 41}, {""hasPlayed"": true, ""points"": 233}, {""hasPlayed"": true, ""points"": 16}, {""hasPlayed"": true, ""points"": 57}]",2,Philipp Mwene,-293966.0,1500000
2399,18,Lennard,Maloney,1944232.0,16.0,21.0,21.0,4.0,36109.0,339.0,0,3,https://kickbase.b-cdn.net/content/file/8ae05919f4ae4c4a8ea0e0fdc6e08e32.png,15.0,2,174.0,,"[{""hasPlayed"": true, ""points"": 23}, {""hasPlayed"": false, ""points"": null}, {""hasPlayed"": true, ""points"": 16}, {""hasPlayed"": true, ""points"": 9}, {""hasPlayed"": false, ""points"": null}]",5,Lennard Maloney,-134508.0,2500000
2476,18,Jae-Sung,Lee,9479982.0,65.0,28.0,28.0,26.0,141332.0,1824.0,0,3,https://kickbase.b-cdn.net/content/file/4958ca742c82430a89447e10efb492a9.png,7.0,1,192.0,,"[{""hasPlayed"": true, ""points"": 43}, {""hasPlayed"": true, ""points"": -22}, {""hasPlayed"": false, ""points"": null}, {""hasPlayed"": false, ""points"": null}, {""hasPlayed"": false, ""points"": null}]",1,Jae-Sung Lee,334519.0,2000000
2646,18,Sheraldo,Becker,13314667.0,76.0,14.0,14.0,11.0,61084.0,1065.0,0,4,https://kickbase.b-cdn.net/content/file/e279d94dff1f46ea8a7f16ea6656528c.png,23.0,1,79.0,,"[{""hasPlayed"": true, ""points"": 115}, {""hasPlayed"": true, ""points"": 114}, {""hasPlayed"": true, ""points"": 120}, {""hasPlayed"": true, ""points"": 136}, {""hasPlayed"": true, ""points"": 20}]",2,Sheraldo Becker,177940.0,1500000
2702,18,Eric,Martel,5522633.0,77.0,31.0,31.0,30.0,170710.0,2378.0,1,3,https://kickbase.b-cdn.net/content/file/8744ec1d907e4042b8afa0f7d030628c.png,5.0,2,430.0,,"[{""hasPlayed"": true, ""points"": 43}, {""hasPlayed"": false, ""points"": null}, {""hasPlayed"": true, ""points"": 73}, {""hasPlayed"": true, ""points"": 13}, {""hasPlayed"": true, ""points"": 115}]",5,Eric Martel,-346892.0,8000000
2822,18,,Silas,500000.0,30.0,8.0,8.0,4.0,22414.0,241.0,1,4,https://kickbase.b-cdn.net/content/file/c9d8809a21ab421eae753d788da8f8e3.png,26.0,2,482.0,,"[{""hasPlayed"": false, ""points"": null}, {""hasPlayed"": false, ""points"": null}, {""hasPlayed"": false, ""points"": null}, {""hasPlayed"": false, ""points"": null}, {""hasPlayed"": false, ""points"": null}]",5,Silas,0.0,2000000
2895,18,Paul,Nebel,8083361.0,67.0,30.0,30.0,24.0,136191.0,2011.0,1,3,https://kickbase.b-cdn.net/content/file/03b835615e0c4ae3850ce2970f9cec04.png,8.0,2,248.0,,"[{""hasPlayed"": true, ""points"": 99}, {""hasPlayed"": true, ""points"": 95}, {""hasPlayed"": true, ""points"": 83}, {""hasPlayed"": true, ""points"": 115}, {""hasPlayed"": true, ""points"": 89}]",5,Paul Nebel,-326120.0,18000000
3041,18,Silvan Dominic,Widmer,3084955.0,54.0,27.0,27.0,22.0,117652.0,1463.0,0,2,https://kickbase.b-cdn.net/content/file/f8a4a7b03b4c4326bdc73b1c9e0d6866.png,30.0,2,474.0,,"[{""hasPlayed"": true, ""points"": 84}, {""hasPlayed"": false, ""points"": null}, {""hasPlayed"": true, ""points"": 147}, {""hasPlayed"": true, ""points"": 51}, {""hasPlayed"": true, ""points"": 26}]",4,Silvan Dominic Widmer,-68788.0,800000
3318,18,Ransford,Königsdörffer,4909442.0,45.0,33.0,33.0,29.0,149854.0,1498.0,0,4,https://kickbase.b-cdn.net/content/file/4f3abfff728148fda062801c5af46204.png,0.0,2,305.0,,"[{""hasPlayed"": false, ""points"": null}, {""hasPlayed"": true, ""points"": 61}, {""hasPlayed"": true, ""points"": 53}, {""hasPlayed"": true, ""points"": 63}, {""hasPlayed"": true, ""points"": 0}]",4,Ransford Königsdörffer,-220733.0,5000000
3470,18,Anthony,Caci,8699135.0,54.0,10.0,10.0,6.0,35021.0,535.0,0,2,https://kickbase.b-cdn.net/content/file/5bb349b2622049a7aa73a59edcec1781.png,19.0,1,61.0,,"[{""hasPlayed"": true, ""points"": 28}, {""hasPlayed"": true, ""points"": 56}, {""hasPlayed"": true, ""points"": 25}, {""hasPlayed"": true, ""points"": -1}, {""hasPlayed"": true, ""points"": 112}]",2,Anthony Caci,312183.0,7000000
4576,18,Andreas,Hanche-Olsen,4147358.0,57.0,13.0,13.0,8.0,56559.0,736.0,0,2,https://kickbase.b-cdn.net/content/file/4c7d4215b6f24ad8a0daa5c7a9b9e290.png,25.0,2,177.0,,"[{""hasPlayed"": false, ""points"": null}, {""hasPlayed"": false, ""points"": null}, {""hasPlayed"": false, ""points"": null}, {""hasPlayed"": false, ""points"": null}, {""hasPlayed"": false, ""points"": null}]",5,Andreas Hanche-Olsen,-141495.0,3500000
6111,18,Benedict,Hollerbach,5256064.0,36.0,14.0,14.0,13.0,55268.0,500.0,2,4,https://kickbase.b-cdn.net/content/file/212f0c9603f04c869640c40bdbb0a396.png,17.0,1,95.0,,"[{""hasPlayed"": false, ""points"": null}, {""hasPlayed"": false, ""points"": null}, {""hasPlayed"": false, ""points"": null}, {""hasPlayed"": false, ""points"": null}, {""hasPlayed"": false, ""points"": null}]",5,Benedict Hollerbach,159799.0,8000000
8307,18,Kaishu,Sano,14695725.0,83.0,34.0,34.0,34.0,203515.0,2817.0,0,3,https://kickbase.b-cdn.net/content/file/5d056e6175064f30b16047761d382a84.png,6.0,1,191.0,,"[{""hasPlayed"": true, ""points"": 115}, {""hasPlayed"": true, ""points"": 55}, {""hasPlayed"": true, ""points"": 88}, {""hasPlayed"": true, ""points"": 149}, {""hasPlayed"": true, ""points"": 90}]",2,Kaishu Sano,177198.0,50000000
10122,18,Fabio,Gruber,13337414.0,,,,,,,0,2,https://kickbase.b-cdn.net/content/file/278ee138191a434c98f6a644a68e553c.png,3.0,1,,,"[{""hasPlayed"": false, ""points"": null}, {""hasPlayed"": false, ""points"": null}, {""hasPlayed"": false, ""points"": null}, {""hasPlayed"": false, ""points"": null}, {""hasPlayed"": false, ""points"": null}]",1,Fabio Gruber,195034.0,3000000
11261,18,Sota,Kawasaki,5554697.0,15.0,10.0,10.0,3.0,21929.0,146.0,0,3,https://kickbase.b-cdn.net/content/file/4678b1fe37904abeb5122cf3927324dc.png,24.0,1,26.0,,"[{""hasPlayed"": false, ""points"": null}, {""hasPlayed"": false, ""points"": null}, {""hasPlayed"": false, ""points"": null}, {""hasPlayed"": false, ""points"": null}, {""hasPlayed"": false, ""points"": null}]",5,Sota Kawasaki,202516.0,2000000
11665,18,Kacper,Potulski,7137458.0,80.0,15.0,15.0,9.0,71592.0,1206.0,0,2,https://kickbase.b-cdn.net/content/file/fad6be1e7d7644989b542d6722ad734c.png,48.0,2,168.0,,"[{""hasPlayed"": true, ""points"": 160}, {""hasPlayed"": true, ""points"": 31}, {""hasPlayed"": true, ""points"": 87}, {""hasPlayed"": false, ""points"": null}, {""hasPlayed"": false, ""points"": null}]",4,Kacper Potulski,-322766.0,18000000
11954,18,William,Bøving,5320825.0,16.0,9.0,9.0,2.0,16311.0,145.0,0,3,https://kickbase.b-cdn.net/content/file/4a2dfc01b55f4298b30ca2bca86b98f4.png,14.0,1,27.0,,"[{""hasPlayed"": false, ""points"": null}, {""hasPlayed"": false, ""points"": null}, {""hasPlayed"": false, ""points"": null}, {""hasPlayed"": true, ""points"": -4}, {""hasPlayed"": true, ""points"": 24}]",5,William Bøving,121109.0,3500000
13438,18,Otto,Ruoppi,4029888.0,,,,,,,0,3,https://kickbase.b-cdn.net/content/file/87f2fcbedcfd4094b1aa3112efb54de3.png,0.0,2,,,"[{""hasPlayed"": false, ""points"": null}, {""hasPlayed"": false, ""points"": null}, {""hasPlayed"": false, ""points"": null}, {""hasPlayed"": false, ""points"": null}, {""hasPlayed"": false, ""points"": null}]",5,Otto Ruoppi,-145648.0,1000000
168,29,Sven,Michel,2658420.0,,,,,,,1,4,https://kickbase.b-cdn.net/content/file/e03c92ddb64b4dfaa85fddc8832168ef.png,11.0,2,,,"[{""hasPlayed"": false, ""points"": null}, {""hasPlayed"": false, ""points"": null}, {""hasPlayed"": false, ""points"": null}, {""hasPlayed"": false, ""points"": null}, {""hasPlayed"": false, ""points"": null}]",5,Sven Michel,-160004.0,300000
1964,29,Felix,Götze,8720315.0,,,,,,,0,2,https://kickbase.b-cdn.net/content/file/211c165645f84bc08e3bac17e3ba0dcf.png,20.0,1,,,"[{""hasPlayed"": false, ""points"": null}, {""hasPlayed"": false, ""points"": null}, {""hasPlayed"": false, ""points"": null}, {""hasPlayed"": false, ""points"": null}, {""hasPlayed"": false, ""points"": null}]",1,Felix Götze,287719.0,2000000
2015,29,Raphael,Obermair,10210977.0,,,,,,,0,3,https://kickbase.b-cdn.net/content/file/0d9820e6e0904252b629770883bf6ed2.png,23.0,1,,,"[{""hasPlayed"": false, ""points"": null}, {""hasPlayed"": false, ""points"": null}, {""hasPlayed"": false, ""points"": null}, {""hasPlayed"": false, ""points"": null}, {""hasPlayed"": false, ""points"": null}]",1,Raphael Obermair,161172.0,1200000
2301,29,Oliver,Batista Meier,5192952.0,,,,,,,0,3,https://kickbase.b-cdn.net/content/file/80153ba03a7849fdae3b398764d24b18.png,0.0,2,,,"[{""hasPlayed"": false, ""points"": null}, {""hasPlayed"": false, ""points"": null}, {""hasPlayed"": false, ""points"": null}, {""hasPlayed"": false, ""points"": null}, {""hasPlayed"": false, ""points"": null}]",2,Oliver Batista Meier,-9805.0,1500000
2471,29,Markus,Schubert,5493451.0,,,,,,,0,1,https://kickbase.b-cdn.net/content/file/1602a8ef777540f4ac5390f258ed237c.png,1.0,1,,,"[{""hasPlayed"": false, ""points"": null}, {""hasPlayed"": false, ""points"": null}, {""hasPlayed"": false, ""points"": null}, {""hasPlayed"": false, ""points"": null}, {""hasPlayed"": false, ""points"": null}]",4,Markus Schubert,118688.0,500000
2498,29,Tom,Baack,5769952.0,,,,,,,0,3,https://kickbase.b-cdn.net/content/file/e009e7eb6946411f8f86641cb56174fe.png,6.0,2,,,"[{""hasPlayed"": false, ""points"": null}, {""hasPlayed"": false, ""points"": null}, {""hasPlayed"": false, ""points"": null}, {""hasPlayed"": false, ""points"": null}, {""hasPlayed"": false, ""points"": null}]",4,Tom Baack,-350605.0,600000
2749,29,Steffen,Tigges,520517.0,,,,,,,0,4,https://kickbase.b-cdn.net/content/file/10d7abeb491e42818537662e1ceba8d1.png,27.0,2,,,"[{""hasPlayed"": false, ""points"": null}, {""hasPlayed"": false, ""points"": null}, {""hasPlayed"": false, ""points"": null}, {""hasPlayed"": false, ""points"": null}, {""hasPlayed"": false, ""points"": null}]",4,Steffen Tigges,-36747.0,700000
2977,29,Nahuel,Noll,12150781.0,,,,,,,0,1,https://kickbase.b-cdn.net/content/file/48b2c904ac8c41fdaa5c9503ba6e81ca.png,15.0,1,,,"[{""hasPlayed"": false, ""points"": null}, {""hasPlayed"": false, ""points"": null}, {""hasPlayed"": false, ""points"": null}, {""hasPlayed"": false, ""points"": null}, {""hasPlayed"": false, ""points"": null}]",2,Nahuel Noll,128435.0,2000000
3336,29,Stefano,Marino,9366993.0,,,,,,,0,4,https://kickbase.b-cdn.net/content/file/197aeeb1c0994cb68e398212e6941782.png,30.0,1,,,"[{""hasPlayed"": false, ""points"": null}, {""hasPlayed"": false, ""points"": null}, {""hasPlayed"": false, ""points"": null}, {""hasPlayed"": false, ""points"": null}, {""hasPlayed"": false, ""points"": null}]",2,Stefano Marino,229874.0,1000000
3491,29,Sebastian,Klaas,500000.0,,,,,,,1,3,https://kickbase.b-cdn.net/content/file/889217c751e5403eaf39162d4dc54b9a.png,26.0,0,,,"[{""hasPlayed"": false, ""points"": null}, {""hasPlayed"": false, ""points"": null}, {""hasPlayed"": false, ""points"": null}, {""hasPlayed"": false, ""points"": null}, {""hasPlayed"": false, ""points"": null}]",5,Sebastian Klaas,0.0,900000
3492,29,Marcel,Hoffmeier,7501728.0,,,,,,,0,2,https://kickbase.b-cdn.net/content/file/b4ad73b6a3334bf8a2efdbe5b1d7e19c.png,33.0,1,,,"[{""hasPlayed"": false, ""points"": null}, {""hasPlayed"": false, ""points"": null}, {""hasPlayed"": false, ""points"": null}, {""hasPlayed"": false, ""points"": null}, {""hasPlayed"": false, ""points"": null}]",2,Marcel Hoffmeier,220270.0,1000000
3559,29,Laurin,Ulrich,4737623.0,,,,,,,0,3,https://kickbase.b-cdn.net/content/file/a1a9a8b8d2614deea25d35a1338acd06.png,28.0,1,,,"[{""hasPlayed"": false, ""points"": null}, {""hasPlayed"": false, ""points"": null}, {""hasPlayed"": false, ""points"": null}, {""hasPlayed"": false, ""points"": null}, {""hasPlayed"": false, ""points"": null}]",3,Laurin Ulrich,4237623.0,3500000
6197,29,Laurin,Curda,11818785.0,,,,,,,0,2,https://kickbase.b-cdn.net/content/file/ba195e9442954a30a3835950c99832a5.png,17.0,1,,,"[{""hasPlayed"": false, ""points"": null}, {""hasPlayed"": false, ""points"": null}, {""hasPlayed"": false, ""points"": null}, {""hasPlayed"": false, ""points"": null}, {""hasPlayed"": false, ""points"": null}]",1,Laurin Curda,3589.0,3000000
6290,29,Nick,Bätzner,2687522.0,,,,,,,0,3,https://kickbase.b-cdn.net/content/file/0ac0e9c2f9f34f7aaa47e00ee22f316b.png,9.0,2,,,"[{""hasPlayed"": false, ""points"": null}, {""hasPlayed"": false, ""points"": null}, {""hasPlayed"": false, ""points"": null}, {""hasPlayed"": false, ""points"": null}, {""hasPlayed"": false, ""points"": null}]",5,Nick Bätzner,-156961.0,500000
6292,29,Mattes,Hansen,4666032.0,,,,,,,2,2,https://kickbase.b-cdn.net/content/file/c747e1ad35ed44f4afbc5de1075d8bf1.png,22.0,1,,,"[{""hasPlayed"": false, ""points"": null}, {""hasPlayed"": false, ""points"": null}, {""hasPlayed"": false, ""points"": null}, {""hasPlayed"": false, ""points"": null}, {""hasPlayed"": false, ""points"": null}]",3,Mattes Hansen,209526.0,2500000
6751,29,Florian,Pruhs,3718683.0,,,,,,,0,1,https://kickbase.b-cdn.net/content/file/3878770830244658b3841f0074466ab7.png,31.0,1,,,"[{""hasPlayed"": false, ""points"": null}, {""hasPlayed"": false, ""points"": null}, {""hasPlayed"": false, ""points"": null}, {""hasPlayed"": false, ""points"": null}, {""hasPlayed"": false, ""points"": null}]",5,Florian Pruhs,209847.0,150000
7320,29,Tjark,Scheller,5988368.0,,,,,,,0,2,https://kickbase.b-cdn.net/content/file/06f63d14a0f4493faf04f78ea6aa5f10.png,25.0,2,,,"[{""hasPlayed"": false, ""points"": null}, {""hasPlayed"": false, ""points"": null}, {""hasPlayed"": false, ""points"": null}, {""hasPlayed"": false, ""points"": null}, {""hasPlayed"": false, ""points"": null}]",3,Tjark Scheller,-339178.0,2500000
7616,29,Jano,ter Horst,4282757.0,,,,,,,0,2,https://kickbase.b-cdn.net/content/file/a931e1f10bb84a9bb35b795a7857b8ee.png,21.0,2,,,"[{""hasPlayed"": false, ""points"": null}, {""hasPlayed"": false, ""points"": null}, {""hasPlayed"": false, ""points"": null}, {""hasPlayed"": false, ""points"": null}, {""hasPlayed"": false, ""points"": null}]",3,Jano ter Horst,-138934.0,1200000
8292,29,Santiago,Castañeda,10064333.0,,,,,,,0,3,https://kickbase.b-cdn.net/content/file/37ddcd7042414ce59c844f52d87ee300.png,5.0,1,,,"[{""hasPlayed"": false, ""points"": null}, {""hasPlayed"": false, ""points"": null}, {""hasPlayed"": false, ""points"": null}, {""hasPlayed"": false, ""points"": null}, {""hasPlayed"": false, ""points"": null}]",1,Santiago Castañeda,195815.0,5000000
8872,29,Jonah,Sticker,5227946.0,,,,,,,0,2,https://kickbase.b-cdn.net/content/file/74f3dad539cd4e30aabca849e8e8bc64.png,3.0,1,,,"[{""hasPlayed"": false, ""points"": null}, {""hasPlayed"": false, ""points"": null}, {""hasPlayed"": false, ""points"": null}, {""hasPlayed"": false, ""points"": null}, {""hasPlayed"": false, ""points"": null}]",4,Jonah Sticker,215454.0,750000
8984,29,Nyamekye,Awortwie-Grant,500000.0,,,,,,,1,2,https://kickbase.b-cdn.net/content/file/6b0e71018bd542b0b17a0e0a3e9058ac.png,4.0,0,,,"[{""hasPlayed"": false, ""points"": null}, {""hasPlayed"": false, ""points"": null}, {""hasPlayed"": false, ""points"": null}, {""hasPlayed"": false, ""points"": null}, {""hasPlayed"": false, ""points"": null}]",5,Nyamekye Awortwie-Grant,0.0,400000
9283,29,Deniz,Zeitler,1075485.0,,,,,,,0,4,https://kickbase.b-cdn.net/content/file/b3f504e1c3274815a84cd32d2a63477f.png,0.0,1,,,"[{""hasPlayed"": false, ""points"": null}, {""hasPlayed"": false, ""points"": null}, {""hasPlayed"": false, ""points"": null}, {""hasPlayed"": false, ""points"": null}, {""hasPlayed"": false, ""points"": null}]",4,Deniz Zeitler,305572.0,4000000
10048,29,Luka,Duric,5308695.0,-6.0,1.0,1.0,0.0,797.0,-6.0,0,3,https://kickbase.b-cdn.net/content/file/fdce53ba9bff4a39b30dda997ad991ee.png,8.0,2,,,"[{""hasPlayed"": false, ""points"": null}, {""hasPlayed"": false, ""points"": null}, {""hasPlayed"": false, ""points"": null}, {""hasPlayed"": false, ""points"": null}, {""hasPlayed"": false, ""points"": null}]",3,Luka Duric,-512264.0,800000
11170,29,Ruben,Müller,3735647.0,,,,,,,0,3,https://kickbase.b-cdn.net/content/file/30dea41b80454a638771929f17e0d368.png,2.0,1,,,"[{""hasPlayed"": false, ""points"": null}, {""hasPlayed"": false, ""points"": null}, {""hasPlayed"": false, ""points"": null}, {""hasPlayed"": false, ""points"": null}, {""hasPlayed"": false, ""points"": null}]",3,Ruben Müller,280214.0,1000000
12262,29,Albert Frank,Millgramm,6929204.0,,,,,,,0,4,https://kickbase.b-cdn.net/content/file/0635ef3343fb4b138fd946cc4a199637.png,19.0,1,,,"[{""hasPlayed"": false, ""points"": null}, {""hasPlayed"": false, ""points"": null}, {""hasPlayed"": false, ""points"": null}, {""hasPlayed"": false, ""points"": null}, {""hasPlayed"": false, ""points"": null}]",3,Albert Frank Millgramm,117606.0,150000
12296,29,Kennedy,Okpala,3143155.0,,,,,,,0,4,https://kickbase.b-cdn.net/content/file/dd97a9b150444134beb800f1fbf48d0a.png,10.0,2,,,"[{""hasPlayed"": false, ""points"": null}, {""hasPlayed"": false, ""points"": null}, {""hasPlayed"": false, ""points"": null}, {""hasPlayed"": false, ""points"": null}, {""hasPlayed"": false, ""points"": null}]",4,Kennedy Okpala,-144242.0,1500000
14911,29,Clemens,Lippmann,2467636.0,,,,,,,0,2,https://kickbase.b-cdn.net/content/file/7462061e1e7843ffb7efaa2fe7e2b5f5.png,29.0,2,,,"[{""hasPlayed"": false, ""points"": null}, {""hasPlayed"": false, ""points"": null}, {""hasPlayed"": false, ""points"": null}, {""hasPlayed"": false, ""points"": null}, {""hasPlayed"": false, ""points"": null}]",4,Clemens Lippmann,-146799.0,400000
14914,29,Timur,Gayret,500000.0,,,,,,,1,3,https://kickbase.b-cdn.net/content/file/174077d2fba447fbb8a0e46a12d28245.png,44.0,0,,,"[{""hasPlayed"": false, ""points"": null}, {""hasPlayed"": false, ""points"": null}, {""hasPlayed"": false, ""points"": null}, {""hasPlayed"": false, ""points"": null}, {""hasPlayed"": false, ""points"": null}]",5,Timur Gayret,0.0,450000
1225,43,Leopold,Zingerle,500000.0,,,,,,,0,1,https://kickbase.b-cdn.net/content/file/035ea65b37b74f2da2548be379438c9c.png,25.0,0,,,"[{""hasPlayed"": false, ""points"": null}, {""hasPlayed"": false, ""points"": null}, {""hasPlayed"": false, ""points"": null}, {""hasPlayed"": false, ""points"": null}, {""hasPlayed"": false, ""points"": null}]",5,Leopold Zingerle,0.0,300000
1246,43,Willi,Orban,31014222.0,131.0,33.0,33.0,33.0,193712.0,4323.0,0,2,https://kickbase.b-cdn.net/content/file/bda722458bd445d5ba24094a5306031d.png,4.0,1,139.0,,"[{""hasPlayed"": true, ""points"": 110}, {""hasPlayed"": true, ""points"": 313}, {""hasPlayed"": true, ""points"": 82}, {""hasPlayed"": true, ""points"": 131}, {""hasPlayed"": false, ""points"": null}]",2,Willi Orban,63147.0,5000000
1333,43,Lukas,Klostermann,2829643.0,40.0,5.0,5.0,1.0,7355.0,201.0,2,2,https://kickbase.b-cdn.net/content/file/b48aaa342d854e869af8b6c1ec17a954.png,16.0,2,71.0,,"[{""hasPlayed"": false, ""points"": null}, {""hasPlayed"": false, ""points"": null}, {""hasPlayed"": false, ""points"": null}, {""hasPlayed"": false, ""points"": null}, {""hasPlayed"": true, ""points"": 148}]",5,Lukas Klostermann,-143072.0,3500000
1689,43,Benjamin,Henrichs,7303637.0,26.0,17.0,17.0,3.0,22181.0,447.0,0,2,https://kickbase.b-cdn.net/content/file/5acf39c9f5ba403ba774ea0d47d67aab.png,39.0,1,61.0,,"[{""hasPlayed"": true, ""points"": -5}, {""hasPlayed"": true, ""points"": 17}, {""hasPlayed"": true, ""points"": -21}, {""hasPlayed"": true, ""points"": 27}, {""hasPlayed"": true, ""points"": 17}]",3,Benjamin Henrichs,243812.0,7000000
1728,43,Örjan,Nyland,3949324.0,,,,,,,2,1,https://kickbase.b-cdn.net/content/file/59574acd38ee4d5f8be6e03a1ee2276a.png,1.0,1,,,"[{""hasPlayed"": false, ""points"": null}, {""hasPlayed"": false, ""points"": null}, {""hasPlayed"": false, ""points"": null}, {""hasPlayed"": false, ""points"": null}, {""hasPlayed"": false, ""points"": null}]",4,Örjan Nyland,333068.0,800000
2141,43,Ridle ,Baku,18890750.0,102.0,32.0,32.0,28.0,162435.0,3278.0,0,2,https://kickbase.b-cdn.net/content/file/dea132bbe8444490a8b8fa7d725f4b64.png,17.0,2,173.0,,"[{""hasPlayed"": true, ""points"": -4}, {""hasPlayed"": true, ""points"": 95}, {""hasPlayed"": true, ""points"": 38}, {""hasPlayed"": true, ""points"": 224}, {""hasPlayed"": true, ""points"": 124}]",3,Ridle  Baku,-254725.0,12000000
2275,43,Christoph,Baumgartner,19798789.0,117.0,33.0,33.0,32.0,179653.0,3846.0,4,3,https://kickbase.b-cdn.net/content/file/8b2225416e584d5ebd4ee89d8a8a99eb.png,14.0,2,194.0,,"[{""hasPlayed"": true, ""points"": 8}, {""hasPlayed"": true, ""points"": 114}, {""hasPlayed"": true, ""points"": 129}, {""hasPlayed"": true, ""points"": 47}, {""hasPlayed"": true, ""points"": 130}]",5,Christoph Baumgartner,-72230.0,40000000
2522,43,David,Raum,33462124.0,148.0,30.0,30.0,29.0,167920.0,4445.0,0,2,https://kickbase.b-cdn.net/content/file/63b51608f37a4eb083c1865d497d3cbe.png,22.0,1,132.0,,"[{""hasPlayed"": false, ""points"": null}, {""hasPlayed"": true, ""points"": 152}, {""hasPlayed"": false, ""points"": null}, {""hasPlayed"": false, ""points"": null}, {""hasPlayed"": true, ""points"": 28}]",1,David Raum,106374.0,25000000
2897,43,Rocco,Reitz,13007479.0,74.0,31.0,31.0,31.0,170280.0,2301.0,0,3,https://kickbase.b-cdn.net/content/file/152dbd3a41f7408a89c99f65e55935df.png,20.0,2,176.0,,"[{""hasPlayed"": false, ""points"": null}, {""hasPlayed"": true, ""points"": 131}, {""hasPlayed"": true, ""points"": 210}, {""hasPlayed"": true, ""points"": 100}, {""hasPlayed"": true, ""points"": 75}]",3,Rocco Reitz,-151051.0,20000000
4596,43,Brajan,Gruda,17494203.0,98.0,13.0,13.0,8.0,49007.0,1270.0,0,3,https://kickbase.b-cdn.net/content/file/f1dd66425b59403ab0f2796e4ad0b0f8.png,10.0,1,72.0,,"[{""hasPlayed"": true, ""points"": 28}, {""hasPlayed"": true, ""points"": 68}, {""hasPlayed"": true, ""points"": 89}, {""hasPlayed"": true, ""points"": 24}, {""hasPlayed"": true, ""points"": 48}]",1,Brajan Gruda,251568.0,28000000
6176,43,Nicolas,Seiwald,16473117.0,86.0,33.0,33.0,31.0,174575.0,2839.0,0,3,https://kickbase.b-cdn.net/content/file/49894e11778042f09b92bdbd82994680.png,13.0,1,172.0,,"[{""hasPlayed"": true, ""points"": 44}, {""hasPlayed"": true, ""points"": 20}, {""hasPlayed"": true, ""points"": 60}, {""hasPlayed"": false, ""points"": null}, {""hasPlayed"": true, ""points"": 115}]",1,Nicolas Seiwald,180701.0,25000000
6300,43,Assan,Ouédraogo,16923075.0,90.0,19.0,19.0,13.0,61254.0,1705.0,1,3,https://kickbase.b-cdn.net/content/file/0d8a1173062a4478822b06c0490cfe41.png,8.0,2,100.0,,"[{""hasPlayed"": true, ""points"": 127}, {""hasPlayed"": true, ""points"": 75}, {""hasPlayed"": true, ""points"": -16}, {""hasPlayed"": true, ""points"": 87}, {""hasPlayed"": true, ""points"": 47}]",5,Assan Ouédraogo,-587794.0,28000000
6667,43,El Chadaille,Bitshiabu,3568611.0,74.0,11.0,11.0,8.0,43528.0,815.0,0,2,https://kickbase.b-cdn.net/content/file/35e5bfeabc4344cd8db03535c4ca2d6f.png,5.0,2,228.0,,"[{""hasPlayed"": false, ""points"": null}, {""hasPlayed"": false, ""points"": null}, {""hasPlayed"": true, ""points"": 106}, {""hasPlayed"": true, ""points"": 109}, {""hasPlayed"": true, ""points"": 120}]",4,El Chadaille Bitshiabu,-120891.0,18000000
7224,43,Lukeba,Castello Jr.,19197077.0,106.0,26.0,26.0,24.0,142996.0,2765.0,0,2,https://kickbase.b-cdn.net/content/file/02c2d826957a4899a614c0ad25d8a9a8.png,23.0,2,144.0,,"[{""hasPlayed"": true, ""points"": 66}, {""hasPlayed"": true, ""points"": 116}, {""hasPlayed"": true, ""points"": 28}, {""hasPlayed"": false, ""points"": null}, {""hasPlayed"": false, ""points"": null}]",3,Lukeba Castello Jr.,-295890.0,50000000
7239,43,Max,Finkgräfe,5155479.0,55.0,13.0,13.0,5.0,33441.0,718.0,0,2,https://kickbase.b-cdn.net/content/file/5ea42faff1bf42f386a0f98d8203ee4e.png,35.0,1,139.0,,"[{""hasPlayed"": true, ""points"": 17}, {""hasPlayed"": true, ""points"": 37}, {""hasPlayed"": true, ""points"": 39}, {""hasPlayed"": true, ""points"": 214}, {""hasPlayed"": true, ""points"": 124}]",5,Max Finkgräfe,348937.0,5000000
7493,43,Arthur,Vermeeren,5949543.0,,,,,,,0,3,https://kickbase.b-cdn.net/content/file/6e7334ffc310411d89c8c5230815dafc.png,48.0,1,,,"[{""hasPlayed"": false, ""points"": null}, {""hasPlayed"": false, ""points"": null}, {""hasPlayed"": false, ""points"": null}, {""hasPlayed"": false, ""points"": null}, {""hasPlayed"": false, ""points"": null}]",4,Arthur Vermeeren,272466.0,20000000
8061,43,Johan,Bakayoko,9056219.0,49.0,20.0,20.0,8.0,51925.0,982.0,0,4,https://kickbase.b-cdn.net/content/file/e45b0e99acb145f1a3f98666018c27b1.png,11.0,1,108.0,,"[{""hasPlayed"": true, ""points"": 16}, {""hasPlayed"": false, ""points"": null}, {""hasPlayed"": false, ""points"": null}, {""hasPlayed"": true, ""points"": 43}, {""hasPlayed"": true, ""points"": 16}]",3,Johan Bakayoko,322313.0,20000000
8227,43,Maarten,Vandevoordt,15299699.0,109.0,12.0,12.0,11.0,69295.0,1313.0,0,1,https://kickbase.b-cdn.net/content/file/cb4de12c99d148feb2f88e1c91186400.png,26.0,1,85.0,,"[{""hasPlayed"": false, ""points"": null}, {""hasPlayed"": true, ""points"": 77}, {""hasPlayed"": true, ""points"": 87}, {""hasPlayed"": true, ""points"": 96}, {""hasPlayed"": true, ""points"": 135}]",2,Maarten Vandevoordt,143407.0,15000000
9507,43,Antonio,Nusa,25263557.0,91.0,31.0,31.0,24.0,129764.0,2835.0,0,3,https://kickbase.b-cdn.net/content/file/7b0130fc7648401b8dac316e07e7327b.png,7.0,1,112.0,,"[{""hasPlayed"": true, ""points"": 20}, {""hasPlayed"": true, ""points"": 42}, {""hasPlayed"": true, ""points"": 25}, {""hasPlayed"": true, ""points"": 95}, {""hasPlayed"": true, ""points"": 265}]",2,Antonio Nusa,52470.0,32000000
9776,43,Andrija,Maksimovic,5681104.0,18.0,8.0,8.0,0.0,7579.0,140.0,0,3,https://kickbase.b-cdn.net/content/file/1427cbd96ee74d9dbfc9ed098c47ff78.png,30.0,1,24.0,,"[{""hasPlayed"": false, ""points"": null}, {""hasPlayed"": false, ""points"": null}, {""hasPlayed"": false, ""points"": null}, {""hasPlayed"": false, ""points"": null}, {""hasPlayed"": false, ""points"": null}]",3,Andrija Maksimovic,193769.0,9000000
10113,43,Tidiam,Gomis,4400948.0,23.0,18.0,18.0,2.0,25742.0,405.0,0,4,https://kickbase.b-cdn.net/content/file/77509238e8ef41bc92c01b1b1637a8d3.png,27.0,2,92.0,,"[{""hasPlayed"": true, ""points"": -18}, {""hasPlayed"": false, ""points"": null}, {""hasPlayed"": false, ""points"": null}, {""hasPlayed"": true, ""points"": 58}, {""hasPlayed"": false, ""points"": null}]",3,Tidiam Gomis,-90309.0,5000000
10530,43,Conrad,Harder,3463519.0,39.0,29.0,29.0,8.0,64737.0,1119.0,0,4,https://kickbase.b-cdn.net/content/file/139438491a5a497099a6e6bb96cc922a.png,9.0,2,323.0,,"[{""hasPlayed"": true, ""points"": 16}, {""hasPlayed"": false, ""points"": null}, {""hasPlayed"": true, ""points"": -11}, {""hasPlayed"": true, ""points"": 46}, {""hasPlayed"": true, ""points"": 109}]",4,Conrad Harder,-83478.0,17000000
11008,43,Ezechiel,Banzuzi,5804544.0,36.0,24.0,24.0,2.0,43182.0,871.0,0,3,https://kickbase.b-cdn.net/content/file/3529ab9a9bde4d28b8aca1b6586f7747.png,6.0,1,150.0,,"[{""hasPlayed"": false, ""points"": null}, {""hasPlayed"": false, ""points"": null}, {""hasPlayed"": false, ""points"": null}, {""hasPlayed"": false, ""points"": null}, {""hasPlayed"": false, ""points"": null}]",3,Ezechiel Banzuzi,324108.0,16000000
11886,43,,Rômulo,20511856.0,83.0,30.0,30.0,27.0,139633.0,2488.0,2,4,https://kickbase.b-cdn.net/content/file/2a6ca20436b4402f83f0c5d25b10f6be.png,40.0,1,121.0,,"[{""hasPlayed"": true, ""points"": -25}, {""hasPlayed"": true, ""points"": 50}, {""hasPlayed"": true, ""points"": 26}, {""hasPlayed"": true, ""points"": 136}, {""hasPlayed"": true, ""points"": 41}]",2,Rômulo,66846.0,30000000
12337,43,Sani,Suleiman,4218697.0,,,,,,,0,4,https://kickbase.b-cdn.net/content/file/3a350871ca7a4b81b4f035f05ac63d3e.png,18.0,2,,,"[{""hasPlayed"": false, ""points"": null}, {""hasPlayed"": false, ""points"": null}, {""hasPlayed"": false, ""points"": null}, {""hasPlayed"": false, ""points"": null}, {""hasPlayed"": false, ""points"": null}]",5,Sani Suleiman,-142518.0,0
14896,43,Abdoul,Koné,4419300.0,,,,,,,2,2,https://kickbase.b-cdn.net/content/file/64a8d06b53144763b2c5e21a8ff6e246.png,2.0,2,,,"[{""hasPlayed"": false, ""points"": null}, {""hasPlayed"": false, ""points"": null}, {""hasPlayed"": false, ""points"": null}, {""hasPlayed"": false, ""points"": null}, {""hasPlayed"": false, ""points"": null}]",5,Abdoul Koné,-128000.0,15000000
15376,43,Maxime,Estève,17747803.0,,,,,,,2,2,https://kickbase.b-cdn.net/content/file/6834bb4cf7ea48e283e5f6678aad4dcf.png,3.0,2,,,"[{""hasPlayed"": false, ""points"": null}, {""hasPlayed"": false, ""points"": null}, {""hasPlayed"": false, ""points"": null}, {""hasPlayed"": false, ""points"": null}, {""hasPlayed"": false, ""points"": null}]",3,Maxime Estève,-290445.0,28000000
577,15,Daniel,Batz,3179877.0,111.0,21.0,21.0,21.0,125022.0,2331.0,0,1,https://kickbase.b-cdn.net/content/file/e60790d49ac84cdea97c383097ad8e12.png,33.0,2,733.0,,"[{""hasPlayed"": true, ""points"": 282}, {""hasPlayed"": false, ""points"": null}, {""hasPlayed"": true, ""points"": 45}, {""hasPlayed"": true, ""points"": 37}, {""hasPlayed"": true, ""points"": 95}]",5,Daniel Batz,-128736.0,350000
619,15,Kevin,Stöger,6441077.0,43.0,29.0,29.0,15.0,86591.0,1239.0,0,3,https://kickbase.b-cdn.net/content/file/7fe99cc5433c42ca84045549f3cb77b8.png,7.0,1,192.0,,"[{""hasPlayed"": true, ""points"": 80}, {""hasPlayed"": true, ""points"": 21}, {""hasPlayed"": true, ""points"": 104}, {""hasPlayed"": true, ""points"": 78}, {""hasPlayed"": true, ""points"": 81}]",3,Kevin Stöger,259109.0,1800000
849,15,Tim,Kleindienst,16844682.0,20.0,3.0,3.0,0.0,1186.0,61.0,0,4,https://kickbase.b-cdn.net/content/file/5ccbb3b1e22641978b7a6c6adbca5a47.png,11.0,1,3.0,,"[{""hasPlayed"": true, ""points"": 25}, {""hasPlayed"": false, ""points"": null}, {""hasPlayed"": false, ""points"": null}, {""hasPlayed"": false, ""points"": null}, {""hasPlayed"": false, ""points"": null}]",2,Tim Kleindienst,202584.0,8000000
1686,15,Nico,Elvedi,17990046.0,106.0,33.0,33.0,33.0,194378.0,3508.0,0,2,https://kickbase.b-cdn.net/content/file/d31a5e1b135340b188caada5fa5b8b30.png,30.0,2,194.0,,"[{""hasPlayed"": true, ""points"": 298}, {""hasPlayed"": false, ""points"": null}, {""hasPlayed"": true, ""points"": 77}, {""hasPlayed"": true, ""points"": 130}, {""hasPlayed"": true, ""points"": 133}]",4,Nico Elvedi,-684947.0,8000000
1883,15,Moritz,Nicolas,18937099.0,111.0,34.0,34.0,34.0,200791.0,3766.0,0,1,https://kickbase.b-cdn.net/content/file/ef78be83f1204677ac7ba9f2c7a35c23.png,1.0,1,198.0,,"[{""hasPlayed"": true, ""points"": 135}, {""hasPlayed"": true, ""points"": 151}, {""hasPlayed"": true, ""points"": 111}, {""hasPlayed"": true, ""points"": 166}, {""hasPlayed"": true, ""points"": 81}]",1,Moritz Nicolas,63248.0,8000000
2074,15,Robin,Hack,8656483.0,59.0,8.0,8.0,3.0,21645.0,469.0,0,3,https://kickbase.b-cdn.net/content/file/2b18aae16d1043f18484d7c7eeb70df2.png,25.0,1,54.0,,"[{""hasPlayed"": true, ""points"": 137}, {""hasPlayed"": true, ""points"": 54}, {""hasPlayed"": true, ""points"": 22}, {""hasPlayed"": true, ""points"": -3}, {""hasPlayed"": false, ""points"": null}]",3,Robin Hack,175186.0,7000000
2261,15,Florian,Neuhaus,2185758.0,53.0,17.0,17.0,11.0,59787.0,909.0,0,3,https://kickbase.b-cdn.net/content/file/cc61ab6d7eca4290aeb56b78a3357057.png,10.0,2,415.0,,"[{""hasPlayed"": false, ""points"": null}, {""hasPlayed"": false, ""points"": null}, {""hasPlayed"": false, ""points"": null}, {""hasPlayed"": false, ""points"": null}, {""hasPlayed"": false, ""points"": null}]",5,Florian Neuhaus,-118420.0,2500000
2560,15,Philipp,Sander,11545562.0,80.0,30.0,30.0,29.0,158337.0,2386.0,0,3,https://kickbase.b-cdn.net/content/file/f37f02dbf91c4dd1a891e8098a477c5f.png,16.0,1,206.0,,"[{""hasPlayed"": true, ""points"": 92}, {""hasPlayed"": true, ""points"": 77}, {""hasPlayed"": true, ""points"": 92}, {""hasPlayed"": true, ""points"": 99}, {""hasPlayed"": true, ""points"": 55}]",1,Philipp Sander,145407.0,4000000
2850,15,Jan,Olschowsky,500000.0,,,,,,,0,1,https://kickbase.b-cdn.net/content/file/e452052f0cad431799be459f936832df.png,23.0,0,,,"[{""hasPlayed"": false, ""points"": null}, {""hasPlayed"": false, ""points"": null}, {""hasPlayed"": false, ""points"": null}, {""hasPlayed"": false, ""points"": null}, {""hasPlayed"": false, ""points"": null}]",5,Jan Olschowsky,0.0,450000
2862,15,Jens,Castrop,4942174.0,49.0,26.0,26.0,20.0,102167.0,1278.0,1,3,https://kickbase.b-cdn.net/content/file/cbc017919fc248448f6b036125a0141d.png,17.0,2,258.0,,"[{""hasPlayed"": false, ""points"": null}, {""hasPlayed"": false, ""points"": null}, {""hasPlayed"": false, ""points"": null}, {""hasPlayed"": true, ""points"": 10}, {""hasPlayed"": true, ""points"": 51}]",5,Jens Castrop,-372232.0,10000000
2941,15,Joseph,Scally,4938202.0,62.0,32.0,32.0,29.0,170347.0,1983.0,0,2,https://kickbase.b-cdn.net/content/file/4abeb14eec7945d694a4737c46522a06.png,29.0,2,401.0,,"[{""hasPlayed"": true, ""points"": 103}, {""hasPlayed"": true, ""points"": -6}, {""hasPlayed"": true, ""points"": 120}, {""hasPlayed"": true, ""points"": 86}, {""hasPlayed"": true, ""points"": 137}]",4,Joseph Scally,-286686.0,7000000
3063,15,Fabio,Chiarodia,1148974.0,33.0,15.0,15.0,8.0,44040.0,490.0,2,2,https://kickbase.b-cdn.net/content/file/d216ce19645643ba9ff51de8da6098a1.png,2.0,2,426.0,,"[{""hasPlayed"": false, ""points"": null}, {""hasPlayed"": true, ""points"": 13}, {""hasPlayed"": true, ""points"": 72}, {""hasPlayed"": true, ""points"": 59}, {""hasPlayed"": true, ""points"": 19}]",5,Fabio Chiarodia,-133678.0,3000000
3516,15,Enzo,Leopold,14637310.0,,,,,,,0,3,https://kickbase.b-cdn.net/content/file/917060adadb741818c232716e0fd354d.png,8.0,1,,,"[{""hasPlayed"": false, ""points"": null}, {""hasPlayed"": false, ""points"": null}, {""hasPlayed"": false, ""points"": null}, {""hasPlayed"": false, ""points"": null}, {""hasPlayed"": false, ""points"": null}]",3,Enzo Leopold,-50266.0,4000000
4292,15,David,Herold,8010932.0,,,,,,,0,2,https://kickbase.b-cdn.net/content/file/46c5c9d9d41041168d472e2669cc1ba2.png,20.0,2,,,"[{""hasPlayed"": false, ""points"": null}, {""hasPlayed"": false, ""points"": null}, {""hasPlayed"": false, ""points"": null}, {""hasPlayed"": false, ""points"": null}, {""hasPlayed"": false, ""points"": null}]",4,David Herold,-344576.0,4000000
4333,15,Lukas,Ullrich,6392045.0,33.0,23.0,23.0,14.0,85790.0,766.0,0,2,https://kickbase.b-cdn.net/content/file/8988909bad25403c86e58227428beee9.png,26.0,1,119.0,,"[{""hasPlayed"": true, ""points"": 105}, {""hasPlayed"": true, ""points"": 3}, {""hasPlayed"": false, ""points"": null}, {""hasPlayed"": false, ""points"": null}, {""hasPlayed"": true, ""points"": 11}]",2,Lukas Ullrich,279049.0,6000000
4419,15,Nathan,Ngoumou,4652277.0,,,,,,,0,3,https://kickbase.b-cdn.net/content/file/14720a405fea4007938ed49aa28989fa.png,19.0,2,,,"[{""hasPlayed"": false, ""points"": null}, {""hasPlayed"": false, ""points"": null}, {""hasPlayed"": false, ""points"": null}, {""hasPlayed"": false, ""points"": null}, {""hasPlayed"": false, ""points"": null}]",5,Nathan Ngoumou,-220893.0,3500000
6199,15,Shuto,Machino,846410.0,23.0,32.0,32.0,9.0,74463.0,742.0,0,4,https://kickbase.b-cdn.net/content/file/3fd89661bd62400fbd61e78f80919ad2.png,18.0,1,876.0,,"[{""hasPlayed"": true, ""points"": 28}, {""hasPlayed"": true, ""points"": -6}, {""hasPlayed"": true, ""points"": 17}, {""hasPlayed"": true, ""points"": 6}, {""hasPlayed"": false, ""points"": null}]",4,Shuto Machino,46211.0,4000000
6319,15,Franck,Honorat,9854805.0,68.0,28.0,28.0,24.0,126507.0,1898.0,0,3,https://kickbase.b-cdn.net/content/file/736b205dbb0f4ac3879ca2cfa9a785b8.png,9.0,2,192.0,,"[{""hasPlayed"": true, ""points"": 36}, {""hasPlayed"": true, ""points"": -3}, {""hasPlayed"": true, ""points"": 137}, {""hasPlayed"": true, ""points"": 32}, {""hasPlayed"": true, ""points"": 2}]",3,Franck Honorat,-40953.0,7000000
7774,15,Yukhym,Konoplia,3271265.0,,,,,,,1,2,https://kickbase.b-cdn.net/content/file/4b6227ba987f4dd48a1c53b9bf407d2a.png,22.0,2,,,"[{""hasPlayed"": false, ""points"": null}, {""hasPlayed"": false, ""points"": null}, {""hasPlayed"": false, ""points"": null}, {""hasPlayed"": false, ""points"": null}, {""hasPlayed"": false, ""points"": null}]",5,Yukhym Konoplia,-156219.0,5000000
9540,15,Isac,Lidberg,9737071.0,,,,,,,0,4,https://kickbase.b-cdn.net/content/file/3796a35db95a43fab344be4034f4357b.png,3.0,2,,,"[{""hasPlayed"": false, ""points"": null}, {""hasPlayed"": false, ""points"": null}, {""hasPlayed"": false, ""points"": null}, {""hasPlayed"": false, ""points"": null}, {""hasPlayed"": false, ""points"": null}]",4,Isac Lidberg,-578124.0,5000000
11010,15,Kevin,Diks,16040777.0,95.0,30.0,30.0,28.0,161173.0,2844.0,0,2,https://kickbase.b-cdn.net/content/file/31b917d90d104b98a6cc8bb90e5c94a4.png,4.0,1,177.0,,"[{""hasPlayed"": true, ""points"": 241}, {""hasPlayed"": true, ""points"": 71}, {""hasPlayed"": true, ""points"": 33}, {""hasPlayed"": false, ""points"": null}, {""hasPlayed"": true, ""points"": 72}]",1,Kevin Diks,187242.0,5000000
11748,15,Wael,Mohya,10082151.0,34.0,15.0,15.0,6.0,36598.0,507.0,2,3,https://kickbase.b-cdn.net/content/file/7ba41b6d32924b2ca84a50a41d5e45a1.png,36.0,1,50.0,,"[{""hasPlayed"": true, ""points"": 87}, {""hasPlayed"": true, ""points"": 24}, {""hasPlayed"": true, ""points"": 46}, {""hasPlayed"": false, ""points"": null}, {""hasPlayed"": false, ""points"": null}]",2,Wael Mohya,216081.0,17000000
13442,15,Hugo,Bolin,7783244.0,40.0,13.0,13.0,5.0,35891.0,517.0,0,3,https://kickbase.b-cdn.net/content/file/0e5ee2c256e04b02a8de12f37ec58fb6.png,38.0,1,66.0,,"[{""hasPlayed"": true, ""points"": 183}, {""hasPlayed"": true, ""points"": 3}, {""hasPlayed"": true, ""points"": 39}, {""hasPlayed"": false, ""points"": null}, {""hasPlayed"": true, ""points"": 78}]",2,Hugo Bolin,291907.0,6000000
15181,15,Jan,Leszczynski,4344629.0,,,,,,,0,2,https://kickbase.b-cdn.net/content/file/f5ce4d6478274f028a27d321103eb69a.png,5.0,2,,,"[{""hasPlayed"": false, ""points"": null}, {""hasPlayed"": false, ""points"": null}, {""hasPlayed"": false, ""points"": null}, {""hasPlayed"": false, ""points"": null}, {""hasPlayed"": false, ""points"": null}]",3,Jan Leszczynski,60780.0,600000
15202,15,Zento,Uno,3021714.0,,,,,,,2,3,https://kickbase.b-cdn.net/content/file/7db9adc301c84b41afc9023e222179cd.png,47.0,2,,,"[{""hasPlayed"": false, ""points"": null}, {""hasPlayed"": false, ""points"": null}, {""hasPlayed"": false, ""points"": null}, {""hasPlayed"": false, ""points"": null}, {""hasPlayed"": false, ""points"": null}]",5,Zento Uno,-149993.0,1000000
15613,15,Daiki,Hashioka,8089811.0,,,,,,,0,2,https://kickbase.b-cdn.net/content/file/8e1477e1ddf34bdc9fd316f81ab9ebde.png,0.0,1,,,"[{""hasPlayed"": false, ""points"": null}, {""hasPlayed"": false, ""points"": null}, {""hasPlayed"": false, ""points"": null}, {""hasPlayed"": false, ""points"": null}, {""hasPlayed"": false, ""points"": null}]",2,Daiki Hashioka,340040.0,1500000
54,3,Emre,Can,1576871.0,114.0,9.0,9.0,7.0,41373.0,1026.0,1,2,https://kickbase.b-cdn.net/content/file/29f90f2f2f2045f69460f20564a894ab.png,23.0,2,650.0,,"[{""hasPlayed"": false, ""points"": null}, {""hasPlayed"": false, ""points"": null}, {""hasPlayed"": false, ""points"": null}, {""hasPlayed"": false, ""points"": null}, {""hasPlayed"": false, ""points"": null}]",5,Emre Can,-112009.0,3000000
75,3,Patrick,Drewes,500000.0,,,,,,,0,1,https://kickbase.b-cdn.net/content/file/1c9bdd7907a5425e8f2a0cb0fc5426ee.png,30.0,0,,,"[{""hasPlayed"": false, ""points"": null}, {""hasPlayed"": false, ""points"": null}, {""hasPlayed"": false, ""points"": null}, {""hasPlayed"": false, ""points"": null}, {""hasPlayed"": false, ""points"": null}]",5,Patrick Drewes,0.0,300000
1704,3,Waldemar,Anton,33731559.0,126.0,32.0,32.0,32.0,190794.0,4034.0,0,2,https://kickbase.b-cdn.net/content/file/b1a7f338e7c9453d93897bd6ac8c9457.png,3.0,1,119.0,,"[{""hasPlayed"": true, ""points"": 156}, {""hasPlayed"": true, ""points"": 123}, {""hasPlayed"": true, ""points"": 40}, {""hasPlayed"": true, ""points"": 153}, {""hasPlayed"": true, ""points"": 133}]",1,Waldemar Anton,65784.0,18000000
1856,3,Marcel,Sabitzer,9369532.0,83.0,26.0,26.0,21.0,119084.0,2146.0,0,3,https://kickbase.b-cdn.net/content/file/e5fd8b4544ef4fbf99fa27874f810794.png,20.0,2,229.0,,"[{""hasPlayed"": false, ""points"": null}, {""hasPlayed"": true, ""points"": 104}, {""hasPlayed"": true, ""points"": 68}, {""hasPlayed"": true, ""points"": 115}, {""hasPlayed"": true, ""points"": 29}]",3,Marcel Sabitzer,-149354.0,6000000
1873,3,Gregor,Kobel,23062015.0,104.0,34.0,34.0,34.0,202740.0,3530.0,0,1,https://kickbase.b-cdn.net/content/file/5cf1813a3f0f4cb6997088b18ad5adcf.png,1.0,2,153.0,,"[{""hasPlayed"": true, ""points"": 154}, {""hasPlayed"": true, ""points"": 81}, {""hasPlayed"": true, ""points"": 82}, {""hasPlayed"": true, ""points"": 160}, {""hasPlayed"": true, ""points"": 65}]",1,Gregor Kobel,-38116.0,40000000
1920,3,Serhou,Guirassy,28843275.0,102.0,33.0,33.0,27.0,151810.0,3356.0,0,4,https://kickbase.b-cdn.net/content/file/fb2bd82aeb8440f8acdbcf6ebf4487dc.png,9.0,1,116.0,,"[{""hasPlayed"": true, ""points"": 155}, {""hasPlayed"": true, ""points"": 134}, {""hasPlayed"": true, ""points"": 26}, {""hasPlayed"": true, ""points"": 187}, {""hasPlayed"": true, ""points"": 101}]",2,Serhou Guirassy,114378.0,32000000
2148,3,Alexander,Meyer,1325133.0,,,,,,,0,1,https://kickbase.b-cdn.net/content/file/b2b01de70f7b47dbb31b104de35ac5cc.png,33.0,2,,,"[{""hasPlayed"": false, ""points"": null}, {""hasPlayed"": false, ""points"": null}, {""hasPlayed"": false, ""points"": null}, {""hasPlayed"": false, ""points"": null}, {""hasPlayed"": false, ""points"": null}]",5,Alexander Meyer,-140894.0,500000
2383,3,Nico,Schlotterbeck,29634417.0,148.0,28.0,28.0,28.0,166561.0,4142.0,1,2,https://kickbase.b-cdn.net/content/file/531ad1f9d6804b9db55d5aace6d79888.png,4.0,2,139.0,,"[{""hasPlayed"": true, ""points"": 142}, {""hasPlayed"": true, ""points"": 250}, {""hasPlayed"": true, ""points"": 72}, {""hasPlayed"": true, ""points"": 146}, {""hasPlayed"": true, ""points"": 67}]",5,Nico Schlotterbeck,-667761.0,55000000
2395,3,Julian,Ryerson,25577034.0,105.0,31.0,31.0,26.0,148097.0,3246.0,0,2,https://kickbase.b-cdn.net/content/file/5c70c2a110fd48919c487e0b0d97af57.png,26.0,2,126.0,,"[{""hasPlayed"": true, ""points"": 141}, {""hasPlayed"": true, ""points"": 127}, {""hasPlayed"": true, ""points"": 41}, {""hasPlayed"": true, ""points"": 171}, {""hasPlayed"": true, ""points"": 3}]",1,Julian Ryerson,15327.0,25000000
2714,3,Maximilian,Beier,25882259.0,94.0,32.0,32.0,24.0,132156.0,3023.0,2,4,https://kickbase.b-cdn.net/content/file/901a04fa3f274f95921af3b42a45f795.png,14.0,1,116.0,,"[{""hasPlayed"": true, ""points"": 52}, {""hasPlayed"": true, ""points"": 207}, {""hasPlayed"": true, ""points"": 17}, {""hasPlayed"": true, ""points"": 241}, {""hasPlayed"": true, ""points"": 13}]",1,Maximilian Beier,-9315.0,40000000
2736,3,Ramy,Bensebaini,20539952.0,128.0,21.0,21.0,15.0,102687.0,2683.0,0,2,https://kickbase.b-cdn.net/content/file/f52b92d109bf4f53b2fb20e5c50f00ec.png,5.0,1,130.0,,"[{""hasPlayed"": false, ""points"": null}, {""hasPlayed"": false, ""points"": null}, {""hasPlayed"": false, ""points"": null}, {""hasPlayed"": true, ""points"": 364}, {""hasPlayed"": true, ""points"": 106}]",1,Ramy Bensebaini,194941.0,7000000
3069,3,Felix,Nmecha,26227514.0,94.0,29.0,29.0,25.0,141393.0,2730.0,0,3,https://kickbase.b-cdn.net/content/file/510ad66f94f943fb940c1a7b11792266.png,8.0,1,104.0,,"[{""hasPlayed"": true, ""points"": 126}, {""hasPlayed"": true, ""points"": 14}, {""hasPlayed"": false, ""points"": null}, {""hasPlayed"": false, ""points"": null}, {""hasPlayed"": false, ""points"": null}]",1,Felix Nmecha,132133.0,55000000
9440,3,Filippo,Mane,3888713.0,12.0,4.0,4.0,2.0,8570.0,46.0,0,2,https://kickbase.b-cdn.net/content/file/9994a14997ae4a03a9ac5f78376003db.png,39.0,2,11.0,,"[{""hasPlayed"": false, ""points"": null}, {""hasPlayed"": false, ""points"": null}, {""hasPlayed"": false, ""points"": null}, {""hasPlayed"": false, ""points"": null}, {""hasPlayed"": false, ""points"": null}]",5,Filippo Mane,-98841.0,2500000
9698,3,,Fábio Silva,7524716.0,51.0,28.0,28.0,7.0,57551.0,1414.0,0,4,https://kickbase.b-cdn.net/content/file/da60f61d4f674e4db35b6f47db49c153.png,21.0,2,187.0,,"[{""hasPlayed"": true, ""points"": 44}, {""hasPlayed"": true, ""points"": 6}, {""hasPlayed"": true, ""points"": -10}, {""hasPlayed"": true, ""points"": 112}, {""hasPlayed"": true, ""points"": -14}]",4,Fábio Silva,-181571.0,22000000
10114,3,Carney,Chukwuemeka,4268743.0,47.0,28.0,28.0,8.0,63437.0,1307.0,2,3,https://kickbase.b-cdn.net/content/file/819b3e31455d4830a3e5acf58eb5290d.png,17.0,2,306.0,,"[{""hasPlayed"": true, ""points"": 30}, {""hasPlayed"": false, ""points"": null}, {""hasPlayed"": true, ""points"": -14}, {""hasPlayed"": true, ""points"": 32}, {""hasPlayed"": true, ""points"": 3}]",4,Carney Chukwuemeka,-102590.0,20000000
10115,3,Daniel,Svensson,18522144.0,82.0,33.0,33.0,27.0,162894.0,2705.0,0,2,https://kickbase.b-cdn.net/content/file/9ff6af44ccf14bb3846cafc261f362ad.png,24.0,2,146.0,,"[{""hasPlayed"": true, ""points"": 151}, {""hasPlayed"": false, ""points"": null}, {""hasPlayed"": true, ""points"": -11}, {""hasPlayed"": true, ""points"": 27}, {""hasPlayed"": true, ""points"": 34}]",3,Daniel Svensson,-262896.0,22000000
11099,3,Jobe,Bellingham,19425973.0,68.0,32.0,32.0,20.0,119220.0,2172.0,0,3,https://kickbase.b-cdn.net/content/file/7b67f5aec4444746b2848e6d9a775210.png,7.0,1,111.0,,"[{""hasPlayed"": true, ""points"": 108}, {""hasPlayed"": true, ""points"": 80}, {""hasPlayed"": true, ""points"": 43}, {""hasPlayed"": true, ""points"": 124}, {""hasPlayed"": true, ""points"": 37}]",3,Jobe Bellingham,108490.0,40000000
11100,3,Samuele,Inácio,9475266.0,52.0,7.0,7.0,4.0,25406.0,365.0,0,3,https://kickbase.b-cdn.net/content/file/0e8e34d536e6420cb5d7d96fc909f97d.png,40.0,2,38.0,,"[{""hasPlayed"": true, ""points"": 136}, {""hasPlayed"": true, ""points"": 119}, {""hasPlayed"": true, ""points"": 27}, {""hasPlayed"": true, ""points"": 88}, {""hasPlayed"": true, ""points"": -12}]",3,Samuele Inácio,-74043.0,15000000
13472,3,Luca,Reggiani,4344547.0,74.0,8.0,8.0,6.0,32656.0,592.0,0,2,https://kickbase.b-cdn.net/content/file/ae27049c76974053b81276c3faa1f639.png,49.0,2,136.0,,"[{""hasPlayed"": true, ""points"": 97}, {""hasPlayed"": true, ""points"": 48}, {""hasPlayed"": true, ""points"": 56}, {""hasPlayed"": false, ""points"": null}, {""hasPlayed"": false, ""points"": null}]",5,Luca Reggiani,-94960.0,10000000
14662,3,Justin,Lerma,7669849.0,,,,,,,0,3,https://kickbase.b-cdn.net/content/file/febaeb82caf74cb4b0511a58b28d70ac.png,28.0,2,,,"[{""hasPlayed"": false, ""points"": null}, {""hasPlayed"": false, ""points"": null}, {""hasPlayed"": false, ""points"": null}, {""hasPlayed"": false, ""points"": null}, {""hasPlayed"": false, ""points"": null}]",5,Justin Lerma,-369969.0,3200000
14899,3,Kauã,Prates,3564433.0,,,,,,,0,2,https://kickbase.b-cdn.net/content/file/6ea4006dc79446228b81953749d7948b.png,0.0,2,,,"[{""hasPlayed"": false, ""points"": null}, {""hasPlayed"": false, ""points"": null}, {""hasPlayed"": false, ""points"": null}, {""hasPlayed"": false, ""points"": null}, {""hasPlayed"": false, ""points"": null}]",4,Kauã Prates,-127462.0,10000000
15211,3,Joane,Gadou,23549375.0,,,,,,,0,2,https://kickbase.b-cdn.net/content/file/3ca6efe4d6904a609a712b6b68be0ebb.png,22.0,1,,,"[{""hasPlayed"": false, ""points"": null}, {""hasPlayed"": false, ""points"": null}, {""hasPlayed"": false, ""points"": null}, {""hasPlayed"": false, ""points"": null}, {""hasPlayed"": false, ""points"": null}]",1,Joane Gadou,200206.0,20000000
16378,3,Konstantinos,Karetsas,21829859.0,,,,,,,0,3,https://kickbase.b-cdn.net/content/file/2607076d85724a188e9db75bd12b7889.png,0.0,1,,,"[{""hasPlayed"": false, ""points"": null}, {""hasPlayed"": false, ""points"": null}, {""hasPlayed"": false, ""points"": null}, {""hasPlayed"": false, ""points"": null}, {""hasPlayed"": false, ""points"": null}]",1,Konstantinos Karetsas,292746.0,35000000
1863,6,Daniel,Heuer Fernandes,13884837.0,92.0,33.0,33.0,33.0,199082.0,3051.0,0,1,https://kickbase.b-cdn.net/content/file/25bb5ce570244f8296d6e817316ad707.png,1.0,1,219.0,,"[{""hasPlayed"": false, ""points"": null}, {""hasPlayed"": true, ""points"": 100}, {""hasPlayed"": true, ""points"": 119}, {""hasPlayed"": true, ""points"": 92}, {""hasPlayed"": true, ""points"": 54}]",1,Daniel Heuer Fernandes,143982.0,1200000
1865,6,Yussuf,Poulsen,3868588.0,23.0,15.0,15.0,1.0,26304.0,340.0,0,4,https://kickbase.b-cdn.net/content/file/b3e645c3a34347808d97e722fcbe2ced.png,15.0,2,87.0,,"[{""hasPlayed"": true, ""points"": 13}, {""hasPlayed"": true, ""points"": 25}, {""hasPlayed"": true, ""points"": 17}, {""hasPlayed"": false, ""points"": null}, {""hasPlayed"": false, ""points"": null}]",4,Yussuf Poulsen,-148018.0,1000000
1889,6,Bakery,Jatta,4162808.0,47.0,15.0,15.0,12.0,59140.0,710.0,0,3,https://kickbase.b-cdn.net/content/file/7b147e15dd4b4df4bddb50f00fa8ce4e.png,18.0,2,170.0,,"[{""hasPlayed"": false, ""points"": null}, {""hasPlayed"": true, ""points"": 178}, {""hasPlayed"": true, ""points"": 25}, {""hasPlayed"": true, ""points"": 8}, {""hasPlayed"": true, ""points"": -16}]",2,Bakery Jatta,-45478.0,1000000
1978,6,Jordan,Torunarigha,11129830.0,73.0,24.0,24.0,21.0,129230.0,1753.0,0,2,https://kickbase.b-cdn.net/content/file/58a51dcb3fef41de90e23a162e7fe44e.png,25.0,1,157.0,,"[{""hasPlayed"": true, ""points"": -4}, {""hasPlayed"": false, ""points"": null}, {""hasPlayed"": true, ""points"": 128}, {""hasPlayed"": true, ""points"": 99}, {""hasPlayed"": true, ""points"": 38}]",1,Jordan Torunarigha,103657.0,4000000
3277,6,Miro,Muheim,9682030.0,67.0,29.0,29.0,27.0,162140.0,1929.0,2,2,https://kickbase.b-cdn.net/content/file/6b31cba3484c46c98c5575fe4f79b349.png,28.0,1,199.0,,"[{""hasPlayed"": true, ""points"": 17}, {""hasPlayed"": false, ""points"": null}, {""hasPlayed"": false, ""points"": null}, {""hasPlayed"": false, ""points"": null}, {""hasPlayed"": true, ""points"": 17}]",3,Miro Muheim,99822.0,5000000
3521,6,Daniel,Elfadli,4176518.0,37.0,21.0,21.0,15.0,84859.0,767.0,0,2,https://kickbase.b-cdn.net/content/file/ab840d167b4f4811a1a40e49fef84a76.png,8.0,2,183.0,,"[{""hasPlayed"": false, ""points"": null}, {""hasPlayed"": false, ""points"": null}, {""hasPlayed"": true, ""points"": 22}, {""hasPlayed"": false, ""points"": null}, {""hasPlayed"": false, ""points"": null}]",4,Daniel Elfadli,-139229.0,3000000
4404,6,Jean-Luc,Dompé,1144656.0,64.0,20.0,20.0,12.0,75809.0,1279.0,256,4,https://kickbase.b-cdn.net/content/file/4d4bfeaf414f47e2994cf7669d884f08.png,7.0,2,1117.0,,"[{""hasPlayed"": false, ""points"": null}, {""hasPlayed"": false, ""points"": null}, {""hasPlayed"": false, ""points"": null}, {""hasPlayed"": false, ""points"": null}, {""hasPlayed"": false, ""points"": null}]",5,Jean-Luc Dompé,-139176.0,2500000
6201,6,Nicolai,Remberg,11691192.0,70.0,32.0,32.0,32.0,193422.0,2243.0,0,3,https://kickbase.b-cdn.net/content/file/8838a772b69f4284a8f34b1d63f406d8.png,21.0,1,191.0,,"[{""hasPlayed"": true, ""points"": 80}, {""hasPlayed"": true, ""points"": 185}, {""hasPlayed"": true, ""points"": 64}, {""hasPlayed"": true, ""points"": 68}, {""hasPlayed"": true, ""points"": 45}]",1,Nicolai Remberg,128621.0,9000000
6217,6,Rayan,Philippe,3513698.0,35.0,28.0,28.0,13.0,85138.0,971.0,0,4,https://kickbase.b-cdn.net/content/file/4fe19be7a9df439fa6f788b27095a090.png,14.0,2,276.0,,"[{""hasPlayed"": true, ""points"": 74}, {""hasPlayed"": true, ""points"": 10}, {""hasPlayed"": false, ""points"": null}, {""hasPlayed"": true, ""points"": -16}, {""hasPlayed"": false, ""points"": null}]",4,Rayan Philippe,-113700.0,4000000
7350,6,Otto,Stange,2963438.0,5.0,10.0,10.0,2.0,20981.0,51.0,0,4,https://kickbase.b-cdn.net/content/file/d876e417d53e4983b76765c28cb2825d.png,49.0,2,17.0,,"[{""hasPlayed"": true, ""points"": 28}, {""hasPlayed"": true, ""points"": 46}, {""hasPlayed"": false, ""points"": null}, {""hasPlayed"": true, ""points"": -2}, {""hasPlayed"": true, ""points"": -5}]",3,Otto Stange,-37365.0,4000000
7394,6,Kofi,Amoako,3946649.0,,,,,,,0,3,https://kickbase.b-cdn.net/content/file/6faaaadc0c43454aa7802b77b1455f2e.png,0.0,2,,,"[{""hasPlayed"": false, ""points"": null}, {""hasPlayed"": false, ""points"": null}, {""hasPlayed"": false, ""points"": null}, {""hasPlayed"": false, ""points"": null}, {""hasPlayed"": false, ""points"": null}]",4,Kofi Amoako,-136545.0,4000000
8367,6,Albert,Sambi Lokonga,10548328.0,68.0,26.0,26.0,20.0,112966.0,1759.0,0,3,https://kickbase.b-cdn.net/content/file/c9c716c7e03d47078ca74b707b1577a9.png,6.0,1,166.0,,"[{""hasPlayed"": true, ""points"": 120}, {""hasPlayed"": true, ""points"": 57}, {""hasPlayed"": true, ""points"": 79}, {""hasPlayed"": true, ""points"": -11}, {""hasPlayed"": false, ""points"": null}]",1,Albert Sambi Lokonga,19549.0,12000000
9605,6,Albert,Grønbæk,10479269.0,74.0,7.0,7.0,6.0,31737.0,520.0,0,3,https://kickbase.b-cdn.net/content/file/02b24cefd3da410ca1d4639a2fb7ccac.png,23.0,2,49.0,,"[{""hasPlayed"": true, ""points"": 39}, {""hasPlayed"": true, ""points"": 158}, {""hasPlayed"": true, ""points"": 266}, {""hasPlayed"": true, ""points"": 30}, {""hasPlayed"": true, ""points"": 28}]",1,Albert Grønbæk,52644.0,5000000
10120,6,Alexander,Røssing-Lelesiit,2314150.0,10.0,11.0,11.0,5.0,23037.0,114.0,4,4,https://kickbase.b-cdn.net/content/file/1e0140e6053349279a689f6bac4fdc91.png,38.0,2,49.0,,"[{""hasPlayed"": false, ""points"": null}, {""hasPlayed"": false, ""points"": null}, {""hasPlayed"": false, ""points"": null}, {""hasPlayed"": false, ""points"": null}, {""hasPlayed"": false, ""points"": null}]",5,Alexander Røssing-Lelesiit,-147037.0,5000000
11512,6,Nicolás,Capaldo,10608445.0,65.0,26.0,26.0,24.0,130826.0,1682.0,2,2,https://kickbase.b-cdn.net/content/file/bb8ff3d0932d47bd9d7fa4a4f38068ef.png,24.0,1,158.0,,"[{""hasPlayed"": true, ""points"": 136}, {""hasPlayed"": true, ""points"": 101}, {""hasPlayed"": true, ""points"": 64}, {""hasPlayed"": true, ""points"": 53}, {""hasPlayed"": true, ""points"": 90}]",1,Nicolás Capaldo,51187.0,8000000
11752,6,Warmed,Omari,4646636.0,60.0,20.0,20.0,17.0,106595.0,1204.0,256,2,https://kickbase.b-cdn.net/content/file/6565bd5f9c14426aad721f006cf6f971.png,17.0,2,259.0,,"[{""hasPlayed"": true, ""points"": 86}, {""hasPlayed"": true, ""points"": 85}, {""hasPlayed"": true, ""points"": 151}, {""hasPlayed"": true, ""points"": 82}, {""hasPlayed"": true, ""points"": 57}]",3,Warmed Omari,-97303.0,4000000
12368,6,Sander,Tangvik,593276.0,220.0,1.0,1.0,1.0,6034.0,220.0,0,1,https://kickbase.b-cdn.net/content/file/3d7ab89b5e874e77bbb6b1fb6724745f.png,12.0,2,370.0,,"[{""hasPlayed"": true, ""points"": 220}, {""hasPlayed"": false, ""points"": null}, {""hasPlayed"": false, ""points"": null}, {""hasPlayed"": false, ""points"": null}, {""hasPlayed"": false, ""points"": null}]",5,Sander Tangvik,-89873.0,3000000
13433,6,Louis,Lemke,2207738.0,20.0,1.0,1.0,0.0,67.0,20.0,0,2,https://kickbase.b-cdn.net/content/file/46eac50def834b9983f1475d94d28249.png,37.0,1,9.0,,"[{""hasPlayed"": false, ""points"": null}, {""hasPlayed"": true, ""points"": 20}, {""hasPlayed"": false, ""points"": null}, {""hasPlayed"": false, ""points"": null}, {""hasPlayed"": false, ""points"": null}]",3,Louis Lemke,376195.0,300000
15283,6,Martin,Adeline,7457780.0,,,,,,,0,3,https://kickbase.b-cdn.net/content/file/a88b98f2845e4a508b7e59e2bce5ff27.png,0.0,2,,,"[{""hasPlayed"": false, ""points"": null}, {""hasPlayed"": false, ""points"": null}, {""hasPlayed"": false, ""points"": null}, {""hasPlayed"": false, ""points"": null}, {""hasPlayed"": false, ""points"": null}]",3,Martin Adeline,-255457.0,10000000
15472,6,Patson,Daka,11389038.0,,,,,,,0,4,https://kickbase.b-cdn.net/content/file/218db4a2d0cb4f89be008597b2e2d9a7.png,0.0,1,,,"[{""hasPlayed"": false, ""points"": null}, {""hasPlayed"": false, ""points"": null}, {""hasPlayed"": false, ""points"": null}, {""hasPlayed"": false, ""points"": null}, {""hasPlayed"": false, ""points"": null}]",2,Patson Daka,194283.0,3000000
15478,6,Bilal,Nadir,4359514.0,,,,,,,0,3,https://kickbase.b-cdn.net/content/file/d153e6d5703a4637bf8ee1c23c857608.png,0.0,2,,,"[{""hasPlayed"": false, ""points"": null}, {""hasPlayed"": false, ""points"": null}, {""hasPlayed"": false, ""points"": null}, {""hasPlayed"": false, ""points"": null}, {""hasPlayed"": false, ""points"": null}]",4,Bilal Nadir,-134275.0,8000000
49,5,Matthias,Ginter,26456147.0,114.0,32.0,32.0,32.0,188048.0,3663.0,0,2,https://kickbase.b-cdn.net/content/file/e75f1bbb74d94ef7af63b5e586bb25ad.png,28.0,1,138.0,,"[{""hasPlayed"": true, ""points"": 243}, {""hasPlayed"": true, ""points"": 39}, {""hasPlayed"": true, ""points"": 72}, {""hasPlayed"": false, ""points"": null}, {""hasPlayed"": true, ""points"": 146}]",1,Matthias Ginter,46958.0,5000000
89,5,Christian,Günter,2898012.0,48.0,24.0,24.0,18.0,102008.0,1161.0,0,2,https://kickbase.b-cdn.net/content/file/b5cc490be0894c4b8e4eb92ed2106f15.png,30.0,1,400.0,,"[{""hasPlayed"": false, ""points"": null}, {""hasPlayed"": false, ""points"": null}, {""hasPlayed"": true, ""points"": 25}, {""hasPlayed"": true, ""points"": -22}, {""hasPlayed"": true, ""points"": 56}]",3,Christian Günter,82953.0,2000000
118,5,Vincenzo,Grifo,11853295.0,71.0,33.0,33.0,21.0,113451.0,2332.0,0,3,https://kickbase.b-cdn.net/content/file/db2983cdda124ecfb674b4a066e34b5c.png,32.0,1,196.0,,"[{""hasPlayed"": true, ""points"": 38}, {""hasPlayed"": true, ""points"": 57}, {""hasPlayed"": true, ""points"": 60}, {""hasPlayed"": true, ""points"": -1}, {""hasPlayed"": true, ""points"": 205}]",3,Vincenzo Grifo,122505.0,4000000
1257,5,Lukas,Kübler,4330195.0,82.0,23.0,23.0,19.0,105359.0,1875.0,0,2,https://kickbase.b-cdn.net/content/file/3837cd8562134d428e12cbfe1ee98323.png,17.0,2,433.0,,"[{""hasPlayed"": true, ""points"": 40}, {""hasPlayed"": true, ""points"": 118}, {""hasPlayed"": true, ""points"": 17}, {""hasPlayed"": true, ""points"": 50}, {""hasPlayed"": true, ""points"": 62}]",4,Lukas Kübler,-87437.0,1500000
1645,5,Maximilian,Eggestein,14824452.0,84.0,34.0,34.0,34.0,203699.0,2849.0,0,3,https://kickbase.b-cdn.net/content/file/46028a6670854b3cba398533dfe6c619.png,8.0,1,192.0,,"[{""hasPlayed"": true, ""points"": 76}, {""hasPlayed"": true, ""points"": 38}, {""hasPlayed"": true, ""points"": 78}, {""hasPlayed"": true, ""points"": -19}, {""hasPlayed"": true, ""points"": 171}]",1,Maximilian Eggestein,170264.0,10000000
1767,5,Jannik,Huth,500000.0,,,,,,,0,1,https://kickbase.b-cdn.net/content/file/9f5e4a6af6b94ff8a1019833a0c15c8a.png,24.0,0,,,"[{""hasPlayed"": false, ""points"": null}, {""hasPlayed"": false, ""points"": null}, {""hasPlayed"": false, ""points"": null}, {""hasPlayed"": false, ""points"": null}, {""hasPlayed"": false, ""points"": null}]",5,Jannik Huth,0.0,400000
1858,5,Anthony,Jung,2087759.0,37.0,12.0,12.0,4.0,36970.0,441.0,0,2,https://kickbase.b-cdn.net/content/file/9af84678390b4225bbe2ce9593fc38ad.png,5.0,2,211.0,,"[{""hasPlayed"": false, ""points"": null}, {""hasPlayed"": true, ""points"": 16}, {""hasPlayed"": false, ""points"": null}, {""hasPlayed"": true, ""points"": 5}, {""hasPlayed"": false, ""points"": null}]",4,Anthony Jung,-142539.0,600000
1910,5,Florian,Müller,500000.0,,,,,,,0,1,https://kickbase.b-cdn.net/content/file/31efbd57d72b4abba971e7c77993d4ff.png,21.0,0,,,"[{""hasPlayed"": false, ""points"": null}, {""hasPlayed"": false, ""points"": null}, {""hasPlayed"": false, ""points"": null}, {""hasPlayed"": false, ""points"": null}, {""hasPlayed"": false, ""points"": null}]",5,Florian Müller,0.0,1200000
2084,5,Philipp,Lienhart,12184246.0,69.0,20.0,20.0,14.0,86712.0,1379.0,0,2,https://kickbase.b-cdn.net/content/file/d376962d93d8467e844287f0c416eea0.png,3.0,1,113.0,,"[{""hasPlayed"": true, ""points"": 80}, {""hasPlayed"": true, ""points"": 25}, {""hasPlayed"": true, ""points"": 152}, {""hasPlayed"": true, ""points"": 2}, {""hasPlayed"": true, ""points"": 15}]",2,Philipp Lienhart,168895.0,10000000
2125,5,Jan-Niklas,Beste,10755928.0,60.0,28.0,28.0,20.0,111405.0,1693.0,0,3,https://kickbase.b-cdn.net/content/file/0dc9e619fd4c4114a58d41e7b6293ac2.png,19.0,1,157.0,,"[{""hasPlayed"": true, ""points"": 150}, {""hasPlayed"": true, ""points"": 2}, {""hasPlayed"": true, ""points"": 63}, {""hasPlayed"": true, ""points"": 0}, {""hasPlayed"": true, ""points"": 55}]",1,Jan-Niklas Beste,149930.0,10000000
2176,5,Lucas,Höler,2525257.0,46.0,33.0,33.0,25.0,134301.0,1531.0,0,4,https://kickbase.b-cdn.net/content/file/f775386cb936487f9b6b96ab84f21384.png,9.0,2,606.0,,"[{""hasPlayed"": true, ""points"": 43}, {""hasPlayed"": true, ""points"": -5}, {""hasPlayed"": true, ""points"": 16}, {""hasPlayed"": true, ""points"": 72}, {""hasPlayed"": true, ""points"": 94}]",4,Lucas Höler,-50172.0,3000000
2722,5,Patrick,Osterhage,5562703.0,47.0,20.0,20.0,13.0,78511.0,938.0,0,3,https://kickbase.b-cdn.net/content/file/30b71dae269d4597bf36100fdb0027ea.png,6.0,1,168.0,,"[{""hasPlayed"": false, ""points"": null}, {""hasPlayed"": false, ""points"": null}, {""hasPlayed"": false, ""points"": null}, {""hasPlayed"": false, ""points"": null}, {""hasPlayed"": false, ""points"": null}]",4,Patrick Osterhage,32849.0,12000000
2939,5,Eren Sami,Dinkçi,3723834.0,44.0,22.0,22.0,16.0,91259.0,965.0,2,3,https://kickbase.b-cdn.net/content/file/c4ff0ffc6eba4bc9928b0437e4181e53.png,18.0,1,259.0,,"[{""hasPlayed"": true, ""points"": 23}, {""hasPlayed"": true, ""points"": 87}, {""hasPlayed"": true, ""points"": 170}, {""hasPlayed"": true, ""points"": 203}, {""hasPlayed"": false, ""points"": null}]",4,Eren Sami Dinkçi,141261.0,6000000
3019,5,Noah,Atubolu,8076955.0,97.0,34.0,34.0,34.0,203699.0,3299.0,0,1,https://kickbase.b-cdn.net/content/file/7e82d7704f244cccb027dc6c519dc149.png,1.0,2,408.0,,"[{""hasPlayed"": true, ""points"": 118}, {""hasPlayed"": true, ""points"": 51}, {""hasPlayed"": true, ""points"": 64}, {""hasPlayed"": true, ""points"": 23}, {""hasPlayed"": true, ""points"": 94}]",5,Noah Atubolu,-256672.0,25000000
3209,5,Yannik,Engelhardt,9190921.0,64.0,31.0,31.0,29.0,162513.0,1970.0,0,3,https://kickbase.b-cdn.net/content/file/ef0590dedd4c41f1a36fcb9ac6c2a326.png,16.0,1,214.0,,"[{""hasPlayed"": true, ""points"": 135}, {""hasPlayed"": true, ""points"": 24}, {""hasPlayed"": true, ""points"": 86}, {""hasPlayed"": true, ""points"": 87}, {""hasPlayed"": true, ""points"": -10}]",2,Yannik Engelhardt,244779.0,7000000
3218,5,Mio,Backhaus,16770245.0,95.0,32.0,32.0,32.0,190988.0,3025.0,0,1,https://kickbase.b-cdn.net/content/file/5fddf9666b2c47e4852e7bc1db9068e9.png,0.0,1,180.0,,"[{""hasPlayed"": true, ""points"": 179}, {""hasPlayed"": true, ""points"": 115}, {""hasPlayed"": true, ""points"": 74}, {""hasPlayed"": true, ""points"": 120}, {""hasPlayed"": true, ""points"": 67}]",1,Mio Backhaus,104077.0,15000000
3304,5,Igor,Matanović,17993991.0,68.0,31.0,31.0,14.0,106505.0,2099.0,0,4,https://kickbase.b-cdn.net/content/file/5d31c9139056490197fe944243de2bd0.png,31.0,1,116.0,,"[{""hasPlayed"": true, ""points"": 265}, {""hasPlayed"": true, ""points"": 207}, {""hasPlayed"": true, ""points"": 17}, {""hasPlayed"": true, ""points"": 5}, {""hasPlayed"": true, ""points"": 37}]",1,Igor Matanović,173943.0,22000000
4335,5,Derry,Scherhant,4744616.0,48.0,31.0,31.0,12.0,87953.0,1487.0,0,3,https://kickbase.b-cdn.net/content/file/cf1f2bfa6c0f446ea74d8b75f0585f53.png,7.0,2,313.0,,"[{""hasPlayed"": true, ""points"": 183}, {""hasPlayed"": true, ""points"": 6}, {""hasPlayed"": true, ""points"": 6}, {""hasPlayed"": true, ""points"": 8}, {""hasPlayed"": true, ""points"": 59}]",3,Derry Scherhant,3540.0,7500000
6209,5,Philipp,Treu,11059537.0,52.0,28.0,28.0,24.0,144527.0,1454.0,0,2,https://kickbase.b-cdn.net/content/file/67a522fecea248ff84c7dec1c95739dc.png,29.0,1,131.0,,"[{""hasPlayed"": true, ""points"": 47}, {""hasPlayed"": true, ""points"": 22}, {""hasPlayed"": true, ""points"": 60}, {""hasPlayed"": false, ""points"": null}, {""hasPlayed"": false, ""points"": null}]",1,Philipp Treu,88318.0,15000000
7215,5,Jordy,Makengo,1791107.0,42.0,20.0,20.0,12.0,79520.0,840.0,0,2,https://kickbase.b-cdn.net/content/file/bf5181157fa948f8b3943d8dfe6655b4.png,33.0,2,468.0,,"[{""hasPlayed"": true, ""points"": 188}, {""hasPlayed"": true, ""points"": 0}, {""hasPlayed"": false, ""points"": null}, {""hasPlayed"": false, ""points"": null}, {""hasPlayed"": true, ""points"": 28}]",3,Jordy Makengo,4806.0,6000000
7216,5,Max,Rosenfelder,3680767.0,27.0,12.0,12.0,5.0,32955.0,318.0,0,2,https://kickbase.b-cdn.net/content/file/f1d275ea8b55482c879f06e22c8d1258.png,37.0,2,86.0,,"[{""hasPlayed"": false, ""points"": null}, {""hasPlayed"": false, ""points"": null}, {""hasPlayed"": false, ""points"": null}, {""hasPlayed"": false, ""points"": null}, {""hasPlayed"": false, ""points"": null}]",4,Max Rosenfelder,-122562.0,6000000
8363,5,Berkay,Yilmaz,9000887.0,,,,,,,0,2,https://kickbase.b-cdn.net/content/file/d5d68a9cba0140928571c7b6362725a2.png,27.0,2,,,"[{""hasPlayed"": false, ""points"": null}, {""hasPlayed"": false, ""points"": null}, {""hasPlayed"": false, ""points"": null}, {""hasPlayed"": false, ""points"": null}, {""hasPlayed"": false, ""points"": null}]",3,Berkay Yilmaz,-328723.0,7000000
8364,5,Bruno,Ogbus,2159744.0,52.0,18.0,18.0,14.0,78675.0,940.0,0,2,https://kickbase.b-cdn.net/content/file/9b3710e64252422495767f79b8ddeb89.png,43.0,2,435.0,,"[{""hasPlayed"": true, ""points"": 38}, {""hasPlayed"": true, ""points"": -23}, {""hasPlayed"": true, ""points"": 50}, {""hasPlayed"": true, ""points"": 59}, {""hasPlayed"": true, ""points"": 110}]",5,Bruno Ogbus,-121081.0,15000000
11006,5,Yuito,Suzuki,12482625.0,63.0,25.0,25.0,18.0,107057.0,1570.0,0,3,https://kickbase.b-cdn.net/content/file/321f689788164bb8b2b9b9559673e9ec.png,14.0,1,125.0,,"[{""hasPlayed"": false, ""points"": null}, {""hasPlayed"": false, ""points"": null}, {""hasPlayed"": true, ""points"": 50}, {""hasPlayed"": false, ""points"": null}, {""hasPlayed"": true, ""points"": 62}]",1,Yuito Suzuki,192469.0,24000000
11007,5,Cyriaque,Irié,4536918.0,15.0,10.0,10.0,3.0,24064.0,150.0,0,3,https://kickbase.b-cdn.net/content/file/19d04c847d954a3e8b2d044fbc6ab907.png,22.0,2,33.0,,"[{""hasPlayed"": false, ""points"": null}, {""hasPlayed"": false, ""points"": null}, {""hasPlayed"": false, ""points"": null}, {""hasPlayed"": true, ""points"": -20}, {""hasPlayed"": false, ""points"": null}]",4,Cyriaque Irié,-468070.0,8000000
14048,5,Keisuke,Goto,6964430.0,,,,,,,0,4,https://kickbase.b-cdn.net/content/file/82bf223198844c69aec5996a1064deed.png,42.0,2,,,"[{""hasPlayed"": false, ""points"": null}, {""hasPlayed"": false, ""points"": null}, {""hasPlayed"": false, ""points"": null}, {""hasPlayed"": false, ""points"": null}, {""hasPlayed"": false, ""points"": null}]",5,Keisuke Goto,-349610.0,10000000
15196,5,Rihito,Yamamoto,7549461.0,,,,,,,2,3,https://kickbase.b-cdn.net/content/file/4578268117b2478ba8f2bc127fafb011.png,20.0,2,,,"[{""hasPlayed"": false, ""points"": null}, {""hasPlayed"": false, ""points"": null}, {""hasPlayed"": false, ""points"": null}, {""hasPlayed"": false, ""points"": null}, {""hasPlayed"": false, ""points"": null}]",4,Rihito Yamamoto,-329948.0,7000000
43,10,Mitchell,Weiser,4858793.0,,,,,,,2,2,https://kickbase.b-cdn.net/content/file/d4075d101f5c49f88113a719ed8f34e5.png,8.0,2,,,"[{""hasPlayed"": false, ""points"": null}, {""hasPlayed"": false, ""points"": null}, {""hasPlayed"": false, ""points"": null}, {""hasPlayed"": false, ""points"": null}, {""hasPlayed"": false, ""points"": null}]",5,Mitchell Weiser,-278855.0,3000000
157,10,Niklas,Stark,2719254.0,36.0,14.0,14.0,9.0,46992.0,508.0,2,2,https://kickbase.b-cdn.net/content/file/47d350de3ba7487dad6fff58c11b5910.png,4.0,2,186.0,,"[{""hasPlayed"": false, ""points"": null}, {""hasPlayed"": false, ""points"": null}, {""hasPlayed"": false, ""points"": null}, {""hasPlayed"": true, ""points"": 69}, {""hasPlayed"": true, ""points"": 29}]",5,Niklas Stark,-133337.0,2500000
1996,10,Marco,Friedl,12468499.0,78.0,30.0,30.0,29.0,167391.0,2349.0,0,2,https://kickbase.b-cdn.net/content/file/7ab07056637e493d80590700542ee887.png,32.0,1,188.0,,"[{""hasPlayed"": true, ""points"": 14}, {""hasPlayed"": true, ""points"": 21}, {""hasPlayed"": true, ""points"": 62}, {""hasPlayed"": false, ""points"": null}, {""hasPlayed"": false, ""points"": null}]",1,Marco Friedl,143962.0,10000000
2294,10,Amos,Pieper,9705708.0,80.0,19.0,19.0,19.0,99133.0,1529.0,2,2,https://kickbase.b-cdn.net/content/file/32262c6e17164fd1a62ee34e358e2540.png,5.0,1,157.0,,"[{""hasPlayed"": true, ""points"": 24}, {""hasPlayed"": true, ""points"": 44}, {""hasPlayed"": true, ""points"": 72}, {""hasPlayed"": true, ""points"": 80}, {""hasPlayed"": true, ""points"": 82}]",2,Amos Pieper,254071.0,4000000
2842,10,Felix,Agu,4737931.0,46.0,11.0,11.0,9.0,48743.0,509.0,4,2,https://kickbase.b-cdn.net/content/file/d3aec548a0d84afcb6a8f6c90cc09e72.png,27.0,2,107.0,,"[{""hasPlayed"": false, ""points"": null}, {""hasPlayed"": false, ""points"": null}, {""hasPlayed"": false, ""points"": null}, {""hasPlayed"": false, ""points"": null}, {""hasPlayed"": false, ""points"": null}]",4,Felix Agu,-435857.0,4500000
3139,10,Cédric,Itten,9283596.0,,,,,,,0,4,https://kickbase.b-cdn.net/content/file/6479aeb8ddab4dd1a92025ddb8b2c3c2.png,26.0,2,,,"[{""hasPlayed"": false, ""points"": null}, {""hasPlayed"": false, ""points"": null}, {""hasPlayed"": false, ""points"": null}, {""hasPlayed"": false, ""points"": null}, {""hasPlayed"": false, ""points"": null}]",3,Cédric Itten,-275746.0,1800000
3166,10,Keke,Topp,500000.0,22.0,20.0,20.0,7.0,45051.0,438.0,1,4,https://kickbase.b-cdn.net/content/file/3b2c4046987d46a6a2afe1a90455d7ea.png,9.0,0,876.0,,"[{""hasPlayed"": false, ""points"": null}, {""hasPlayed"": false, ""points"": null}, {""hasPlayed"": false, ""points"": null}, {""hasPlayed"": false, ""points"": null}, {""hasPlayed"": false, ""points"": null}]",5,Keke Topp,0.0,3000000
3228,10,Justin,Njinmah,5311523.0,43.0,33.0,33.0,22.0,126736.0,1409.0,0,4,https://kickbase.b-cdn.net/content/file/aecaedfbbfac4fc189856b5b5d560b2d.png,11.0,2,265.0,,"[{""hasPlayed"": true, ""points"": 10}, {""hasPlayed"": true, ""points"": 33}, {""hasPlayed"": true, ""points"": 13}, {""hasPlayed"": true, ""points"": 12}, {""hasPlayed"": true, ""points"": 104}]",3,Justin Njinmah,-232895.0,5000000
3281,10,Ludovit,Reis,4184738.0,,,,,,,0,3,https://kickbase.b-cdn.net/content/file/8d0ebe886d844bffb3283d7f4f8cfdce.png,0.0,2,,,"[{""hasPlayed"": false, ""points"": null}, {""hasPlayed"": false, ""points"": null}, {""hasPlayed"": false, ""points"": null}, {""hasPlayed"": false, ""points"": null}, {""hasPlayed"": false, ""points"": null}]",3,Ludovit Reis,-4362545.0,3000000
3450,10,Markus,Kolke,500000.0,,,,,,,0,1,https://kickbase.b-cdn.net/content/file/8e62a66ca620435fa877b6e0ed662c0b.png,25.0,0,,,"[{""hasPlayed"": false, ""points"": null}, {""hasPlayed"": false, ""points"": null}, {""hasPlayed"": false, ""points"": null}, {""hasPlayed"": false, ""points"": null}, {""hasPlayed"": false, ""points"": null}]",5,Markus Kolke,0.0,300000
3481,10,Jens,Stage,18991553.0,100.0,29.0,29.0,29.0,160601.0,2895.0,2,3,https://kickbase.b-cdn.net/content/file/1660e6fa98fe418d8a4abdb17bda1d62.png,6.0,1,152.0,,"[{""hasPlayed"": true, ""points"": 48}, {""hasPlayed"": true, ""points"": 12}, {""hasPlayed"": true, ""points"": 30}, {""hasPlayed"": true, ""points"": 157}, {""hasPlayed"": true, ""points"": 265}]",2,Jens Stage,147343.0,14000000
7167,10,Senne,Lynen,8953185.0,71.0,31.0,31.0,31.0,180555.0,2210.0,0,3,https://kickbase.b-cdn.net/content/file/155288638ca9459bbebfab0684e818ef.png,14.0,1,246.0,,"[{""hasPlayed"": true, ""points"": 33}, {""hasPlayed"": true, ""points"": 104}, {""hasPlayed"": true, ""points"": 103}, {""hasPlayed"": true, ""points"": 101}, {""hasPlayed"": true, ""points"": 87}]",2,Senne Lynen,250017.0,8000000
7282,10,Olivier,Deman,10469297.0,74.0,16.0,16.0,14.0,82852.0,1176.0,0,2,https://kickbase.b-cdn.net/content/file/581d084f390f47a38c3d2d35085fb1e4.png,2.0,1,112.0,,"[{""hasPlayed"": true, ""points"": 51}, {""hasPlayed"": true, ""points"": 129}, {""hasPlayed"": true, ""points"": 106}, {""hasPlayed"": true, ""points"": 33}, {""hasPlayed"": true, ""points"": 87}]",1,Olivier Deman,38196.0,3500000
7469,10,Julián,Malatini,5098670.0,26.0,11.0,11.0,5.0,34567.0,288.0,0,2,https://kickbase.b-cdn.net/content/file/af2e51f752864218aed53729ddc7056e.png,22.0,1,56.0,,"[{""hasPlayed"": false, ""points"": null}, {""hasPlayed"": false, ""points"": null}, {""hasPlayed"": false, ""points"": null}, {""hasPlayed"": false, ""points"": null}, {""hasPlayed"": false, ""points"": null}]",5,Julián Malatini,133398.0,2000000
7721,10,Marco,Grüll,5351254.0,50.0,33.0,33.0,23.0,130955.0,1641.0,0,3,https://kickbase.b-cdn.net/content/file/73071b81354346399a14dd6431d4e823.png,17.0,1,306.0,,"[{""hasPlayed"": true, ""points"": 28}, {""hasPlayed"": true, ""points"": -14}, {""hasPlayed"": true, ""points"": 19}, {""hasPlayed"": false, ""points"": null}, {""hasPlayed"": true, ""points"": 53}]",3,Marco Grüll,296614.0,4000000
8166,10,,Chuki,11138173.0,,,,,,,0,3,https://kickbase.b-cdn.net/content/file/480d2ef5bfd94f57a5db7545d63b0828.png,20.0,1,,,"[{""hasPlayed"": false, ""points"": null}, {""hasPlayed"": false, ""points"": null}, {""hasPlayed"": false, ""points"": null}, {""hasPlayed"": false, ""points"": null}, {""hasPlayed"": false, ""points"": null}]",2,Chuki,152841.0,8000000
9513,10,Karl,Hein,12633106.0,164.0,2.0,2.0,2.0,11560.0,327.0,2,1,https://kickbase.b-cdn.net/content/file/0342913c28ed45b18f310732f9b90b16.png,1.0,1,25.0,,"[{""hasPlayed"": false, ""points"": null}, {""hasPlayed"": false, ""points"": null}, {""hasPlayed"": false, ""points"": null}, {""hasPlayed"": false, ""points"": null}, {""hasPlayed"": false, ""points"": null}]",1,Karl Hein,127285.0,3000000
9600,10,Alexander,Schlager,4509491.0,,,,,,,0,1,https://kickbase.b-cdn.net/content/file/c677b3706079488a8ee0283db8fdd970.png,30.0,2,,,"[{""hasPlayed"": false, ""points"": null}, {""hasPlayed"": false, ""points"": null}, {""hasPlayed"": false, ""points"": null}, {""hasPlayed"": false, ""points"": null}, {""hasPlayed"": false, ""points"": null}]",5,Alexander Schlager,-112975.0,2000000
9923,10,Samuel,Mbangula,8567181.0,50.0,26.0,26.0,12.0,77710.0,1289.0,0,3,https://kickbase.b-cdn.net/content/file/bb63ae114a9641aea1903e760c388b1c.png,7.0,1,150.0,,"[{""hasPlayed"": true, ""points"": 9}, {""hasPlayed"": true, ""points"": -11}, {""hasPlayed"": true, ""points"": 36}, {""hasPlayed"": true, ""points"": 3}, {""hasPlayed"": false, ""points"": null}]",2,Samuel Mbangula,281315.0,8000000
9996,10,Patrice,Covic,4508265.0,18.0,15.0,15.0,2.0,25884.0,268.0,2,3,https://kickbase.b-cdn.net/content/file/3c9740e4f1b6416580b598d3da08cdb2.png,24.0,2,59.0,,"[{""hasPlayed"": true, ""points"": 9}, {""hasPlayed"": false, ""points"": null}, {""hasPlayed"": false, ""points"": null}, {""hasPlayed"": false, ""points"": null}, {""hasPlayed"": false, ""points"": null}]",4,Patrice Covic,-147961.0,4000000
10131,10,Dariusz,Stalmach,3458015.0,,,,,,,2,3,https://kickbase.b-cdn.net/content/file/24197523c05b4e17ac6e922264265d37.png,23.0,2,,,"[{""hasPlayed"": false, ""points"": null}, {""hasPlayed"": false, ""points"": null}, {""hasPlayed"": false, ""points"": null}, {""hasPlayed"": false, ""points"": null}, {""hasPlayed"": false, ""points"": null}]",5,Dariusz Stalmach,-154553.0,1500000
10134,10,Mick,Schmetgens,5635708.0,40.0,2.0,2.0,0.0,2459.0,79.0,0,2,https://kickbase.b-cdn.net/content/file/cbb89b4949af4997a53ca8ecc1ce7c78.png,33.0,1,14.0,,"[{""hasPlayed"": false, ""points"": null}, {""hasPlayed"": false, ""points"": null}, {""hasPlayed"": false, ""points"": null}, {""hasPlayed"": false, ""points"": null}, {""hasPlayed"": false, ""points"": null}]",3,Mick Schmetgens,241864.0,700000
10497,10,Abdoul-Karim,Coulibaly,5662748.0,52.0,27.0,27.0,24.0,139820.0,1401.0,0,2,https://kickbase.b-cdn.net/content/file/669c7c063fde4203965dc9d45b0516d9.png,31.0,2,247.0,,"[{""hasPlayed"": true, ""points"": 24}, {""hasPlayed"": false, ""points"": null}, {""hasPlayed"": true, ""points"": 7}, {""hasPlayed"": true, ""points"": 28}, {""hasPlayed"": true, ""points"": 108}]",3,Abdoul-Karim Coulibaly,-256746.0,28000000
11262,10,Salim Amani,Musah,6478876.0,17.0,8.0,8.0,2.0,13915.0,134.0,0,4,https://kickbase.b-cdn.net/content/file/06171b2c46b740f29fc107281e5b489c.png,29.0,1,20.0,,"[{""hasPlayed"": true, ""points"": 19}, {""hasPlayed"": true, ""points"": -12}, {""hasPlayed"": true, ""points"": 20}, {""hasPlayed"": true, ""points"": 2}, {""hasPlayed"": false, ""points"": null}]",3,Salim Amani Musah,249006.0,2000000
14923,10,Kenny,Quetant,3727165.0,,,,,,,0,4,https://kickbase.b-cdn.net/content/file/ce71a0ceab994338b9911cf79b91e00c.png,19.0,2,,,"[{""hasPlayed"": false, ""points"": null}, {""hasPlayed"": false, ""points"": null}, {""hasPlayed"": false, ""points"": null}, {""hasPlayed"": false, ""points"": null}, {""hasPlayed"": false, ""points"": null}]",5,Kenny Quetant,-149874.0,3000000
14926,10,Darwin,Soylu,3695800.0,,,,,,,0,3,https://kickbase.b-cdn.net/content/file/5cb0e397fead443c8b6edad320c05fb5.png,34.0,2,,,"[{""hasPlayed"": false, ""points"": null}, {""hasPlayed"": false, ""points"": null}, {""hasPlayed"": false, ""points"": null}, {""hasPlayed"": false, ""points"": null}, {""hasPlayed"": false, ""points"": null}]",5,Darwin Soylu,-153362.0,0
15256,10,Oskar,Wójcik,6146019.0,,,,,,,0,2,https://kickbase.b-cdn.net/content/file/97c455965a994f56b1d9c44f02427633.png,3.0,2,,,"[{""hasPlayed"": false, ""points"": null}, {""hasPlayed"": false, ""points"": null}, {""hasPlayed"": false, ""points"": null}, {""hasPlayed"": false, ""points"": null}, {""hasPlayed"": false, ""points"": null}]",3,Oskar Wójcik,-341755.0,5000000
15313,10,Paul,Erevbenagie,3195502.0,,,,,,,0,4,https://kickbase.b-cdn.net/content/file/6e29480ac28c4af59908453b181e813c.png,38.0,1,,,"[{""hasPlayed"": false, ""points"": null}, {""hasPlayed"": false, ""points"": null}, {""hasPlayed"": false, ""points"": null}, {""hasPlayed"": false, ""points"": null}, {""hasPlayed"": false, ""points"": null}]",3,Paul Erevbenagie,404854.0,125000
493,13,Michael,Gregoritsch,9957576.0,74.0,17.0,17.0,11.0,60067.0,1251.0,0,4,https://kickbase.b-cdn.net/content/file/9e326d137a9744f09b05b6536642036e.png,38.0,1,125.0,,"[{""hasPlayed"": true, ""points"": -15}, {""hasPlayed"": true, ""points"": 273}, {""hasPlayed"": true, ""points"": 132}, {""hasPlayed"": true, ""points"": 75}, {""hasPlayed"": false, ""points"": null}]",3,Michael Gregoritsch,175894.0,1500000
1809,13,Marius,Wolf,646936.0,24.0,29.0,29.0,12.0,69269.0,686.0,0,3,https://kickbase.b-cdn.net/content/file/ab85deae8852417eaeb1a6a40869d05f.png,27.0,2,1060.0,,"[{""hasPlayed"": true, ""points"": 8}, {""hasPlayed"": true, ""points"": 35}, {""hasPlayed"": true, ""points"": 94}, {""hasPlayed"": true, ""points"": 17}, {""hasPlayed"": true, ""points"": 15}]",3,Marius Wolf,25534.0,2500000
1811,13,Jeffrey,Gouweleeuw,10412560.0,62.0,11.0,11.0,10.0,56368.0,684.0,0,2,https://kickbase.b-cdn.net/content/file/f1db17abb1184369a9edd1445b96bb01.png,6.0,1,65.0,,"[{""hasPlayed"": true, ""points"": 47}, {""hasPlayed"": true, ""points"": 78}, {""hasPlayed"": true, ""points"": 79}, {""hasPlayed"": true, ""points"": 62}, {""hasPlayed"": true, ""points"": 93}]",2,Jeffrey Gouweleeuw,50082.0,1000000
2195,13,Finn,Dahmen,15878991.0,90.0,34.0,34.0,34.0,203411.0,3060.0,0,1,https://kickbase.b-cdn.net/content/file/b2d5477eac9e43ec9b45f8b1fd08da38.png,1.0,1,192.0,,"[{""hasPlayed"": true, ""points"": 28}, {""hasPlayed"": true, ""points"": 77}, {""hasPlayed"": true, ""points"": 109}, {""hasPlayed"": true, ""points"": 87}, {""hasPlayed"": true, ""points"": 274}]",1,Finn Dahmen,93551.0,12000000
2274,13,Keven,Schlotterbeck,10269262.0,87.0,24.0,24.0,22.0,136251.0,2080.0,0,2,https://kickbase.b-cdn.net/content/file/01e7605637114ccea472cf6f4761f94f.png,31.0,2,202.0,,"[{""hasPlayed"": false, ""points"": null}, {""hasPlayed"": false, ""points"": null}, {""hasPlayed"": true, ""points"": 31}, {""hasPlayed"": false, ""points"": null}, {""hasPlayed"": false, ""points"": null}]",3,Keven Schlotterbeck,-314853.0,6000000
2651,13,Mads,Pedersen,5258889.0,10.0,7.0,7.0,1.0,14713.0,67.0,0,2,https://kickbase.b-cdn.net/content/file/ee1bc505c0644debb1be4467278ab33f.png,3.0,1,12.0,,"[{""hasPlayed"": true, ""points"": -4}, {""hasPlayed"": false, ""points"": null}, {""hasPlayed"": false, ""points"": null}, {""hasPlayed"": false, ""points"": null}, {""hasPlayed"": false, ""points"": null}]",5,Mads Pedersen,280429.0,800000
2764,13,Yannik,Keitel,4154005.0,39.0,6.0,6.0,2.0,16772.0,233.0,0,3,https://kickbase.b-cdn.net/content/file/db53d9141b9d483299063068955d44a6.png,14.0,2,56.0,,"[{""hasPlayed"": true, ""points"": -7}, {""hasPlayed"": true, ""points"": 33}, {""hasPlayed"": false, ""points"": null}, {""hasPlayed"": false, ""points"": null}, {""hasPlayed"": false, ""points"": null}]",5,Yannik Keitel,-144808.0,2000000
3143,13,Kristijan,Jakić,1959442.0,56.0,26.0,26.0,18.0,110792.0,1450.0,2,3,https://kickbase.b-cdn.net/content/file/27912c1416d04665a6daace67db676be.png,17.0,2,740.0,,"[{""hasPlayed"": false, ""points"": null}, {""hasPlayed"": true, ""points"": 35}, {""hasPlayed"": true, ""points"": 181}, {""hasPlayed"": true, ""points"": 6}, {""hasPlayed"": false, ""points"": null}]",4,Kristijan Jakić,-125909.0,6000000
3183,13,Anton,Kade,11298511.0,64.0,28.0,28.0,18.0,114106.0,1783.0,256,4,https://kickbase.b-cdn.net/content/file/5bef82c23f844966930669b63b5e6377.png,30.0,1,157.0,,"[{""hasPlayed"": true, ""points"": 53}, {""hasPlayed"": true, ""points"": 108}, {""hasPlayed"": true, ""points"": 306}, {""hasPlayed"": true, ""points"": 147}, {""hasPlayed"": true, ""points"": 72}]",1,Anton Kade,150378.0,10000000
4654,13,Mert,Kömür,2915762.0,53.0,28.0,28.0,17.0,98463.0,1481.0,0,3,https://kickbase.b-cdn.net/content/file/cb037a6585bf41ffada59c797511b0ae.png,36.0,1,507.0,,"[{""hasPlayed"": true, ""points"": -5}, {""hasPlayed"": true, ""points"": 166}, {""hasPlayed"": false, ""points"": null}, {""hasPlayed"": true, ""points"": 1}, {""hasPlayed"": true, ""points"": 41}]",4,Mert Kömür,199101.0,12000000
6168,13,Robin,Fellhauer,10265470.0,65.0,34.0,34.0,31.0,182393.0,2209.0,0,3,https://kickbase.b-cdn.net/content/file/66cfd1c30d0a4e6fb051b5dc6ada35cf.png,19.0,1,215.0,,"[{""hasPlayed"": true, ""points"": 30}, {""hasPlayed"": true, ""points"": 160}, {""hasPlayed"": true, ""points"": 54}, {""hasPlayed"": true, ""points"": 23}, {""hasPlayed"": true, ""points"": 93}]",1,Robin Fellhauer,100966.0,3500000
7283,13,Calvin,Brackelmann,6249467.0,,,,,,,0,2,https://kickbase.b-cdn.net/content/file/514f24d314534e7d8fc7e34c22bc7e91.png,0.0,2,,,"[{""hasPlayed"": false, ""points"": null}, {""hasPlayed"": false, ""points"": null}, {""hasPlayed"": false, ""points"": null}, {""hasPlayed"": false, ""points"": null}, {""hasPlayed"": false, ""points"": null}]",3,Calvin Brackelmann,-319938.0,3000000
7336,13,Sima,Suso,3752618.0,,,,,,,2,3,https://kickbase.b-cdn.net/content/file/dafae47898144bb480b6b29370652c5b.png,0.0,2,,,"[{""hasPlayed"": false, ""points"": null}, {""hasPlayed"": false, ""points"": null}, {""hasPlayed"": false, ""points"": null}, {""hasPlayed"": false, ""points"": null}, {""hasPlayed"": false, ""points"": null}]",5,Sima Suso,-153436.0,2800000
7676,13,Fabian,Rieder,12909077.0,71.0,32.0,32.0,28.0,153869.0,2269.0,0,3,https://kickbase.b-cdn.net/content/file/b8be92875d234069b94b6913a19d1db1.png,32.0,1,175.0,,"[{""hasPlayed"": true, ""points"": 35}, {""hasPlayed"": true, ""points"": 134}, {""hasPlayed"": true, ""points"": 78}, {""hasPlayed"": true, ""points"": 77}, {""hasPlayed"": true, ""points"": 262}]",1,Fabian Rieder,199539.0,12000000
7696,13,Nediljko,Labrović,2496412.0,,,,,,,0,1,https://kickbase.b-cdn.net/content/file/ae8fcc731bc241dcae73bb42b4fe037b.png,22.0,2,,,"[{""hasPlayed"": false, ""points"": null}, {""hasPlayed"": false, ""points"": null}, {""hasPlayed"": false, ""points"": null}, {""hasPlayed"": false, ""points"": null}, {""hasPlayed"": false, ""points"": null}]",5,Nediljko Labrović,-164939.0,2000000
8355,13,Noahkai,Banks,6794059.0,73.0,23.0,23.0,20.0,114349.0,1668.0,0,2,https://kickbase.b-cdn.net/content/file/a2a067b7f55e4d9682090e1e234ec85d.png,40.0,2,245.0,,"[{""hasPlayed"": true, ""points"": 46}, {""hasPlayed"": false, ""points"": null}, {""hasPlayed"": false, ""points"": null}, {""hasPlayed"": false, ""points"": null}, {""hasPlayed"": false, ""points"": null}]",4,Noahkai Banks,-318309.0,20000000
9642,13,Chrislain,Matsima,11052053.0,82.0,18.0,18.0,17.0,99447.0,1473.0,0,2,https://kickbase.b-cdn.net/content/file/f6167b1bcb474dc480050b0cd2788796.png,5.0,1,133.0,,"[{""hasPlayed"": true, ""points"": 9}, {""hasPlayed"": true, ""points"": 82}, {""hasPlayed"": true, ""points"": 65}, {""hasPlayed"": true, ""points"": 2}, {""hasPlayed"": false, ""points"": null}]",2,Chrislain Matsima,184808.0,22000000
9684,13,Alexis,Claude-Maurice,12015477.0,80.0,29.0,29.0,25.0,136499.0,2314.0,2,3,https://kickbase.b-cdn.net/content/file/a90dd89d388d4dfbaa76eb454c203b02.png,20.0,2,192.0,,"[{""hasPlayed"": false, ""points"": null}, {""hasPlayed"": true, ""points"": 24}, {""hasPlayed"": true, ""points"": 139}, {""hasPlayed"": true, ""points"": 91}, {""hasPlayed"": true, ""points"": 42}]",3,Alexis Claude-Maurice,-150694.0,15000000
9965,13,Faik,Sakar,5862928.0,,,,,,,0,3,https://kickbase.b-cdn.net/content/file/71fbe100d395482587dc7c584720ad52.png,0.0,1,,,"[{""hasPlayed"": false, ""points"": null}, {""hasPlayed"": false, ""points"": null}, {""hasPlayed"": false, ""points"": null}, {""hasPlayed"": false, ""points"": null}, {""hasPlayed"": false, ""points"": null}]",5,Faik Sakar,231842.0,200000
10049,13,Hennes,Behrens,9352629.0,68.0,16.0,16.0,15.0,87282.0,1093.0,0,2,https://kickbase.b-cdn.net/content/file/70e43833dcee49629e10c92d9ed4770d.png,0.0,1,116.0,,"[{""hasPlayed"": true, ""points"": 39}, {""hasPlayed"": true, ""points"": 103}, {""hasPlayed"": true, ""points"": 62}, {""hasPlayed"": true, ""points"": 123}, {""hasPlayed"": true, ""points"": 33}]",1,Hennes Behrens,315935.0,5000000
11556,13,Han-Noah,Massengo,9433233.0,59.0,33.0,33.0,29.0,158322.0,1949.0,2,3,https://kickbase.b-cdn.net/content/file/fc9afec6fe6e436ea227ec35c506dff8.png,4.0,1,206.0,,"[{""hasPlayed"": true, ""points"": -5}, {""hasPlayed"": true, ""points"": 22}, {""hasPlayed"": true, ""points"": 26}, {""hasPlayed"": true, ""points"": 64}, {""hasPlayed"": true, ""points"": 107}]",2,Han-Noah Massengo,134573.0,8000000
12341,13,Rodrigo,Ribeiro,4273312.0,38.0,14.0,14.0,6.0,41356.0,529.0,0,4,https://kickbase.b-cdn.net/content/file/be732d69472446bfbb4e128bb0ed9ce5.png,21.0,2,123.0,,"[{""hasPlayed"": true, ""points"": 11}, {""hasPlayed"": true, ""points"": 20}, {""hasPlayed"": true, ""points"": 21}, {""hasPlayed"": true, ""points"": 18}, {""hasPlayed"": true, ""points"": 66}]",3,Rodrigo Ribeiro,-89586.0,4000000
13479,13,Uchenna,Ogundu,5614398.0,18.0,5.0,5.0,0.0,4536.0,88.0,0,4,https://kickbase.b-cdn.net/content/file/a2fb1f725f2c4cc99b937cc8e4066c74.png,39.0,1,15.0,,"[{""hasPlayed"": true, ""points"": 22}, {""hasPlayed"": false, ""points"": null}, {""hasPlayed"": false, ""points"": null}, {""hasPlayed"": false, ""points"": null}, {""hasPlayed"": true, ""points"": 56}]",5,Uchenna Ogundu,254136.0,4000000
32,8,Loris,Karius,16360337.0,,,,,,,0,1,https://kickbase.b-cdn.net/content/file/9b53a17786bd45d8b843b3e188f2ceae.png,1.0,1,,,"[{""hasPlayed"": false, ""points"": null}, {""hasPlayed"": false, ""points"": null}, {""hasPlayed"": false, ""points"": null}, {""hasPlayed"": false, ""points"": null}, {""hasPlayed"": false, ""points"": null}]",1,Loris Karius,119441.0,800000
670,8,Kenan,Karaman,15636116.0,,,,,,,2,4,https://kickbase.b-cdn.net/content/file/3eb5c46b23e042a4b366137871517bbe.png,19.0,1,,,"[{""hasPlayed"": false, ""points"": null}, {""hasPlayed"": false, ""points"": null}, {""hasPlayed"": false, ""points"": null}, {""hasPlayed"": false, ""points"": null}, {""hasPlayed"": false, ""points"": null}]",1,Kenan Karaman,12499.0,1800000
755,8,Kevin,Müller,732991.0,,,,,,,0,1,https://kickbase.b-cdn.net/content/file/9267ef7e0ff04d8d8f68116e2baab8fa.png,22.0,2,,,"[{""hasPlayed"": false, ""points"": null}, {""hasPlayed"": false, ""points"": null}, {""hasPlayed"": false, ""points"": null}, {""hasPlayed"": false, ""points"": null}, {""hasPlayed"": false, ""points"": null}]",5,Kevin Müller,-129376.0,300000
1012,8,Edin,Džeko,8603938.0,,,,,,,0,4,https://kickbase.b-cdn.net/content/file/31e382a514fb4fd0a7b6bf028b56f839.png,0.0,1,,,"[{""hasPlayed"": false, ""points"": null}, {""hasPlayed"": false, ""points"": null}, {""hasPlayed"": false, ""points"": null}, {""hasPlayed"": false, ""points"": null}, {""hasPlayed"": false, ""points"": null}]",4,Edin Džeko,231873.0,1000000
1691,8,Finn,Porath,5584116.0,,,,,,,0,3,https://kickbase.b-cdn.net/content/file/250d4c6c00a74d8b9604ba54ec4385fd.png,27.0,1,,,"[{""hasPlayed"": false, ""points"": null}, {""hasPlayed"": false, ""points"": null}, {""hasPlayed"": false, ""points"": null}, {""hasPlayed"": false, ""points"": null}, {""hasPlayed"": false, ""points"": null}]",5,Finn Porath,-207603.0,800000
1911,8,Anton,Donkor,6149525.0,,,,,,,0,2,https://kickbase.b-cdn.net/content/file/0db1ac5e9cad4c9bbb22a84b1c0a00af.png,30.0,1,,,"[{""hasPlayed"": false, ""points"": null}, {""hasPlayed"": false, ""points"": null}, {""hasPlayed"": false, ""points"": null}, {""hasPlayed"": false, ""points"": null}, {""hasPlayed"": false, ""points"": null}]",5,Anton Donkor,3491.0,400000
2762,8,Timo,Becker,4753672.0,,,,,,,0,2,https://kickbase.b-cdn.net/content/file/f1cc618a8f9e4121bc762da081feea87.png,5.0,2,,,"[{""hasPlayed"": false, ""points"": null}, {""hasPlayed"": false, ""points"": null}, {""hasPlayed"": false, ""points"": null}, {""hasPlayed"": false, ""points"": null}, {""hasPlayed"": false, ""points"": null}]",3,Timo Becker,-68018.0,1500000
2876,8,Ron,Schallenberg,8389531.0,,,,,,,0,3,https://kickbase.b-cdn.net/content/file/9f2d8e42f6bc438a9b4808262a3b2349.png,6.0,1,,,"[{""hasPlayed"": false, ""points"": null}, {""hasPlayed"": false, ""points"": null}, {""hasPlayed"": false, ""points"": null}, {""hasPlayed"": false, ""points"": null}, {""hasPlayed"": false, ""points"": null}]",3,Ron Schallenberg,94212.0,2000000
2967,8,Soufiane,El-Faouzi,14330832.0,,,,,,,0,3,https://kickbase.b-cdn.net/content/file/08eca83815c745e1b44ccab6f89b6778.png,23.0,1,,,"[{""hasPlayed"": false, ""points"": null}, {""hasPlayed"": false, ""points"": null}, {""hasPlayed"": false, ""points"": null}, {""hasPlayed"": false, ""points"": null}, {""hasPlayed"": false, ""points"": null}]",1,Soufiane El-Faouzi,136652.0,9000000
3029,8,Dejan,Ljubičić,7100716.0,,,,,,,0,3,https://kickbase.b-cdn.net/content/file/98ab54f781d048c8b864ceba5bc2f7d4.png,21.0,2,,,"[{""hasPlayed"": false, ""points"": null}, {""hasPlayed"": false, ""points"": null}, {""hasPlayed"": false, ""points"": null}, {""hasPlayed"": false, ""points"": null}, {""hasPlayed"": false, ""points"": null}]",3,Dejan Ljubičić,-286023.0,3000000
3307,8,Janik,Bachmann,2412660.0,,,,,,,0,3,https://kickbase.b-cdn.net/content/file/428a68b3510c4b3ba91bef10ecd9fff2.png,14.0,2,,,"[{""hasPlayed"": false, ""points"": null}, {""hasPlayed"": false, ""points"": null}, {""hasPlayed"": false, ""points"": null}, {""hasPlayed"": false, ""points"": null}, {""hasPlayed"": false, ""points"": null}]",5,Janik Bachmann,-151257.0,500000
4406,8,Éric,Dina Ebimbe,5993708.0,,,,,,,2,3,https://kickbase.b-cdn.net/content/file/afbea634b0e842279a632beb83f7cfbd.png,0.0,2,,,"[{""hasPlayed"": false, ""points"": null}, {""hasPlayed"": false, ""points"": null}, {""hasPlayed"": false, ""points"": null}, {""hasPlayed"": false, ""points"": null}, {""hasPlayed"": false, ""points"": null}]",3,Éric Dina Ebimbe,-234262.0,6000000
4606,8,Hasan,Kuruçay,12790970.0,,,,,,,0,2,https://kickbase.b-cdn.net/content/file/6448b21aef9940588bd94029c6f79831.png,4.0,1,,,"[{""hasPlayed"": false, ""points"": null}, {""hasPlayed"": false, ""points"": null}, {""hasPlayed"": false, ""points"": null}, {""hasPlayed"": false, ""points"": null}, {""hasPlayed"": false, ""points"": null}]",2,Hasan Kuruçay,99452.0,2000000
6172,8,Junior,Adamu,7471959.0,47.0,9.0,9.0,7.0,28586.0,419.0,0,4,https://kickbase.b-cdn.net/content/file/61eaae6121e34a598bac55925001ce96.png,20.0,2,56.0,,"[{""hasPlayed"": false, ""points"": null}, {""hasPlayed"": false, ""points"": null}, {""hasPlayed"": false, ""points"": null}, {""hasPlayed"": false, ""points"": null}, {""hasPlayed"": false, ""points"": null}]",3,Junior Adamu,-243339.0,3000000
7156,8,Maximilian,Wöber,4579633.0,33.0,2.0,2.0,0.0,2759.0,66.0,0,2,https://kickbase.b-cdn.net/content/file/aa8759270ae54b79851feea4f7769c01.png,39.0,2,14.0,,"[{""hasPlayed"": false, ""points"": null}, {""hasPlayed"": true, ""points"": 22}, {""hasPlayed"": false, ""points"": null}, {""hasPlayed"": true, ""points"": 44}, {""hasPlayed"": false, ""points"": null}]",4,Maximilian Wöber,-138999.0,3000000
7242,8,Robin,Gosens,9275605.0,,,,,,,0,2,https://kickbase.b-cdn.net/content/file/72d7676543f34faaae81170220ce9ec5.png,8.0,1,,,"[{""hasPlayed"": false, ""points"": null}, {""hasPlayed"": false, ""points"": null}, {""hasPlayed"": false, ""points"": null}, {""hasPlayed"": false, ""points"": null}, {""hasPlayed"": false, ""points"": null}]",2,Robin Gosens,262992.0,4000000
8222,8,Moussa,Sylla,9147309.0,,,,,,,0,4,https://kickbase.b-cdn.net/content/file/9e29701cd06e47cb89a5e43674193068.png,9.0,1,,,"[{""hasPlayed"": false, ""points"": null}, {""hasPlayed"": false, ""points"": null}, {""hasPlayed"": false, ""points"": null}, {""hasPlayed"": false, ""points"": null}, {""hasPlayed"": false, ""points"": null}]",3,Moussa Sylla,125444.0,5000000
8235,8,Adrian,Gantenbein,500000.0,,,,,,,1,2,https://kickbase.b-cdn.net/content/file/20ff107cb10149319ad76cc948de9e70.png,17.0,2,,,"[{""hasPlayed"": false, ""points"": null}, {""hasPlayed"": false, ""points"": null}, {""hasPlayed"": false, ""points"": null}, {""hasPlayed"": false, ""points"": null}, {""hasPlayed"": false, ""points"": null}]",5,Adrian Gantenbein,0.0,900000
8277,8,Vitalie,Becker,7978804.0,,,,,,,0,2,https://kickbase.b-cdn.net/content/file/e467725d314c414688deb0c9754900e0.png,33.0,1,,,"[{""hasPlayed"": false, ""points"": null}, {""hasPlayed"": false, ""points"": null}, {""hasPlayed"": false, ""points"": null}, {""hasPlayed"": false, ""points"": null}, {""hasPlayed"": false, ""points"": null}]",4,Vitalie Becker,181303.0,3000000
9390,8,Max,Grüger,2549981.0,,,,,,,0,3,https://kickbase.b-cdn.net/content/file/8a2c62c732764e97bafa4b50c345cd3c.png,37.0,2,,,"[{""hasPlayed"": false, ""points"": null}, {""hasPlayed"": false, ""points"": null}, {""hasPlayed"": false, ""points"": null}, {""hasPlayed"": false, ""points"": null}, {""hasPlayed"": false, ""points"": null}]",5,Max Grüger,-153667.0,1200000
10916,8,Mert Can,Ayhan,10069425.0,,,,,,,0,2,https://kickbase.b-cdn.net/content/file/130406d171884bb486982e8fe381150c.png,43.0,1,,,"[{""hasPlayed"": false, ""points"": null}, {""hasPlayed"": false, ""points"": null}, {""hasPlayed"": false, ""points"": null}, {""hasPlayed"": false, ""points"": null}, {""hasPlayed"": false, ""points"": null}]",3,Mert Can Ayhan,62591.0,8000000
11255,8,Nikola,Katic,14333768.0,,,,,,,0,2,https://kickbase.b-cdn.net/content/file/74d1dd6590234bdb8e0d4bd266d6c531.png,25.0,1,,,"[{""hasPlayed"": false, ""points"": null}, {""hasPlayed"": false, ""points"": null}, {""hasPlayed"": false, ""points"": null}, {""hasPlayed"": false, ""points"": null}, {""hasPlayed"": false, ""points"": null}]",1,Nikola Katic,143620.0,1800000
11964,8,Christian,Gomis,3911122.0,,,,,,,0,4,https://kickbase.b-cdn.net/content/file/86eb275dff074b3fac2607cbc0e0cf2a.png,7.0,2,,,"[{""hasPlayed"": false, ""points"": null}, {""hasPlayed"": false, ""points"": null}, {""hasPlayed"": false, ""points"": null}, {""hasPlayed"": false, ""points"": null}, {""hasPlayed"": false, ""points"": null}]",5,Christian Gomis,-142700.0,1200000
12297,8,Satoshi,Tanaka,6617313.0,,,,,,,0,3,https://kickbase.b-cdn.net/content/file/450d1dc6d03543289c75d4e5e117d7e1.png,13.0,2,,,"[{""hasPlayed"": false, ""points"": null}, {""hasPlayed"": false, ""points"": null}, {""hasPlayed"": false, ""points"": null}, {""hasPlayed"": false, ""points"": null}, {""hasPlayed"": false, ""points"": null}]",3,Satoshi Tanaka,-215235.0,2000000
13431,8,Johannes Simon,Siebeking,2440588.0,,,,,,,0,1,https://kickbase.b-cdn.net/content/file/c6ff39d185b14c30a66421c5c78c245e.png,36.0,2,,,"[{""hasPlayed"": false, ""points"": null}, {""hasPlayed"": false, ""points"": null}, {""hasPlayed"": false, ""points"": null}, {""hasPlayed"": false, ""points"": null}, {""hasPlayed"": false, ""points"": null}]",5,Johannes Simon Siebeking,-153446.0,125000
13448,8,Adil,Aouchiche,14676379.0,,,,,,,0,3,https://kickbase.b-cdn.net/content/file/8ac09c4f6e974d80a4bc1aff9ad6768d.png,24.0,1,,,"[{""hasPlayed"": false, ""points"": null}, {""hasPlayed"": false, ""points"": null}, {""hasPlayed"": false, ""points"": null}, {""hasPlayed"": false, ""points"": null}, {""hasPlayed"": false, ""points"": null}]",1,Adil Aouchiche,139894.0,3500000
