id,teamId,firstName,lastName,marketValue,averagePoints,games,gamesPlayed,start11,totalPlaytimeS,totalPoints,status,position,playerImage,number,trend,pointsPerValue,pointsStdDev,history,startProbability,name,marketChangeToday,marketChange.today,marketChange.yesterday,marketChange.twoDays,marketChange.sevenDaysAvg,marketChange.thirtyDaysAvg,sofascore_average_rating,expected_match_points,ligainsider_starting_chance,kickbase_starting_chance,kicker_starting_chance,rotowire_starting_chance,questionable_injury_penalty,starting_chance,score_multiplier,score
173,2,Jonathan,Tah,31306628.0,134.0,2.0,2.0,1.0,6434.0,267.0,0,2,https://kickbase.b-cdn.net/content/file/cd9c5cb89a074d1ea56f7d952e5074e4.png,4.0,2,8.0,139.0,"[{""hasPlayed"": true, ""points"": 232}, {""hasPlayed"": true, ""points"": 35}]",2,Jonathan Tah,-278481.0,-278481.0,-197912.0,-291229.0,-2961095.0,-5188092.0,7.42,2.5418543252057773,1.0,1.0,0.0,1.0,0.0,1.0,10.0062,188.722526
237,2,Manuel,Neuer,14864704.0,121.0,2.0,2.0,2.0,11508.0,242.0,0,1,https://kickbase.b-cdn.net/content/file/bf993bb6d6914136b11177795c5f77a9.png,1.0,1,16.0,33.0,"[{""hasPlayed"": true, ""points"": 97}, {""hasPlayed"": true, ""points"": 145}]",2,Manuel Neuer,35815.0,35815.0,67081.0,83245.0,404631.0,2411893.0,7.29,2.5418543252057773,0.6896551724137931,1.0,0.0,1.0,0.0,0.8448275862068966,10.0062,156.644608
383,2,Sven,Ulreich,500000.0,,,,,,,0,1,https://kickbase.b-cdn.net/content/file/0535504fe45c48b6a905e9a14da5851d.png,26.0,0,,0.0,"[{""hasPlayed"": false, ""points"": null}, {""hasPlayed"": false, ""points"": null}]",5,Sven Ulreich,0.0,0.0,0.0,0.0,0.0,-934959.0,0.0,2.5418543252057773,0.0,0.0,0.0,0.0,0.0,0.0,10.0062,0.0
1685,2,Joshua,Kimmich,59920162.0,279.0,2.0,2.0,2.0,11508.0,557.0,0,3,https://kickbase.b-cdn.net/content/file/b41a70e2188a4c72aa165cfc7606c3e9.png,6.0,1,9.0,34.0,"[{""hasPlayed"": true, ""points"": 254}, {""hasPlayed"": true, ""points"": 303}]",1,Joshua Kimmich,8649.0,8649.0,8053.0,12681.0,53712.0,416969.0,7.96,2.5418543252057773,1.0,1.0,0.0,1.0,0.0,1.0,10.0062,202.45705
1961,2,Serge,Gnabry,12608983.0,,,,,,,0,3,https://kickbase.b-cdn.net/content/file/0a28d7fc999e415eb4aba7e837b0384c.png,7.0,1,,0.0,"[{""hasPlayed"": false, ""points"": null}, {""hasPlayed"": false, ""points"": null}]",5,Serge Gnabry,115877.0,115877.0,94456.0,68512.0,161723.0,-6288401.0,0.0,2.5418543252057773,0.0,0.0,0.0,0.0,0.0,0.0,10.0062,0.0
1991,2,Dayot,Upamecano,33656880.0,245.0,2.0,2.0,2.0,11508.0,489.0,0,2,https://kickbase.b-cdn.net/content/file/13835e113e4f40d986f924b517690435.png,2.0,1,14.0,38.0,"[{""hasPlayed"": true, ""points"": 217}, {""hasPlayed"": true, ""points"": 272}]",3,Dayot Upamecano,18536.0,18536.0,49872.0,72571.0,293028.0,390448.0,7.98,2.5418543252057773,0.6896551724137931,0.31034482758620685,0.0,1.0,0.0,0.5862068965517242,10.0062,118.979914
2038,2,Konrad,Laimer,31839896.0,118.0,2.0,2.0,2.0,11508.0,236.0,0,2,https://kickbase.b-cdn.net/content/file/cb9d5de1bbd14bf0915f1ec819569c17.png,27.0,2,7.0,15.0,"[{""hasPlayed"": true, ""points"": 129}, {""hasPlayed"": true, ""points"": 107}]",3,Konrad Laimer,-238291.0,-238291.0,-16531.0,25979.0,-334866.0,-2208374.0,6.26,2.5418543252057773,0.3103448275862069,0.31034482758620685,0.0,1.0,0.0,0.39655172413793105,10.0062,63.138464
2300,2,Josip,Stanišić,17032553.0,43.0,1.0,1.0,0.0,1298.0,43.0,0,2,https://kickbase.b-cdn.net/content/file/e5f36d7812254f3cb4534802eb6cd7e9.png,44.0,2,2.0,30.0,"[{""hasPlayed"": false, ""points"": null}, {""hasPlayed"": true, ""points"": 43}]",3,Josip Stanišić,-372497.0,-372497.0,-417427.0,-483909.0,-3102644.0,-10477332.0,7.09,2.5418543252057773,0.6896551724137931,0.6896551724137931,0.0,0.0,0.0,0.603448275862069,10.0062,108.819349
2366,2,Alphonso,Davies,14899701.0,177.0,2.0,2.0,2.0,10209.0,354.0,0,2,https://kickbase.b-cdn.net/content/file/1321be6fb58f47b592a91f17f6b2bf68.png,19.0,1,23.0,33.0,"[{""hasPlayed"": true, ""points"": 201}, {""hasPlayed"": true, ""points"": 153}]",3,Alphonso Davies,255594.0,255594.0,274323.0,279914.0,1777802.0,-726004.0,6.99,2.5418543252057773,0.6896551724137931,0.6896551724137931,0.0,0.0,0.0,0.603448275862069,10.0062,107.28452
2804,2,Jamal,Musiala,24850442.0,38.0,1.0,1.0,0.0,2235.0,38.0,0,3,https://kickbase.b-cdn.net/content/file/02ac203768a94e169fa6c6b87130a94e.png,10.0,1,1.0,26.0,"[{""hasPlayed"": true, ""points"": 38}, {""hasPlayed"": false, ""points"": null}]",3,Jamal Musiala,148764.0,148764.0,137086.0,131929.0,-256486.0,-9991450.0,6.07,2.5418543252057773,0.3103448275862069,0.2723146747352496,0.0,0.0,0.0,0.25729041681882203,10.0062,39.722094
3072,2,Jonas,Urbig,4693406.0,,,,,,,0,1,https://kickbase.b-cdn.net/content/file/7305496deb014e31a4001d36894c457d.png,40.0,2,,0.0,"[{""hasPlayed"": false, ""points"": null}, {""hasPlayed"": false, ""points"": null}]",4,Jonas Urbig,-31525.0,-31525.0,-35609.0,-57440.0,-884170.0,-7112349.0,6.3,2.5418543252057773,0.3103448275862069,0.0,0.0,0.0,0.0,0.15517241379310345,10.0062,24.864224
3089,2,Hiroki,Ito,3871294.0,,,,,,,0,2,https://kickbase.b-cdn.net/content/file/7d48858483334caca6c4315882270919.png,21.0,2,,0.0,"[{""hasPlayed"": false, ""points"": null}, {""hasPlayed"": false, ""points"": null}]",5,Hiroki Ito,-109659.0,-109659.0,-118973.0,-118847.0,-742900.0,-1637998.0,0.0,2.5418543252057773,0.0,0.0,0.0,0.0,0.0,0.0,10.0062,0.0
3120,2,Tom,Bischof,17475415.0,44.0,2.0,2.0,0.0,1866.0,88.0,0,3,https://kickbase.b-cdn.net/content/file/9d622fb218a14c90ad0a75266080e027.png,8.0,2,5.0,5.0,"[{""hasPlayed"": true, ""points"": 48}, {""hasPlayed"": true, ""points"": 40}]",4,Tom Bischof,-382263.0,-382263.0,-418317.0,-403333.0,-2702020.0,-3777164.0,7.17,2.5418543252057773,0.3103448275862069,0.0,0.0,0.0,0.0,0.15517241379310345,10.0062,28.297854
3543,2,Nathaniel,Brown,26868016.0,68.0,2.0,2.0,2.0,6526.0,136.0,0,2,https://kickbase.b-cdn.net/content/file/4dd49322843644839bb43182b3a8b68b.png,11.0,2,5.0,11.0,"[{""hasPlayed"": true, ""points"": 76}, {""hasPlayed"": true, ""points"": 60}]",3,Nathaniel Brown,-699174.0,-699174.0,-654467.0,-658998.0,-3255515.0,-1446641.0,6.79,2.5418543252057773,0.3103448275862069,0.31034482758620685,0.0,1.0,0.0,0.39655172413793105,10.0062,68.484053
6080,2,Aleksandar,Pavlović,33683034.0,213.0,2.0,2.0,2.0,9640.0,426.0,0,3,https://kickbase.b-cdn.net/content/file/958c27ad7cf943a8b9e380f72fdc5b4f.png,45.0,1,12.0,60.0,"[{""hasPlayed"": true, ""points"": 170}, {""hasPlayed"": true, ""points"": 256}]",2,Aleksandar Pavlović,62484.0,62484.0,75631.0,89612.0,530840.0,2439451.0,7.28,2.5418543252057773,0.6896551724137931,1.0,0.0,1.0,0.0,0.8448275862068966,10.0062,156.429732
6668,2,Kim,Minjae,12804409.0,110.0,1.0,1.0,1.0,5073.0,110.0,0,2,https://kickbase.b-cdn.net/content/file/4df81f5e57ca4e278fb6bc229ed6e05d.png,3.0,1,8.0,77.0,"[{""hasPlayed"": false, ""points"": null}, {""hasPlayed"": true, ""points"": 110}]",3,Kim Minjae,138399.0,138399.0,148100.0,148777.0,861367.0,1288652.0,7.09,2.5418543252057773,0.3103448275862069,0.6896551724137931,0.0,0.0,0.0,0.4137931034482759,10.0062,74.618982
7226,2,Harry,Kane,67888497.0,97.0,2.0,2.0,1.0,7979.0,194.0,0,4,https://kickbase.b-cdn.net/content/file/8558eff47626439593b2acd71e400ab3.png,9.0,2,2.0,38.0,"[{""hasPlayed"": true, ""points"": 70}, {""hasPlayed"": true, ""points"": 124}]",1,Harry Kane,-395272.0,-395272.0,-261365.0,-179440.0,-1003280.0,-594906.0,6.84,2.5418543252057773,1.0,1.0,0.0,1.0,0.0,1.0,10.0062,173.970631
8329,2,Michael,Olise,65064350.0,187.0,2.0,2.0,1.0,7997.0,374.0,0,3,https://kickbase.b-cdn.net/content/file/2d1bffc491014bb582c5d1c622b0ee37.png,17.0,1,5.0,87.0,"[{""hasPlayed"": true, ""points"": 125}, {""hasPlayed"": true, ""points"": 249}]",1,Michael Olise,6547.0,6547.0,10707.0,9371.0,72346.0,683010.0,7.85,2.5418543252057773,0.6896551724137931,1.0,0.0,1.0,0.0,0.8448275862068966,10.0062,168.677665
10789,2,Lennart,Karl,20818853.0,47.0,2.0,2.0,1.0,4200.0,94.0,0,3,https://kickbase.b-cdn.net/content/file/64b2f60104dd4a96af2c8b9d4af6f07d.png,42.0,1,4.0,36.0,"[{""hasPlayed"": true, ""points"": 73}, {""hasPlayed"": true, ""points"": 21}]",3,Lennart Karl,48813.0,48813.0,56177.0,65447.0,329866.0,-5350417.0,6.46,2.5418543252057773,0.3103448275862069,0.6051437216338881,0.0,0.0,0.0,0.38210130940581144,10.0062,62.781383
11675,2,Luis,Díaz,53791238.0,172.0,2.0,2.0,2.0,11508.0,344.0,0,4,https://kickbase.b-cdn.net/content/file/43b93afe59614450a4de3fd8e08c486b.png,14.0,1,6.0,60.0,"[{""hasPlayed"": true, ""points"": 129}, {""hasPlayed"": true, ""points"": 215}]",2,Luis Díaz,2012.0,2012.0,4312.0,8380.0,64400.0,704855.0,6.64,2.5418543252057773,0.6896551724137931,1.0,0.0,1.0,0.0,0.8448275862068966,10.0062,142.677668
12314,2,Bara Sapoko,Ndiaye,1171242.0,,,,,,,0,3,https://kickbase.b-cdn.net/content/file/68a7688ebea44fc49865d84afbf17a38.png,39.0,2,,0.0,"[{""hasPlayed"": false, ""points"": null}, {""hasPlayed"": false, ""points"": null}]",5,Bara Sapoko Ndiaye,-83419.0,-83419.0,-103651.0,-120781.0,-539577.0,-2486246.0,0.0,2.5418543252057773,0.0,0.0,0.0,0.0,0.0,0.0,10.0062,0.0
14251,2,Ismael,Saibari,29550079.0,110.0,2.0,2.0,1.0,5590.0,219.0,0,4,https://kickbase.b-cdn.net/content/file/a8113275ef93446185b8dd4966df1834.png,34.0,2,7.0,99.0,"[{""hasPlayed"": true, ""points"": 39}, {""hasPlayed"": true, ""points"": 180}]",3,Ismael Saibari,-536396.0,-536396.0,-336634.0,-71818.0,-823828.0,213436.0,6.66,2.5418543252057773,1.0,0.1225416036308623,0.0,1.0,0.0,0.6709531013615734,10.0062,113.654394
15502,2,Tim,Binder,1580079.0,,,,,,,4,3,https://kickbase.b-cdn.net/content/file/bd4ad2cb101841eab3aa5641a51ee891.png,0.0,2,,0.0,"[{""hasPlayed"": false, ""points"": null}, {""hasPlayed"": false, ""points"": null}]",5,Tim Binder,-140511.0,-140511.0,-148579.0,-147479.0,-971328.0,1080079.0,0.0,2.5418543252057773,0.0,0.0,0.0,0.0,0.0,0.0,10.0062,0.0
1664,9,Maximilian,Mittelstädt,27007784.0,146.0,2.0,2.0,2.0,10489.0,292.0,0,2,https://kickbase.b-cdn.net/content/file/eb576d01f97f40aa86c36b009d8502ec.png,7.0,1,10.0,94.0,"[{""hasPlayed"": true, ""points"": 213}, {""hasPlayed"": true, ""points"": 79}]",1,Maximilian Mittelstädt,73774.0,73774.0,91412.0,98660.0,475797.0,-1865933.0,7.48,1.2899656619610835,1.0,1.0,0.0,1.0,0.0,1.0,10.0062,96.549255
1671,9,Grischa,Prömel,16351542.0,129.0,2.0,2.0,2.0,11468.0,258.0,0,3,https://kickbase.b-cdn.net/content/file/08b903ec758e4ca3be71c96efaf7d324.png,21.0,1,15.0,132.0,"[{""hasPlayed"": true, ""points"": 223}, {""hasPlayed"": true, ""points"": 35}]",1,Grischa Prömel,198708.0,198708.0,218826.0,230160.0,1311895.0,4583244.0,6.95,1.2899656619610835,1.0,1.0,0.0,1.0,0.0,1.0,10.0062,89.708198
2068,9,Dan-Axel,Zagadou,781775.0,,,,,,,1,2,https://kickbase.b-cdn.net/content/file/b356ec2b4bb34ae28c670dafbe1077c8.png,23.0,2,,0.0,"[{""hasPlayed"": false, ""points"": null}, {""hasPlayed"": false, ""points"": null}]",5,Dan-Axel Zagadou,-64904.0,-64904.0,-95840.0,-125726.0,-736535.0,-3930067.0,0.0,1.2899656619610835,0.0,0.0,0.0,0.0,0.0,0.0,10.0062,0.0
2120,9,Nikolas,Nartey,4154423.0,,,,,,,2,3,https://kickbase.b-cdn.net/content/file/2133891e0645414dbdd7c340023656af.png,28.0,2,,0.0,"[{""hasPlayed"": false, ""points"": null}, {""hasPlayed"": false, ""points"": null}]",5,Nikolas Nartey,-66212.0,-66212.0,-79615.0,-95881.0,-670015.0,-1982510.0,0.0,1.2899656619610835,0.0,0.0,0.0,0.0,0.0,0.0,10.0062,0.0
2172,9,Chris,Führich,20842470.0,96.0,1.0,1.0,1.0,4251.0,96.0,0,3,https://kickbase.b-cdn.net/content/file/9a804bbfd5e14d84a33ca8e11ba3feb7.png,10.0,1,4.0,67.0,"[{""hasPlayed"": true, ""points"": 96}, {""hasPlayed"": false, ""points"": null}]",3,Chris Führich,11752.0,11752.0,30782.0,58797.0,50012.0,-3789144.0,7.17,1.2899656619610835,0.6896551724137931,0.6896551724137931,0.0,1.0,0.0,0.728448275862069,10.0062,67.416345
2199,9,Josha,Vagnoman,10332328.0,192.0,2.0,2.0,2.0,11468.0,383.0,0,2,https://kickbase.b-cdn.net/content/file/c0ddab007ad34b48b3efcfa3cb66ef4d.png,4.0,1,37.0,167.0,"[{""hasPlayed"": true, ""points"": 310}, {""hasPlayed"": true, ""points"": 73}]",3,Josha Vagnoman,259992.0,259992.0,403123.0,393258.0,2339203.0,5372434.0,7.32,1.2899656619610835,1.0,0.6896551724137931,0.0,1.0,0.0,0.8836206896551724,10.0062,83.488044
2214,9,Atakan,Karazor,3412218.0,,,,,,,0,3,https://kickbase.b-cdn.net/content/file/219e2119996649e0846de7d6cd41906d.png,16.0,2,,0.0,"[{""hasPlayed"": false, ""points"": null}, {""hasPlayed"": false, ""points"": null}]",5,Atakan Karazor,-99324.0,-99324.0,-109123.0,-116616.0,-713412.0,-5772443.0,0.0,1.2899656619610835,0.0,0.0,0.0,0.0,0.0,0.0,10.0062,0.0
2237,9,Fabian,Bredlow,12879828.0,131.0,2.0,2.0,2.0,11468.0,262.0,0,1,https://kickbase.b-cdn.net/content/file/9c66b1c555ae45aea1e62e700f53f3e9.png,1.0,1,20.0,28.0,"[{""hasPlayed"": true, ""points"": 151}, {""hasPlayed"": true, ""points"": 111}]",1,Fabian Bredlow,106602.0,106602.0,136331.0,136388.0,768474.0,6032727.0,7.51,1.2899656619610835,1.0,1.0,0.0,1.0,0.0,1.0,10.0062,96.936485
2445,9,Marius,Funk,1676887.0,,,,,,,0,1,https://kickbase.b-cdn.net/content/file/0e9c65b96cb040e5bd1a1d2127c167c9.png,33.0,2,,0.0,"[{""hasPlayed"": false, ""points"": null}, {""hasPlayed"": false, ""points"": null}]",5,Marius Funk,-149893.0,-149893.0,-148757.0,-148447.0,-1044810.0,-1547481.0,0.0,1.2899656619610835,0.0,0.0,0.0,0.0,0.0,0.0,10.0062,0.0
2694,9,Angelo,Stiller,31746427.0,76.0,2.0,2.0,2.0,10853.0,152.0,0,3,https://kickbase.b-cdn.net/content/file/11b094668fbf453fa70c2bcce7ffa8e8.png,6.0,2,4.0,72.0,"[{""hasPlayed"": true, ""points"": 127}, {""hasPlayed"": true, ""points"": 25}]",1,Angelo Stiller,-505739.0,-505739.0,-536370.0,-480599.0,-2912946.0,-4860537.0,7.33,1.2899656619610835,1.0,1.0,0.0,1.0,0.0,1.0,10.0062,94.613107
2854,9,Ermedin,Demirović,16481533.0,81.0,2.0,2.0,0.0,3421.0,161.0,0,4,https://kickbase.b-cdn.net/content/file/80dff151ca80494294c4872fe9d6d725.png,9.0,1,9.0,119.0,"[{""hasPlayed"": true, ""points"": 165}, {""hasPlayed"": true, ""points"": -4}]",3,Ermedin Demirović,143395.0,143395.0,157063.0,160322.0,545262.0,-8740183.0,7.9,1.2899656619610835,0.6896551724137931,0.6896551724137931,0.0,0.0,0.0,0.603448275862069,10.0062,61.533904
2988,9,Jamie,Leweling,18997233.0,9.0,2.0,2.0,0.0,3435.0,18.0,0,3,https://kickbase.b-cdn.net/content/file/c9e7ad1b174e48d8aaf075b0bc0bb13d.png,18.0,2,0.0,16.0,"[{""hasPlayed"": true, ""points"": 21}, {""hasPlayed"": true, ""points"": -3}]",3,Jamie Leweling,-494628.0,-494628.0,-554294.0,-579597.0,-2438272.0,-7895484.0,6.57,1.2899656619610835,0.6896551724137931,0.5243757431629013,0.0,0.0,0.0,0.5414684898929846,10.0062,45.918309
3190,9,Jeff,Chabot,23089165.0,94.0,2.0,2.0,2.0,10189.0,187.0,0,2,https://kickbase.b-cdn.net/content/file/ee6e1ec0b942485d99b3293e1c9d42f9.png,24.0,1,8.0,108.0,"[{""hasPlayed"": true, ""points"": 170}, {""hasPlayed"": true, ""points"": 17}]",2,Jeff Chabot,79601.0,79601.0,103284.0,114414.0,308461.0,-2564263.0,7.35,1.2899656619610835,1.0,1.0,0.0,1.0,0.0,1.0,10.0062,94.87126
3193,9,,Tiago Tomás,6995090.0,35.0,1.0,1.0,1.0,3780.0,35.0,1,4,https://kickbase.b-cdn.net/content/file/bc4ccccad9f44c0fa4e3f4e7a406cb75.png,8.0,2,5.0,24.0,"[{""hasPlayed"": false, ""points"": null}, {""hasPlayed"": true, ""points"": 35}]",5,Tiago Tomás,-382005.0,-382005.0,-371400.0,-376763.0,-2515205.0,1732499.0,7.27,1.2899656619610835,0.0,0.0,0.0,0.0,0.0,0.0,10.0062,0.0
4296,9,Dzenan,Pejčinović,11755183.0,44.0,2.0,2.0,2.0,9491.0,87.0,0,4,https://kickbase.b-cdn.net/content/file/dce6b383ea96472faf6e2059c30593a9.png,17.0,1,7.0,55.0,"[{""hasPlayed"": true, ""points"": 93}, {""hasPlayed"": true, ""points"": -6}]",3,Dzenan Pejčinović,67109.0,67109.0,118364.0,155478.0,1010249.0,8876121.0,6.86,1.2899656619610835,0.3103448275862069,0.31034482758620685,0.0,1.0,0.0,0.39655172413793105,10.0062,35.113271
4589,9,Justin,Diehl,503126.0,,,,,,,1,4,https://kickbase.b-cdn.net/content/file/30199653f3bb49e4893c86fb81d21361.png,31.0,2,,0.0,"[{""hasPlayed"": false, ""points"": null}, {""hasPlayed"": false, ""points"": null}]",5,Justin Diehl,-59066.0,-59066.0,-73097.0,-114292.0,-873187.0,3126.0,0.0,1.2899656619610835,0.0,0.0,0.0,0.0,0.0,0.0,10.0062,0.0
6085,9,Dennis,Seimen,5537055.0,,,,,,,4,1,https://kickbase.b-cdn.net/content/file/6d05c64ea8014ede879dd27ed387ef4e.png,41.0,2,,0.0,"[{""hasPlayed"": false, ""points"": null}, {""hasPlayed"": false, ""points"": null}]",5,Dennis Seimen,-190734.0,-190734.0,-174984.0,-115160.0,-583554.0,-1958669.0,0.0,1.2899656619610835,0.0,0.0,0.0,0.0,0.0,0.0,10.0062,0.0
7158,9,Deniz,Undav,37929264.0,27.0,2.0,2.0,2.0,8735.0,53.0,0,4,https://kickbase.b-cdn.net/content/file/09b0fa82db54498db93794d443c5dd46.png,26.0,2,1.0,53.0,"[{""hasPlayed"": true, ""points"": 64}, {""hasPlayed"": true, ""points"": -11}]",2,Deniz Undav,-679465.0,-679465.0,-791583.0,-751849.0,-4488302.0,-5618140.0,6.88,1.2899656619610835,0.3103448275862069,1.0,0.0,1.0,0.0,0.6551724137931034,10.0062,58.182365
7257,9,Leonidas,Stergiou,1646653.0,-8.0,1.0,1.0,0.0,1286.0,-8.0,0,2,https://kickbase.b-cdn.net/content/file/5969fcecc82d4c039732fa615901d1b2.png,20.0,2,,5.0,"[{""hasPlayed"": false, ""points"": null}, {""hasPlayed"": true, ""points"": -8}]",4,Leonidas Stergiou,-116043.0,-116043.0,-132851.0,-159274.0,-664732.0,-3279903.0,0.0,1.2899656619610835,0.0,0.0,0.0,0.0,0.0,0.0,10.0062,0.0
7349,9,Finn,Jeltsch,16606846.0,100.0,2.0,2.0,2.0,11468.0,200.0,0,2,https://kickbase.b-cdn.net/content/file/256dbc8d5e474b4caea5b04904175a7d.png,29.0,1,12.0,118.0,"[{""hasPlayed"": true, ""points"": 184}, {""hasPlayed"": true, ""points"": 16}]",2,Finn Jeltsch,87667.0,87667.0,124502.0,163368.0,802436.0,4678749.0,6.89,1.2899656619610835,1.0,1.0,0.0,1.0,0.0,1.0,10.0062,88.933739
7781,9,Leo,Sauer,4187334.0,38.0,1.0,1.0,0.0,985.0,38.0,0,3,https://kickbase.b-cdn.net/content/file/79854e5f8e024f4cac5b935b26f557ef.png,44.0,1,9.0,26.0,"[{""hasPlayed"": true, ""points"": 38}, {""hasPlayed"": false, ""points"": null}]",4,Leo Sauer,289650.0,289650.0,316948.0,279783.0,928510.0,-3647154.0,6.65,1.2899656619610835,0.0,0.0,0.0,0.0,0.0,0.0,10.0062,0.0
8247,9,Ramon,Hendriks,8564939.0,-3.0,2.0,2.0,1.0,6745.0,-5.0,0,2,https://kickbase.b-cdn.net/content/file/105193e4d2f8459290802db43899091e.png,3.0,2,,48.0,"[{""hasPlayed"": true, ""points"": -37}, {""hasPlayed"": true, ""points"": 32}]",3,Ramon Hendriks,-251316.0,-251316.0,-298742.0,-282757.0,-915147.0,-3128272.0,6.77,1.2899656619610835,0.3103448275862069,0.31034482758620685,0.0,0.0,0.0,0.27155172413793105,10.0062,23.729499
9615,9,Ameen,Al Dakhil,816808.0,,,,,,,0,2,https://kickbase.b-cdn.net/content/file/4aee2e4168564f5e94d30aa4876c1170.png,2.0,2,,0.0,"[{""hasPlayed"": false, ""points"": null}, {""hasPlayed"": false, ""points"": null}]",4,Ameen Al Dakhil,-37185.0,-37185.0,-71071.0,-116058.0,-589372.0,-3579078.0,6.7,1.2899656619610835,0.0,0.0,0.0,0.0,0.0,0.0,10.0062,0.0
10112,9,Luca,Jaquez,1646224.0,,,,,,,2,2,https://kickbase.b-cdn.net/content/file/723a3008f59f42d2bc35e506cca0cae0.png,14.0,2,,0.0,"[{""hasPlayed"": false, ""points"": null}, {""hasPlayed"": false, ""points"": null}]",5,Luca Jaquez,-73478.0,-73478.0,-91003.0,-105571.0,-674114.0,-3673426.0,0.0,1.2899656619610835,0.0,0.0,0.0,0.0,0.0,0.0,10.0062,0.0
11043,9,Lorenz,Assignon,2654749.0,,,,,,,0,2,https://kickbase.b-cdn.net/content/file/9a09f4c605aa4708839026cfa823e807.png,22.0,2,,0.0,"[{""hasPlayed"": false, ""points"": null}, {""hasPlayed"": false, ""points"": null}]",4,Lorenz Assignon,-133309.0,-133309.0,-136227.0,-135428.0,-877713.0,2084913.0,0.0,1.2899656619610835,0.0,0.0,0.0,0.0,0.0,0.0,10.0062,0.0
11955,9,Bilal,El Khannouss,19133187.0,85.0,2.0,2.0,1.0,5995.0,169.0,0,3,https://kickbase.b-cdn.net/content/file/5647309665b04428a87e221756ac45de.png,11.0,1,8.0,204.0,"[{""hasPlayed"": true, ""points"": 229}, {""hasPlayed"": true, ""points"": -60}]",3,Bilal El Khannouss,176910.0,176910.0,200022.0,208531.0,305460.0,-6372886.0,7.18,1.2899656619610835,1.0,0.6896551724137931,0.0,1.0,0.0,0.8836206896551724,10.0062,81.891278
859,77,Jan,Gyamerah,6594139.0,72.0,2.0,2.0,2.0,9986.0,144.0,0,2,https://kickbase.b-cdn.net/content/file/605c8e04a1e448d28636a175391a6394.png,30.0,1,21.0,12.0,"[{""hasPlayed"": true, ""points"": 81}, {""hasPlayed"": true, ""points"": 63}]",1,Jan Gyamerah,246034.0,246034.0,237549.0,218719.0,1224016.0,2058986.0,6.69,0.33902779934772476,0.6896551724137931,1.0,0.0,1.0,0.0,0.8448275862068966,10.0062,19.173381
1745,77,Amara,Condé,2018119.0,14.0,1.0,1.0,0.0,483.0,14.0,0,3,https://kickbase.b-cdn.net/content/file/f4a59adaeaa34d489c40d0fc80a957a6.png,6.0,1,6.0,9.0,"[{""hasPlayed"": true, ""points"": 14}, {""hasPlayed"": false, ""points"": null}]",5,Amara Condé,276132.0,276132.0,293726.0,282001.0,1063241.0,-1616100.0,6.7,0.33902779934772476,0.0,0.0,0.0,0.0,0.0,0.0,10.0062,0.0
2495,77,Tim,Boss,1376896.0,,,,,,,0,1,https://kickbase.b-cdn.net/content/file/56d626009997411d96ea41f2355a4a62.png,28.0,2,,0.0,"[{""hasPlayed"": false, ""points"": null}, {""hasPlayed"": false, ""points"": null}]",5,Tim Boss,-152903.0,-152903.0,-152816.0,-154478.0,-1036056.0,-3036959.0,0.0,0.33902779934772476,0.0,0.0,0.0,0.0,0.0,0.0,10.0062,0.0
2928,77,Lukas Emanuel,Petkov,12017397.0,162.0,2.0,2.0,2.0,11739.0,324.0,0,3,https://kickbase.b-cdn.net/content/file/128565baaabc492cb4552221f5309f70.png,25.0,1,26.0,100.0,"[{""hasPlayed"": true, ""points"": 91}, {""hasPlayed"": true, ""points"": 233}]",1,Lukas Emanuel Petkov,179768.0,179768.0,200992.0,206637.0,1256987.0,592636.0,7.24,0.33902779934772476,1.0,1.0,0.0,1.0,0.0,1.0,10.0062,24.560831
3026,77,Lasse,Günther,8817501.0,64.0,2.0,2.0,2.0,10489.0,128.0,0,2,https://kickbase.b-cdn.net/content/file/efd54edaa770405ba5107ab4d8e895ec.png,21.0,1,14.0,14.0,"[{""hasPlayed"": true, ""points"": 54}, {""hasPlayed"": true, ""points"": 74}]",2,Lasse Günther,226033.0,226033.0,207726.0,178651.0,903609.0,445287.0,6.13,0.33902779934772476,1.0,1.0,0.0,1.0,0.0,1.0,10.0062,20.795289
3232,77,Luca,Pfeiffer,1362677.0,,,,,,,0,4,https://kickbase.b-cdn.net/content/file/31027969e84a49f6955ebbed0c02920c.png,16.0,2,,0.0,"[{""hasPlayed"": false, ""points"": null}, {""hasPlayed"": false, ""points"": null}]",5,Luca Pfeiffer,-131802.0,-131802.0,-136298.0,-146935.0,-913342.0,-4174736.0,0.0,0.33902779934772476,0.0,0.0,0.0,0.0,0.0,0.0,10.0062,0.0
3284,77,Maximilian,Rohr,10672930.0,101.0,2.0,2.0,2.0,10884.0,202.0,0,2,https://kickbase.b-cdn.net/content/file/42996bfe19eb43e8ab7a10cabb206982.png,31.0,1,18.0,19.0,"[{""hasPlayed"": true, ""points"": 115}, {""hasPlayed"": true, ""points"": 87}]",1,Maximilian Rohr,164160.0,164160.0,193125.0,208727.0,1225020.0,139754.0,6.77,0.33902779934772476,1.0,1.0,0.0,1.0,0.0,1.0,10.0062,22.966412
3350,77,Felix,Keidel,9202761.0,125.0,2.0,2.0,2.0,11739.0,250.0,0,2,https://kickbase.b-cdn.net/content/file/d6f20538ad104c5cb3d4ba7d427f874d.png,43.0,1,27.0,83.0,"[{""hasPlayed"": true, ""points"": 184}, {""hasPlayed"": true, ""points"": 66}]",1,Felix Keidel,169149.0,169149.0,223774.0,242887.0,1027076.0,6349911.0,6.87,0.33902779934772476,1.0,1.0,0.0,1.0,0.0,1.0,10.0062,23.30565
6148,77,Lukas,Pinckert,10637376.0,136.0,2.0,2.0,2.0,11739.0,272.0,0,2,https://kickbase.b-cdn.net/content/file/4f8f4bead9d74021b33b2641418a1631.png,19.0,1,25.0,33.0,"[{""hasPlayed"": true, ""points"": 160}, {""hasPlayed"": true, ""points"": 112}]",1,Lukas Pinckert,203653.0,203653.0,222539.0,358074.0,1634696.0,1930564.0,6.38,0.33902779934772476,0.6896551724137931,1.0,0.0,1.0,0.0,0.8448275862068966,10.0062,18.284928
6149,77,Frank,Lehmann,500000.0,,,,,,,0,1,https://kickbase.b-cdn.net/content/file/d396d4eb04c8406a99e09a3ad8cbd7d5.png,1.0,0,,0.0,"[{""hasPlayed"": false, ""points"": null}, {""hasPlayed"": false, ""points"": null}]",5,Frank Lehmann,0.0,0.0,0.0,0.0,0.0,-1574769.0,0.0,0.33902779934772476,0.0,0.0,0.0,0.0,0.0,0.0,10.0062,0.0
6158,77,Luca,Schnellbacher,3730603.0,15.0,1.0,1.0,0.0,1273.0,15.0,0,4,https://kickbase.b-cdn.net/content/file/082f309a17cb4c1b99372df2de90cc87.png,24.0,2,4.0,10.0,"[{""hasPlayed"": false, ""points"": null}, {""hasPlayed"": true, ""points"": 15}]",5,Luca Schnellbacher,-138450.0,-138450.0,-145298.0,-148051.0,-916477.0,1787359.0,6.85,0.33902779934772476,0.0,0.0,0.0,0.0,0.0,0.0,10.0062,0.0
6160,77,Nicolas,Kristof,12028164.0,94.0,2.0,2.0,2.0,11739.0,188.0,0,1,https://kickbase.b-cdn.net/content/file/e88c0be37ac84419974461264ed59e68.png,20.0,1,15.0,15.0,"[{""hasPlayed"": true, ""points"": 105}, {""hasPlayed"": true, ""points"": 83}]",1,Nicolas Kristof,7087.0,7087.0,19840.0,12261.0,-543780.0,382299.0,7.23,0.33902779934772476,1.0,1.0,0.0,1.0,0.0,1.0,10.0062,24.526907
6183,77,Noel,Futkeu,7170729.0,122.0,1.0,1.0,0.0,1252.0,122.0,0,4,https://kickbase.b-cdn.net/content/file/dfbdf3f14b144658845ce17d14108e74.png,9.0,1,17.0,86.0,"[{""hasPlayed"": true, ""points"": 122}, {""hasPlayed"": false, ""points"": null}]",5,Noel Futkeu,188302.0,188302.0,156803.0,132466.0,-280181.0,-2279768.0,6.9,0.33902779934772476,0.0,0.0,0.0,0.0,0.0,0.0,10.0062,0.0
7278,77,Lukasz,Poreba,8984234.0,91.0,2.0,2.0,2.0,11739.0,182.0,0,3,https://kickbase.b-cdn.net/content/file/e041a72fb7e245b5935420398b495e80.png,8.0,1,20.0,22.0,"[{""hasPlayed"": true, ""points"": 107}, {""hasPlayed"": true, ""points"": 75}]",1,Lukasz Poreba,244781.0,244781.0,266964.0,238578.0,938083.0,441676.0,6.99,0.33902779934772476,1.0,1.0,0.0,1.0,0.0,1.0,10.0062,23.712736
7441,77,Cole,Campbell,10504848.0,84.0,2.0,2.0,2.0,7974.0,168.0,0,3,https://kickbase.b-cdn.net/content/file/669458754d454557bed29bb138f25294.png,39.0,1,15.0,84.0,"[{""hasPlayed"": true, ""points"": 24}, {""hasPlayed"": true, ""points"": 144}]",2,Cole Campbell,91686.0,91686.0,182315.0,303928.0,1715312.0,5934750.0,6.85,0.33902779934772476,1.0,1.0,0.0,0.0,0.0,0.875,10.0062,20.333077
7463,77,Francis,Onyeka,10724470.0,108.0,2.0,2.0,2.0,8591.0,215.0,0,3,https://kickbase.b-cdn.net/content/file/1a2f3b7f876a41d09094a01b0c8e60e6.png,40.0,1,20.0,44.0,"[{""hasPlayed"": true, ""points"": 76}, {""hasPlayed"": true, ""points"": 139}]",2,Francis Onyeka,180748.0,180748.0,226668.0,366088.0,2018176.0,58751.0,7.41,0.33902779934772476,1.0,1.0,0.0,1.0,0.0,1.0,10.0062,25.137536
7514,77,Florian,Le Joncour,2192720.0,20.0,1.0,1.0,0.0,855.0,20.0,0,2,https://kickbase.b-cdn.net/content/file/bd59eb88ca624feda29aaaea681b7e05.png,3.0,1,9.0,14.0,"[{""hasPlayed"": false, ""points"": null}, {""hasPlayed"": true, ""points"": 20}]",5,Florian Le Joncour,273595.0,273595.0,295236.0,252982.0,1111478.0,-1559160.0,6.53,0.33902779934772476,0.3103448275862069,0.0,0.0,0.0,0.0,0.15517241379310345,10.0062,3.437417
8252,77,Maurice,Krattenmacher,3701234.0,144.0,2.0,2.0,0.0,3763.0,288.0,0,3,https://kickbase.b-cdn.net/content/file/9ba6541c944d41ee80df738763e91701.png,7.0,1,77.0,185.0,"[{""hasPlayed"": true, ""points"": 275}, {""hasPlayed"": true, ""points"": 13}]",4,Maurice Krattenmacher,414900.0,414900.0,439299.0,451369.0,2082474.0,-380076.0,7.59,0.33902779934772476,0.0,0.0,0.0,1.0,0.0,0.125,10.0062,3.21852
8296,77,Frederik,Schmahl,2281201.0,,,,,,,0,3,https://kickbase.b-cdn.net/content/file/4fee028433d344a29b6c94e9ee65fa19.png,17.0,2,,0.0,"[{""hasPlayed"": false, ""points"": null}, {""hasPlayed"": false, ""points"": null}]",5,Frederik Schmahl,-139428.0,-139428.0,-147073.0,-147442.0,-979778.0,-836515.0,0.0,0.33902779934772476,0.0,0.0,0.0,0.0,0.0,0.0,10.0062,0.0
8301,77,Luca,Sirch,2636633.0,18.0,2.0,2.0,0.0,1752.0,35.0,0,2,https://kickbase.b-cdn.net/content/file/90e50e09e0d6425aa1c094d337ea2d95.png,26.0,2,13.0,10.0,"[{""hasPlayed"": true, ""points"": 25}, {""hasPlayed"": true, ""points"": 10}]",4,Luca Sirch,-127315.0,-127315.0,-131193.0,-131556.0,-798241.0,-3183395.0,6.58,0.33902779934772476,0.3103448275862069,0.0,0.0,0.0,0.0,0.15517241379310345,10.0062,3.463737
9224,77,Tom,Zimmerschied,1476588.0,,,,,,,2,3,https://kickbase.b-cdn.net/content/file/9f0800bc0d18427ebfd3b4a9089dd165.png,29.0,2,,0.0,"[{""hasPlayed"": false, ""points"": null}, {""hasPlayed"": false, ""points"": null}]",5,Tom Zimmerschied,-104812.0,-104812.0,-111684.0,-118016.0,-812208.0,-5318402.0,0.0,0.33902779934772476,0.0,0.0,0.0,0.0,0.0,0.0,10.0062,0.0
9384,77,Noah,Darvich,4215596.0,12.0,1.0,1.0,0.0,1895.0,12.0,0,3,https://kickbase.b-cdn.net/content/file/a152e089e0e747c58731e76c4f5b58e2.png,10.0,2,2.0,8.0,"[{""hasPlayed"": false, ""points"": null}, {""hasPlayed"": true, ""points"": 12}]",5,Noah Darvich,-126237.0,-126237.0,-132380.0,-133975.0,-1369446.0,-1567855.0,6.15,0.33902779934772476,0.0,0.0,0.0,0.0,0.0,0.0,10.0062,0.0
9995,77,David,Mokwa,7251481.0,149.0,2.0,2.0,2.0,9981.0,298.0,0,4,https://kickbase.b-cdn.net/content/file/f876a96f8bbc45c9801216e1a536b532.png,42.0,1,41.0,1.0,"[{""hasPlayed"": true, ""points"": 150}, {""hasPlayed"": true, ""points"": 148}]",1,David Mokwa,403836.0,403836.0,424976.0,439006.0,2887800.0,3129001.0,7.19,0.33902779934772476,1.0,1.0,0.0,1.0,0.0,1.0,10.0062,24.391212
11253,77,Nicholas,Mickelson,3128406.0,58.0,1.0,1.0,0.0,1249.0,58.0,0,2,https://kickbase.b-cdn.net/content/file/f16357c0983747ef91bacb8d05cc8499.png,2.0,2,18.0,41.0,"[{""hasPlayed"": true, ""points"": 58}, {""hasPlayed"": false, ""points"": null}]",4,Nicholas Mickelson,-120564.0,-120564.0,-124148.0,-123248.0,-891593.0,2503186.0,6.76,0.33902779934772476,0.0,0.0,0.0,0.0,0.0,0.0,10.0062,0.0
12317,77,Raif,Adam,2598767.0,,,,,,,0,4,https://kickbase.b-cdn.net/content/file/47b81129a6b9411b92255354f3e36834.png,15.0,2,,0.0,"[{""hasPlayed"": false, ""points"": null}, {""hasPlayed"": false, ""points"": null}]",5,Raif Adam,-150298.0,-150298.0,-143288.0,-141627.0,-952298.0,-1024915.0,0.0,0.33902779934772476,0.0,0.0,0.0,0.0,0.0,0.0,10.0062,0.0
4,7,Janis,Blaswich,1702897.0,,,,,,,0,1,https://kickbase.b-cdn.net/content/file/d17035064d4a480484cb35d2dab54e46.png,28.0,2,,0.0,"[{""hasPlayed"": false, ""points"": null}, {""hasPlayed"": false, ""points"": null}]",5,Janis Blaswich,-137054.0,-137054.0,-146250.0,-149390.0,-872637.0,-299106.0,0.0,1.8588754134509373,0.0,0.0,0.0,0.0,0.0,0.0,10.0062,0.0
72,7,Mark,Flekken,13893952.0,83.0,2.0,2.0,2.0,11543.0,165.0,0,1,https://kickbase.b-cdn.net/content/file/98ea8901b970421b88f6a41a3137142f.png,1.0,1,11.0,50.0,"[{""hasPlayed"": true, ""points"": 118}, {""hasPlayed"": true, ""points"": 47}]",1,Mark Flekken,4797.0,4797.0,9265.0,8977.0,-866197.0,146324.0,6.55,1.8588754134509373,1.0,1.0,0.0,1.0,0.0,1.0,10.0062,121.831829
78,7,Jonas,Hofmann,4732546.0,43.0,1.0,1.0,0.0,1881.0,43.0,0,3,https://kickbase.b-cdn.net/content/file/328114051c1e42df84e2a6ac3e93cf42.png,7.0,1,9.0,30.0,"[{""hasPlayed"": false, ""points"": null}, {""hasPlayed"": true, ""points"": 43}]",5,Jonas Hofmann,323231.0,323231.0,366752.0,340967.0,2118302.0,2470039.0,0.0,1.8588754134509373,0.0,0.0,0.0,0.0,0.0,0.0,10.0062,0.0
663,7,Robert,Andrich,3952018.0,38.0,1.0,1.0,0.0,1366.0,38.0,0,2,https://kickbase.b-cdn.net/content/file/0cdcdb27004443c09d112462f32ace2c.png,8.0,2,9.0,26.0,"[{""hasPlayed"": true, ""points"": 38}, {""hasPlayed"": false, ""points"": null}]",5,Robert Andrich,-69033.0,-69033.0,-60826.0,-73262.0,-519688.0,-6685827.0,6.6,1.8588754134509373,0.0,0.0,0.0,0.0,0.0,0.0,10.0062,0.0
2661,7,Moussa,Diaby,24514382.0,47.0,1.0,1.0,0.0,1570.0,47.0,0,4,https://kickbase.b-cdn.net/content/file/62cedf2a843f49b496969fb2c21fc150.png,19.0,2,1.0,,"[{""hasPlayed"": true, ""points"": 47}, {""hasPlayed"": false, ""points"": null}]",3,Moussa Diaby,-634022.0,-634022.0,-351225.0,-9135.0,-1098115.0,-13626174.0,6.7,1.8588754134509373,0.6896551724137931,0.6896551724137931,0.0,0.0,0.0,0.603448275862069,10.0062,75.202853
2746,7,Patrik,Schick,30143364.0,189.0,2.0,2.0,2.0,9970.0,377.0,0,4,https://kickbase.b-cdn.net/content/file/9f0daa3f23514ac7a72c46ba81396a95.png,14.0,1,12.0,75.0,"[{""hasPlayed"": true, ""points"": 242}, {""hasPlayed"": true, ""points"": 135}]",1,Patrik Schick,80519.0,80519.0,93373.0,98029.0,424097.0,1117071.0,6.9,1.8588754134509373,1.0,1.0,0.0,1.0,0.0,1.0,10.0062,128.341926
2783,7,Edmond,Tapsoba,26465705.0,51.0,2.0,2.0,2.0,11543.0,101.0,0,2,https://kickbase.b-cdn.net/content/file/21031db97a054165806a98d2f0c0d73b.png,12.0,2,3.0,108.0,"[{""hasPlayed"": true, ""points"": 127}, {""hasPlayed"": true, ""points"": -26}]",1,Edmond Tapsoba,-562425.0,-562425.0,-551068.0,-468994.0,-3474420.0,-5363395.0,6.94,1.8588754134509373,1.0,1.0,0.0,1.0,0.0,1.0,10.0062,129.085937
2846,7,Malik,Tillman,14374568.0,86.0,2.0,2.0,2.0,8092.0,172.0,0,3,https://kickbase.b-cdn.net/content/file/04966a0af0e2477db734c91fdd98d4e1.png,10.0,2,11.0,16.0,"[{""hasPlayed"": true, ""points"": 98}, {""hasPlayed"": true, ""points"": 74}]",3,Malik Tillman,-437999.0,-437999.0,-314751.0,-133316.0,-969969.0,-930816.0,7.04,1.8588754134509373,0.3103448275862069,0.31034482758620685,0.0,1.0,0.0,0.39655172413793105,10.0062,51.926848
3754,7,Lucas,Vázquez,5990939.0,11.0,2.0,2.0,1.0,4031.0,22.0,0,2,https://kickbase.b-cdn.net/content/file/1636c5905fe44210aa3526352673cb13.png,17.0,2,3.0,24.0,"[{""hasPlayed"": true, ""points"": 28}, {""hasPlayed"": true, ""points"": -6}]",4,Lucas Vázquez,-365227.0,-365227.0,-386249.0,-412823.0,-1860607.0,2625410.0,6.59,1.8588754134509373,0.0,0.0,0.0,0.0,0.0,0.0,10.0062,0.0
3759,7,Miguel,Gutiérrez,22792990.0,199.0,2.0,2.0,2.0,10910.0,397.0,0,2,https://kickbase.b-cdn.net/content/file/e1b364b32dcc44539649cf1c88d0eba9.png,3.0,1,17.0,115.0,"[{""hasPlayed"": true, ""points"": 280}, {""hasPlayed"": true, ""points"": 117}]",1,Miguel Gutiérrez,160114.0,160114.0,176348.0,148123.0,846123.0,4707143.0,7.5,1.8588754134509373,1.0,1.0,0.0,1.0,0.0,1.0,10.0062,139.502094
4199,7,Aleix,García,38776809.0,165.0,2.0,2.0,2.0,11543.0,329.0,0,3,https://kickbase.b-cdn.net/content/file/3de0ab19c54f4523a5bf21f686259db0.png,24.0,1,8.0,94.0,"[{""hasPlayed"": true, ""points"": 231}, {""hasPlayed"": true, ""points"": 98}]",1,Aleix García,13636.0,13636.0,2965.0,7275.0,-459645.0,1347859.0,7.71,1.8588754134509373,1.0,1.0,0.0,1.0,0.0,1.0,10.0062,143.408152
4318,7,Tim,Oermann,2524170.0,,,,,,,0,2,https://kickbase.b-cdn.net/content/file/b9857e88faaf4de1a3450f6301c5448e.png,15.0,2,,0.0,"[{""hasPlayed"": false, ""points"": null}, {""hasPlayed"": false, ""points"": null}]",5,Tim Oermann,-142854.0,-142854.0,-147576.0,-138764.0,-941041.0,-1413591.0,0.0,1.8588754134509373,0.0,0.0,0.0,0.0,0.0,0.0,10.0062,0.0
4563,7,Loïc,Badé,9377373.0,35.0,2.0,2.0,1.0,4765.0,70.0,0,2,https://kickbase.b-cdn.net/content/file/80f11505e8d445ae827aefe485b1c4c7.png,5.0,2,7.0,7.0,"[{""hasPlayed"": true, ""points"": 40}, {""hasPlayed"": true, ""points"": 30}]",4,Loïc Badé,-354848.0,-354848.0,-621383.0,-653857.0,-3957356.0,-4800649.0,6.94,1.8588754134509373,0.0,0.0,0.0,0.0,0.0,0.0,10.0062,0.0
6061,7,Ibrahim,Maza,30545714.0,213.0,2.0,2.0,2.0,11543.0,426.0,0,3,https://kickbase.b-cdn.net/content/file/7ff9728d20544b96a1fe698af86f9f2f.png,30.0,1,13.0,149.0,"[{""hasPlayed"": true, ""points"": 319}, {""hasPlayed"": true, ""points"": 107}]",1,Ibrahim Maza,77980.0,77980.0,71076.0,2364.0,266984.0,1735682.0,7.7,1.8588754134509373,1.0,1.0,0.0,1.0,0.0,1.0,10.0062,143.22215
6745,7,Victor,Boniface,4361688.0,43.0,1.0,1.0,0.0,667.0,43.0,0,4,https://kickbase.b-cdn.net/content/file/f5f3d11be23443cb9e4c8c472288e093.png,22.0,2,9.0,30.0,"[{""hasPlayed"": false, ""points"": null}, {""hasPlayed"": true, ""points"": 43}]",5,Victor Boniface,-111670.0,-111670.0,-116671.0,-120828.0,-665849.0,-520926.0,6.82,1.8588754134509373,0.0,0.0,0.0,0.0,0.0,0.0,10.0062,0.0
7269,7,Nathan,Tella,4380029.0,,,,,,,2,3,https://kickbase.b-cdn.net/content/file/e0df07546d38465080767efd17a0898e.png,23.0,2,,0.0,"[{""hasPlayed"": false, ""points"": null}, {""hasPlayed"": false, ""points"": null}]",5,Nathan Tella,-124001.0,-124001.0,-128043.0,-129948.0,-1203169.0,-4411003.0,7.09,1.8588754134509373,0.0,0.0,0.0,0.0,0.0,0.0,10.0062,0.0
7963,7,Jarell,Quansah,17302348.0,124.0,2.0,2.0,1.0,8154.0,247.0,0,2,https://kickbase.b-cdn.net/content/file/c1361cbb456a4b23a8e3d178290141cd.png,4.0,1,14.0,103.0,"[{""hasPlayed"": true, ""points"": 197}, {""hasPlayed"": true, ""points"": 50}]",2,Jarell Quansah,179537.0,179537.0,191785.0,141588.0,-282061.0,-3974249.0,7.02,1.8588754134509373,1.0,1.0,0.0,1.0,0.0,1.0,10.0062,130.57396
8374,7,Martin,Terrier,1104247.0,,,,,,,0,4,https://kickbase.b-cdn.net/content/file/039e1528fe214c32ad0653b911ea944e.png,11.0,1,,0.0,"[{""hasPlayed"": false, ""points"": null}, {""hasPlayed"": false, ""points"": null}]",5,Martin Terrier,155625.0,155625.0,47852.0,-48818.0,-28726.0,-2247192.0,0.0,1.8588754134509373,0.0,0.0,0.0,0.0,0.0,0.0,10.0062,0.0
11513,7,Christian,Kofane,10503301.0,74.0,2.0,2.0,0.0,4066.0,148.0,0,4,https://kickbase.b-cdn.net/content/file/ce8356c51b154a87a40a56f723f2e3e3.png,35.0,1,14.0,49.0,"[{""hasPlayed"": true, ""points"": 39}, {""hasPlayed"": true, ""points"": 109}]",5,Christian Kofane,65407.0,65407.0,128321.0,173422.0,1136342.0,-762543.0,6.81,1.8588754134509373,0.0,0.0,0.0,0.0,0.0,0.0,10.0062,0.0
11680,7,Kennet,Eichhorn,2416675.0,,,,,,,1,3,https://kickbase.b-cdn.net/content/file/ceafc42e35aa446595952bcbdf873954.png,18.0,2,,0.0,"[{""hasPlayed"": false, ""points"": null}, {""hasPlayed"": false, ""points"": null}]",5,Kennet Eichhorn,-120855.0,-120855.0,-124787.0,-123749.0,-859622.0,-5503414.0,0.0,1.8588754134509373,0.0,0.0,0.0,0.0,0.0,0.0,10.0062,0.0
11756,7,Montrell,Culbreath,1480809.0,,,,,,,4,3,https://kickbase.b-cdn.net/content/file/43c4c26e99f3442ab58db3d049e5f1ae.png,42.0,2,,0.0,"[{""hasPlayed"": false, ""points"": null}, {""hasPlayed"": false, ""points"": null}]",5,Montrell Culbreath,-94798.0,-94798.0,-105876.0,-112251.0,-744653.0,-4344328.0,0.0,1.8588754134509373,0.0,0.0,0.0,0.0,0.0,0.0,10.0062,0.0
11956,7,Ezequiél,Fernández,11393638.0,134.0,2.0,2.0,2.0,7676.0,267.0,0,3,https://kickbase.b-cdn.net/content/file/2c37f7daf46f4c9693ffa9ef33ff980b.png,6.0,1,23.0,133.0,"[{""hasPlayed"": true, ""points"": 228}, {""hasPlayed"": true, ""points"": 39}]",2,Ezequiél Fernández,175452.0,175452.0,193373.0,192649.0,766900.0,7749767.0,7.09,1.8588754134509373,1.0,1.0,0.0,1.0,0.0,1.0,10.0062,131.875979
11957,7,Eliesse,Ben Seghir,3777950.0,,,,,,,0,3,https://kickbase.b-cdn.net/content/file/83c0ccd07e1e42d0ac339779564cd1f4.png,17.0,1,,0.0,"[{""hasPlayed"": false, ""points"": null}, {""hasPlayed"": false, ""points"": null}]",5,Eliesse Ben Seghir,312550.0,312550.0,241935.0,201616.0,1290313.0,1245315.0,0.0,1.8588754134509373,0.0,0.0,0.0,0.0,0.0,0.0,10.0062,0.0
13888,7,Guéla,Doué,15629404.0,,,,,,,0,2,https://kickbase.b-cdn.net/content/file/812bc3c9b83245c09d36a46dd5b0b56b.png,0.0,2,,,"[{""hasPlayed"": false, ""points"": null}, {""hasPlayed"": false, ""points"": null}]",4,Guéla Doué,-615767.0,-615767.0,-682573.0,-615188.0,-2799961.0,15629404.0,0.0,1.8588754134509373,0.0,0.0,0.0,0.0,0.0,0.0,10.0062,0.0
14241,7,Facundo,Medina,10226799.0,128.0,2.0,2.0,1.0,6771.0,256.0,0,2,https://kickbase.b-cdn.net/content/file/a59d86f8dc644a43babfe89f615d199f.png,2.0,1,25.0,151.0,"[{""hasPlayed"": true, ""points"": 235}, {""hasPlayed"": true, ""points"": 21}]",2,Facundo Medina,356322.0,356322.0,379620.0,397094.0,1551760.0,10226799.0,7.35,1.8588754134509373,1.0,1.0,0.0,0.85,0.15,0.98125,10.0062,134.148701
15199,7,Afonso,Moreira,23100198.0,68.0,2.0,2.0,2.0,10875.0,135.0,0,4,https://kickbase.b-cdn.net/content/file/91b4b5c394a1464f98589ffa59af5aec.png,9.0,2,5.0,88.0,"[{""hasPlayed"": true, ""points"": 130}, {""hasPlayed"": true, ""points"": 5}]",2,Afonso Moreira,-361216.0,-361216.0,-417255.0,-327645.0,-1736759.0,2159330.0,6.56,1.8588754134509373,1.0,1.0,0.0,1.0,0.0,1.0,10.0062,122.017831
417,28,Ron-Robert,Zieler,500000.0,,,,,,,0,1,https://kickbase.b-cdn.net/content/file/87bb56a22db74cfd99e639824b703f30.png,20.0,0,,0.0,"[{""hasPlayed"": false, ""points"": null}, {""hasPlayed"": false, ""points"": null}]",5,Ron-Robert Zieler,0.0,0.0,0.0,0.0,-164122.0,-1760321.0,0.0,1.614334470989761,0.0,0.0,0.0,0.0,0.0,0.0,10.0062,0.0
737,28,Luca,Waldschmidt,2616184.0,,,,,,,0,3,https://kickbase.b-cdn.net/content/file/c6c99717a5834cacbb3161877ca3f29f.png,7.0,2,,0.0,"[{""hasPlayed"": false, ""points"": null}, {""hasPlayed"": false, ""points"": null}]",5,Luca Waldschmidt,-129181.0,-129181.0,-132810.0,-126887.0,-879608.0,-1126691.0,0.0,1.614334470989761,0.0,0.0,0.0,0.0,0.0,0.0,10.0062,0.0
1580,28,Marvin,Schwäbe,15830445.0,143.0,2.0,2.0,2.0,11507.0,285.0,0,1,https://kickbase.b-cdn.net/content/file/2708fddc28474a2299885f3eb69be6bc.png,1.0,1,18.0,47.0,"[{""hasPlayed"": true, ""points"": 109}, {""hasPlayed"": true, ""points"": 176}]",1,Marvin Schwäbe,42854.0,42854.0,66423.0,74462.0,268322.0,2599677.0,6.8,1.614334470989761,1.0,1.0,0.0,1.0,0.0,1.0,10.0062,109.842804
2069,28,Timo,Hübers,1584630.0,,,,,,,4,2,https://kickbase.b-cdn.net/content/file/6dbad3a67b1c4ffa892f8bef224e9f85.png,4.0,1,,0.0,"[{""hasPlayed"": false, ""points"": null}, {""hasPlayed"": false, ""points"": null}]",5,Timo Hübers,234401.0,234401.0,251452.0,192555.0,722848.0,-1733688.0,0.0,1.614334470989761,0.0,0.0,0.0,0.0,0.0,0.0,10.0062,0.0
2201,28,Linton,Maina,8163070.0,66.0,2.0,2.0,1.0,6346.0,131.0,0,4,https://kickbase.b-cdn.net/content/file/54aad91024e84cf59b75e3c363775d71.png,37.0,1,16.0,47.0,"[{""hasPlayed"": true, ""points"": 32}, {""hasPlayed"": true, ""points"": 99}]",4,Linton Maina,160433.0,160433.0,204893.0,185141.0,1046482.0,3786776.0,6.89,1.614334470989761,0.36511156186612576,0.0,0.0,0.0,0.0,0.18255578093306288,10.0062,20.317839
2247,28,Borna,Sosa,5604812.0,,,,,,,0,2,https://kickbase.b-cdn.net/content/file/f8cf530ad652442a9688c49f058e3a8a.png,0.0,1,,,"[{""hasPlayed"": false, ""points"": null}, {""hasPlayed"": false, ""points"": null}]",5,Borna Sosa,178675.0,178675.0,239273.0,285986.0,1080514.0,-9905556.0,0.0,1.614334470989761,0.0,0.0,0.0,0.0,0.0,0.0,10.0062,0.0
2358,28,Tom,Krauß,8119402.0,59.0,2.0,2.0,2.0,10881.0,118.0,0,3,https://kickbase.b-cdn.net/content/file/55c214adfaba4a839c1bb19ad5a5f8ed.png,5.0,2,14.0,21.0,"[{""hasPlayed"": true, ""points"": 44}, {""hasPlayed"": true, ""points"": 74}]",2,Tom Krauß,-195189.0,-195189.0,-205674.0,-264574.0,-1283157.0,704497.0,7.01,1.614334470989761,1.0,1.0,0.0,1.0,0.0,1.0,10.0062,113.235009
2536,28,Matthias,Köbbing,500000.0,,,,,,,0,1,https://kickbase.b-cdn.net/content/file/d7d4847201364186986efefd11b55766.png,44.0,0,,0.0,"[{""hasPlayed"": false, ""points"": null}, {""hasPlayed"": false, ""points"": null}]",5,Matthias Köbbing,0.0,0.0,0.0,0.0,0.0,0.0,0.0,1.614334470989761,0.0,0.0,0.0,0.0,0.0,0.0,10.0062,0.0
2552,28,Marius,Bülter,5002208.0,17.0,2.0,2.0,0.0,1548.0,33.0,0,4,https://kickbase.b-cdn.net/content/file/020abec0763842a7af00f1ec5aafeea4.png,30.0,2,6.0,3.0,"[{""hasPlayed"": true, ""points"": 14}, {""hasPlayed"": true, ""points"": 19}]",4,Marius Bülter,-325954.0,-325954.0,-335291.0,-283768.0,-2031459.0,-183742.0,6.86,1.614334470989761,0.0,0.0,0.0,0.0,0.0,0.0,10.0062,0.0
2718,28,Ellyes,Skhiri,7766663.0,26.0,2.0,2.0,0.0,4784.0,52.0,0,3,https://kickbase.b-cdn.net/content/file/1274d4acfc8845a789f74d858afe1168.png,6.0,1,6.0,28.0,"[{""hasPlayed"": true, ""points"": 6}, {""hasPlayed"": true, ""points"": 46}]",3,Ellyes Skhiri,110314.0,110314.0,112817.0,96336.0,738993.0,4071502.0,6.69,1.614334470989761,1.0,0.6896551724137931,0.0,1.0,0.0,0.8836206896551724,10.0062,95.489296
2765,28,Jan,Thielmann,6170435.0,50.0,2.0,2.0,2.0,8564.0,99.0,0,3,https://kickbase.b-cdn.net/content/file/bae198375c644308ba2bff1d0f3f0569.png,29.0,2,16.0,45.0,"[{""hasPlayed"": true, ""points"": 17}, {""hasPlayed"": true, ""points"": 82}]",4,Jan Thielmann,-249298.0,-249298.0,-64713.0,41303.0,222073.0,1424352.0,6.85,1.614334470989761,0.0,0.0,0.0,0.0,0.0,0.0,10.0062,0.0
2855,28,Ragnar,Ache,13888873.0,61.0,2.0,2.0,2.0,8510.0,121.0,0,4,https://kickbase.b-cdn.net/content/file/659aab812d23451ba8e47f520a7d0754.png,9.0,2,8.0,43.0,"[{""hasPlayed"": true, ""points"": 30}, {""hasPlayed"": true, ""points"": 91}]",1,Ragnar Ache,-341645.0,-341645.0,-441324.0,-425005.0,-1634441.0,1446995.0,6.54,1.614334470989761,0.6896551724137931,1.0,0.0,1.0,0.0,0.8448275862068966,10.0062,89.250064
7219,28,Ísak,Jóhannesson,11638935.0,94.0,2.0,2.0,2.0,11507.0,187.0,0,3,https://kickbase.b-cdn.net/content/file/2922eb48335343ccb79b49b03af03818.png,8.0,1,16.0,105.0,"[{""hasPlayed"": true, ""points"": 19}, {""hasPlayed"": true, ""points"": 168}]",1,Ísak Jóhannesson,18543.0,18543.0,98730.0,146035.0,810300.0,4379106.0,7.59,1.614334470989761,0.6348884381338742,1.0,0.0,1.0,0.15,0.8174442190669371,10.0062,100.221893
8001,28,Luka,Lochoshvili,10912205.0,76.0,2.0,2.0,2.0,11507.0,152.0,0,2,https://kickbase.b-cdn.net/content/file/f6faf6be6d674e898fbfa189b9c2ad5c.png,24.0,1,13.0,63.0,"[{""hasPlayed"": true, ""points"": 31}, {""hasPlayed"": true, ""points"": 121}]",2,Luka Lochoshvili,8615.0,8615.0,13250.0,38976.0,383972.0,2681664.0,6.31,1.614334470989761,1.0,1.0,0.0,1.0,0.0,1.0,10.0062,101.927661
8274,28,Said,El Mala,25255743.0,143.0,1.0,1.0,1.0,3976.0,143.0,2,3,https://kickbase.b-cdn.net/content/file/f56e6d60e40c49189c830fb4ff65d4bf.png,10.0,2,5.0,101.0,"[{""hasPlayed"": false, ""points"": null}, {""hasPlayed"": true, ""points"": 143}]",2,Said El Mala,-25066.0,-25066.0,8612.0,-2313.0,-951940.0,-28968.0,6.9,1.614334470989761,0.6348884381338742,1.0,0.0,0.85,0.15,0.798694219066937,10.0062,89.020972
10024,28,Joël,Schmied,1834367.0,20.0,1.0,1.0,0.0,185.0,20.0,0,2,https://kickbase.b-cdn.net/content/file/312960f02c6e4acab4db65b9c63eaf01.png,2.0,1,10.0,14.0,"[{""hasPlayed"": false, ""points"": null}, {""hasPlayed"": true, ""points"": 20}]",4,Joël Schmied,241164.0,241164.0,234008.0,132873.0,619001.0,-1938394.0,0.0,1.614334470989761,0.36511156186612576,0.0,0.0,0.0,0.0,0.18255578093306288,10.0062,0.0
11570,28,Sebastian,Sebulonsen,1392740.0,,,,,,,0,2,https://kickbase.b-cdn.net/content/file/0f9cbbaaccb148a6ad251ba707b4f099.png,28.0,2,,0.0,"[{""hasPlayed"": false, ""points"": null}, {""hasPlayed"": false, ""points"": null}]",4,Sebastian Sebulonsen,-50746.0,-50746.0,-60233.0,-94470.0,-604605.0,-4619449.0,0.0,1.614334470989761,0.0,0.0,0.0,0.0,0.0,0.0,10.0062,0.0
11875,28,Rav,van den Berg,929284.0,,,,,,,0,2,https://kickbase.b-cdn.net/content/file/0825c755c7df4f7ba70b3f8922154f99.png,33.0,2,,0.0,"[{""hasPlayed"": false, ""points"": null}, {""hasPlayed"": false, ""points"": null}]",4,Rav van den Berg,-47483.0,-47483.0,-88805.0,-123180.0,-493484.0,-2785799.0,0.0,1.614334470989761,0.0,0.0,0.0,0.0,0.0,0.0,10.0062,0.0
11958,28,Alessio,Castro-Montes,8497647.0,57.0,2.0,2.0,2.0,11322.0,114.0,2,3,https://kickbase.b-cdn.net/content/file/4df59c76b9024563892682f996043056.png,17.0,2,13.0,8.0,"[{""hasPlayed"": true, ""points"": 51}, {""hasPlayed"": true, ""points"": 63}]",2,Alessio Castro-Montes,-387787.0,-387787.0,-376436.0,-298832.0,-1448855.0,5424266.0,6.57,1.614334470989761,0.6348884381338742,1.0,0.0,1.0,0.15,0.8174442190669371,10.0062,86.753338
12321,28,Jahmai,Simpson-Pusey,9928230.0,71.0,2.0,2.0,2.0,11507.0,141.0,0,2,https://kickbase.b-cdn.net/content/file/f83f61dc46de468bb38cb6a9d9f51205.png,22.0,2,14.0,12.0,"[{""hasPlayed"": true, ""points"": 79}, {""hasPlayed"": true, ""points"": 62}]",1,Jahmai Simpson-Pusey,-212276.0,-212276.0,-232763.0,-270210.0,-1610435.0,-397008.0,6.33,1.614334470989761,1.0,1.0,0.0,1.0,0.0,1.0,10.0062,102.250728
14140,28,Gideon,Mensah,9808915.0,63.0,2.0,2.0,2.0,11507.0,126.0,0,2,https://kickbase.b-cdn.net/content/file/6cf365776d1d461fac56322c9e84e7ab.png,14.0,2,12.0,33.0,"[{""hasPlayed"": true, ""points"": 39}, {""hasPlayed"": true, ""points"": 87}]",1,Gideon Mensah,25988.0,25988.0,-28697.0,-112761.0,-111166.0,1092176.0,6.41,1.614334470989761,1.0,1.0,0.0,1.0,0.0,1.0,10.0062,103.542996
14300,28,Paul,Okon-Engstler,4298626.0,37.0,2.0,2.0,2.0,6747.0,74.0,0,3,https://kickbase.b-cdn.net/content/file/cfde74fcc93247699da56f08049928c0.png,23.0,2,17.0,25.0,"[{""hasPlayed"": true, ""points"": 19}, {""hasPlayed"": true, ""points"": 55}]",3,Paul Okon-Engstler,-85905.0,-85905.0,-69479.0,-14740.0,29560.0,1488228.0,6.66,1.614334470989761,0.36511156186612576,0.31034482758620685,0.0,0.0,0.0,0.2989350912778904,10.0062,32.159836
15373,28,Reigan,Heskey,3436221.0,-8.0,1.0,1.0,0.0,1185.0,-8.0,0,3,https://kickbase.b-cdn.net/content/file/4ceda4e80b804183b8af45a55f8bbb24.png,11.0,2,,5.0,"[{""hasPlayed"": true, ""points"": -8}, {""hasPlayed"": false, ""points"": null}]",5,Reigan Heskey,-135431.0,-135431.0,-133590.0,-132869.0,-852282.0,-5523355.0,6.5,1.614334470989761,0.0,0.0,0.0,0.0,0.0,0.0,10.0062,0.0
16945,28,Thijs,Dallinga,8485030.0,240.0,1.0,1.0,0.0,1810.0,240.0,0,4,https://kickbase.b-cdn.net/content/file/fab92b426a354aacae1fe7f26e0e6ab0.png,27.0,1,28.0,169.0,"[{""hasPlayed"": false, ""points"": null}, {""hasPlayed"": true, ""points"": 240}]",5,Thijs Dallinga,230750.0,230750.0,271520.0,234685.0,1103861.0,8485030.0,7.67,1.614334470989761,0.3103448275862069,0.0,0.0,0.0,0.0,0.15517241379310345,10.0062,19.225276
17282,28,Mikey,Moore,11615154.0,36.0,1.0,1.0,0.0,2967.0,36.0,0,3,https://kickbase.b-cdn.net/content/file/7f5524d22efb4465a313919dd3014114.png,0.0,1,3.0,,"[{""hasPlayed"": true, ""points"": 36}, {""hasPlayed"": false, ""points"": null}]",2,Mikey Moore,144330.0,144330.0,166039.0,187222.0,924707.0,11615154.0,7.3,1.614334470989761,1.0,1.0,0.0,1.0,0.0,1.0,10.0062,117.919481
524,14,Oliver,Baumann,16542984.0,102.0,2.0,2.0,2.0,11756.0,203.0,0,1,https://kickbase.b-cdn.net/content/file/6e2c878756924da4a6fa4c11b8e4480c.png,1.0,2,12.0,38.0,"[{""hasPlayed"": true, ""points"": 74}, {""hasPlayed"": true, ""points"": 129}]",1,Oliver Baumann,-48699.0,-48699.0,-76952.0,-172110.0,-1041219.0,-3592949.0,7.25,1.4731018695154523,1.0,1.0,0.0,1.0,0.0,1.0,10.0062,106.866101
1815,14,Andrej,Kramarić,11781967.0,-13.0,2.0,2.0,0.0,1881.0,-26.0,0,3,https://kickbase.b-cdn.net/content/file/26cffab4e6be4195a3d2817f15c60ee2.png,27.0,2,,14.0,"[{""hasPlayed"": true, ""points"": -23}, {""hasPlayed"": true, ""points"": -3}]",3,Andrej Kramarić,-389144.0,-389144.0,-383720.0,-452703.0,-2998006.0,-11565057.0,6.45,1.4731018695154523,0.3103448275862069,0.31034482758620685,0.0,0.0,0.0,0.27155172413793105,10.0062,25.817503
1954,14,,Bernardo,5570731.0,62.0,1.0,1.0,1.0,3268.0,62.0,0,2,https://kickbase.b-cdn.net/content/file/2e01b620f1354d0f9383cc0003c49d97.png,13.0,2,11.0,43.0,"[{""hasPlayed"": false, ""points"": null}, {""hasPlayed"": true, ""points"": 62}]",4,Bernardo,-321163.0,-321163.0,-322623.0,-324163.0,-1477821.0,-4917127.0,6.82,1.4731018695154523,0.0,0.0,0.0,0.0,0.0,0.0,10.0062,0.0
2373,14,Ozan,Kabak,23734272.0,134.0,2.0,2.0,2.0,10729.0,267.0,0,2,https://kickbase.b-cdn.net/content/file/61c84298d75b4e86b4f46a133f91f33d.png,5.0,1,11.0,95.0,"[{""hasPlayed"": true, ""points"": 66}, {""hasPlayed"": true, ""points"": 201}]",1,Ozan Kabak,11935.0,11935.0,35262.0,60567.0,355971.0,3559492.0,6.99,1.4731018695154523,1.0,1.0,0.0,1.0,0.0,1.0,10.0062,103.033662
2803,14,Tim,Lemperle,12242779.0,128.0,1.0,1.0,1.0,5210.0,128.0,0,4,https://kickbase.b-cdn.net/content/file/531648f7c8e7446883243fb819e94d82.png,19.0,1,10.0,90.0,"[{""hasPlayed"": true, ""points"": 128}, {""hasPlayed"": false, ""points"": null}]",1,Tim Lemperle,229842.0,229842.0,213955.0,215823.0,1402678.0,-98677.0,6.23,1.4731018695154523,1.0,1.0,0.0,0.85,0.15,0.98125,10.0062,90.109313
2852,14,Luca,Philipp,500000.0,,,,,,,0,1,https://kickbase.b-cdn.net/content/file/e45a165d68934e8e8a2bbc33ecbbbc96.png,37.0,0,,0.0,"[{""hasPlayed"": false, ""points"": null}, {""hasPlayed"": false, ""points"": null}]",5,Luca Philipp,0.0,0.0,0.0,0.0,0.0,0.0,6.58,1.4731018695154523,0.0,0.0,0.0,0.0,0.0,0.0,10.0062,0.0
3124,14,Patrick,Wimmer,8978683.0,44.0,2.0,2.0,2.0,8894.0,88.0,0,3,https://kickbase.b-cdn.net/content/file/a1e6985ea5b8487ca2db9c16a66eafe7.png,8.0,2,9.0,45.0,"[{""hasPlayed"": true, ""points"": 12}, {""hasPlayed"": true, ""points"": 76}]",3,Patrick Wimmer,-233790.0,-233790.0,-303837.0,-538123.0,-1488796.0,55807.0,6.99,1.4731018695154523,0.6051437216338881,0.6051437216338881,0.0,1.0,0.0,0.6545007564296521,10.0062,67.43561
3158,14,Fisnik,Asllani,16504546.0,,,,,,,2,4,https://kickbase.b-cdn.net/content/file/61214fe54f31411ea068f8fb8b3c1e49.png,11.0,2,,0.0,"[{""hasPlayed"": false, ""points"": null}, {""hasPlayed"": false, ""points"": null}]",5,Fisnik Asllani,-496948.0,-496948.0,-419071.0,-395295.0,-3278899.0,-10122513.0,0.0,1.4731018695154523,0.0,0.0,0.0,0.0,0.0,0.0,10.0062,0.0
3204,14,Bambasé,Conté,10237444.0,47.0,2.0,2.0,1.0,7169.0,94.0,0,4,https://kickbase.b-cdn.net/content/file/fa595ccc62ce4fdeafca00ccfc95088b.png,20.0,1,9.0,83.0,"[{""hasPlayed"": true, ""points"": -12}, {""hasPlayed"": true, ""points"": 106}]",3,Bambasé Conté,141382.0,141382.0,239900.0,225112.0,1306480.0,-510067.0,6.47,1.4731018695154523,0.2723146747352497,0.1225416036308623,0.0,0.0,0.0,0.1821104387291982,10.0062,17.367651
3471,14,Adam,Hložek,8379304.0,33.0,2.0,2.0,2.0,7858.0,66.0,0,4,https://kickbase.b-cdn.net/content/file/a70373665abe402993add63ac96b77de.png,10.0,2,7.0,19.0,"[{""hasPlayed"": true, ""points"": 19}, {""hasPlayed"": true, ""points"": 47}]",3,Adam Hložek,-260286.0,-260286.0,-291080.0,-313878.0,-2633671.0,1782954.0,6.76,1.4731018695154523,0.6896551724137931,0.6896551724137931,0.0,1.0,0.0,0.728448275862069,10.0062,72.585083
7543,14,Max,Moerstedt,4343252.0,-41.0,2.0,2.0,0.0,3269.0,-82.0,0,4,https://kickbase.b-cdn.net/content/file/901ac71d98064e48b7b250786d8ac1d2.png,9.0,2,,48.0,"[{""hasPlayed"": true, ""points"": -7}, {""hasPlayed"": true, ""points"": -75}]",4,Max Moerstedt,-130460.0,-130460.0,-136763.0,-158039.0,-705627.0,-1465502.0,6.56,1.4731018695154523,0.0,0.0,0.0,0.0,0.0,0.0,10.0062,0.0
7673,14,Albian,Hajdari,13848364.0,23.0,2.0,2.0,2.0,11249.0,45.0,0,2,https://kickbase.b-cdn.net/content/file/0f60a3cd21c94cc4913d13f811e532a9.png,21.0,2,3.0,47.0,"[{""hasPlayed"": true, ""points"": -11}, {""hasPlayed"": true, ""points"": 56}]",2,Albian Hajdari,-467382.0,-467382.0,-535568.0,-590862.0,-3632013.0,-2707262.0,6.74,1.4731018695154523,1.0,1.0,0.0,1.0,0.0,1.0,10.0062,99.348624
7717,14,Alexander,Prass,1572099.0,,,,,,,2,3,https://kickbase.b-cdn.net/content/file/f9e6ef6646eb4d248d5ce3ee24abda2d.png,22.0,2,,0.0,"[{""hasPlayed"": false, ""points"": null}, {""hasPlayed"": false, ""points"": null}]",5,Alexander Prass,-78121.0,-78121.0,-88988.0,-98724.0,-678963.0,-3307823.0,0.0,1.4731018695154523,0.0,0.0,0.0,0.0,0.0,0.0,10.0062,0.0
7745,14,Vladimír,Coufal,25643668.0,141.0,2.0,2.0,2.0,11756.0,282.0,0,2,https://kickbase.b-cdn.net/content/file/3b2c057d49604e74af1ea35ac7411a4a.png,34.0,1,10.0,7.0,"[{""hasPlayed"": true, ""points"": 146}, {""hasPlayed"": true, ""points"": 136}]",1,Vladimír Coufal,17922.0,17922.0,6481.0,18299.0,-305834.0,815679.0,6.68,1.4731018695154523,1.0,1.0,0.0,1.0,0.0,1.0,10.0062,98.464215
7750,14,Robin,Hranác,5281218.0,23.0,2.0,2.0,0.0,3564.0,45.0,0,2,https://kickbase.b-cdn.net/content/file/378ad76b9745472cb56cc5de220ea9f9.png,2.0,1,8.0,30.0,"[{""hasPlayed"": true, ""points"": 1}, {""hasPlayed"": true, ""points"": 44}]",4,Robin Hranác,248344.0,248344.0,320394.0,343193.0,1933319.0,520405.0,6.32,1.4731018695154523,0.0,0.0,0.0,0.0,0.0,0.0,10.0062,0.0
8289,14,Lúkas,Petersson,500000.0,,,,,,,0,1,https://kickbase.b-cdn.net/content/file/e12887e5419f4c63a3e0c0b0213fb3cc.png,36.0,0,,0.0,"[{""hasPlayed"": false, ""points"": null}, {""hasPlayed"": false, ""points"": null}]",5,Lúkas Petersson,0.0,0.0,0.0,0.0,0.0,0.0,0.0,1.4731018695154523,0.0,0.0,0.0,0.0,0.0,0.0,10.0062,0.0
9598,14,Valentin,Gendrey,1316550.0,,,,,,,0,2,https://kickbase.b-cdn.net/content/file/963aa0e9a1bf4537bba171631d3ef595.png,15.0,2,,0.0,"[{""hasPlayed"": false, ""points"": null}, {""hasPlayed"": false, ""points"": null}]",5,Valentin Gendrey,-121729.0,-121729.0,-132414.0,-137942.0,-840248.0,-3238543.0,7.09,1.4731018695154523,0.0,0.0,0.0,0.0,0.0,0.0,10.0062,0.0
11161,14,Koki,Machida,3799241.0,,,,,,,0,2,https://kickbase.b-cdn.net/content/file/80f0a50727b54ea5a90a99a754cc7a6c.png,28.0,1,,0.0,"[{""hasPlayed"": false, ""points"": null}, {""hasPlayed"": false, ""points"": null}]",5,Koki Machida,325664.0,325664.0,260163.0,233295.0,1359622.0,918251.0,0.0,1.4731018695154523,0.0,0.0,0.0,0.0,0.0,0.0,10.0062,0.0
11162,14,Leon,Avdullahu,16516655.0,106.0,2.0,2.0,2.0,11756.0,211.0,0,3,https://kickbase.b-cdn.net/content/file/805fdf4f3bec4018a1ff6bc85cc95546.png,7.0,1,12.0,43.0,"[{""hasPlayed"": true, ""points"": 136}, {""hasPlayed"": true, ""points"": 75}]",1,Leon Avdullahu,38163.0,38163.0,17515.0,28770.0,-494519.0,2297064.0,7.0,1.4731018695154523,1.0,1.0,0.0,1.0,0.0,1.0,10.0062,103.181063
11591,14,Cajetan,Lenz,921599.0,,,,,,,0,3,https://kickbase.b-cdn.net/content/file/2d15f1ede167438698d92ddc037e6abe.png,32.0,2,,0.0,"[{""hasPlayed"": false, ""points"": null}, {""hasPlayed"": false, ""points"": null}]",5,Cajetan Lenz,-101995.0,-101995.0,-120752.0,-138274.0,-735011.0,-4084927.0,6.74,1.4731018695154523,0.0,0.0,0.0,0.0,0.0,0.0,10.0062,0.0
11631,14,Wouter,Burger,19611385.0,61.0,2.0,2.0,2.0,10738.0,121.0,0,3,https://kickbase.b-cdn.net/content/file/50a59d7c22f64565b2f31bba1dfae5bd.png,18.0,2,6.0,3.0,"[{""hasPlayed"": true, ""points"": 58}, {""hasPlayed"": true, ""points"": 63}]",1,Wouter Burger,-554394.0,-554394.0,-551617.0,-598437.0,-3751494.0,-2229743.0,7.29,1.4731018695154523,1.0,1.0,0.0,1.0,0.0,1.0,10.0062,107.455708
11959,14,Adam,Daghim,10911340.0,154.0,2.0,2.0,2.0,11243.0,308.0,0,4,https://kickbase.b-cdn.net/content/file/1919dcbd4fb6447aad155fb3c72f3e38.png,14.0,1,28.0,12.0,"[{""hasPlayed"": true, ""points"": 145}, {""hasPlayed"": true, ""points"": 163}]",2,Adam Daghim,203465.0,203465.0,202970.0,203001.0,1515502.0,8239089.0,6.7,1.4731018695154523,1.0,1.0,0.0,1.0,0.0,1.0,10.0062,98.759018
15193,14,Mats,Rots,8135659.0,46.0,2.0,2.0,1.0,6457.0,91.0,0,2,https://kickbase.b-cdn.net/content/file/d96dc40ca1674b38aef03dff83ae8ab0.png,39.0,1,11.0,84.0,"[{""hasPlayed"": true, ""points"": 105}, {""hasPlayed"": true, ""points"": -14}]",2,Mats Rots,271901.0,271901.0,270413.0,158000.0,-79482.0,-2357020.0,6.78,1.4731018695154523,1.0,1.0,0.0,1.0,0.0,1.0,10.0062,99.93823
15262,14,Nathan,De Cat,11467219.0,-6.0,2.0,2.0,0.0,2514.0,-11.0,0,3,https://kickbase.b-cdn.net/content/file/8c55d861342c440b9966f1cd6dc86f29.png,17.0,2,,4.0,"[{""hasPlayed"": true, ""points"": -2}, {""hasPlayed"": true, ""points"": -9}]",3,Nathan De Cat,-650611.0,-650611.0,-639778.0,-689212.0,-4404831.0,-3808772.0,6.56,1.4731018695154523,0.12254160363086235,0.2723146747352496,0.0,0.0,0.0,0.1633888048411498,10.0062,15.798945
51,40,Rani,Khedira,6685663.0,33.0,2.0,2.0,2.0,11810.0,65.0,0,3,https://kickbase.b-cdn.net/content/file/9ecae4fccb2648b8b2bd92c4cac3f955.png,8.0,2,9.0,26.0,"[{""hasPlayed"": true, ""points"": 14}, {""hasPlayed"": true, ""points"": 51}]",1,Rani Khedira,-223143.0,-223143.0,-242321.0,-288730.0,-1344530.0,1848304.0,6.37,1.526315789473684,1.0,1.0,0.0,1.0,0.0,1.0,10.0062,97.286596
1223,40,Marvin,Friedrich,1491110.0,,,,,,,2,2,https://kickbase.b-cdn.net/content/file/0e7e99776b0c460eaaf8702878b90869.png,5.0,2,,0.0,"[{""hasPlayed"": false, ""points"": null}, {""hasPlayed"": false, ""points"": null}]",5,Marvin Friedrich,-139674.0,-139674.0,-140018.0,-140550.0,-945533.0,-141832.0,0.0,1.526315789473684,0.0,0.0,0.0,0.0,0.0,0.0,10.0062,0.0
1553,40,Janik,Haberer,3036241.0,22.0,2.0,2.0,0.0,2995.0,44.0,0,3,https://kickbase.b-cdn.net/content/file/ce496ba0469a4a3b80d18b665d7466c0.png,19.0,1,14.0,9.0,"[{""hasPlayed"": true, ""points"": 15}, {""hasPlayed"": true, ""points"": 29}]",4,Janik Haberer,245932.0,245932.0,261798.0,195465.0,719601.0,-1461217.0,6.69,1.526315789473684,0.0,0.0,0.0,0.0,0.0,0.0,10.0062,0.0
1955,40,Oliver,Burke,1845789.0,,,,,,,2,4,https://kickbase.b-cdn.net/content/file/a76d8d4a531548f58ceb241fe4958952.png,7.0,2,,0.0,"[{""hasPlayed"": false, ""points"": null}, {""hasPlayed"": false, ""points"": null}]",5,Oliver Burke,-127233.0,-127233.0,-129635.0,-131607.0,-884232.0,-2403265.0,0.0,1.526315789473684,0.0,0.0,0.0,0.0,0.0,0.0,10.0062,0.0
2065,40,Felix,Uduokhai,6190501.0,70.0,1.0,1.0,1.0,5649.0,70.0,0,2,https://kickbase.b-cdn.net/content/file/e407afb596ac48f2bab3f2f63a37f2c2.png,2.0,1,11.0,49.0,"[{""hasPlayed"": true, ""points"": 70}, {""hasPlayed"": false, ""points"": null}]",2,Felix Uduokhai,276556.0,276556.0,291972.0,298592.0,1450539.0,-2508037.0,6.9,1.526315789473684,0.6896551724137931,1.0,0.0,1.0,0.0,0.8448275862068966,10.0062,89.028848
2279,40,Frederik,Rönnow,8658058.0,90.0,1.0,1.0,1.0,5649.0,90.0,0,1,https://kickbase.b-cdn.net/content/file/a74539007fa347f28af0ce83caafef6f.png,1.0,1,10.0,63.0,"[{""hasPlayed"": true, ""points"": 90}, {""hasPlayed"": false, ""points"": null}]",1,Frederik Rönnow,324205.0,324205.0,337801.0,300245.0,1082617.0,-1077751.0,6.6,1.526315789473684,1.0,1.0,0.0,1.0,0.0,1.0,10.0062,100.799299
2302,40,Woo-Yeong,Jeong,4476489.0,34.0,2.0,2.0,0.0,3876.0,68.0,0,3,https://kickbase.b-cdn.net/content/file/167f780b883445c1bb79e00354f1e807.png,11.0,2,15.0,38.0,"[{""hasPlayed"": true, ""points"": 7}, {""hasPlayed"": true, ""points"": 61}]",3,Woo-Yeong Jeong,-96936.0,-96936.0,-105954.0,-149369.0,-648960.0,-181216.0,6.64,1.526315789473684,0.3103448275862069,0.31034482758620685,0.0,0.0,0.0,0.27155172413793105,10.0062,27.538116
2400,40,Christopher,Trimmel,2273117.0,-6.0,1.0,1.0,0.0,1194.0,-6.0,0,2,https://kickbase.b-cdn.net/content/file/0133043125be433d91c3b93eb502aebe.png,28.0,2,,4.0,"[{""hasPlayed"": true, ""points"": -6}, {""hasPlayed"": false, ""points"": null}]",4,Christopher Trimmel,-122889.0,-122889.0,-130642.0,-138971.0,-866908.0,-3357866.0,6.8,1.526315789473684,0.0,0.0,0.0,0.0,0.0,0.0,10.0062,0.0
2491,40,Tim,Skarke,6466216.0,75.0,2.0,2.0,0.0,3896.0,149.0,0,3,https://kickbase.b-cdn.net/content/file/530ba96741b943798d9be4d5dcc151f5.png,21.0,1,23.0,92.0,"[{""hasPlayed"": true, ""points"": 9}, {""hasPlayed"": true, ""points"": 140}]",3,Tim Skarke,296939.0,296939.0,316825.0,336379.0,2119110.0,2126120.0,6.62,1.526315789473684,0.3103448275862069,0.31034482758620685,0.0,0.0,0.0,0.27155172413793105,10.0062,27.45517
2717,40,Robert,Skov,1958372.0,,,,,,,0,3,https://kickbase.b-cdn.net/content/file/ebae4e5c0fec43ebaed2b2aae064a346.png,24.0,1,,0.0,"[{""hasPlayed"": false, ""points"": null}, {""hasPlayed"": false, ""points"": null}]",5,Robert Skov,254716.0,254716.0,263107.0,264192.0,1046714.0,-2009676.0,0.0,1.526315789473684,0.0,0.0,0.0,0.0,0.0,0.0,10.0062,0.0
3102,40,Tom,Rothe,9169723.0,52.0,2.0,2.0,2.0,11810.0,103.0,0,2,https://kickbase.b-cdn.net/content/file/82917858d1a74a7f90a2d9dfca456b71.png,15.0,2,11.0,37.0,"[{""hasPlayed"": true, ""points"": 25}, {""hasPlayed"": true, ""points"": 78}]",1,Tom Rothe,-205582.0,-205582.0,-217727.0,-281656.0,-1112956.0,3344574.0,6.34,1.526315789473684,1.0,1.0,0.0,1.0,0.0,1.0,10.0062,96.828417
3187,40,András,Schäfer,3996062.0,15.0,2.0,2.0,1.0,4966.0,29.0,0,3,https://kickbase.b-cdn.net/content/file/433f8b676b6b4b898ad3ede98e20f79d.png,13.0,2,7.0,31.0,"[{""hasPlayed"": true, ""points"": -8}, {""hasPlayed"": true, ""points"": 37}]",3,András Schäfer,-117816.0,-117816.0,-123710.0,-132586.0,-688789.0,514723.0,6.71,1.526315789473684,0.3103448275862069,0.31034482758620685,0.0,0.0,0.0,0.27155172413793105,10.0062,27.828427
3364,40,Carl,Klaus,2763490.0,,,,,,,0,1,https://kickbase.b-cdn.net/content/file/03530ee1979440f6865c5fc39260c63a.png,25.0,2,,0.0,"[{""hasPlayed"": false, ""points"": null}, {""hasPlayed"": false, ""points"": null}]",5,Carl Klaus,-150583.0,-150583.0,-146172.0,-144110.0,-1016637.0,2263490.0,0.0,1.526315789473684,0.0,0.0,0.0,0.0,0.0,0.0,10.0062,0.0
3419,40,Matheo,Raab,4608806.0,9.0,1.0,1.0,1.0,6161.0,9.0,0,1,https://kickbase.b-cdn.net/content/file/6f65c492a85a491b94cd3b8a37bae6f8.png,31.0,2,1.0,6.0,"[{""hasPlayed"": false, ""points"": null}, {""hasPlayed"": true, ""points"": 9}]",5,Matheo Raab,-156863.0,-156863.0,-410463.0,-487981.0,-1376669.0,2511602.0,5.84,1.526315789473684,0.0,0.0,0.0,0.0,0.0,0.0,10.0062,0.0
3453,40,Derrick,Köhn,2486008.0,19.0,1.0,1.0,0.0,811.0,19.0,0,2,https://kickbase.b-cdn.net/content/file/336162df73db46fdb0d35c73c0928582.png,17.0,1,7.0,13.0,"[{""hasPlayed"": false, ""points"": null}, {""hasPlayed"": true, ""points"": 19}]",5,Derrick Köhn,262850.0,262850.0,294890.0,256444.0,1106092.0,-729193.0,0.0,1.526315789473684,0.0,0.0,0.0,0.0,0.0,0.0,10.0062,0.0
4352,40,Stanley,Nsoki,1480152.0,,,,,,,4,2,https://kickbase.b-cdn.net/content/file/6c54070a804d4f15acb3d09b63af882a.png,34.0,2,,0.0,"[{""hasPlayed"": false, ""points"": null}, {""hasPlayed"": false, ""points"": null}]",5,Stanley Nsoki,-126639.0,-126639.0,-146962.0,-144077.0,-980398.0,-2151513.0,0.0,1.526315789473684,0.0,0.0,0.0,0.0,0.0,0.0,10.0062,0.0
4446,40,Aljoscha,Kemlein,7215312.0,34.0,2.0,2.0,2.0,8815.0,67.0,0,3,https://kickbase.b-cdn.net/content/file/2dc45e5315ff4262a38925af69a6e745.png,6.0,2,9.0,31.0,"[{""hasPlayed"": true, ""points"": 11}, {""hasPlayed"": true, ""points"": 56}]",2,Aljoscha Kemlein,-231529.0,-231529.0,-278334.0,-314900.0,-1421092.0,312525.0,6.77,1.526315789473684,1.0,1.0,0.0,1.0,0.0,1.0,10.0062,103.395645
4598,40,Josip,Juranović,11075335.0,114.0,2.0,2.0,2.0,10615.0,228.0,0,2,https://kickbase.b-cdn.net/content/file/17ce8593891544bbae052579071e5c45.png,18.0,1,20.0,144.0,"[{""hasPlayed"": true, ""points"": 12}, {""hasPlayed"": true, ""points"": 216}]",2,Josip Juranović,80459.0,80459.0,127764.0,151984.0,1183841.0,6390778.0,6.79,1.526315789473684,1.0,1.0,0.0,1.0,0.0,1.0,10.0062,103.701097
7684,40,Michel,Aebischer,4352339.0,10.0,2.0,2.0,2.0,7930.0,19.0,0,3,https://kickbase.b-cdn.net/content/file/53d3916429e94e6c8ea54b7c96c1fd91.png,20.0,2,4.0,21.0,"[{""hasPlayed"": true, ""points"": -6}, {""hasPlayed"": true, ""points"": 25}]",3,Michel Aebischer,-82863.0,-82863.0,-101258.0,-119808.0,-718613.0,4352339.0,6.24,1.526315789473684,0.6896551724137931,0.6896551724137931,0.0,1.0,0.0,0.728448275862069,10.0062,69.421962
7723,40,Leopold,Querfeld,14031897.0,257.0,1.0,1.0,1.0,6161.0,257.0,0,2,https://kickbase.b-cdn.net/content/file/b9dfbb26ed9347b9a1585f29718c9d76.png,14.0,2,18.0,181.0,"[{""hasPlayed"": false, ""points"": null}, {""hasPlayed"": true, ""points"": 257}]",3,Leopold Querfeld,-373386.0,-373386.0,-376720.0,-290815.0,-1055983.0,911790.0,6.86,1.526315789473684,0.3103448275862069,0.31034482758620685,0.0,0.0,0.0,0.27155172413793105,10.0062,28.450523
8381,40,Livan,Burcu,4978826.0,28.0,2.0,2.0,1.0,6848.0,55.0,0,3,https://kickbase.b-cdn.net/content/file/9ee1048c9191462c82b58e23f1dbf647.png,9.0,2,11.0,0.0,"[{""hasPlayed"": true, ""points"": 28}, {""hasPlayed"": true, ""points"": 27}]",3,Livan Burcu,-281937.0,-281937.0,-306687.0,-334885.0,-2143315.0,-1845124.0,6.72,1.526315789473684,0.6896551724137931,0.6896551724137931,0.0,1.0,0.0,0.728448275862069,10.0062,74.762113
9683,40,Andrej,Ilic,3464150.0,,,,,,,1,4,https://kickbase.b-cdn.net/content/file/1a56a70bd0c1483894bc78d61bf30f46.png,23.0,2,,0.0,"[{""hasPlayed"": false, ""points"": null}, {""hasPlayed"": false, ""points"": null}]",5,Andrej Ilic,-151405.0,-151405.0,-144410.0,-130084.0,-872378.0,-5913333.0,0.0,1.526315789473684,0.0,0.0,0.0,0.0,0.0,0.0,10.0062,0.0
10106,40,Marin,Ljubičić,4634977.0,7.0,2.0,2.0,2.0,10999.0,14.0,0,4,https://kickbase.b-cdn.net/content/file/fcb660bdc74f41ef85fd3f45ac56962e.png,27.0,2,3.0,22.0,"[{""hasPlayed"": true, ""points"": -9}, {""hasPlayed"": true, ""points"": 23}]",2,Marin Ljubičić,-19100.0,-19100.0,-61934.0,-366680.0,-918886.0,2027412.0,7.11,1.526315789473684,1.0,1.0,0.0,1.0,0.0,1.0,10.0062,108.588336
12763,40,Emmanuel,Latte Lath,8608783.0,40.0,2.0,2.0,2.0,7914.0,80.0,0,4,https://kickbase.b-cdn.net/content/file/d94f619b8cda4f03a559f3b3b10c2ffc.png,29.0,2,9.0,79.0,"[{""hasPlayed"": true, ""points"": -16}, {""hasPlayed"": true, ""points"": 96}]",3,Emmanuel Latte Lath,-315520.0,-315520.0,-393303.0,-722145.0,-2077149.0,1840491.0,6.52,1.526315789473684,0.6896551724137931,0.6896551724137931,0.0,1.0,0.0,0.728448275862069,10.0062,72.53705
13629,40,Linus,Güther,1633271.0,,,,,,,0,3,https://kickbase.b-cdn.net/content/file/d92375c9bb9640858ef3fa4deebadf84.png,49.0,2,,0.0,"[{""hasPlayed"": false, ""points"": null}, {""hasPlayed"": false, ""points"": null}]",5,Linus Güther,-141346.0,-141346.0,-148625.0,-150157.0,-998083.0,1133271.0,0.0,1.526315789473684,0.0,0.0,0.0,0.0,0.0,0.0,10.0062,0.0
14917,40,Zeno,Van den Bosch,9025378.0,51.0,2.0,2.0,2.0,11810.0,101.0,0,2,https://kickbase.b-cdn.net/content/file/f19174a181cb4b18a6fb28116d085029.png,4.0,2,11.0,57.0,"[{""hasPlayed"": true, ""points"": 10}, {""hasPlayed"": true, ""points"": 91}]",3,Zeno Van den Bosch,-293120.0,-293120.0,-298251.0,-348146.0,-1927809.0,-3062062.0,6.33,1.526315789473684,1.0,0.6896551724137931,0.0,1.0,0.0,0.8836206896551724,10.0062,85.424641
17306,40,Kastriot,Imeri,3163838.0,,,,,,,2,3,https://kickbase.b-cdn.net/content/file/a4b7da39d3b84ed08289b6992fe6d4ee.png,0.0,2,,,"[{""hasPlayed"": false, ""points"": null}, {""hasPlayed"": false, ""points"": null}]",5,Kastriot Imeri,-151016.0,-151016.0,-155586.0,-167758.0,-826205.0,3163838.0,0.0,1.526315789473684,0.0,0.0,0.0,0.0,0.0,0.0,10.0062,0.0
357,4,Jens,Grahl,500000.0,,,,,,,0,1,https://kickbase.b-cdn.net/content/file/e76a9805862d4c849883f4035d7912a7.png,33.0,0,,0.0,"[{""hasPlayed"": false, ""points"": null}, {""hasPlayed"": false, ""points"": null}]",5,Jens Grahl,0.0,0.0,0.0,0.0,0.0,0.0,0.0,1.027739251040222,0.0,0.0,0.0,0.0,0.0,0.0,10.0062,0.0
461,4,Timothy,Chandler,829952.0,-9.0,1.0,1.0,0.0,1457.0,-9.0,0,2,https://kickbase.b-cdn.net/content/file/e7c03911a4054596904af25c839e49a8.png,22.0,2,,6.0,"[{""hasPlayed"": true, ""points"": -9}, {""hasPlayed"": false, ""points"": null}]",5,Timothy Chandler,-100323.0,-100323.0,-121226.0,-125917.0,-810210.0,329952.0,6.2,1.027739251040222,0.0,0.0,0.0,0.0,0.0,0.0,10.0062,0.0
513,4,Mario,Götze,4265945.0,56.0,1.0,1.0,1.0,4200.0,56.0,0,3,https://kickbase.b-cdn.net/content/file/d3877d0c416e4d30a99efbd5a673b455.png,27.0,1,13.0,39.0,"[{""hasPlayed"": true, ""points"": 56}, {""hasPlayed"": false, ""points"": null}]",3,Mario Götze,136216.0,136216.0,83241.0,-22081.0,-76960.0,375227.0,7.27,1.027739251040222,0.8113590263691683,0.2723146747352496,0.0,0.0,0.0,0.5077975162103028,10.0062,37.964449
2144,4,Robin,Koch,24585513.0,133.0,2.0,2.0,2.0,11823.0,265.0,0,2,https://kickbase.b-cdn.net/content/file/9ec4a1262fb84d21b3b5458cc97f9cf3.png,4.0,1,10.0,0.0,"[{""hasPlayed"": true, ""points"": 133}, {""hasPlayed"": true, ""points"": 132}]",1,Robin Koch,77374.0,77374.0,94777.0,91230.0,344418.0,1902700.0,7.22,1.027739251040222,1.0,1.0,0.0,1.0,0.0,1.0,10.0062,74.24878
2255,4,Jonathan,Burkardt,24495093.0,80.0,2.0,2.0,2.0,10087.0,160.0,0,4,https://kickbase.b-cdn.net/content/file/f11b49646cad49699fd37664e712e9c9.png,9.0,2,6.0,48.0,"[{""hasPlayed"": true, ""points"": 114}, {""hasPlayed"": true, ""points"": 46}]",1,Jonathan Burkardt,-289155.0,-289155.0,-479033.0,-466511.0,-2265708.0,-1041360.0,7.6,1.027739251040222,1.0,1.0,0.0,1.0,0.0,1.0,10.0062,78.15661
2863,4,Ansgar,Knauff,3666485.0,,,,,,,4,3,https://kickbase.b-cdn.net/content/file/df49f152f9bc4fd99f45742758ff5cfc.png,7.0,2,,0.0,"[{""hasPlayed"": false, ""points"": null}, {""hasPlayed"": false, ""points"": null}]",5,Ansgar Knauff,-123748.0,-123748.0,-125720.0,-123792.0,-872775.0,-1111035.0,6.93,1.027739251040222,0.0,0.0,0.0,0.0,0.0,0.0,10.0062,0.0
2864,4,Nnamdi,Collins,4963958.0,,,,,,,2,2,https://kickbase.b-cdn.net/content/file/47efb7c32b294c238dcddcc3bd26ac21.png,34.0,2,,0.0,"[{""hasPlayed"": false, ""points"": null}, {""hasPlayed"": false, ""points"": null}]",5,Nnamdi Collins,-292570.0,-292570.0,-297598.0,-296002.0,-2064531.0,-7995978.0,0.0,1.027739251040222,0.0,0.0,0.0,0.0,0.0,0.0,10.0062,0.0
2887,4,Ritsu,Dōan,15797706.0,70.0,1.0,1.0,1.0,5259.0,70.0,0,3,https://kickbase.b-cdn.net/content/file/8ad9394d1b4e4df9b692dad3a7539c1d.png,20.0,1,4.0,49.0,"[{""hasPlayed"": true, ""points"": 70}, {""hasPlayed"": false, ""points"": null}]",2,Ritsu Dōan,81464.0,81464.0,56412.0,54645.0,-124781.0,-3992931.0,6.41,1.027739251040222,1.0,1.0,0.0,1.0,0.0,1.0,10.0062,65.91893
3019,4,Noah,Atubolu,13562432.0,83.0,2.0,2.0,2.0,11823.0,166.0,0,1,https://kickbase.b-cdn.net/content/file/1a428dbd61524b48bb209d1ebee4ac6d.png,1.0,1,12.0,66.0,"[{""hasPlayed"": true, ""points"": 36}, {""hasPlayed"": true, ""points"": 130}]",1,Noah Atubolu,135050.0,135050.0,173845.0,210802.0,1468353.0,3938973.0,7.09,1.027739251040222,1.0,1.0,0.0,1.0,0.0,1.0,10.0062,72.91189
6081,4,Can,Uzun,26821846.0,62.0,2.0,2.0,2.0,9419.0,124.0,0,3,https://kickbase.b-cdn.net/content/file/d508a06c367e48b4a6ad92a95ee8612d.png,42.0,2,4.0,4.0,"[{""hasPlayed"": true, ""points"": 59}, {""hasPlayed"": true, ""points"": 65}]",1,Can Uzun,-667145.0,-667145.0,-807389.0,-602586.0,-2096232.0,-143648.0,7.44,1.027739251040222,1.0,1.0,0.0,1.0,0.0,1.0,10.0062,76.511208
7275,4,Kauã,Santos,4018591.0,,,,,,,0,1,https://kickbase.b-cdn.net/content/file/aa2d99e5647f41be9c144d86afcdde54.png,40.0,2,,0.0,"[{""hasPlayed"": false, ""points"": null}, {""hasPlayed"": false, ""points"": null}]",5,Kauã Santos,-147660.0,-147660.0,-146640.0,-142699.0,-1200402.0,-5249958.0,5.56,1.027739251040222,0.0,0.0,0.0,0.0,0.0,0.0,10.0062,0.0
7277,4,Farès,Chaïbi,10005094.0,54.0,2.0,2.0,1.0,7623.0,107.0,2,3,https://kickbase.b-cdn.net/content/file/774d9ee4bd994b9dae8672fbf45215fe.png,8.0,1,10.0,36.0,"[{""hasPlayed"": true, ""points"": 28}, {""hasPlayed"": true, ""points"": 79}]",3,Farès Chaïbi,180184.0,180184.0,270517.0,287867.0,1906887.0,-2611765.0,7.04,1.027739251040222,0.18864097363083165,0.1225416036308623,0.0,0.85,0.15,0.2465235881769892,10.0062,17.847741
7325,4,Elias,Baum,13821133.0,116.0,2.0,2.0,2.0,10366.0,231.0,0,2,https://kickbase.b-cdn.net/content/file/0f3d607126284679ac5bc7ee81f890ad.png,2.0,1,16.0,92.0,"[{""hasPlayed"": true, ""points"": 50}, {""hasPlayed"": true, ""points"": 181}]",2,Elias Baum,37910.0,37910.0,94682.0,112256.0,981349.0,5585732.0,6.24,1.027739251040222,0.3103448275862069,1.0,0.0,1.0,0.0,0.6551724137931034,10.0062,42.042866
7417,4,Noël,Aséko,4053061.0,,,,,,,0,3,https://kickbase.b-cdn.net/content/file/4c3b212857824d74bed5f3922ab26e64.png,15.0,2,,0.0,"[{""hasPlayed"": false, ""points"": null}, {""hasPlayed"": false, ""points"": null}]",5,Noël Aséko,-124816.0,-124816.0,-124813.0,-117538.0,-670702.0,-6351816.0,0.0,1.027739251040222,0.0,0.0,0.0,0.0,0.0,0.0,10.0062,0.0
8351,4,Oscar,Højlund,4229267.0,1.0,1.0,1.0,0.0,945.0,1.0,0,3,https://kickbase.b-cdn.net/content/file/9f25f3c48efd47488db3f0fea31226bc.png,6.0,2,0.0,0.0,"[{""hasPlayed"": false, ""points"": null}, {""hasPlayed"": true, ""points"": 1}]",3,Oscar Højlund,-124411.0,-124411.0,-137088.0,-149079.0,-1571032.0,66168.0,6.38,1.027739251040222,0.0,0.6051437216338881,0.0,0.0,0.0,0.22692889561270801,10.0062,14.8889
10004,4,Younes,Ebnoutalib,15424765.0,221.0,2.0,2.0,2.0,11211.0,442.0,0,4,https://kickbase.b-cdn.net/content/file/0a607bef8a9448cabbf3308c90e0dc6f.png,11.0,1,28.0,117.0,"[{""hasPlayed"": true, ""points"": 138}, {""hasPlayed"": true, ""points"": 304}]",1,Younes Ebnoutalib,252963.0,252963.0,270779.0,274727.0,1877389.0,5632658.0,7.25,1.027739251040222,1.0,1.0,0.0,1.0,0.0,1.0,10.0062,74.557293
11186,4,Jeremiaha,Maluze,4574234.0,194.0,1.0,1.0,1.0,6161.0,194.0,0,2,https://kickbase.b-cdn.net/content/file/41180e5bf4d046fbb3c24268c49459cb.png,37.0,1,42.0,137.0,"[{""hasPlayed"": false, ""points"": null}, {""hasPlayed"": true, ""points"": 194}]",4,Jeremiaha Maluze,179684.0,179684.0,220778.0,281681.0,2172279.0,4074234.0,7.22,1.027739251040222,0.6896551724137931,0.0,0.0,0.0,0.0,0.3448275862068966,10.0062,25.603027
12284,4,Keita,Kosugi,9022677.0,59.0,2.0,2.0,2.0,11823.0,118.0,0,2,https://kickbase.b-cdn.net/content/file/4626c41eb1dd44d5b36bfde09dc9f229.png,26.0,2,13.0,7.0,"[{""hasPlayed"": true, ""points"": 54}, {""hasPlayed"": true, ""points"": 64}]",2,Keita Kosugi,-220037.0,-220037.0,-271575.0,-592092.0,-1963577.0,4031005.0,6.55,1.027739251040222,1.0,1.0,0.0,1.0,0.0,1.0,10.0062,67.358657
12285,4,Love,Arrhov,1194740.0,-6.0,1.0,1.0,0.0,944.0,-6.0,0,3,https://kickbase.b-cdn.net/content/file/02ec19133f8a43768226917be968f9f8.png,31.0,2,,4.0,"[{""hasPlayed"": false, ""points"": null}, {""hasPlayed"": true, ""points"": -6}]",5,Love Arrhov,-119743.0,-119743.0,-134501.0,-158610.0,-785556.0,-3924048.0,6.39,1.027739251040222,0.0,0.0,0.0,0.0,0.0,0.0,10.0062,0.0
12294,4,Ayoube,Amaimouni,8647859.0,41.0,2.0,2.0,1.0,6675.0,82.0,0,3,https://kickbase.b-cdn.net/content/file/5f68ec42f258435a8233881431dc3c75.png,29.0,1,9.0,45.0,"[{""hasPlayed"": true, ""points"": 9}, {""hasPlayed"": true, ""points"": 73}]",4,Ayoube Amaimouni,104229.0,104229.0,178075.0,197285.0,1166698.0,3883664.0,6.5,1.027739251040222,0.0,0.0,0.0,0.0,0.0,0.0,10.0062,0.0
14920,4,Malik,Pimpong,1926047.0,-6.0,2.0,2.0,0.0,2139.0,-12.0,2,4,https://kickbase.b-cdn.net/content/file/0800fc3bf36841cbb6450f1a83cf8ee3.png,35.0,2,,16.0,"[{""hasPlayed"": true, ""points"": -18}, {""hasPlayed"": true, ""points"": 6}]",5,Malik Pimpong,-133818.0,-133818.0,-126842.0,-147687.0,-623494.0,-4636168.0,6.35,1.027739251040222,0.0,0.0,0.0,0.0,0.0,0.0,10.0062,0.0
15589,4,,Otávio,5836295.0,-1.0,1.0,1.0,0.0,611.0,-1.0,0,2,https://kickbase.b-cdn.net/content/file/29d28defc06541cdb2d6e020dc443ca1.png,5.0,2,,0.0,"[{""hasPlayed"": false, ""points"": null}, {""hasPlayed"": true, ""points"": -1}]",4,Otávio,-386724.0,-386724.0,-392653.0,-411108.0,-2683584.0,629318.0,7.0,1.027739251040222,0.0,0.0,0.0,0.0,0.0,0.0,10.0062,0.0
16369,4,Raphael,Onyedika,12267170.0,61.0,2.0,2.0,2.0,11823.0,122.0,0,3,https://kickbase.b-cdn.net/content/file/4413ed18fac54a58a6e94d858ea72074.png,25.0,2,9.0,46.0,"[{""hasPlayed"": true, ""points"": 94}, {""hasPlayed"": true, ""points"": 28}]",1,Raphael Onyedika,-377868.0,-377868.0,-386328.0,-422629.0,-2663555.0,391322.0,7.4,1.027739251040222,1.0,1.0,0.0,1.0,0.0,1.0,10.0062,76.099857
17285,4,Lilian,Brassier,12817667.0,79.0,1.0,1.0,1.0,5662.0,79.0,0,2,https://kickbase.b-cdn.net/content/file/951b525cdfe04feaba0ac1724d5faf27.png,0.0,1,6.0,,"[{""hasPlayed"": true, ""points"": 79}, {""hasPlayed"": false, ""points"": null}]",1,Lilian Brassier,115584.0,115584.0,145325.0,152638.0,801826.0,12817667.0,6.3,1.027739251040222,1.0,1.0,0.0,1.0,0.0,1.0,10.0062,64.787716
60,18,Dominik,Kohr,5537824.0,96.0,1.0,1.0,1.0,4824.0,96.0,1,2,https://kickbase.b-cdn.net/content/file/fc6cb9d67771484baa8cd7547280f6cd.png,31.0,2,17.0,67.0,"[{""hasPlayed"": false, ""points"": null}, {""hasPlayed"": true, ""points"": 96}]",5,Dominik Kohr,-373671.0,-373671.0,-375001.0,-370983.0,-2619084.0,-2057456.0,8.15,1.7350901525658808,0.0,0.0,0.0,0.0,0.0,0.0,10.0062,0.0
550,18,Stefan,Bell,836879.0,,,,,,,0,2,https://kickbase.b-cdn.net/content/file/b5f9d86fa6414225acae1ed532dfb2e7.png,16.0,2,,0.0,"[{""hasPlayed"": false, ""points"": null}, {""hasPlayed"": false, ""points"": null}]",5,Stefan Bell,-11945.0,-11945.0,-39424.0,-105622.0,-493888.0,-2465590.0,0.0,1.7350901525658808,0.0,0.0,0.0,0.0,0.0,0.0,10.0062,0.0
620,18,Alexander,Schwolow,3194528.0,151.0,1.0,1.0,1.0,5624.0,151.0,0,1,https://kickbase.b-cdn.net/content/file/8c632c3299954c0f8703f77102907955.png,1.0,1,47.0,106.0,"[{""hasPlayed"": true, ""points"": 151}, {""hasPlayed"": false, ""points"": null}]",3,Alexander Schwolow,267305.0,267305.0,116231.0,37613.0,-105998.0,332831.0,7.2,1.7350901525658808,0.36511156186612576,0.31034482758620685,0.0,0.0,0.0,0.2989350912778904,10.0062,37.368066
1540,18,Danny,Da Costa,11067473.0,89.0,2.0,2.0,1.0,6462.0,178.0,0,2,https://kickbase.b-cdn.net/content/file/d7479cd684eb4636932e2e5651e92411.png,21.0,2,16.0,76.0,"[{""hasPlayed"": true, ""points"": 35}, {""hasPlayed"": true, ""points"": 143}]",3,Danny Da Costa,-172532.0,-172532.0,43668.0,112950.0,628280.0,3255310.0,7.39,1.7350901525658808,0.0,0.31034482758620685,0.0,0.0,0.0,0.11637931034482757,10.0062,14.931775
1590,18,Robin,Zentner,13157883.0,104.0,1.0,1.0,1.0,5731.0,104.0,2,1,https://kickbase.b-cdn.net/content/file/dad81a3053174c60b16a47385173f2d5.png,27.0,2,7.0,73.0,"[{""hasPlayed"": false, ""points"": null}, {""hasPlayed"": true, ""points"": 104}]",3,Robin Zentner,-639110.0,-639110.0,-575639.0,-438610.0,-1644943.0,1330486.0,7.22,1.7350901525658808,0.6348884381338742,0.6896551724137931,0.0,0.85,0.15,0.6823149087221095,10.0062,85.528978
1639,18,Nadiem,Amiri,34908291.0,170.0,2.0,2.0,2.0,11355.0,339.0,0,3,https://kickbase.b-cdn.net/content/file/7d4c71e7f54e4886a93df87cf4f3987c.png,10.0,1,9.0,3.0,"[{""hasPlayed"": true, ""points"": 172}, {""hasPlayed"": true, ""points"": 167}]",1,Nadiem Amiri,50071.0,50071.0,60782.0,65118.0,382679.0,2684736.0,7.97,1.7350901525658808,1.0,1.0,0.0,1.0,0.0,1.0,10.0062,138.372423
2006,18,Stefan,Posch,8707766.0,123.0,1.0,1.0,1.0,5299.0,123.0,0,2,https://kickbase.b-cdn.net/content/file/890290d8b9bd491fb3c624f1c57d47bd.png,4.0,1,14.0,86.0,"[{""hasPlayed"": true, ""points"": 123}, {""hasPlayed"": false, ""points"": null}]",3,Stefan Posch,83621.0,83621.0,112594.0,71234.0,-755410.0,358993.0,7.4,1.7350901525658808,1.0,0.6896551724137931,0.0,1.0,0.0,0.8836206896551724,10.0062,113.524297
2030,18,Phillip,Tietz,15708241.0,203.0,2.0,2.0,2.0,11355.0,406.0,0,4,https://kickbase.b-cdn.net/content/file/2acf94096d5443fcb6d70524c93fb74e.png,9.0,1,25.0,166.0,"[{""hasPlayed"": true, ""points"": 321}, {""hasPlayed"": true, ""points"": 85}]",1,Phillip Tietz,162557.0,162557.0,147724.0,-93970.0,534955.0,4609634.0,8.36,1.7350901525658808,1.0,1.0,0.0,1.0,0.0,1.0,10.0062,145.14347
2232,18,Philipp,Mwene,11545850.0,187.0,2.0,2.0,2.0,11355.0,373.0,0,2,https://kickbase.b-cdn.net/content/file/90c9ea6f2e3c49fd8dc4455a289facd0.png,2.0,1,32.0,163.0,"[{""hasPlayed"": true, ""points"": 302}, {""hasPlayed"": true, ""points"": 71}]",1,Philipp Mwene,227327.0,227327.0,226359.0,184222.0,916207.0,3515495.0,7.47,1.7350901525658808,1.0,1.0,0.0,1.0,0.0,1.0,10.0062,129.691593
2399,18,Lennard,Maloney,2226501.0,23.0,1.0,1.0,0.0,312.0,23.0,0,3,https://kickbase.b-cdn.net/content/file/8ae05919f4ae4c4a8ea0e0fdc6e08e32.png,15.0,2,10.0,16.0,"[{""hasPlayed"": true, ""points"": 23}, {""hasPlayed"": false, ""points"": null}]",5,Lennard Maloney,-162152.0,-162152.0,-167259.0,-29577.0,32054.0,-609036.0,0.0,1.7350901525658808,0.0,0.0,0.0,0.0,0.0,0.0,10.0062,0.0
2476,18,Jae-Sung,Lee,13482006.0,138.0,2.0,2.0,2.0,9397.0,276.0,0,3,https://kickbase.b-cdn.net/content/file/b0241527f3d94a8c976c749e2004944d.png,7.0,1,20.0,48.0,"[{""hasPlayed"": true, ""points"": 172}, {""hasPlayed"": true, ""points"": 104}]",1,Jae-Sung Lee,142779.0,142779.0,154228.0,158670.0,817433.0,5834406.0,6.68,1.7350901525658808,1.0,1.0,0.0,1.0,0.0,1.0,10.0062,115.975883
2646,18,Sheraldo,Becker,13780259.0,176.0,2.0,2.0,2.0,8198.0,351.0,0,4,https://kickbase.b-cdn.net/content/file/e279d94dff1f46ea8a7f16ea6656528c.png,23.0,1,25.0,178.0,"[{""hasPlayed"": true, ""points"": 302}, {""hasPlayed"": true, ""points"": 49}]",1,Sheraldo Becker,140075.0,140075.0,162755.0,44933.0,-895631.0,1498063.0,7.66,1.7350901525658808,1.0,1.0,0.0,1.0,0.0,1.0,10.0062,132.990309
2702,18,Eric,Martel,2345544.0,,,,,,,4,3,https://kickbase.b-cdn.net/content/file/8744ec1d907e4042b8afa0f7d030628c.png,5.0,2,,0.0,"[{""hasPlayed"": false, ""points"": null}, {""hasPlayed"": false, ""points"": null}]",5,Eric Martel,-102210.0,-102210.0,-108697.0,-101392.0,-675647.0,-5223237.0,0.0,1.7350901525658808,0.0,0.0,0.0,0.0,0.0,0.0,10.0062,0.0
2822,18,,Silas,680828.0,,,,,,,1,4,https://kickbase.b-cdn.net/content/file/c9d8809a21ab421eae753d788da8f8e3.png,26.0,2,,0.0,"[{""hasPlayed"": false, ""points"": null}, {""hasPlayed"": false, ""points"": null}]",5,Silas,-87764.0,-87764.0,-86995.0,-126564.0,-784799.0,-148456.0,0.0,1.7350901525658808,0.0,0.0,0.0,0.0,0.0,0.0,10.0062,0.0
2895,18,Paul,Nebel,3549698.0,,,,,,,1,3,https://kickbase.b-cdn.net/content/file/03b835615e0c4ae3850ce2970f9cec04.png,8.0,2,,0.0,"[{""hasPlayed"": false, ""points"": null}, {""hasPlayed"": false, ""points"": null}]",5,Paul Nebel,-90105.0,-90105.0,-89724.0,-85150.0,-663734.0,-6785999.0,0.0,1.7350901525658808,0.0,0.0,0.0,0.0,0.0,0.0,10.0062,0.0
3041,18,Silvan,Widmer,2647019.0,29.0,1.0,1.0,0.0,1324.0,29.0,2,2,https://kickbase.b-cdn.net/content/file/0c5f8e3a3a1145cfadc9fbe799559ed4.png,30.0,1,10.0,20.0,"[{""hasPlayed"": false, ""points"": null}, {""hasPlayed"": true, ""points"": 29}]",5,Silvan Widmer,217212.0,217212.0,222807.0,191713.0,793737.0,-975565.0,6.73,1.7350901525658808,0.0,0.0,0.0,0.0,0.0,0.0,10.0062,0.0
3318,18,Ransford,Königsdörffer,5269004.0,75.0,2.0,2.0,0.0,3160.0,149.0,0,4,https://kickbase.b-cdn.net/content/file/4f3abfff728148fda062801c5af46204.png,11.0,1,28.0,81.0,"[{""hasPlayed"": true, ""points"": 132}, {""hasPlayed"": true, ""points"": 17}]",5,Ransford Königsdörffer,276209.0,276209.0,272269.0,119770.0,406677.0,-954066.0,6.86,1.7350901525658808,0.0,0.0,0.0,0.0,0.0,0.0,10.0062,0.0
3470,18,Anthony,Caci,12889505.0,108.0,2.0,2.0,2.0,9298.0,216.0,0,2,https://kickbase.b-cdn.net/content/file/5bb349b2622049a7aa73a59edcec1781.png,19.0,1,16.0,22.0,"[{""hasPlayed"": true, ""points"": 92}, {""hasPlayed"": true, ""points"": 124}]",1,Anthony Caci,93094.0,93094.0,116871.0,137277.0,827420.0,5964845.0,7.53,1.7350901525658808,1.0,1.0,0.0,1.0,0.0,1.0,10.0062,130.733293
6111,18,Benedict,Hollerbach,2067699.0,,,,,,,0,4,https://kickbase.b-cdn.net/content/file/212f0c9603f04c869640c40bdbb0a396.png,17.0,2,,0.0,"[{""hasPlayed"": false, ""points"": null}, {""hasPlayed"": false, ""points"": null}]",5,Benedict Hollerbach,-100507.0,-100507.0,-111707.0,-113080.0,-697297.0,-1839872.0,0.0,1.7350901525658808,0.0,0.0,0.0,0.0,0.0,0.0,10.0062,0.0
8307,18,Kaishu,Sano,18378374.0,157.0,2.0,2.0,2.0,11042.0,313.0,0,3,https://kickbase.b-cdn.net/content/file/aa2bb0e7fba5493db89b7b6646147ddc.png,6.0,1,17.0,33.0,"[{""hasPlayed"": true, ""points"": 180}, {""hasPlayed"": true, ""points"": 133}]",1,Kaishu Sano,148685.0,148685.0,162465.0,165650.0,916954.0,4737833.0,7.22,1.7350901525658808,1.0,1.0,0.0,1.0,0.0,1.0,10.0062,125.351179
10122,18,Fabio,Gruber,12390670.0,159.0,2.0,2.0,2.0,11355.0,317.0,0,2,https://kickbase.b-cdn.net/content/file/278ee138191a434c98f6a644a68e553c.png,3.0,1,25.0,40.0,"[{""hasPlayed"": true, ""points"": 187}, {""hasPlayed"": true, ""points"": 130}]",2,Fabio Gruber,228023.0,228023.0,227838.0,191811.0,1082892.0,288588.0,7.61,1.7350901525658808,1.0,1.0,0.0,1.0,0.0,1.0,10.0062,132.122226
11261,18,Sota,Kawasaki,2342969.0,,,,,,,0,3,https://kickbase.b-cdn.net/content/file/4678b1fe37904abeb5122cf3927324dc.png,24.0,2,,0.0,"[{""hasPlayed"": false, ""points"": null}, {""hasPlayed"": false, ""points"": null}]",5,Sota Kawasaki,-137346.0,-137346.0,-137804.0,-146775.0,-942693.0,-1695051.0,0.0,1.7350901525658808,0.0,0.0,0.0,0.0,0.0,0.0,10.0062,0.0
11665,18,Kacper,Potulski,7131884.0,79.0,2.0,2.0,1.0,6531.0,158.0,0,2,https://kickbase.b-cdn.net/content/file/b1ee33c0ce864060a4d44adf70936760.png,48.0,1,22.0,72.0,"[{""hasPlayed"": true, ""points"": 130}, {""hasPlayed"": true, ""points"": 28}]",2,Kacper Potulski,369771.0,369771.0,382502.0,391212.0,2318047.0,-774047.0,6.87,1.7350901525658808,1.0,1.0,0.0,1.0,0.0,1.0,10.0062,119.274598
11666,18,Maximilian,Kinzig,500000.0,,,,,,,0,1,https://kickbase.b-cdn.net/content/file/7add439bbfdf4921bf609edc2ed32e8e.png,40.0,0,,,"[{""hasPlayed"": false, ""points"": null}, {""hasPlayed"": false, ""points"": null}]",5,Maximilian Kinzig,0.0,0.0,0.0,0.0,0.0,0.0,0.0,1.7350901525658808,0.0,0.0,0.0,0.0,0.0,0.0,10.0062,0.0
13438,18,Otto,Ruoppi,1367636.0,19.0,2.0,2.0,0.0,1953.0,38.0,0,3,https://kickbase.b-cdn.net/content/file/87f2fcbedcfd4094b1aa3112efb54de3.png,20.0,2,27.0,5.0,"[{""hasPlayed"": true, ""points"": 23}, {""hasPlayed"": true, ""points"": 15}]",5,Otto Ruoppi,-85188.0,-85188.0,-118645.0,-105022.0,-423825.0,-3889009.0,7.19,1.7350901525658808,0.0,0.0,0.0,0.0,0.0,0.0,10.0062,0.0
17179,18,Rael-Tshimbela,Nakuzola,1458748.0,23.0,1.0,1.0,0.0,324.0,23.0,0,2,https://kickbase.b-cdn.net/content/file/6c0a23ba3672480f9163c215c36670c8.png,47.0,2,15.0,16.0,"[{""hasPlayed"": true, ""points"": 23}, {""hasPlayed"": false, ""points"": null}]",5,Rael-Tshimbela Nakuzola,-132095.0,-132095.0,-147734.0,-190443.0,-778971.0,1458748.0,0.0,1.7350901525658808,0.0,0.0,0.0,0.0,0.0,0.0,10.0062,0.0
168,29,Sven,Michel,1937595.0,,,,,,,4,4,https://kickbase.b-cdn.net/content/file/e03c92ddb64b4dfaa85fddc8832168ef.png,11.0,1,,0.0,"[{""hasPlayed"": false, ""points"": null}, {""hasPlayed"": false, ""points"": null}]",5,Sven Michel,206383.0,206383.0,239599.0,255307.0,1400164.0,-1693253.0,0.0,0.41152049818370523,0.0,0.0,0.0,0.0,0.0,0.0,10.0062,0.0
1964,29,Felix,Götze,4155360.0,,,,,,,0,2,https://kickbase.b-cdn.net/content/file/211c165645f84bc08e3bac17e3ba0dcf.png,20.0,2,,0.0,"[{""hasPlayed"": false, ""points"": null}, {""hasPlayed"": false, ""points"": null}]",4,Felix Götze,-105634.0,-105634.0,-120749.0,-119325.0,-1325085.0,-2852400.0,0.0,0.41152049818370523,0.0,0.0,0.0,0.0,0.0,0.0,10.0062,0.0
2015,29,Raphael,Obermair,9369388.0,70.0,2.0,2.0,2.0,11454.0,140.0,0,3,https://kickbase.b-cdn.net/content/file/0d9820e6e0904252b629770883bf6ed2.png,23.0,1,14.0,28.0,"[{""hasPlayed"": true, ""points"": 50}, {""hasPlayed"": true, ""points"": 90}]",1,Raphael Obermair,240017.0,240017.0,263505.0,230460.0,1175792.0,600324.0,6.74,0.41152049818370523,1.0,1.0,0.0,1.0,0.0,1.0,10.0062,27.753678
2301,29,Oliver,Batista Meier,4176598.0,-11.0,1.0,1.0,0.0,1233.0,-11.0,0,3,https://kickbase.b-cdn.net/content/file/80153ba03a7849fdae3b398764d24b18.png,7.0,2,,7.0,"[{""hasPlayed"": true, ""points"": -11}, {""hasPlayed"": false, ""points"": null}]",4,Oliver Batista Meier,-144518.0,-144518.0,-143403.0,-145788.0,-1311015.0,-1617941.0,6.81,0.41152049818370523,0.0,0.0,0.0,0.0,0.0,0.0,10.0062,0.0
2471,29,Markus,Schubert,1485266.0,,,,,,,0,1,https://kickbase.b-cdn.net/content/file/1602a8ef777540f4ac5390f258ed237c.png,1.0,2,,0.0,"[{""hasPlayed"": false, ""points"": null}, {""hasPlayed"": false, ""points"": null}]",5,Markus Schubert,-151296.0,-151296.0,-150688.0,-146470.0,-1017126.0,-2735406.0,0.0,0.41152049818370523,0.0,0.0,0.0,0.0,0.0,0.0,10.0062,0.0
2498,29,Tom,Baack,1772402.0,12.0,1.0,1.0,0.0,1187.0,12.0,0,3,https://kickbase.b-cdn.net/content/file/e009e7eb6946411f8f86641cb56174fe.png,6.0,2,6.0,8.0,"[{""hasPlayed"": false, ""points"": null}, {""hasPlayed"": true, ""points"": 12}]",5,Tom Baack,-135150.0,-135150.0,-141893.0,-148283.0,-875273.0,-3574553.0,0.0,0.41152049818370523,0.0,0.0,0.0,0.0,0.0,0.0,10.0062,0.0
2749,29,Steffen,Tigges,3907460.0,36.0,2.0,2.0,0.0,4618.0,71.0,0,4,https://kickbase.b-cdn.net/content/file/10d7abeb491e42818537662e1ceba8d1.png,27.0,2,18.0,4.0,"[{""hasPlayed"": true, ""points"": 39}, {""hasPlayed"": true, ""points"": 32}]",4,Steffen Tigges,-127182.0,-127182.0,-137283.0,-151144.0,-491047.0,3032985.0,6.44,0.41152049818370523,0.2723146747352497,0.0,0.0,0.0,0.0,0.13615733736762484,10.0062,3.610668
2977,29,Nahuel,Noll,13220800.0,112.0,2.0,2.0,2.0,11454.0,224.0,0,1,https://kickbase.b-cdn.net/content/file/48b2c904ac8c41fdaa5c9503ba6e81ca.png,15.0,1,16.0,1.0,"[{""hasPlayed"": true, ""points"": 113}, {""hasPlayed"": true, ""points"": 111}]",1,Nahuel Noll,32310.0,32310.0,49284.0,19174.0,105324.0,1803077.0,8.26,0.41152049818370523,1.0,1.0,0.0,1.0,0.0,1.0,10.0062,34.012668
3027,29,Marvin,Pieringer,4455045.0,33.0,2.0,2.0,2.0,10532.0,65.0,0,4,https://kickbase.b-cdn.net/content/file/599aac2ada574e618a4b2ef6956cd9b3.png,18.0,1,14.0,98.0,"[{""hasPlayed"": true, ""points"": 1}, {""hasPlayed"": true, ""points"": 64}]",1,Marvin Pieringer,101939.0,101939.0,143787.0,184087.0,1494670.0,3210528.0,6.15,0.41152049818370523,1.0,1.0,0.0,1.0,0.0,1.0,10.0062,25.324202
3081,29,Gabriel,Vidović,7013085.0,37.0,2.0,2.0,2.0,11454.0,74.0,0,3,https://kickbase.b-cdn.net/content/file/cbf9ad550a164e0392e43ae723e2d83d.png,40.0,2,10.0,49.0,"[{""hasPlayed"": true, ""points"": 2}, {""hasPlayed"": true, ""points"": 72}]",1,Gabriel Vidović,-352548.0,-352548.0,-404064.0,-468635.0,-1071958.0,6513085.0,6.69,0.41152049818370523,1.0,1.0,0.0,1.0,0.0,1.0,10.0062,27.54779
3336,29,Stefano,Marino,4652849.0,16.0,2.0,2.0,1.0,4820.0,31.0,0,4,https://kickbase.b-cdn.net/content/file/197aeeb1c0994cb68e398212e6941782.png,30.0,2,6.0,27.0,"[{""hasPlayed"": true, ""points"": -4}, {""hasPlayed"": true, ""points"": 35}]",4,Stefano Marino,-135918.0,-135918.0,-356265.0,-361699.0,-2044394.0,-3414210.0,6.62,0.41152049818370523,0.12254160363086235,0.0,0.0,0.0,0.0,0.061270801815431174,10.0062,1.670214
3491,29,Sebastian,Klaas,1574955.0,,,,,,,0,3,https://kickbase.b-cdn.net/content/file/889217c751e5403eaf39162d4dc54b9a.png,26.0,2,,0.0,"[{""hasPlayed"": false, ""points"": null}, {""hasPlayed"": false, ""points"": null}]",5,Sebastian Klaas,-144502.0,-144502.0,-150660.0,-166476.0,-893341.0,1074955.0,0.0,0.41152049818370523,0.0,0.0,0.0,0.0,0.0,0.0,10.0062,0.0
3492,29,Marcel,Hoffmeier,3352818.0,,,,,,,0,2,https://kickbase.b-cdn.net/content/file/b4ad73b6a3334bf8a2efdbe5b1d7e19c.png,33.0,2,,0.0,"[{""hasPlayed"": false, ""points"": null}, {""hasPlayed"": false, ""points"": null}]",5,Marcel Hoffmeier,-139428.0,-139428.0,-143698.0,-142613.0,-959726.0,-3017871.0,0.0,0.41152049818370523,0.0,0.0,0.0,0.0,0.0,0.0,10.0062,0.0
3559,29,Laurin,Ulrich,6807055.0,62.0,2.0,2.0,2.0,9033.0,123.0,0,3,https://kickbase.b-cdn.net/content/file/bd6e7a7bc0ff4f5397cce0a6fb3864fa.png,28.0,2,18.0,24.0,"[{""hasPlayed"": true, ""points"": 79}, {""hasPlayed"": true, ""points"": 44}]",2,Laurin Ulrich,-243917.0,-243917.0,-277946.0,-311780.0,-1266184.0,6307055.0,6.69,0.41152049818370523,1.0,1.0,0.0,1.0,0.0,1.0,10.0062,27.54779
6197,29,Laurin,Curda,10793951.0,101.0,2.0,2.0,2.0,11454.0,202.0,0,2,https://kickbase.b-cdn.net/content/file/ba195e9442954a30a3835950c99832a5.png,17.0,1,18.0,121.0,"[{""hasPlayed"": true, ""points"": 15}, {""hasPlayed"": true, ""points"": 187}]",1,Laurin Curda,11765.0,11765.0,38552.0,54388.0,511588.0,-726915.0,7.61,0.41152049818370523,1.0,1.0,0.0,1.0,0.0,1.0,10.0062,31.336126
6217,29,Rayan,Philippe,3893678.0,13.0,2.0,2.0,1.0,3106.0,26.0,0,4,https://kickbase.b-cdn.net/content/file/585c2df9602d47268fb6aaf32245792c.png,9.0,1,6.0,19.0,"[{""hasPlayed"": true, ""points"": 27}, {""hasPlayed"": true, ""points"": -1}]",2,Rayan Philippe,381773.0,381773.0,333997.0,309114.0,1881470.0,-323951.0,6.6,0.41152049818370523,0.6051437216338881,1.0,0.0,1.0,0.0,0.8025718608169441,10.0062,21.81165
6292,29,Mattes,Hansen,6247571.0,58.0,2.0,2.0,2.0,9931.0,116.0,0,2,https://kickbase.b-cdn.net/content/file/c747e1ad35ed44f4afbc5de1075d8bf1.png,22.0,1,18.0,8.0,"[{""hasPlayed"": true, ""points"": 52}, {""hasPlayed"": true, ""points"": 64}]",2,Mattes Hansen,302768.0,302768.0,312792.0,309326.0,1939519.0,3060306.0,7.09,0.41152049818370523,1.0,1.0,0.0,1.0,0.0,1.0,10.0062,29.194893
6751,29,Florian,Pruhs,1829072.0,,,,,,,0,1,https://kickbase.b-cdn.net/content/file/3878770830244658b3841f0074466ab7.png,31.0,2,,0.0,"[{""hasPlayed"": false, ""points"": null}, {""hasPlayed"": false, ""points"": null}]",5,Florian Pruhs,-146642.0,-146642.0,-151613.0,-154600.0,-1054861.0,-380587.0,0.0,0.41152049818370523,0.0,0.0,0.0,0.0,0.0,0.0,10.0062,0.0
7320,29,Tjark,Scheller,9257908.0,105.0,2.0,2.0,2.0,11454.0,209.0,0,2,https://kickbase.b-cdn.net/content/file/06f63d14a0f4493faf04f78ea6aa5f10.png,25.0,1,22.0,40.0,"[{""hasPlayed"": true, ""points"": 76}, {""hasPlayed"": true, ""points"": 133}]",1,Tjark Scheller,281034.0,281034.0,330836.0,339831.0,2071725.0,1805189.0,7.48,0.41152049818370523,1.0,1.0,0.0,1.0,0.0,1.0,10.0062,30.800818
7616,29,Jano,ter Horst,9982739.0,91.0,2.0,2.0,2.0,10714.0,181.0,0,2,https://kickbase.b-cdn.net/content/file/a931e1f10bb84a9bb35b795a7857b8ee.png,21.0,1,18.0,74.0,"[{""hasPlayed"": true, ""points"": 38}, {""hasPlayed"": true, ""points"": 143}]",1,Jano ter Horst,177918.0,177918.0,237036.0,266891.0,1645473.0,4495379.0,7.06,0.41152049818370523,1.0,1.0,0.0,1.0,0.0,1.0,10.0062,29.07136
8292,29,Santiago,Castañeda,10219958.0,86.0,2.0,2.0,2.0,11454.0,171.0,0,3,https://kickbase.b-cdn.net/content/file/37ddcd7042414ce59c844f52d87ee300.png,5.0,1,16.0,21.0,"[{""hasPlayed"": true, ""points"": 70}, {""hasPlayed"": true, ""points"": 101}]",1,Santiago Castañeda,266937.0,266937.0,283091.0,263825.0,1563671.0,1454773.0,7.45,0.41152049818370523,1.0,1.0,0.0,1.0,0.0,1.0,10.0062,30.677285
8872,29,Jonah,Sticker,3004536.0,8.0,2.0,2.0,0.0,1936.0,15.0,0,2,https://kickbase.b-cdn.net/content/file/74f3dad539cd4e30aabca849e8e8bc64.png,3.0,2,4.0,19.0,"[{""hasPlayed"": true, ""points"": -6}, {""hasPlayed"": true, ""points"": 21}]",4,Jonah Sticker,-132826.0,-132826.0,-133140.0,-137193.0,-871184.0,-577450.0,6.84,0.41152049818370523,0.0,0.0,0.0,0.0,0.0,0.0,10.0062,0.0
8984,29,Nyamekye,Awortwie-Grant,883812.0,,,,,,,1,2,https://kickbase.b-cdn.net/content/file/6b0e71018bd542b0b17a0e0a3e9058ac.png,4.0,2,,0.0,"[{""hasPlayed"": false, ""points"": null}, {""hasPlayed"": false, ""points"": null}]",5,Nyamekye Awortwie-Grant,-133452.0,-133452.0,-145144.0,-159897.0,-980303.0,251633.0,0.0,0.41152049818370523,0.0,0.0,0.0,0.0,0.0,0.0,10.0062,0.0
9283,29,Deniz,Zeitler,2413339.0,,,,,,,0,4,https://kickbase.b-cdn.net/content/file/cde6a72f67e043e0b1b56ac70e3f9c19.png,38.0,2,,0.0,"[{""hasPlayed"": false, ""points"": null}, {""hasPlayed"": false, ""points"": null}]",5,Deniz Zeitler,-154715.0,-154715.0,-162199.0,-164958.0,-1019941.0,1913339.0,0.0,0.41152049818370523,0.0,0.0,0.0,0.0,0.0,0.0,10.0062,0.0
10048,29,Luka,Duric,1610189.0,,,,,,,0,3,https://kickbase.b-cdn.net/content/file/fdce53ba9bff4a39b30dda997ad991ee.png,8.0,2,,0.0,"[{""hasPlayed"": false, ""points"": null}, {""hasPlayed"": false, ""points"": null}]",5,Luka Duric,-139377.0,-139377.0,-149156.0,-154977.0,-947979.0,-3688462.0,0.0,0.41152049818370523,0.0,0.0,0.0,0.0,0.0,0.0,10.0062,0.0
11170,29,Ruben,Müller,2476455.0,,,,,,,0,3,https://kickbase.b-cdn.net/content/file/30dea41b80454a638771929f17e0d368.png,2.0,2,,0.0,"[{""hasPlayed"": false, ""points"": null}, {""hasPlayed"": false, ""points"": null}]",5,Ruben Müller,-146228.0,-146228.0,-157170.0,-155230.0,-1003794.0,521507.0,0.0,0.41152049818370523,0.0,0.0,0.0,0.0,0.0,0.0,10.0062,0.0
12262,29,Albert Frank,Millgramm,2584725.0,,,,,,,0,4,https://kickbase.b-cdn.net/content/file/0635ef3343fb4b138fd946cc4a199637.png,19.0,2,,0.0,"[{""hasPlayed"": false, ""points"": null}, {""hasPlayed"": false, ""points"": null}]",5,Albert Frank Millgramm,-156880.0,-156880.0,-148470.0,-147304.0,-965396.0,-3115007.0,0.0,0.41152049818370523,0.0,0.0,0.0,0.0,0.0,0.0,10.0062,0.0
14911,29,Clemens,Lippmann,2221536.0,2.0,1.0,1.0,0.0,182.0,2.0,0,2,https://kickbase.b-cdn.net/content/file/7462061e1e7843ffb7efaa2fe7e2b5f5.png,29.0,1,0.0,1.0,"[{""hasPlayed"": false, ""points"": null}, {""hasPlayed"": true, ""points"": 2}]",5,Clemens Lippmann,257607.0,257607.0,295071.0,295483.0,1532625.0,-1151855.0,0.0,0.41152049818370523,0.0,0.0,0.0,0.0,0.0,0.0,10.0062,0.0
14914,29,Timur,Gayret,500000.0,,,,,,,1,3,https://kickbase.b-cdn.net/content/file/174077d2fba447fbb8a0e46a12d28245.png,44.0,2,,0.0,"[{""hasPlayed"": false, ""points"": null}, {""hasPlayed"": false, ""points"": null}]",5,Timur Gayret,-36782.0,-36782.0,-120824.0,-168826.0,-420920.0,0.0,0.0,0.41152049818370523,0.0,0.0,0.0,0.0,0.0,0.0,10.0062,0.0
1225,43,Leopold,Zingerle,500000.0,,,,,,,0,1,https://kickbase.b-cdn.net/content/file/d257ae98474e45c4ad7082fbe5adde82.png,25.0,0,,0.0,"[{""hasPlayed"": false, ""points"": null}, {""hasPlayed"": false, ""points"": null}]",5,Leopold Zingerle,0.0,0.0,0.0,0.0,0.0,0.0,0.0,2.2488089887640452,0.0,0.0,0.0,0.0,0.0,0.0,10.0062,0.0
1246,43,Willi,Orban,30067795.0,144.0,2.0,2.0,2.0,11814.0,287.0,0,2,https://kickbase.b-cdn.net/content/file/1f7999ae3a674c74ac9b8d4f00ed1028.png,4.0,2,9.0,38.0,"[{""hasPlayed"": true, ""points"": 116}, {""hasPlayed"": true, ""points"": 171}]",3,Willi Orban,-286752.0,-286752.0,-24918.0,1563.0,-769455.0,-574293.0,7.67,2.2488089887640452,1.0,0.6896551724137931,0.0,1.0,0.0,0.8836206896551724,10.0062,152.504616
1333,43,Lukas,Klostermann,743442.0,,,,,,,0,2,https://kickbase.b-cdn.net/content/file/91ea3cbf0389453ca1c0add22d52e089.png,16.0,2,,0.0,"[{""hasPlayed"": false, ""points"": null}, {""hasPlayed"": false, ""points"": null}]",5,Lukas Klostermann,39764.0,39764.0,-9830.0,-63244.0,-188155.0,-2983204.0,0.0,2.2488089887640452,0.0,0.0,0.0,0.0,0.0,0.0,10.0062,0.0
1689,43,Benjamin,Henrichs,4473663.0,34.0,1.0,1.0,0.0,1393.0,34.0,0,2,https://kickbase.b-cdn.net/content/file/c091f35a668e446caa75ecc93b1084dd.png,39.0,2,7.0,24.0,"[{""hasPlayed"": false, ""points"": null}, {""hasPlayed"": true, ""points"": 34}]",4,Benjamin Henrichs,-77075.0,-77075.0,-97482.0,-114569.0,-1337356.0,-1397659.0,6.68,2.2488089887640452,0.0,0.0,0.0,0.0,0.0,0.0,10.0062,0.0
1728,43,Örjan,Nyland,2128164.0,,,,,,,0,1,https://kickbase.b-cdn.net/content/file/361c8899e8db48868bb66d49e2cd4d2d.png,1.0,2,,0.0,"[{""hasPlayed"": false, ""points"": null}, {""hasPlayed"": false, ""points"": null}]",5,Örjan Nyland,-141139.0,-141139.0,-141255.0,-147042.0,-1006554.0,253873.0,0.0,2.2488089887640452,0.0,0.0,0.0,0.0,0.0,0.0,10.0062,0.0
2141,43,Ridle ,Baku,20963667.0,236.0,2.0,2.0,2.0,10421.0,471.0,0,2,https://kickbase.b-cdn.net/content/file/938a124759354a928af165b155e6925a.png,17.0,1,22.0,3.0,"[{""hasPlayed"": true, ""points"": 238}, {""hasPlayed"": true, ""points"": 233}]",2,Ridle  Baku,225427.0,225427.0,231590.0,254314.0,1520020.0,1454651.0,7.6,2.2488089887640452,1.0,1.0,0.0,1.0,0.0,1.0,10.0062,171.015447
2275,43,Christoph,Baumgartner,10473988.0,,,,,,,4,3,https://kickbase.b-cdn.net/content/file/de86594ccecb4a7899a87cdd662e1a9c.png,14.0,2,,0.0,"[{""hasPlayed"": false, ""points"": null}, {""hasPlayed"": false, ""points"": null}]",5,Christoph Baumgartner,-464777.0,-464777.0,-457184.0,-423013.0,-3186149.0,-9284035.0,0.0,2.2488089887640452,0.0,0.0,0.0,0.0,0.0,0.0,10.0062,0.0
2522,43,David,Raum,34880301.0,128.0,2.0,2.0,2.0,11814.0,255.0,0,2,https://kickbase.b-cdn.net/content/file/ff40a7c5554548ee8a8a51168c408d77.png,22.0,1,7.0,30.0,"[{""hasPlayed"": true, ""points"": 106}, {""hasPlayed"": true, ""points"": 149}]",1,David Raum,2284.0,2284.0,8369.0,22162.0,127638.0,2042808.0,7.11,2.2488089887640452,1.0,1.0,0.0,1.0,0.0,1.0,10.0062,159.989451
2687,43,Christopher,Nkunku,26058783.0,94.0,2.0,2.0,1.0,7080.0,187.0,0,4,https://kickbase.b-cdn.net/content/file/bf619920e0d34e138aa57fe52dbcde21.png,28.0,1,7.0,24.0,"[{""hasPlayed"": true, ""points"": 76}, {""hasPlayed"": true, ""points"": 111}]",2,Christopher Nkunku,70744.0,70744.0,65002.0,78671.0,618253.0,-13488838.0,6.83,2.2488089887640452,1.0,1.0,0.0,1.0,0.0,1.0,10.0062,153.688882
2897,43,Rocco,Reitz,9865946.0,208.0,1.0,1.0,1.0,5072.0,208.0,1,3,https://kickbase.b-cdn.net/content/file/4186115eb899498fbec64508ec48475c.png,20.0,2,21.0,147.0,"[{""hasPlayed"": false, ""points"": null}, {""hasPlayed"": true, ""points"": 208}]",5,Rocco Reitz,-631181.0,-631181.0,-599971.0,-618962.0,-4114189.0,-3873899.0,7.17,2.2488089887640452,0.0,0.0,0.0,0.0,0.0,0.0,10.0062,0.0
4596,43,Brajan,Gruda,21136058.0,128.0,1.0,1.0,1.0,4446.0,128.0,0,3,https://kickbase.b-cdn.net/content/file/fc98ceda9d134bd09d5526a600465611.png,10.0,2,6.0,90.0,"[{""hasPlayed"": false, ""points"": null}, {""hasPlayed"": true, ""points"": 128}]",3,Brajan Gruda,-263523.0,-263523.0,-258719.0,-61377.0,-492033.0,5108537.0,8.02,2.2488089887640452,0.6896551724137931,0.6896551724137931,0.0,0.0,0.0,0.603448275862069,10.0062,108.902078
6104,43,Marc,Guiu,9093965.0,-13.0,1.0,1.0,0.0,1327.0,-13.0,0,4,https://kickbase.b-cdn.net/content/file/89d3dea2dc2f4834a2c84a269d63745f.png,0.0,2,,,"[{""hasPlayed"": true, ""points"": -13}, {""hasPlayed"": false, ""points"": null}]",3,Marc Guiu,-368878.0,-368878.0,-465229.0,-526259.0,-1320821.0,9093965.0,6.4,2.2488089887640452,0.0,0.2723146747352496,0.0,0.0,0.0,0.1021180030257186,10.0062,14.706321
6176,43,Nicolas,Seiwald,18877814.0,82.0,2.0,2.0,2.0,11814.0,164.0,0,3,https://kickbase.b-cdn.net/content/file/5320dfb79fb348369e61599e552840b0.png,13.0,2,8.0,38.0,"[{""hasPlayed"": true, ""points"": 55}, {""hasPlayed"": true, ""points"": 109}]",1,Nicolas Seiwald,-108226.0,-108226.0,2964.0,23386.0,172160.0,3431310.0,6.8,2.2488089887640452,1.0,1.0,0.0,1.0,0.0,1.0,10.0062,153.013821
6300,43,Assan,Ouédraogo,9544322.0,,,,,,,0,3,https://kickbase.b-cdn.net/content/file/44f5198b463047fc88626d9698f3a2d0.png,8.0,1,,0.0,"[{""hasPlayed"": false, ""points"": null}, {""hasPlayed"": false, ""points"": null}]",5,Assan Ouédraogo,270829.0,270829.0,294344.0,258632.0,820295.0,-11017061.0,0.0,2.2488089887640452,0.0,0.0,0.0,0.0,0.0,0.0,10.0062,0.0
7224,43,Lukeba,Castello Jr.,20914069.0,199.0,1.0,1.0,1.0,5846.0,199.0,0,2,https://kickbase.b-cdn.net/content/file/52117c9891144d3998de1b87b91ca123.png,23.0,1,9.0,140.0,"[{""hasPlayed"": false, ""points"": null}, {""hasPlayed"": true, ""points"": 199}]",3,Lukeba Castello Jr.,-6265.0,-6265.0,23213.0,56623.0,352352.0,117057.0,7.43,2.2488089887640452,0.6896551724137931,0.5243757431629013,0.0,0.0,0.0,0.5414684898929846,10.0062,90.528172
7239,43,Max,Finkgräfe,3185576.0,,,,,,,0,2,https://kickbase.b-cdn.net/content/file/14ced344f69a48a5aeed3cbdcd5938da.png,35.0,2,,0.0,"[{""hasPlayed"": false, ""points"": null}, {""hasPlayed"": false, ""points"": null}]",5,Max Finkgräfe,-129565.0,-129565.0,-132644.0,-139677.0,-915292.0,-34356.0,6.84,2.2488089887640452,0.0,0.0,0.0,0.0,0.0,0.0,10.0062,0.0
8061,43,Johan,Bakayoko,7646420.0,24.0,2.0,2.0,1.0,5355.0,48.0,0,4,https://kickbase.b-cdn.net/content/file/1b1b3bd47f834642b2d8169d2b018ec2.png,11.0,2,6.0,12.0,"[{""hasPlayed"": true, ""points"": 33}, {""hasPlayed"": true, ""points"": 15}]",3,Johan Bakayoko,-257960.0,-257960.0,-263311.0,-284969.0,-1594179.0,291925.0,6.35,2.2488089887640452,0.3103448275862069,0.1225416036308623,0.0,1.0,0.0,0.3261255151546768,10.0062,46.599392
8227,43,Maarten,Vandevoordt,16763162.0,109.0,2.0,2.0,2.0,11814.0,218.0,0,1,https://kickbase.b-cdn.net/content/file/1aa808600ddb4c5b9883e7caedba5966.png,26.0,2,13.0,110.0,"[{""hasPlayed"": true, ""points"": 31}, {""hasPlayed"": true, ""points"": 187}]",1,Maarten Vandevoordt,-321138.0,-321138.0,-206293.0,-103269.0,-574996.0,2335583.0,6.99,2.2488089887640452,1.0,1.0,0.0,1.0,0.0,1.0,10.0062,157.289207
9507,43,Antonio,Nusa,27136490.0,146.0,2.0,2.0,2.0,11023.0,291.0,0,3,https://kickbase.b-cdn.net/content/file/9a7ea9c911e04f9e9cf0fa6c4b57ca54.png,7.0,1,10.0,113.0,"[{""hasPlayed"": true, ""points"": 65}, {""hasPlayed"": true, ""points"": 226}]",1,Antonio Nusa,67029.0,67029.0,60202.0,84200.0,578361.0,2546334.0,7.37,2.2488089887640452,1.0,1.0,0.0,1.0,0.0,1.0,10.0062,165.83998
9776,43,Andrija,Maksimovic,4326481.0,84.0,1.0,1.0,0.0,791.0,84.0,0,3,https://kickbase.b-cdn.net/content/file/4b987894fd8842a69a0341460d5ebc51.png,30.0,1,19.0,59.0,"[{""hasPlayed"": true, ""points"": 84}, {""hasPlayed"": false, ""points"": null}]",3,Andrija Maksimovic,374018.0,374018.0,351471.0,214872.0,790600.0,83665.0,6.8,2.2488089887640452,0.0,0.31034482758620685,0.0,0.0,0.0,0.11637931034482757,10.0062,17.807643
10113,43,Tidiam,Gomis,10058770.0,93.0,2.0,2.0,1.0,5954.0,186.0,0,4,https://kickbase.b-cdn.net/content/file/6fdc632f20f64bac905749a9c2b23a86.png,27.0,1,18.0,117.0,"[{""hasPlayed"": true, ""points"": 10}, {""hasPlayed"": true, ""points"": 176}]",3,Tidiam Gomis,280369.0,280369.0,311274.0,332757.0,2244563.0,4576215.0,6.44,2.2488089887640452,0.6896551724137931,0.6051437216338881,0.0,0.0,0.0,0.5717564818196046,10.0062,82.854998
11008,43,Ezechiel,Banzuzi,11804858.0,65.0,2.0,2.0,2.0,11042.0,129.0,0,3,https://kickbase.b-cdn.net/content/file/a9c36464a61049d0b9acd73d6c4e9c96.png,6.0,1,10.0,54.0,"[{""hasPlayed"": true, ""points"": 26}, {""hasPlayed"": true, ""points"": 103}]",3,Ezechiel Banzuzi,-66063.0,-66063.0,35444.0,109523.0,750815.0,7777559.0,6.89,2.2488089887640452,1.0,0.6896551724137931,0.0,1.0,0.0,0.8836206896551724,10.0062,136.995672
11886,43,,Rômulo,10013078.0,,,,,,,0,4,https://kickbase.b-cdn.net/content/file/040691ff56a547f291aae153a0681fac.png,40.0,2,,0.0,"[{""hasPlayed"": false, ""points"": null}, {""hasPlayed"": false, ""points"": null}]",4,Rômulo,-493983.0,-493983.0,-549713.0,-542506.0,-3943329.0,-9650932.0,0.0,2.2488089887640452,0.0,0.0,0.0,0.0,0.0,0.0,10.0062,0.0
14249,43,Neil,El Aynaoui,12487894.0,45.0,1.0,1.0,1.0,4640.0,45.0,0,3,https://kickbase.b-cdn.net/content/file/ae7c14cb829b461a81b00042ef20e8c6.png,21.0,2,3.0,,"[{""hasPlayed"": true, ""points"": 45}, {""hasPlayed"": false, ""points"": null}]",3,Neil El Aynaoui,-730494.0,-730494.0,-847118.0,-694289.0,-2580760.0,12487894.0,6.3,2.2488089887640452,0.3103448275862069,0.31034482758620685,0.0,1.0,0.0,0.39655172413793105,10.0062,56.216285
14896,43,Abdoul,Koné,1523277.0,,,,,,,0,2,https://kickbase.b-cdn.net/content/file/4ca128a18c804aa59eeca0345b142d1c.png,2.0,2,,0.0,"[{""hasPlayed"": false, ""points"": null}, {""hasPlayed"": false, ""points"": null}]",5,Abdoul Koné,-101710.0,-101710.0,-116014.0,-128865.0,-729631.0,-4565627.0,0.0,2.2488089887640452,0.0,0.0,0.0,0.0,0.0,0.0,10.0062,0.0
15376,43,Maxime,Estève,10501376.0,157.0,1.0,1.0,1.0,5968.0,157.0,0,2,https://kickbase.b-cdn.net/content/file/a7416c976f85479b8ca67947eda7ef58.png,3.0,1,14.0,111.0,"[{""hasPlayed"": true, ""points"": 157}, {""hasPlayed"": false, ""points"": null}]",3,Maxime Estève,228166.0,228166.0,359662.0,364403.0,850167.0,-7242282.0,7.02,2.2488089887640452,0.3103448275862069,0.6896551724137931,0.0,1.0,0.0,0.5387931034482759,10.0062,85.110058
577,15,Daniel,Batz,500000.0,,,,,,,0,1,https://kickbase.b-cdn.net/content/file/61c6f55172674b6eb750e6263b23da0d.png,33.0,2,,0.0,"[{""hasPlayed"": false, ""points"": null}, {""hasPlayed"": false, ""points"": null}]",5,Daniel Batz,0.0,0.0,-68004.0,-123492.0,-712533.0,-3545979.0,0.0,0.8444261523988712,0.0,0.0,0.0,0.0,0.0,0.0,10.0062,0.0
619,15,Kevin,Stöger,7535540.0,-2.0,1.0,1.0,1.0,3907.0,-2.0,0,3,https://kickbase.b-cdn.net/content/file/ec9e6d0723944f8d846da3ac937cd7b3.png,7.0,2,,1.0,"[{""hasPlayed"": false, ""points"": null}, {""hasPlayed"": true, ""points"": -2}]",3,Kevin Stöger,-367807.0,-367807.0,-388642.0,-450424.0,-2544514.0,2603078.0,6.8,0.8444261523988712,0.3103448275862069,0.6896551724137931,0.0,0.0,0.0,0.4137931034482759,10.0062,23.775136
849,15,Tim,Kleindienst,17629537.0,37.0,2.0,2.0,2.0,10567.0,73.0,0,4,https://kickbase.b-cdn.net/content/file/c5a005a8dbaa4237a4d0cb0304ac67a0.png,11.0,2,4.0,81.0,"[{""hasPlayed"": true, ""points"": 94}, {""hasPlayed"": true, ""points"": -21}]",1,Tim Kleindienst,-480861.0,-480861.0,-513616.0,-518116.0,-1728584.0,1782144.0,6.72,0.8444261523988712,1.0,1.0,0.0,1.0,0.0,1.0,10.0062,56.78062
1883,15,Moritz,Nicolas,18312062.0,160.0,2.0,2.0,2.0,11691.0,320.0,0,1,https://kickbase.b-cdn.net/content/file/02e615fb0e3043649fe830816e2860ba.png,1.0,1,17.0,41.0,"[{""hasPlayed"": true, ""points"": 131}, {""hasPlayed"": true, ""points"": 189}]",1,Moritz Nicolas,35480.0,35480.0,40989.0,34769.0,-110444.0,-198951.0,7.49,0.8444261523988712,1.0,1.0,0.0,1.0,0.0,1.0,10.0062,63.286732
2074,15,Robin,Hack,7594514.0,-5.0,2.0,2.0,1.0,5477.0,-10.0,0,3,https://kickbase.b-cdn.net/content/file/05225d0ae1a74293a432710302565e54.png,25.0,2,,24.0,"[{""hasPlayed"": true, ""points"": -22}, {""hasPlayed"": true, ""points"": 12}]",3,Robin Hack,-363519.0,-363519.0,-375763.0,-400644.0,-2116899.0,-155945.0,6.57,0.8444261523988712,0.3103448275862069,0.31034482758620685,0.0,0.0,0.0,0.27155172413793105,10.0062,15.074704
2126,15,Nicolas,Kühn,5069813.0,21.0,1.0,1.0,0.0,1576.0,21.0,1,3,https://kickbase.b-cdn.net/content/file/4881796043e3415988bd7340d2f89b43.png,0.0,2,4.0,,"[{""hasPlayed"": true, ""points"": 21}, {""hasPlayed"": false, ""points"": null}]",5,Nicolas Kühn,-468972.0,-468972.0,-621015.0,-583230.0,-1884002.0,4569813.0,0.0,0.8444261523988712,0.0,1.0,0.0,0.0,0.0,0.375,10.0062,0.0
2261,15,Florian,Neuhaus,3532717.0,,,,,,,0,3,https://kickbase.b-cdn.net/content/file/0244f54c08f14d5e98d1ec66bd2bca77.png,10.0,1,,0.0,"[{""hasPlayed"": false, ""points"": null}, {""hasPlayed"": false, ""points"": null}]",5,Florian Neuhaus,254866.0,254866.0,270651.0,240653.0,1401542.0,613369.0,0.0,0.8444261523988712,0.0,0.0,0.0,0.0,0.0,0.0,10.0062,0.0
2560,15,Philipp,Sander,9358722.0,58.0,2.0,2.0,2.0,11691.0,115.0,0,3,https://kickbase.b-cdn.net/content/file/fb578835ac86440a8189e44877f9bcc8.png,16.0,2,12.0,64.0,"[{""hasPlayed"": true, ""points"": 103}, {""hasPlayed"": true, ""points"": 12}]",1,Philipp Sander,-226503.0,-226503.0,-433852.0,-436524.0,-2541922.0,-1354238.0,6.97,0.8444261523988712,1.0,1.0,0.0,1.0,0.0,1.0,10.0062,58.892994
2850,15,Jan,Olschowsky,500000.0,,,,,,,0,1,https://kickbase.b-cdn.net/content/file/871dd19a11bc47da8b9d1105bec98909.png,23.0,0,,0.0,"[{""hasPlayed"": false, ""points"": null}, {""hasPlayed"": false, ""points"": null}]",5,Jan Olschowsky,0.0,0.0,0.0,0.0,0.0,0.0,0.0,0.8444261523988712,0.0,0.0,0.0,0.0,0.0,0.0,10.0062,0.0
2862,15,Jens,Castrop,1496408.0,,,,,,,1,3,https://kickbase.b-cdn.net/content/file/7c1e6725133e4dc5abd4022a37be73f3.png,17.0,2,,0.0,"[{""hasPlayed"": false, ""points"": null}, {""hasPlayed"": false, ""points"": null}]",5,Jens Castrop,-134720.0,-134720.0,-137731.0,-141792.0,-951422.0,-5736576.0,0.0,0.8444261523988712,0.0,0.0,0.0,0.0,0.0,0.0,10.0062,0.0
2941,15,Joseph,Scally,6065410.0,57.0,2.0,2.0,1.0,5969.0,113.0,0,2,https://kickbase.b-cdn.net/content/file/d6ec0ce09dc940e7ae1e339aba844c03.png,29.0,1,18.0,85.0,"[{""hasPlayed"": true, ""points"": 117}, {""hasPlayed"": true, ""points"": -4}]",2,Joseph Scally,327427.0,327427.0,349040.0,408604.0,2267337.0,-570756.0,6.82,0.8444261523988712,0.6896551724137931,1.0,0.0,1.0,0.0,0.8448275862068966,10.0062,48.683671
3063,15,Fabio,Chiarodia,3006474.0,,,,,,,0,2,https://kickbase.b-cdn.net/content/file/b20e95c99c5c414dba98788ce536d7ad.png,2.0,2,,0.0,"[{""hasPlayed"": false, ""points"": null}, {""hasPlayed"": false, ""points"": null}]",5,Fabio Chiarodia,-148650.0,-148650.0,-153408.0,-186303.0,-435632.0,1047578.0,0.0,0.8444261523988712,0.0,0.0,0.0,0.0,0.0,0.0,10.0062,0.0
3129,15,Ko,Itakura,9801443.0,35.0,2.0,2.0,2.0,11691.0,69.0,0,2,https://kickbase.b-cdn.net/content/file/4b21780a283045729069fef7f989f200.png,6.0,2,7.0,0.0,"[{""hasPlayed"": true, ""points"": 35}, {""hasPlayed"": true, ""points"": 34}]",2,Ko Itakura,-537336.0,-537336.0,-631198.0,-719357.0,-2125081.0,-3806354.0,6.12,0.8444261523988712,1.0,1.0,0.0,1.0,0.0,1.0,10.0062,51.710921
3516,15,Enzo,Leopold,4453354.0,,,,,,,1,3,https://kickbase.b-cdn.net/content/file/55c63aaaf1484294892e8cc74ad7b53d.png,8.0,2,,0.0,"[{""hasPlayed"": false, ""points"": null}, {""hasPlayed"": false, ""points"": null}]",5,Enzo Leopold,-159978.0,-159978.0,-155382.0,-394485.0,-2412002.0,-9513470.0,0.0,0.8444261523988712,0.0,0.0,0.0,0.0,0.0,0.0,10.0062,0.0
4292,15,David,Herold,3564075.0,7.0,2.0,2.0,0.0,2822.0,14.0,0,2,https://kickbase.b-cdn.net/content/file/78e179f9be5248c887e00608eaee10bc.png,20.0,2,3.0,2.0,"[{""hasPlayed"": true, ""points"": 9}, {""hasPlayed"": true, ""points"": 5}]",3,David Herold,-100927.0,-100927.0,-123025.0,-139141.0,-534139.0,-6750338.0,6.51,0.8444261523988712,0.0,0.31034482758620685,0.0,0.0,0.0,0.11637931034482757,10.0062,6.401587
4333,15,Lukas,Ullrich,5871995.0,40.0,2.0,2.0,2.0,8864.0,80.0,0,2,https://kickbase.b-cdn.net/content/file/27f19d9713034a05b1a7dedcb527f48d.png,26.0,2,13.0,32.0,"[{""hasPlayed"": true, ""points"": 63}, {""hasPlayed"": true, ""points"": 17}]",3,Lukas Ullrich,-293996.0,-293996.0,-296863.0,-326600.0,-2043119.0,1235838.0,6.75,0.8444261523988712,1.0,0.6896551724137931,0.0,1.0,0.0,0.8836206896551724,10.0062,50.396515
6199,15,Shuto,Machino,2591678.0,,,,,,,0,4,https://kickbase.b-cdn.net/content/file/cefff6eb5d884a94b7d3b2ffb53b760c.png,18.0,2,,0.0,"[{""hasPlayed"": false, ""points"": null}, {""hasPlayed"": false, ""points"": null}]",5,Shuto Machino,-142946.0,-142946.0,-148168.0,-144514.0,-925731.0,1526989.0,0.0,0.8444261523988712,0.0,0.0,0.0,0.0,0.0,0.0,10.0062,0.0
6319,15,Franck,Honorat,10650672.0,109.0,2.0,2.0,1.0,6207.0,217.0,0,3,https://kickbase.b-cdn.net/content/file/ba369ac3889a4ce98a51468fb3f7c14b.png,9.0,1,20.0,47.0,"[{""hasPlayed"": true, ""points"": 142}, {""hasPlayed"": true, ""points"": 75}]",2,Franck Honorat,203478.0,203478.0,226316.0,352901.0,1772469.0,811456.0,7.33,0.8444261523988712,1.0,1.0,0.0,1.0,0.0,1.0,10.0062,61.934813
7774,15,Yukhym,Konoplia,2021005.0,,,,,,,4,2,https://kickbase.b-cdn.net/content/file/37facc3b42e54ca4aa5a24fb0c96cc4d.png,22.0,1,,0.0,"[{""hasPlayed"": false, ""points"": null}, {""hasPlayed"": false, ""points"": null}]",5,Yukhym Konoplia,250585.0,250585.0,273228.0,253545.0,987952.0,-2173232.0,0.0,0.8444261523988712,0.0,0.0,0.0,0.0,0.0,0.0,10.0062,0.0
9540,15,Isac,Lidberg,3943636.0,-7.0,2.0,2.0,0.0,3077.0,-13.0,0,4,https://kickbase.b-cdn.net/content/file/b759181ffa3546828a627f5efb974b06.png,3.0,2,,2.0,"[{""hasPlayed"": true, ""points"": -5}, {""hasPlayed"": true, ""points"": -8}]",5,Isac Lidberg,-136101.0,-136101.0,-137165.0,-144340.0,-837230.0,-7404248.0,6.45,0.8444261523988712,0.0,0.0,0.0,0.0,0.0,0.0,10.0062,0.0
11010,15,Kevin,Diks,14083703.0,41.0,2.0,2.0,2.0,11691.0,82.0,0,2,https://kickbase.b-cdn.net/content/file/2963465030854dafa3b90fbfd15f4a89.png,4.0,2,5.0,16.0,"[{""hasPlayed"": true, ""points"": 53}, {""hasPlayed"": true, ""points"": 29}]",1,Kevin Diks,-585669.0,-585669.0,-605978.0,-646459.0,-3653269.0,-871983.0,6.56,0.8444261523988712,1.0,1.0,0.0,1.0,0.0,1.0,10.0062,55.4287
11748,15,Wael,Mohya,7411175.0,30.0,2.0,2.0,2.0,8171.0,59.0,0,3,https://kickbase.b-cdn.net/content/file/4fc954ae0ffd4f5ab6d58a98b51cccd9.png,36.0,2,7.0,26.0,"[{""hasPlayed"": true, ""points"": 48}, {""hasPlayed"": true, ""points"": 11}]",3,Wael Mohya,-256024.0,-256024.0,-280589.0,-278391.0,-1684092.0,-1512512.0,6.74,0.8444261523988712,0.6896551724137931,0.6896551724137931,0.0,1.0,0.0,0.728448275862069,10.0062,41.484845
13442,15,Hugo,Bolin,12186612.0,159.0,2.0,2.0,2.0,11691.0,318.0,0,3,https://kickbase.b-cdn.net/content/file/7f789e6ac2c84d5b878ec36c44b31dc2.png,38.0,1,26.0,179.0,"[{""hasPlayed"": true, ""points"": 286}, {""hasPlayed"": true, ""points"": 32}]",1,Hugo Bolin,150993.0,150993.0,163380.0,171537.0,828676.0,5936874.0,8.39,0.8444261523988712,1.0,1.0,0.0,1.0,0.0,1.0,10.0062,70.89128
15181,15,Jan,Leszczynski,4102377.0,1.0,1.0,1.0,0.0,1116.0,1.0,0,2,https://kickbase.b-cdn.net/content/file/43eddfa24a0f4db3a737bf045f96d849.png,5.0,2,0.0,0.0,"[{""hasPlayed"": true, ""points"": 1}, {""hasPlayed"": false, ""points"": null}]",4,Jan Leszczynski,-128800.0,-128800.0,-134531.0,-135591.0,-977560.0,-770587.0,6.62,0.8444261523988712,0.3103448275862069,0.0,0.0,0.0,0.0,0.15517241379310345,10.0062,8.679673
15202,15,Zento,Uno,2186370.0,,,,,,,0,3,https://kickbase.b-cdn.net/content/file/9c1b0bb28e67413dad79f8a99c4eda88.png,47.0,1,,0.0,"[{""hasPlayed"": false, ""points"": null}, {""hasPlayed"": false, ""points"": null}]",5,Zento Uno,286611.0,286611.0,319451.0,308915.0,1285811.0,-1727427.0,0.0,0.8444261523988712,0.0,0.0,0.0,0.0,0.0,0.0,10.0062,0.0
15613,15,Daiki,Hashioka,5534929.0,17.0,1.0,1.0,1.0,4604.0,17.0,2,2,https://kickbase.b-cdn.net/content/file/dc4f94ffdb854af9a954313e8b974d4c.png,14.0,2,3.0,12.0,"[{""hasPlayed"": false, ""points"": null}, {""hasPlayed"": true, ""points"": 17}]",4,Daiki Hashioka,-375583.0,-375583.0,-385128.0,-378736.0,-2658873.0,-666662.0,6.81,0.8444261523988712,0.0,0.0,0.0,0.0,0.0,0.0,10.0062,0.0
16564,15,Mathieu,Nguefack,3321010.0,30.0,2.0,2.0,1.0,7783.0,59.0,0,3,https://kickbase.b-cdn.net/content/file/e571de447a2c48c996992e7b729aeb55.png,34.0,1,17.0,17.0,"[{""hasPlayed"": true, ""points"": 42}, {""hasPlayed"": true, ""points"": 17}]",3,Mathieu Nguefack,145018.0,145018.0,191724.0,215686.0,1487482.0,3321010.0,6.37,0.8444261523988712,0.6896551724137931,0.31034482758620685,0.0,1.0,0.0,0.5862068965517242,10.0062,31.551587
54,3,Emre,Can,1503501.0,,,,,,,1,2,https://kickbase.b-cdn.net/content/file/fe3cc9ba92274b29890b3d2888584906.png,23.0,2,,0.0,"[{""hasPlayed"": false, ""points"": null}, {""hasPlayed"": false, ""points"": null}]",5,Emre Can,-120832.0,-120832.0,-121631.0,-136866.0,-690852.0,-768568.0,0.0,2.461857810067462,0.0,0.0,0.0,0.0,0.0,0.0,10.0062,0.0
75,3,Patrick,Drewes,500000.0,,,,,,,0,1,https://kickbase.b-cdn.net/content/file/d4b85a111f624b02a8519a1a07c23e7f.png,30.0,0,,0.0,"[{""hasPlayed"": false, ""points"": null}, {""hasPlayed"": false, ""points"": null}]",5,Patrick Drewes,0.0,0.0,0.0,0.0,0.0,0.0,0.0,2.461857810067462,0.0,0.0,0.0,0.0,0.0,0.0,10.0062,0.0
1704,3,Waldemar,Anton,33842109.0,223.0,2.0,2.0,2.0,11756.0,446.0,0,2,https://kickbase.b-cdn.net/content/file/5cbbbb34725b43dba3f7f4f6835b98f0.png,3.0,1,13.0,91.0,"[{""hasPlayed"": true, ""points"": 288}, {""hasPlayed"": true, ""points"": 158}]",1,Waldemar Anton,34560.0,34560.0,35623.0,9918.0,-310443.0,466604.0,6.98,2.461857810067462,1.0,1.0,0.0,1.0,0.0,1.0,10.0062,171.944215
1856,3,Marcel,Sabitzer,7828965.0,27.0,2.0,2.0,0.0,2965.0,53.0,0,3,https://kickbase.b-cdn.net/content/file/579e192bcc2b413185587ba2eb3c082c.png,20.0,1,6.0,14.0,"[{""hasPlayed"": true, ""points"": 16}, {""hasPlayed"": true, ""points"": 37}]",3,Marcel Sabitzer,254792.0,254792.0,232441.0,264646.0,1491528.0,-2978848.0,6.87,2.461857810067462,0.3103448275862069,0.1225416036308623,0.0,0.0,0.0,0.2011255151546768,10.0062,34.037374
1873,3,Gregor,Kobel,20459925.0,161.0,2.0,2.0,2.0,11756.0,321.0,0,1,https://kickbase.b-cdn.net/content/file/f2d4753d2676442bb38580d0b59a6293.png,1.0,2,15.0,12.0,"[{""hasPlayed"": true, ""points"": 152}, {""hasPlayed"": true, ""points"": 169}]",1,Gregor Kobel,-23457.0,-23457.0,-5880.0,-65316.0,-649068.0,-2664653.0,7.15,2.461857810067462,1.0,1.0,0.0,1.0,0.0,1.0,10.0062,176.131968
1920,3,Serhou,Guirassy,31065365.0,206.0,2.0,2.0,2.0,11247.0,412.0,0,4,https://kickbase.b-cdn.net/content/file/f60de765e2e34fce8747b78399dca305.png,9.0,1,13.0,36.0,"[{""hasPlayed"": true, ""points"": 232}, {""hasPlayed"": true, ""points"": 180}]",1,Serhou Guirassy,106484.0,106484.0,106233.0,118124.0,653559.0,2879094.0,7.93,2.461857810067462,1.0,1.0,0.0,1.0,0.0,1.0,10.0062,195.346364
2148,3,Alexander,Meyer,1236689.0,,,,,,,0,1,https://kickbase.b-cdn.net/content/file/5502ac110b6c42ddad9d1cdb351cbbcc.png,33.0,2,,0.0,"[{""hasPlayed"": false, ""points"": null}, {""hasPlayed"": false, ""points"": null}]",5,Alexander Meyer,-123354.0,-123354.0,-136375.0,-149446.0,-864165.0,-966348.0,0.0,2.461857810067462,0.0,0.0,0.0,0.0,0.0,0.0,10.0062,0.0
2383,3,Nico,Schlotterbeck,24294399.0,,,,,,,2,2,https://kickbase.b-cdn.net/content/file/bc913364cbca4d48b0393c36b9f01728.png,4.0,1,,0.0,"[{""hasPlayed"": false, ""points"": null}, {""hasPlayed"": false, ""points"": null}]",3,Nico Schlotterbeck,73230.0,73230.0,97858.0,113570.0,413479.0,-9355666.0,0.0,2.461857810067462,0.0,0.2723146747352496,0.0,0.0,0.0,0.1021180030257186,10.0062,0.0
2395,3,Julian,Ryerson,24728924.0,99.0,2.0,2.0,2.0,10516.0,198.0,0,2,https://kickbase.b-cdn.net/content/file/2998191f5e674fecb9ddf7762821ebc5.png,26.0,2,8.0,26.0,"[{""hasPlayed"": true, ""points"": 118}, {""hasPlayed"": true, ""points"": 80}]",1,Julian Ryerson,-265306.0,-265306.0,-370446.0,-272346.0,-1499563.0,-867363.0,7.13,2.461857810067462,1.0,1.0,0.0,1.0,0.0,1.0,10.0062,175.639291
2714,3,Maximilian,Beier,22698435.0,111.0,2.0,2.0,2.0,11123.0,221.0,0,4,https://kickbase.b-cdn.net/content/file/d9ef0f909c4c4610aef2af20def367ba.png,14.0,1,9.0,77.0,"[{""hasPlayed"": true, ""points"": 56}, {""hasPlayed"": true, ""points"": 165}]",3,Maximilian Beier,165836.0,165836.0,176982.0,184978.0,1062668.0,-2961234.0,6.62,2.461857810067462,0.3103448275862069,0.6051437216338881,0.0,1.0,0.0,0.5071013094058114,10.0062,82.696069
2736,3,Ramy,Bensebaini,14280080.0,,,,,,,2,2,https://kickbase.b-cdn.net/content/file/f2e48e2f879643559eb9d2cdb6db0d7a.png,5.0,2,,0.0,"[{""hasPlayed"": false, ""points"": null}, {""hasPlayed"": false, ""points"": null}]",3,Ramy Bensebaini,-395260.0,-395260.0,-356320.0,-392467.0,-3146948.0,-5162890.0,0.0,2.461857810067462,0.6896551724137931,0.36148640143183774,0.0,0.0,0.0,0.48038498674383573,10.0062,0.0
3069,3,Felix,Nmecha,27175095.0,87.0,2.0,2.0,2.0,7492.0,174.0,0,3,https://kickbase.b-cdn.net/content/file/f83b3a24df594aaf81be1d58da773656.png,8.0,2,6.0,50.0,"[{""hasPlayed"": true, ""points"": 51}, {""hasPlayed"": true, ""points"": 123}]",3,Felix Nmecha,-647217.0,-647217.0,-353765.0,-15934.0,-813133.0,1712419.0,6.67,2.461857810067462,0.3103448275862069,0.6896551724137931,0.0,1.0,0.0,0.5387931034482759,10.0062,88.527868
7737,3,Joey,Veerman,15794211.0,56.0,2.0,2.0,0.0,4284.0,111.0,0,3,https://kickbase.b-cdn.net/content/file/529a765a8c184857a82fa881408360cf.png,25.0,2,7.0,27.0,"[{""hasPlayed"": true, ""points"": 75}, {""hasPlayed"": true, ""points"": 36}]",3,Joey Veerman,6257.0,6257.0,-250809.0,-385489.0,-2518114.0,15794211.0,7.09,2.461857810067462,0.6896551724137931,0.31034482758620685,0.0,1.0,0.0,0.5862068965517242,10.0062,102.383342
9440,3,Filippo,Mane,4573426.0,32.0,2.0,2.0,1.0,3152.0,64.0,1,2,https://kickbase.b-cdn.net/content/file/c944b500e3224366ad9e5a494a84ee47.png,39.0,2,13.0,21.0,"[{""hasPlayed"": true, ""points"": 47}, {""hasPlayed"": true, ""points"": 17}]",5,Filippo Mane,-143618.0,-143618.0,-155840.0,-475690.0,-1403290.0,-33920.0,7.21,2.461857810067462,0.0,0.0,0.0,0.0,0.0,0.0,10.0062,0.0
9698,3,,Fábio Silva,9020403.0,124.0,1.0,1.0,0.0,2008.0,124.0,0,4,https://kickbase.b-cdn.net/content/file/2aaeda6f5123438e95f1958a10ce0058.png,21.0,1,13.0,87.0,"[{""hasPlayed"": true, ""points"": 124}, {""hasPlayed"": false, ""points"": null}]",3,Fábio Silva,362713.0,362713.0,331599.0,324987.0,1263941.0,410223.0,6.97,2.461857810067462,0.6896551724137931,0.6051437216338881,0.0,0.0,0.0,0.5717564818196046,10.0062,98.169374
10114,3,Carney,Chukwuemeka,3908316.0,,,,,,,0,3,https://kickbase.b-cdn.net/content/file/d823612bd32f4715b90b0c7b626973ac.png,17.0,1,,0.0,"[{""hasPlayed"": false, ""points"": null}, {""hasPlayed"": false, ""points"": null}]",4,Carney Chukwuemeka,398916.0,398916.0,306133.0,250774.0,1159180.0,-884849.0,6.43,2.461857810067462,0.0,0.0,0.0,0.0,0.0,0.0,10.0062,0.0
10115,3,Daniel,Svensson,19352963.0,143.0,2.0,2.0,2.0,11756.0,286.0,0,2,https://kickbase.b-cdn.net/content/file/da063055c5d14c798dd8d7427fb2a48f.png,24.0,1,14.0,28.0,"[{""hasPlayed"": true, ""points"": 123}, {""hasPlayed"": true, ""points"": 163}]",1,Daniel Svensson,211848.0,211848.0,229953.0,248474.0,1510782.0,-639407.0,7.36,2.461857810067462,1.0,1.0,0.0,1.0,0.0,1.0,10.0062,181.305074
11099,3,Jobe,Bellingham,18703968.0,123.0,2.0,2.0,2.0,11756.0,246.0,0,3,https://kickbase.b-cdn.net/content/file/5f42cc7cc7c5447aa341c17ba41ebcbe.png,7.0,1,13.0,46.0,"[{""hasPlayed"": true, ""points"": 90}, {""hasPlayed"": true, ""points"": 156}]",1,Jobe Bellingham,216834.0,216834.0,219871.0,227640.0,1416948.0,-43973.0,6.78,2.461857810067462,1.0,1.0,0.0,1.0,0.0,1.0,10.0062,167.017446
11100,3,Samuele,Inácio,5375461.0,-60.0,1.0,1.0,0.0,155.0,-60.0,8,3,https://kickbase.b-cdn.net/content/file/3990db0656bc411cac06104a42bdb903.png,40.0,2,,42.0,"[{""hasPlayed"": false, ""points"": null}, {""hasPlayed"": true, ""points"": -60}]",5,Samuele Inácio,-250151.0,-250151.0,-255468.0,-264535.0,-1767758.0,-5000617.0,7.37,2.461857810067462,0.0,0.0,0.0,0.0,0.0,0.0,10.0062,0.0
13472,3,Luca,Reggiani,3265716.0,57.0,1.0,1.0,0.0,1999.0,57.0,0,2,https://kickbase.b-cdn.net/content/file/8250a085897d474a87bd2a15e5558528.png,49.0,1,17.0,40.0,"[{""hasPlayed"": true, ""points"": 57}, {""hasPlayed"": false, ""points"": null}]",4,Luca Reggiani,321431.0,321431.0,243192.0,143559.0,477658.0,-1896413.0,6.95,2.461857810067462,0.0,0.0,0.0,0.0,0.0,0.0,10.0062,0.0
14662,3,Justin,Lerma,2382333.0,,,,,,,1,3,https://kickbase.b-cdn.net/content/file/ec7bf8e163864c2fb47fb324c7a06a82.png,28.0,2,,0.0,"[{""hasPlayed"": false, ""points"": null}, {""hasPlayed"": false, ""points"": null}]",5,Justin Lerma,-153359.0,-153359.0,-161699.0,-164319.0,-1050598.0,-7431887.0,0.0,2.461857810067462,0.0,0.0,0.0,0.0,0.0,0.0,10.0062,0.0
14899,3,Kauã,Prates,4587417.0,34.0,1.0,1.0,0.0,632.0,34.0,0,2,https://kickbase.b-cdn.net/content/file/3c7f16c226b44240b9d55d65798e5f29.png,36.0,1,7.0,24.0,"[{""hasPlayed"": false, ""points"": null}, {""hasPlayed"": true, ""points"": 34}]",5,Kauã Prates,364587.0,364587.0,404697.0,411177.0,2257987.0,254961.0,6.5,2.461857810067462,0.0,0.0,0.0,0.0,0.0,0.0,10.0062,0.0
15211,3,Joane,Gadou,24858761.0,98.0,2.0,2.0,2.0,9756.0,196.0,0,2,https://kickbase.b-cdn.net/content/file/48c386df17604a3cbfeaffff6bdffae7.png,22.0,2,7.0,48.0,"[{""hasPlayed"": true, ""points"": 64}, {""hasPlayed"": true, ""points"": 132}]",2,Joane Gadou,-500952.0,-500952.0,-284145.0,-15637.0,-694722.0,2566857.0,6.91,2.461857810067462,1.0,1.0,0.0,1.0,0.0,1.0,10.0062,170.219846
16378,3,Konstantinos,Karetsas,25875733.0,125.0,2.0,2.0,2.0,8514.0,249.0,2,3,https://kickbase.b-cdn.net/content/file/f4e89a3523cb47e09c5be6702baec885.png,19.0,2,9.0,126.0,"[{""hasPlayed"": true, ""points"": 35}, {""hasPlayed"": true, ""points"": 214}]",4,Konstantinos Karetsas,-467261.0,-467261.0,-23165.0,93311.0,67984.0,5790348.0,6.8,2.461857810067462,0.0,0.0,0.0,0.0,0.0,0.0,10.0062,0.0
16948,3,Giannis,Konstantelias,11455960.0,181.0,1.0,1.0,1.0,3348.0,181.0,1,3,https://kickbase.b-cdn.net/content/file/222864c862d743758c5cdcbcbd1bba48.png,45.0,2,15.0,127.0,"[{""hasPlayed"": false, ""points"": null}, {""hasPlayed"": true, ""points"": 181}]",5,Giannis Konstantelias,-660522.0,-660522.0,-687461.0,-635323.0,-4629510.0,11455960.0,6.96,2.461857810067462,0.0,0.0,0.0,0.0,0.0,0.0,10.0062,0.0
17309,3,Ethan,Nwaneri,18844728.0,65.0,1.0,1.0,0.0,4036.0,65.0,0,3,https://kickbase.b-cdn.net/content/file/80320ca8522a4369b908308269d074ad.png,0.0,1,3.0,,"[{""hasPlayed"": true, ""points"": 65}, {""hasPlayed"": false, ""points"": null}]",2,Ethan Nwaneri,136709.0,136709.0,67586.0,120923.0,695182.0,18844728.0,6.4,2.461857810067462,1.0,1.0,0.0,1.0,0.0,1.0,10.0062,157.656586
1863,6,Daniel,Heuer Fernandes,12983059.0,72.0,2.0,2.0,2.0,11430.0,143.0,0,1,https://kickbase.b-cdn.net/content/file/25bb5ce570244f8296d6e817316ad707.png,1.0,2,11.0,36.0,"[{""hasPlayed"": true, ""points"": 46}, {""hasPlayed"": true, ""points"": 97}]",1,Daniel Heuer Fernandes,-328484.0,-328484.0,-340898.0,-359422.0,-1891888.0,-108715.0,6.84,0.5787865168539326,1.0,1.0,0.0,1.0,0.0,1.0,10.0062,39.613543
1865,6,Yussuf,Poulsen,1128316.0,-9.0,1.0,1.0,0.0,744.0,-9.0,0,4,https://kickbase.b-cdn.net/content/file/b3e645c3a34347808d97e722fcbe2ced.png,15.0,2,,6.0,"[{""hasPlayed"": false, ""points"": null}, {""hasPlayed"": true, ""points"": -9}]",3,Yussuf Poulsen,-97382.0,-97382.0,-126772.0,-152577.0,-647732.0,-3443880.0,6.46,0.5787865168539326,0.0,0.1225416036308623,0.0,0.0,0.0,0.045953101361573365,10.0062,1.719234
1889,6,Bakery,Jatta,5868917.0,29.0,1.0,1.0,1.0,5061.0,29.0,0,3,https://kickbase.b-cdn.net/content/file/7b147e15dd4b4df4bddb50f00fa8ce4e.png,18.0,2,4.0,20.0,"[{""hasPlayed"": false, ""points"": null}, {""hasPlayed"": true, ""points"": 29}]",5,Bakery Jatta,-387160.0,-387160.0,-403585.0,-440644.0,-2290774.0,619641.0,6.54,0.5787865168539326,0.0,0.0,0.0,0.0,0.0,0.0,10.0062,0.0
1978,6,Jordan,Torunarigha,8032125.0,-1.0,2.0,2.0,2.0,7815.0,-2.0,0,2,https://kickbase.b-cdn.net/content/file/58a51dcb3fef41de90e23a162e7fe44e.png,23.0,2,,4.0,"[{""hasPlayed"": true, ""points"": -4}, {""hasPlayed"": true, ""points"": 2}]",1,Jordan Torunarigha,-309384.0,-309384.0,-339653.0,-368137.0,-1354801.0,-2645493.0,5.9,0.5787865168539326,1.0,1.0,0.0,1.0,0.0,1.0,10.0062,34.169577
2725,6,Sebastiaan,Bornauw,8727292.0,38.0,2.0,2.0,2.0,11430.0,75.0,2,2,https://kickbase.b-cdn.net/content/file/06472f6d8eb24eccaeae4898fa81b045.png,33.0,2,8.0,16.0,"[{""hasPlayed"": true, ""points"": 49}, {""hasPlayed"": true, ""points"": 26}]",3,Sebastiaan Bornauw,-424115.0,-424115.0,-300452.0,-307434.0,-1554025.0,8190904.0,6.48,0.5787865168539326,0.18864097363083165,0.31034482758620685,0.0,0.85,0.15,0.3169497971602434,10.0062,11.894688
3277,6,Miro,Muheim,4104565.0,,,,,,,0,2,https://kickbase.b-cdn.net/content/file/6b31cba3484c46c98c5575fe4f79b349.png,28.0,2,,0.0,"[{""hasPlayed"": false, ""points"": null}, {""hasPlayed"": false, ""points"": null}]",4,Miro Muheim,-120938.0,-120938.0,-116467.0,-108092.0,-755545.0,-4387710.0,0.0,0.5787865168539326,0.0,0.0,0.0,0.0,0.0,0.0,10.0062,0.0
6201,6,Nicolai,Remberg,8977147.0,21.0,2.0,2.0,2.0,11430.0,42.0,0,3,https://kickbase.b-cdn.net/content/file/8838a772b69f4284a8f34b1d63f406d8.png,21.0,2,4.0,36.0,"[{""hasPlayed"": true, ""points"": -5}, {""hasPlayed"": true, ""points"": 47}]",1,Nicolai Remberg,-275059.0,-275059.0,-294314.0,-323376.0,-1851596.0,-1968431.0,6.77,0.5787865168539326,1.0,1.0,0.0,1.0,0.0,1.0,10.0062,39.208141
7350,6,Otto,Stange,3757259.0,-11.0,2.0,2.0,0.0,3353.0,-22.0,0,4,https://kickbase.b-cdn.net/content/file/d876e417d53e4983b76765c28cb2825d.png,19.0,2,,7.0,"[{""hasPlayed"": true, ""points"": -16}, {""hasPlayed"": true, ""points"": -6}]",5,Otto Stange,-135735.0,-135735.0,-143724.0,-146729.0,-807327.0,276680.0,6.41,0.5787865168539326,0.0,0.0,0.0,0.0,0.0,0.0,10.0062,0.0
7394,6,Kofi,Amoako,975184.0,,,,,,,0,3,https://kickbase.b-cdn.net/content/file/6faaaadc0c43454aa7802b77b1455f2e.png,22.0,2,,0.0,"[{""hasPlayed"": false, ""points"": null}, {""hasPlayed"": false, ""points"": null}]",5,Kofi Amoako,-103190.0,-103190.0,-126006.0,-140447.0,-734263.0,-3756898.0,0.0,0.5787865168539326,0.0,0.0,0.0,0.0,0.0,0.0,10.0062,0.0
8367,6,Albert,Sambi Lokonga,8800009.0,44.0,1.0,1.0,1.0,5806.0,44.0,2,3,https://kickbase.b-cdn.net/content/file/c9c716c7e03d47078ca74b707b1577a9.png,6.0,2,4.0,31.0,"[{""hasPlayed"": false, ""points"": null}, {""hasPlayed"": true, ""points"": 44}]",3,Albert Sambi Lokonga,-361393.0,-361393.0,-380526.0,-234016.0,-948102.0,-1103073.0,6.81,0.5787865168539326,1.0,0.6896551724137931,0.0,1.0,0.0,0.8836206896551724,10.0062,34.849823
9605,6,Albert,Grønbæk,10840531.0,11.0,2.0,2.0,2.0,11430.0,21.0,0,3,https://kickbase.b-cdn.net/content/file/02b24cefd3da410ca1d4639a2fb7ccac.png,11.0,2,1.0,27.0,"[{""hasPlayed"": true, ""points"": -9}, {""hasPlayed"": true, ""points"": 30}]",1,Albert Grønbæk,-631673.0,-631673.0,-738133.0,-672986.0,-2092350.0,301297.0,7.71,0.5787865168539326,1.0,1.0,0.0,1.0,0.0,1.0,10.0062,44.652108
10120,6,Alexander,Røssing-Lelesiit,1789748.0,,,,,,,2,4,https://kickbase.b-cdn.net/content/file/1e0140e6053349279a689f6bac4fdc91.png,38.0,1,,0.0,"[{""hasPlayed"": false, ""points"": null}, {""hasPlayed"": false, ""points"": null}]",5,Alexander Røssing-Lelesiit,219930.0,219930.0,260031.0,261000.0,1247324.0,-1404929.0,0.0,0.5787865168539326,0.0,0.0,0.0,0.0,0.0,0.0,10.0062,0.0
11512,6,Nicolás,Capaldo,9012752.0,26.0,2.0,2.0,2.0,11430.0,51.0,0,2,https://kickbase.b-cdn.net/content/file/bb8ff3d0932d47bd9d7fa4a4f38068ef.png,24.0,2,5.0,38.0,"[{""hasPlayed"": true, ""points"": -2}, {""hasPlayed"": true, ""points"": 53}]",1,Nicolás Capaldo,-287609.0,-287609.0,-310913.0,-321808.0,-993871.0,-1197681.0,5.91,0.5787865168539326,1.0,1.0,0.0,1.0,0.0,1.0,10.0062,34.227491
11752,6,Warmed,Omari,1487732.0,,,,,,,0,2,https://kickbase.b-cdn.net/content/file/6565bd5f9c14426aad721f006cf6f971.png,17.0,2,,0.0,"[{""hasPlayed"": false, ""points"": null}, {""hasPlayed"": false, ""points"": null}]",4,Warmed Omari,-96014.0,-96014.0,-109976.0,-135942.0,-864936.0,-4584484.0,0.0,0.5787865168539326,0.0,0.0,0.0,0.0,0.0,0.0,10.0062,0.0
11949,6,Shafiq,Nandja,2223707.0,-1.0,1.0,1.0,0.0,2914.0,-1.0,0,2,https://kickbase.b-cdn.net/content/file/74d769a877844fa1bf2f65f53f4fb91f.png,43.0,2,,0.0,"[{""hasPlayed"": true, ""points"": -1}, {""hasPlayed"": false, ""points"": null}]",3,Shafiq Nandja,-131827.0,-131827.0,-153393.0,-167330.0,-1040152.0,1723707.0,6.32,0.5787865168539326,0.8113590263691683,0.6896551724137931,0.0,0.0,0.0,0.6643002028397567,10.0062,24.314707
11967,6,Fábio,Vieira,19027755.0,3.0,1.0,1.0,0.0,2914.0,3.0,0,3,https://kickbase.b-cdn.net/content/file/c93ccb5240654ea0832be06471767031.png,0.0,2,0.0,,"[{""hasPlayed"": true, ""points"": 3}, {""hasPlayed"": false, ""points"": null}]",1,Fábio Vieira,-318557.0,-318557.0,-18946.0,90596.0,440820.0,440820.0,6.6,0.5787865168539326,1.0,1.0,0.0,1.0,0.0,1.0,10.0062,38.223594
12368,6,Sander,Tangvik,951817.0,,,,,,,0,1,https://kickbase.b-cdn.net/content/file/3d7ab89b5e874e77bbb6b1fb6724745f.png,12.0,2,,0.0,"[{""hasPlayed"": false, ""points"": null}, {""hasPlayed"": false, ""points"": null}]",5,Sander Tangvik,-138242.0,-138242.0,-138250.0,-140458.0,-959303.0,-287151.0,0.0,0.5787865168539326,0.0,0.0,0.0,0.0,0.0,0.0,10.0062,0.0
13433,6,Louis,Lemke,4933043.0,-7.0,2.0,2.0,1.0,6001.0,-13.0,0,2,https://kickbase.b-cdn.net/content/file/46eac50def834b9983f1475d94d28249.png,37.0,2,,12.0,"[{""hasPlayed"": true, ""points"": -15}, {""hasPlayed"": true, ""points"": 2}]",4,Louis Lemke,-403643.0,-403643.0,-441348.0,-502118.0,-2488834.0,4433043.0,6.77,0.5787865168539326,0.0,0.0,0.0,0.0,0.0,0.0,10.0062,0.0
14256,6,Zakaria,El Ouahdi,9449077.0,-24.0,1.0,1.0,1.0,5624.0,-24.0,0,2,https://kickbase.b-cdn.net/content/file/aaa59ffd4dbb4a3ca8cbdc97f7a6f5d3.png,0.0,2,,,"[{""hasPlayed"": true, ""points"": -24}, {""hasPlayed"": false, ""points"": null}]",1,Zakaria El Ouahdi,-780808.0,-780808.0,-439719.0,13873.0,-720438.0,9449077.0,5.8,0.5787865168539326,1.0,1.0,0.0,1.0,0.0,1.0,10.0062,33.590431
14425,6,David,Møller Wolfe,8611864.0,20.0,1.0,1.0,1.0,5086.0,20.0,0,2,https://kickbase.b-cdn.net/content/file/ebc8dfc4fe9a44deb9eb939667d97619.png,0.0,2,2.0,,"[{""hasPlayed"": true, ""points"": 20}, {""hasPlayed"": false, ""points"": null}]",2,David Møller Wolfe,-404118.0,-404118.0,-259429.0,-3768.0,-471937.0,8611864.0,6.4,0.5787865168539326,1.0,1.0,0.0,1.0,0.0,1.0,10.0062,37.065303
15283,6,Martin,Adeline,4536636.0,-5.0,2.0,2.0,2.0,6947.0,-9.0,0,3,https://kickbase.b-cdn.net/content/file/a88b98f2845e4a508b7e59e2bce5ff27.png,5.0,2,,10.0,"[{""hasPlayed"": true, ""points"": -12}, {""hasPlayed"": true, ""points"": 3}]",4,Martin Adeline,-142086.0,-142086.0,-152353.0,-428351.0,-1380841.0,-4576296.0,6.48,0.5787865168539326,0.0,0.0,0.0,0.0,0.0,0.0,10.0062,0.0
15472,6,Patson,Daka,8632051.0,3.0,2.0,2.0,1.0,7088.0,5.0,0,4,https://kickbase.b-cdn.net/content/file/218db4a2d0cb4f89be008597b2e2d9a7.png,27.0,2,0.0,13.0,"[{""hasPlayed"": true, ""points"": -7}, {""hasPlayed"": true, ""points"": 12}]",3,Patson Daka,-344220.0,-344220.0,-360262.0,-451109.0,-2980525.0,-1456634.0,6.62,0.5787865168539326,0.6896551724137931,0.2723146747352496,0.0,0.0,0.0,0.4469455892326152,10.0062,17.135636
15478,6,Bilal,Nadir,1503775.0,-4.0,2.0,2.0,1.0,3526.0,-7.0,0,3,https://kickbase.b-cdn.net/content/file/d153e6d5703a4637bf8ee1c23c857608.png,4.0,2,,10.0,"[{""hasPlayed"": true, ""points"": 4}, {""hasPlayed"": true, ""points"": -11}]",3,Bilal Nadir,-69148.0,-69148.0,-90430.0,-100551.0,-663588.0,-4389837.0,6.64,0.5787865168539326,0.0,0.31034482758620685,0.0,0.0,0.0,0.11637931034482757,10.0062,4.475396
17203,6,Terem,Moffi,4031332.0,-9.0,2.0,2.0,1.0,5527.0,-17.0,0,4,https://kickbase.b-cdn.net/content/file/84e882059fcb4accba56e1b212d31e8f.png,9.0,2,,14.0,"[{""hasPlayed"": true, ""points"": -19}, {""hasPlayed"": true, ""points"": 2}]",3,Terem Moffi,-112792.0,-112792.0,-130405.0,-123861.0,-555463.0,4031332.0,6.13,0.5787865168539326,0.3103448275862069,0.6051437216338881,0.0,1.0,0.0,0.5071013094058114,10.0062,18.002913
49,5,Matthias,Ginter,26880422.0,171.0,2.0,2.0,2.0,11429.0,342.0,0,2,https://kickbase.b-cdn.net/content/file/a8c1cfae192947a6b91e1c32238cf2d6.png,28.0,1,12.0,32.0,"[{""hasPlayed"": true, ""points"": 148}, {""hasPlayed"": true, ""points"": 194}]",1,Matthias Ginter,37805.0,37805.0,58503.0,62926.0,250712.0,659838.0,7.4,1.9297389463781753,1.0,1.0,0.0,1.0,0.0,1.0,10.0062,142.889218
89,5,Christian,Günter,3782251.0,,,,,,,0,2,https://kickbase.b-cdn.net/content/file/6cf382255517427e83824869e5a182d9.png,30.0,2,,0.0,"[{""hasPlayed"": false, ""points"": null}, {""hasPlayed"": false, ""points"": null}]",4,Christian Günter,-136478.0,-136478.0,-139262.0,-140344.0,-777350.0,787114.0,6.6,1.9297389463781753,0.0,0.0,0.0,0.0,0.0,0.0,10.0062,0.0
118,5,Vincenzo,Grifo,8119241.0,38.0,1.0,1.0,0.0,1248.0,38.0,0,3,https://kickbase.b-cdn.net/content/file/eabed4e9dee0416bbcc8ff5864f44ea5.png,32.0,2,4.0,26.0,"[{""hasPlayed"": true, ""points"": 38}, {""hasPlayed"": false, ""points"": null}]",3,Vincenzo Grifo,-296748.0,-296748.0,-308325.0,-321466.0,-2215454.0,-3071197.0,6.78,1.9297389463781753,0.0,0.31034482758620685,0.0,0.0,0.0,0.11637931034482757,10.0062,15.236079
1257,5,Lukas,Kübler,7163697.0,68.0,2.0,2.0,1.0,5469.0,136.0,0,2,https://kickbase.b-cdn.net/content/file/a2d24146b6354e6f9b967bb58061f2ac.png,17.0,1,18.0,48.0,"[{""hasPlayed"": true, ""points"": 34}, {""hasPlayed"": true, ""points"": 102}]",4,Lukas Kübler,213397.0,213397.0,250846.0,232173.0,1456005.0,2324017.0,7.16,1.9297389463781753,0.3103448275862069,0.0,0.0,0.0,0.0,0.15517241379310345,10.0062,21.453358
1645,5,Maximilian,Eggestein,17728661.0,175.0,2.0,2.0,2.0,11429.0,349.0,0,3,https://kickbase.b-cdn.net/content/file/7b762754c912496287f84b3c38b24a82.png,8.0,1,19.0,78.0,"[{""hasPlayed"": true, ""points"": 230}, {""hasPlayed"": true, ""points"": 119}]",1,Maximilian Eggestein,140604.0,140604.0,172250.0,187030.0,957892.0,3873950.0,7.28,1.9297389463781753,1.0,1.0,0.0,1.0,0.0,1.0,10.0062,140.572096
1767,5,Jannik,Huth,500000.0,,,,,,,0,1,https://kickbase.b-cdn.net/content/file/32936879ffa043938bf688dd5dbca746.png,24.0,0,,0.0,"[{""hasPlayed"": false, ""points"": null}, {""hasPlayed"": false, ""points"": null}]",5,Jannik Huth,0.0,0.0,0.0,0.0,0.0,0.0,0.0,1.9297389463781753,0.0,0.0,0.0,0.0,0.0,0.0,10.0062,0.0
1858,5,Anthony,Jung,2055227.0,,,,,,,0,2,https://kickbase.b-cdn.net/content/file/5de873b60e7a46eb83255e4a5297a974.png,5.0,2,,0.0,"[{""hasPlayed"": false, ""points"": null}, {""hasPlayed"": false, ""points"": null}]",5,Anthony Jung,-149707.0,-149707.0,-177019.0,-202726.0,-228481.0,-958668.0,0.0,1.9297389463781753,0.0,0.0,0.0,0.0,0.0,0.0,10.0062,0.0
1910,5,Florian,Müller,500000.0,,,,,,,0,1,https://kickbase.b-cdn.net/content/file/812a2cedbff7444099345ed29acae1a0.png,21.0,0,,0.0,"[{""hasPlayed"": false, ""points"": null}, {""hasPlayed"": false, ""points"": null}]",5,Florian Müller,0.0,0.0,0.0,0.0,0.0,0.0,0.0,1.9297389463781753,0.0,0.0,0.0,0.0,0.0,0.0,10.0062,0.0
2084,5,Philipp,Lienhart,14208507.0,111.0,2.0,2.0,2.0,9937.0,221.0,0,2,https://kickbase.b-cdn.net/content/file/748f11f6c0294a41850137ab1c162436.png,3.0,1,15.0,23.0,"[{""hasPlayed"": true, ""points"": 94}, {""hasPlayed"": true, ""points"": 127}]",2,Philipp Lienhart,116872.0,116872.0,138296.0,126245.0,602232.0,2966355.0,7.32,1.9297389463781753,1.0,1.0,0.0,1.0,0.0,1.0,10.0062,141.34447
2125,5,Jan-Niklas,Beste,14126291.0,107.0,2.0,2.0,2.0,7286.0,214.0,0,3,https://kickbase.b-cdn.net/content/file/50008e312d584e419fc78f1d54151bc3.png,19.0,1,15.0,29.0,"[{""hasPlayed"": true, ""points"": 86}, {""hasPlayed"": true, ""points"": 128}]",1,Jan-Niklas Beste,132843.0,132843.0,149412.0,173580.0,1050540.0,4383243.0,6.97,1.9297389463781753,1.0,1.0,0.0,1.0,0.0,1.0,10.0062,134.586196
2176,5,Lucas,Höler,4463209.0,37.0,1.0,1.0,0.0,1224.0,37.0,0,4,https://kickbase.b-cdn.net/content/file/fd6c0b5e138c4a7382c1f0eade49e3f9.png,9.0,2,8.0,26.0,"[{""hasPlayed"": false, ""points"": null}, {""hasPlayed"": true, ""points"": 37}]",5,Lucas Höler,-124156.0,-124156.0,-135785.0,-152760.0,-1258188.0,1491273.0,6.55,1.9297389463781753,0.0,0.0,0.0,0.0,0.0,0.0,10.0062,0.0
2722,5,Patrick,Osterhage,2011390.0,,,,,,,2,3,https://kickbase.b-cdn.net/content/file/60fae74949d64f7dbfc181f788ffc48c.png,6.0,2,,0.0,"[{""hasPlayed"": false, ""points"": null}, {""hasPlayed"": false, ""points"": null}]",5,Patrick Osterhage,-135015.0,-135015.0,-138580.0,-134822.0,-909070.0,-2431557.0,0.0,1.9297389463781753,0.0,0.0,0.0,0.0,0.0,0.0,10.0062,0.0
3209,5,Yannik,Engelhardt,11588315.0,63.0,2.0,2.0,2.0,10648.0,125.0,0,3,https://kickbase.b-cdn.net/content/file/026c80a428ef428ba28a09167853739e.png,16.0,2,10.0,12.0,"[{""hasPlayed"": true, ""points"": 54}, {""hasPlayed"": true, ""points"": 71}]",1,Yannik Engelhardt,-171312.0,-171312.0,-21548.0,12876.0,65773.0,3661521.0,6.62,1.9297389463781753,1.0,1.0,0.0,1.0,0.0,1.0,10.0062,127.827922
3218,5,Mio,Backhaus,15151229.0,105.0,2.0,2.0,2.0,11429.0,210.0,0,1,https://kickbase.b-cdn.net/content/file/5b9a29bca41244bb8c7e691643d00e7d.png,1.0,1,13.0,48.0,"[{""hasPlayed"": true, ""points"": 139}, {""hasPlayed"": true, ""points"": 71}]",1,Mio Backhaus,21397.0,21397.0,24093.0,12858.0,-897683.0,-981718.0,6.67,1.9297389463781753,1.0,1.0,0.0,1.0,0.0,1.0,10.0062,128.79339
3304,5,Igor,Matanović,22065652.0,244.0,2.0,2.0,2.0,10204.0,487.0,0,4,https://kickbase.b-cdn.net/content/file/6bb42fe3c2da4e1e9f8ad8dc25f1cc85.png,31.0,1,22.0,67.0,"[{""hasPlayed"": true, ""points"": 196}, {""hasPlayed"": true, ""points"": 291}]",1,Igor Matanović,207827.0,207827.0,223161.0,223719.0,1420330.0,5064813.0,8.35,1.9297389463781753,1.0,1.0,0.0,1.0,0.0,1.0,10.0062,161.233105
4335,5,Derry,Scherhant,11011877.0,133.0,2.0,2.0,2.0,10181.0,266.0,0,3,https://kickbase.b-cdn.net/content/file/bef26d4942154c3483dbb80207a36d4d.png,7.0,1,24.0,15.0,"[{""hasPlayed"": true, ""points"": 122}, {""hasPlayed"": true, ""points"": 144}]",3,Derry Scherhant,208619.0,208619.0,229344.0,240997.0,1948071.0,5864422.0,7.48,1.9297389463781753,1.0,0.6896551724137931,0.0,1.0,0.0,0.8836206896551724,10.0062,127.624841
6209,5,Philipp,Treu,10279773.0,86.0,2.0,2.0,1.0,7208.0,172.0,0,2,https://kickbase.b-cdn.net/content/file/76b764f7f4a448e39454f846207e2071.png,29.0,1,16.0,77.0,"[{""hasPlayed"": true, ""points"": 141}, {""hasPlayed"": true, ""points"": 31}]",2,Philipp Treu,75160.0,75160.0,74803.0,87997.0,-421158.0,-259922.0,7.03,1.9297389463781753,0.6896551724137931,1.0,0.0,1.0,0.0,0.8448275862068966,10.0062,114.680916
7215,5,Jordy,Makengo,9739264.0,105.0,2.0,2.0,2.0,11429.0,210.0,0,2,https://kickbase.b-cdn.net/content/file/fd0567aa1f2a49ac97f7b4bdc6aa87a7.png,33.0,1,21.0,21.0,"[{""hasPlayed"": true, ""points"": 120}, {""hasPlayed"": true, ""points"": 90}]",2,Jordy Makengo,334354.0,334354.0,345413.0,355214.0,2063922.0,7380772.0,7.09,1.9297389463781753,1.0,1.0,0.0,1.0,0.0,1.0,10.0062,136.903319
7216,5,Max,Rosenfelder,5788332.0,37.0,1.0,1.0,0.0,1491.0,37.0,0,2,https://kickbase.b-cdn.net/content/file/e433049f58c743a5959513619885f55b.png,37.0,1,6.0,26.0,"[{""hasPlayed"": false, ""points"": null}, {""hasPlayed"": true, ""points"": 37}]",4,Max Rosenfelder,204224.0,204224.0,249992.0,264596.0,1521580.0,1262798.0,6.7,1.9297389463781753,0.0,0.0,0.0,0.0,0.0,0.0,10.0062,0.0
8363,5,Berkay,Yilmaz,3373081.0,24.0,1.0,1.0,0.0,780.0,24.0,0,2,https://kickbase.b-cdn.net/content/file/1fc23d1e07db4a7da80071b9456c1dfc.png,27.0,2,7.0,16.0,"[{""hasPlayed"": true, ""points"": 24}, {""hasPlayed"": false, ""points"": null}]",5,Berkay Yilmaz,-123471.0,-123471.0,-126135.0,-129403.0,-841917.0,-6724480.0,6.6,1.9297389463781753,0.0,0.0,0.0,0.0,0.0,0.0,10.0062,0.0
8364,5,Bruno,Ogbus,4145061.0,,,,,,,0,2,https://kickbase.b-cdn.net/content/file/e64737da07c343e9a8027194fa943078.png,43.0,1,,0.0,"[{""hasPlayed"": false, ""points"": null}, {""hasPlayed"": false, ""points"": null}]",5,Bruno Ogbus,330811.0,330811.0,352840.0,282295.0,1650789.0,1308138.0,0.0,1.9297389463781753,0.0,0.0,0.0,0.0,0.0,0.0,10.0062,0.0
11006,5,Yuito,Suzuki,16683497.0,235.0,2.0,2.0,2.0,9808.0,470.0,0,3,https://kickbase.b-cdn.net/content/file/b6f12e7f20704297b8205da224ce56f1.png,14.0,1,28.0,226.0,"[{""hasPlayed"": true, ""points"": 75}, {""hasPlayed"": true, ""points"": 395}]",1,Yuito Suzuki,181894.0,181894.0,209537.0,214969.0,1492029.0,5206940.0,7.11,1.9297389463781753,1.0,1.0,0.0,1.0,0.0,1.0,10.0062,137.289506
11007,5,Cyriaque,Irié,5831212.0,60.0,1.0,1.0,0.0,2965.0,60.0,0,3,https://kickbase.b-cdn.net/content/file/495fd2fe440e4673a4c36e223f53eb4e.png,22.0,1,10.0,42.0,"[{""hasPlayed"": false, ""points"": null}, {""hasPlayed"": true, ""points"": 60}]",5,Cyriaque Irié,264300.0,264300.0,321142.0,396918.0,2440683.0,660942.0,6.95,1.9297389463781753,0.0,0.0,0.0,0.0,0.0,0.0,10.0062,0.0
14048,5,Keisuke,Goto,3096422.0,15.0,2.0,2.0,0.0,1620.0,30.0,0,4,https://kickbase.b-cdn.net/content/file/51c1a52f7444432aab2f7b125fe5ac33.png,42.0,2,9.0,5.0,"[{""hasPlayed"": true, ""points"": 19}, {""hasPlayed"": true, ""points"": 11}]",5,Keisuke Goto,-101284.0,-101284.0,-114999.0,-120945.0,-617552.0,-5899744.0,6.74,1.9297389463781753,0.0,0.0,0.0,0.0,0.0,0.0,10.0062,0.0
15196,5,Rihito,Yamamoto,2730075.0,,,,,,,0,3,https://kickbase.b-cdn.net/content/file/500d566763b246d9b74d65bf2cf33241.png,20.0,2,,0.0,"[{""hasPlayed"": false, ""points"": null}, {""hasPlayed"": false, ""points"": null}]",5,Rihito Yamamoto,-138653.0,-138653.0,-139704.0,-142605.0,-901112.0,-6504309.0,0.0,1.9297389463781753,0.0,0.0,0.0,0.0,0.0,0.0,10.0062,0.0
43,10,Mitchell,Weiser,4493748.0,,,,,,,0,2,https://kickbase.b-cdn.net/content/file/d4075d101f5c49f88113a719ed8f34e5.png,8.0,2,,0.0,"[{""hasPlayed"": false, ""points"": null}, {""hasPlayed"": false, ""points"": null}]",5,Mitchell Weiser,-64103.0,-64103.0,-85976.0,-101248.0,-459557.0,-2068159.0,0.0,1.1228668941979523,0.0,0.0,0.0,0.0,0.0,0.0,10.0062,0.0
157,10,Niklas,Stark,4064423.0,,,,,,,0,2,https://kickbase.b-cdn.net/content/file/47d350de3ba7487dad6fff58c11b5910.png,4.0,1,,0.0,"[{""hasPlayed"": false, ""points"": null}, {""hasPlayed"": false, ""points"": null}]",5,Niklas Stark,367668.0,367668.0,355522.0,225855.0,1448423.0,488831.0,0.0,1.1228668941979523,0.0,0.0,0.0,0.0,0.0,0.0,10.0062,0.0
608,10,Niclas,Füllkrug,13081764.0,46.0,2.0,2.0,2.0,8371.0,91.0,0,4,https://kickbase.b-cdn.net/content/file/b83a0c4ef29b40d99020bb11e9e1bc7f.png,10.0,1,6.0,129.0,"[{""hasPlayed"": true, ""points"": 137}, {""hasPlayed"": true, ""points"": -46}]",1,Niclas Füllkrug,118318.0,118318.0,138493.0,115430.0,202126.0,-11048604.0,6.83,1.1228668941979523,1.0,1.0,0.0,1.0,0.0,1.0,10.0062,76.739358
1996,10,Marco,Friedl,11220862.0,79.0,2.0,2.0,2.0,11674.0,158.0,0,2,https://kickbase.b-cdn.net/content/file/7ab07056637e493d80590700542ee887.png,32.0,2,14.0,12.0,"[{""hasPlayed"": true, ""points"": 88}, {""hasPlayed"": true, ""points"": 70}]",1,Marco Friedl,-254485.0,-254485.0,-206368.0,-170773.0,-1571688.0,-357779.0,6.75,1.1228668941979523,1.0,1.0,0.0,1.0,0.0,1.0,10.0062,75.840507
2294,10,Amos,Pieper,12279720.0,99.0,2.0,2.0,2.0,11674.0,197.0,0,2,https://kickbase.b-cdn.net/content/file/32262c6e17164fd1a62ee34e358e2540.png,5.0,1,16.0,4.0,"[{""hasPlayed"": true, ""points"": 102}, {""hasPlayed"": true, ""points"": 95}]",1,Amos Pieper,85351.0,85351.0,109710.0,124081.0,477730.0,4166357.0,7.35,1.1228668941979523,1.0,1.0,0.0,1.0,0.0,1.0,10.0062,82.581886
2842,10,Felix,Agu,1538658.0,,,,,,,2,2,https://kickbase.b-cdn.net/content/file/d3aec548a0d84afcb6a8f6c90cc09e72.png,27.0,2,,0.0,"[{""hasPlayed"": false, ""points"": null}, {""hasPlayed"": false, ""points"": null}]",5,Felix Agu,-104298.0,-104298.0,-124530.0,-133642.0,-813903.0,-3733121.0,0.0,1.1228668941979523,0.0,0.0,0.0,0.0,0.0,0.0,10.0062,0.0
2939,10,Eren Sami,Dinkçi,6264185.0,56.0,2.0,2.0,1.0,4747.0,111.0,0,3,https://kickbase.b-cdn.net/content/file/174ad85385c44b14afdb5c2c71ce799f.png,18.0,1,17.0,94.0,"[{""hasPlayed"": true, ""points"": 122}, {""hasPlayed"": true, ""points"": -11}]",1,Eren Sami Dinkçi,288545.0,288545.0,325979.0,324098.0,1484950.0,2355130.0,6.82,1.1228668941979523,0.85,1.0,0.0,0.85,0.15,0.90625,10.0062,69.44322
3139,10,Cédric,Itten,3770351.0,18.0,2.0,2.0,0.0,3301.0,35.0,0,4,https://kickbase.b-cdn.net/content/file/c4cfdfdc99a949ea8f5f97c7c316efd8.png,26.0,2,9.0,4.0,"[{""hasPlayed"": true, ""points"": 21}, {""hasPlayed"": true, ""points"": 14}]",5,Cédric Itten,-118487.0,-118487.0,-124765.0,-132953.0,-752958.0,-6987690.0,6.26,1.1228668941979523,0.0,0.0,0.0,0.0,0.0,0.0,10.0062,0.0
3166,10,Keke,Topp,507052.0,,,,,,,1,4,https://kickbase.b-cdn.net/content/file/3b2c4046987d46a6a2afe1a90455d7ea.png,9.0,1,,0.0,"[{""hasPlayed"": false, ""points"": null}, {""hasPlayed"": false, ""points"": null}]",5,Keke Topp,7052.0,7052.0,0.0,0.0,-120035.0,-113125.0,0.0,1.1228668941979523,0.0,0.0,0.0,0.0,0.0,0.0,10.0062,0.0
3228,10,Justin,Njinmah,4413518.0,2.0,1.0,1.0,1.0,3750.0,2.0,1,4,https://kickbase.b-cdn.net/content/file/aecaedfbbfac4fc189856b5b5d560b2d.png,11.0,2,0.0,1.0,"[{""hasPlayed"": false, ""points"": null}, {""hasPlayed"": true, ""points"": 2}]",5,Justin Njinmah,-145625.0,-145625.0,-145191.0,-145471.0,-2030028.0,-2113953.0,6.82,1.1228668941979523,0.0,0.0,0.0,0.0,0.0,0.0,10.0062,0.0
3281,10,Ludovit,Reis,9688174.0,63.0,2.0,2.0,2.0,11125.0,126.0,0,3,https://kickbase.b-cdn.net/content/file/4b8927aad68d467b96d281d272a77f35.png,15.0,1,13.0,48.0,"[{""hasPlayed"": true, ""points"": 97}, {""hasPlayed"": true, ""points"": 29}]",2,Ludovit Reis,239810.0,239810.0,262025.0,287691.0,1195284.0,1140891.0,7.16,1.1228668941979523,1.0,1.0,0.0,1.0,0.0,1.0,10.0062,80.447116
3450,10,Markus,Kolke,500000.0,,,,,,,0,1,https://kickbase.b-cdn.net/content/file/8e62a66ca620435fa877b6e0ed662c0b.png,25.0,0,,0.0,"[{""hasPlayed"": false, ""points"": null}, {""hasPlayed"": false, ""points"": null}]",5,Markus Kolke,0.0,0.0,0.0,0.0,0.0,0.0,0.0,1.1228668941979523,0.0,0.0,0.0,0.0,0.0,0.0,10.0062,0.0
3481,10,Jens,Stage,12255068.0,,,,,,,1,3,https://kickbase.b-cdn.net/content/file/1660e6fa98fe418d8a4abdb17bda1d62.png,6.0,2,,0.0,"[{""hasPlayed"": false, ""points"": null}, {""hasPlayed"": false, ""points"": null}]",5,Jens Stage,-674968.0,-674968.0,-662237.0,-649978.0,-4628860.0,-5844357.0,0.0,1.1228668941979523,0.0,0.0,0.0,0.0,0.0,0.0,10.0062,0.0
6174,10,,Arthur,6782426.0,49.0,1.0,1.0,1.0,4193.0,49.0,0,2,https://kickbase.b-cdn.net/content/file/1a97160785984f9ba1247c828bca87a5.png,0.0,1,7.0,34.0,"[{""hasPlayed"": true, ""points"": 49}, {""hasPlayed"": false, ""points"": null}]",1,Arthur,319160.0,319160.0,355436.0,349389.0,2280120.0,964380.0,7.1,1.1228668941979523,1.0,1.0,0.0,1.0,0.0,1.0,10.0062,79.772978
7167,10,Senne,Lynen,6140409.0,0.0,1.0,1.0,1.0,2812.0,0.0,2,3,https://kickbase.b-cdn.net/content/file/155288638ca9459bbebfab0684e818ef.png,14.0,2,,0.0,"[{""hasPlayed"": false, ""points"": null}, {""hasPlayed"": true, ""points"": 0}]",4,Senne Lynen,-379259.0,-379259.0,-377806.0,-376262.0,-2469317.0,-1639506.0,6.66,1.1228668941979523,0.0,0.0,0.0,0.0,0.0,0.0,10.0062,0.0
7282,10,Olivier,Deman,9787335.0,93.0,2.0,2.0,2.0,11674.0,185.0,0,2,https://kickbase.b-cdn.net/content/file/581d084f390f47a38c3d2d35085fb1e4.png,2.0,1,18.0,98.0,"[{""hasPlayed"": true, ""points"": 162}, {""hasPlayed"": true, ""points"": 23}]",1,Olivier Deman,295367.0,295367.0,301660.0,254366.0,474830.0,371123.0,7.05,1.1228668941979523,1.0,1.0,0.0,1.0,0.0,1.0,10.0062,79.211197
7721,10,Marco,Grüll,8091243.0,209.0,2.0,2.0,2.0,11124.0,417.0,0,3,https://kickbase.b-cdn.net/content/file/73071b81354346399a14dd6431d4e823.png,17.0,1,51.0,115.0,"[{""hasPlayed"": true, ""points"": 290}, {""hasPlayed"": true, ""points"": 127}]",1,Marco Grüll,343279.0,343279.0,340822.0,349554.0,2005473.0,4626077.0,8.01,1.1228668941979523,1.0,1.0,0.0,1.0,0.0,1.0,10.0062,89.997402
8166,10,,Chuki,7904332.0,85.0,2.0,2.0,2.0,10866.0,170.0,0,3,https://kickbase.b-cdn.net/content/file/480d2ef5bfd94f57a5db7545d63b0828.png,20.0,1,21.0,93.0,"[{""hasPlayed"": true, ""points"": 151}, {""hasPlayed"": true, ""points"": 19}]",1,Chuki,304467.0,304467.0,290593.0,237997.0,534443.0,-2370506.0,6.52,1.1228668941979523,1.0,1.0,0.0,1.0,0.0,1.0,10.0062,73.256312
9513,10,Karl,Hein,12149277.0,75.0,2.0,2.0,2.0,11674.0,150.0,0,1,https://kickbase.b-cdn.net/content/file/0342913c28ed45b18f310732f9b90b16.png,1.0,1,12.0,94.0,"[{""hasPlayed"": true, ""points"": 142}, {""hasPlayed"": true, ""points"": 8}]",1,Karl Hein,18773.0,18773.0,23997.0,26030.0,-920574.0,389825.0,6.75,1.1228668941979523,1.0,1.0,0.0,1.0,0.0,1.0,10.0062,75.840507
9600,10,Alexander,Schlager,1386344.0,,,,,,,0,1,https://kickbase.b-cdn.net/content/file/c677b3706079488a8ee0283db8fdd970.png,30.0,2,,0.0,"[{""hasPlayed"": false, ""points"": null}, {""hasPlayed"": false, ""points"": null}]",5,Alexander Schlager,-139086.0,-139086.0,-137288.0,-138262.0,-964017.0,-4582524.0,0.0,1.1228668941979523,0.0,0.0,0.0,0.0,0.0,0.0,10.0062,0.0
10131,10,Dariusz,Stalmach,4800222.0,86.0,2.0,2.0,0.0,3775.0,172.0,0,3,https://kickbase.b-cdn.net/content/file/24197523c05b4e17ac6e922264265d37.png,23.0,1,35.0,86.0,"[{""hasPlayed"": true, ""points"": 25}, {""hasPlayed"": true, ""points"": 147}]",5,Dariusz Stalmach,372266.0,372266.0,399030.0,380512.0,2409550.0,406618.0,7.14,1.1228668941979523,0.0,0.0,0.0,0.0,0.0,0.0,10.0062,0.0
10134,10,Mick,Schmetgens,4666214.0,21.0,2.0,2.0,1.0,7480.0,42.0,0,2,https://kickbase.b-cdn.net/content/file/cbb89b4949af4997a53ca8ecc1ce7c78.png,33.0,2,9.0,29.0,"[{""hasPlayed"": true, ""points"": 42}, {""hasPlayed"": true, ""points"": 0}]",5,Mick Schmetgens,-137737.0,-137737.0,-361919.0,-382573.0,-2348097.0,585499.0,6.44,1.1228668941979523,0.0,0.0,0.0,0.0,0.0,0.0,10.0062,0.0
11262,10,Salim Amani,Musah,3568603.0,1.0,2.0,2.0,0.0,2762.0,1.0,0,4,https://kickbase.b-cdn.net/content/file/06171b2c46b740f29fc107281e5b489c.png,29.0,2,0.0,7.0,"[{""hasPlayed"": true, ""points"": 6}, {""hasPlayed"": true, ""points"": -5}]",5,Salim Amani Musah,-122555.0,-122555.0,-124785.0,-135398.0,-852014.0,-1232887.0,6.4,1.1228668941979523,0.0,0.0,0.0,0.0,0.0,0.0,10.0062,0.0
13449,10,Moussa,Ndiaye,3652519.0,,,,,,,0,2,https://kickbase.b-cdn.net/content/file/2af2bd87e1ec448bb98741662c2c9fe4.png,0.0,1,,,"[{""hasPlayed"": false, ""points"": null}, {""hasPlayed"": false, ""points"": null}]",5,Moussa Ndiaye,61145.0,61145.0,175203.0,269512.0,1782212.0,3652519.0,0.0,1.1228668941979523,0.0,0.0,0.0,0.0,0.0,0.0,10.0062,0.0
14923,10,Kenny,Quetant,738844.0,,,,,,,2,4,https://kickbase.b-cdn.net/content/file/ce71a0ceab994338b9911cf79b91e00c.png,19.0,2,,0.0,"[{""hasPlayed"": false, ""points"": null}, {""hasPlayed"": false, ""points"": null}]",5,Kenny Quetant,-78021.0,-78021.0,-94489.0,-134429.0,-664791.0,-3819542.0,0.0,1.1228668941979523,0.0,0.0,0.0,0.0,0.0,0.0,10.0062,0.0
14926,10,Darwin,Soylu,715388.0,,,,,,,0,3,https://kickbase.b-cdn.net/content/file/5cb0e397fead443c8b6edad320c05fb5.png,34.0,2,,0.0,"[{""hasPlayed"": false, ""points"": null}, {""hasPlayed"": false, ""points"": null}]",5,Darwin Soylu,-33635.0,-33635.0,-53762.0,-114875.0,-572339.0,-3862900.0,0.0,1.1228668941979523,0.0,0.0,0.0,0.0,0.0,0.0,10.0062,0.0
15256,10,Oskar,Wójcik,1952110.0,,,,,,,0,2,https://kickbase.b-cdn.net/content/file/97c455965a994f56b1d9c44f02427633.png,3.0,2,,0.0,"[{""hasPlayed"": false, ""points"": null}, {""hasPlayed"": false, ""points"": null}]",5,Oskar Wójcik,-134577.0,-134577.0,-140064.0,-145273.0,-955526.0,-6420281.0,0.0,1.1228668941979523,0.0,0.0,0.0,0.0,0.0,0.0,10.0062,0.0
15313,10,Paul,Erevbenagie,3550048.0,37.0,1.0,1.0,0.0,1768.0,37.0,0,4,https://kickbase.b-cdn.net/content/file/6e29480ac28c4af59908453b181e813c.png,38.0,2,10.0,26.0,"[{""hasPlayed"": true, ""points"": 37}, {""hasPlayed"": false, ""points"": null}]",5,Paul Erevbenagie,-126275.0,-126275.0,-133754.0,-135014.0,-797949.0,2683146.0,6.93,1.1228668941979523,0.0,0.0,0.0,0.0,0.0,0.0,10.0062,0.0
17288,10,Youri,Regeer,7206977.0,130.0,1.0,1.0,1.0,5157.0,130.0,0,3,https://kickbase.b-cdn.net/content/file/f4b7ace177bb4699aad8c93d93c91829.png,0.0,1,18.0,,"[{""hasPlayed"": true, ""points"": 130}, {""hasPlayed"": false, ""points"": null}]",2,Youri Regeer,316324.0,316324.0,325171.0,326184.0,1446228.0,7206977.0,7.1,1.1228668941979523,1.0,1.0,0.0,1.0,0.0,1.0,10.0062,79.772978
493,13,Michael,Gregoritsch,12975082.0,138.0,2.0,2.0,2.0,9346.0,276.0,0,4,https://kickbase.b-cdn.net/content/file/90d8bfeb702e4fc9a12b70e61d1cada3.png,11.0,1,21.0,80.0,"[{""hasPlayed"": true, ""points"": 81}, {""hasPlayed"": true, ""points"": 195}]",1,Michael Gregoritsch,205309.0,205309.0,210845.0,209245.0,1334375.0,4064573.0,6.82,0.9095920617420066,1.0,1.0,0.0,1.0,0.0,1.0,10.0062,62.07264
1809,13,Marius,Wolf,9184552.0,200.0,2.0,2.0,2.0,9820.0,400.0,0,3,https://kickbase.b-cdn.net/content/file/a1f80afaec424464a483185498e81a2e.png,27.0,1,43.0,53.0,"[{""hasPlayed"": true, ""points"": 162}, {""hasPlayed"": true, ""points"": 238}]",3,Marius Wolf,299555.0,299555.0,331330.0,356394.0,2253755.0,8256155.0,7.16,0.9095920617420066,0.6896551724137931,0.6896551724137931,0.0,1.0,0.0,0.728448275862069,10.0062,47.470913
1811,13,Jeffrey,Gouweleeuw,6431940.0,26.0,2.0,2.0,0.0,777.0,52.0,0,2,https://kickbase.b-cdn.net/content/file/12102af2b43f4161bfaeb1a6d0172ad2.png,6.0,2,8.0,5.0,"[{""hasPlayed"": true, ""points"": 30}, {""hasPlayed"": true, ""points"": 22}]",3,Jeffrey Gouweleeuw,-300531.0,-300531.0,-314598.0,-351582.0,-1632909.0,-3890898.0,6.8,0.9095920617420066,0.0,0.31034482758620685,0.0,0.0,0.0,0.11637931034482757,10.0062,7.202786
2195,13,Finn,Dahmen,16687934.0,195.0,2.0,2.0,2.0,11311.0,389.0,0,1,https://kickbase.b-cdn.net/content/file/78075846ec2d4f2eaeef6be38fdb6681.png,1.0,1,23.0,26.0,"[{""hasPlayed"": true, ""points"": 176}, {""hasPlayed"": true, ""points"": 213}]",1,Finn Dahmen,103119.0,103119.0,125161.0,112478.0,459979.0,1321664.0,8.69,0.9095920617420066,1.0,1.0,0.0,1.0,0.0,1.0,10.0062,79.092557
2764,13,Yannik,Keitel,1475282.0,23.0,1.0,1.0,0.0,642.0,23.0,0,3,https://kickbase.b-cdn.net/content/file/4f4bc9f6569e49588aa7dd39288b614f.png,14.0,2,15.0,16.0,"[{""hasPlayed"": false, ""points"": null}, {""hasPlayed"": true, ""points"": 23}]",5,Yannik Keitel,-103907.0,-103907.0,-121105.0,-139447.0,-551459.0,-3517423.0,6.6,0.9095920617420066,0.0,0.0,0.0,0.0,0.0,0.0,10.0062,0.0
3143,13,Kristijan,Jakić,3514535.0,,,,,,,0,3,https://kickbase.b-cdn.net/content/file/e10151863bbf44bab60284439ee3e070.png,17.0,2,,0.0,"[{""hasPlayed"": false, ""points"": null}, {""hasPlayed"": false, ""points"": null}]",5,Kristijan Jakić,-151914.0,-151914.0,-160744.0,-175690.0,-587358.0,840144.0,0.0,0.9095920617420066,0.0,0.0,0.0,0.0,0.0,0.0,10.0062,0.0
3176,13,Arijon,Ibrahimović,7014817.0,181.0,1.0,1.0,1.0,3743.0,181.0,0,3,https://kickbase.b-cdn.net/content/file/f88dab5aaf7b458a971b11fb9ae2eb82.png,21.0,1,25.0,127.0,"[{""hasPlayed"": true, ""points"": 181}, {""hasPlayed"": false, ""points"": null}]",2,Arijon Ibrahimović,375522.0,375522.0,385077.0,389051.0,2276809.0,1705077.0,6.4,0.9095920617420066,1.0,1.0,0.0,1.0,0.0,1.0,10.0062,58.249985
3183,13,Anton,Kade,14300694.0,273.0,1.0,1.0,1.0,5649.0,273.0,2,4,https://kickbase.b-cdn.net/content/file/023539a6ce2b4b2d971d98593d7ce584.png,30.0,1,19.0,193.0,"[{""hasPlayed"": false, ""points"": null}, {""hasPlayed"": true, ""points"": 273}]",4,Anton Kade,-33154.0,-33154.0,43093.0,70923.0,426939.0,3962849.0,8.42,0.9095920617420066,0.0,0.0,0.0,0.0,0.0,0.0,10.0062,0.0
4654,13,Mert,Kömür,4199371.0,50.0,2.0,2.0,0.0,2980.0,100.0,2,3,https://kickbase.b-cdn.net/content/file/f2c46eb7f8d3482c8bb69240abd7762d.png,10.0,2,23.0,9.0,"[{""hasPlayed"": true, ""points"": 57}, {""hasPlayed"": true, ""points"": 43}]",4,Mert Kömür,-107940.0,-107940.0,-98319.0,-97039.0,-506019.0,1336178.0,6.78,0.9095920617420066,0.0,0.0,0.0,0.0,0.0,0.0,10.0062,0.0
6168,13,Robin,Fellhauer,10284689.0,104.0,2.0,2.0,2.0,8323.0,207.0,0,3,https://kickbase.b-cdn.net/content/file/c458283e0fd243beb4cd2bd270cbfb54.png,19.0,1,20.0,64.0,"[{""hasPlayed"": true, ""points"": 149}, {""hasPlayed"": true, ""points"": 58}]",2,Robin Fellhauer,286470.0,286470.0,232684.0,120758.0,-77789.0,1151545.0,6.47,0.9095920617420066,1.0,1.0,0.0,1.0,0.0,1.0,10.0062,58.887094
7283,13,Calvin,Brackelmann,7923976.0,113.0,2.0,2.0,2.0,10533.0,225.0,0,2,https://kickbase.b-cdn.net/content/file/e13f320cbaad4bad96143f969d2cf434.png,2.0,1,28.0,47.0,"[{""hasPlayed"": true, ""points"": 79}, {""hasPlayed"": true, ""points"": 146}]",3,Calvin Brackelmann,255794.0,255794.0,301258.0,358484.0,2007172.0,-8598.0,6.89,0.9095920617420066,1.0,0.6896551724137931,0.0,1.0,0.0,0.8836206896551724,10.0062,55.411632
7336,13,Sima,Suso,779276.0,,,,,,,0,3,https://kickbase.b-cdn.net/content/file/183351daddfd4c36b0c80c411b0e061c.png,8.0,2,,0.0,"[{""hasPlayed"": false, ""points"": null}, {""hasPlayed"": false, ""points"": null}]",5,Sima Suso,-7320.0,-7320.0,-43604.0,-112620.0,-560098.0,-3885934.0,0.0,0.9095920617420066,0.0,0.0,0.0,0.0,0.0,0.0,10.0062,0.0
7676,13,Fabian,Rieder,16734149.0,208.0,2.0,2.0,2.0,10669.0,416.0,0,3,https://kickbase.b-cdn.net/content/file/bdc22db52af641168bf48d012401bd6b.png,32.0,1,24.0,18.0,"[{""hasPlayed"": true, ""points"": 221}, {""hasPlayed"": true, ""points"": 195}]",1,Fabian Rieder,163728.0,163728.0,170234.0,180530.0,987538.0,4981168.0,7.47,0.9095920617420066,1.0,1.0,0.0,1.0,0.0,1.0,10.0062,67.988654
7696,13,Nediljko,Labrović,500000.0,,,,,,,0,1,https://kickbase.b-cdn.net/content/file/ab74d9253f714c34b29783c84700fd13.png,22.0,0,,0.0,"[{""hasPlayed"": false, ""points"": null}, {""hasPlayed"": false, ""points"": null}]",5,Nediljko Labrović,0.0,0.0,0.0,0.0,0.0,-2198542.0,0.0,0.9095920617420066,0.0,0.0,0.0,0.0,0.0,0.0,10.0062,0.0
8355,13,Noahkai,Banks,10474612.0,138.0,2.0,2.0,2.0,11311.0,275.0,0,2,https://kickbase.b-cdn.net/content/file/eee3a63f6cd84553ac20c6854134da5c.png,40.0,1,26.0,10.0,"[{""hasPlayed"": true, ""points"": 130}, {""hasPlayed"": true, ""points"": 145}]",1,Noahkai Banks,258257.0,258257.0,410790.0,399532.0,2349405.0,3871344.0,7.18,0.9095920617420066,1.0,1.0,0.0,1.0,0.0,1.0,10.0062,65.349201
9642,13,Chrislain,Matsima,15099591.0,157.0,2.0,2.0,2.0,11311.0,314.0,0,2,https://kickbase.b-cdn.net/content/file/0337794cdbe74c759f6ea4c6ac9c796b.png,5.0,1,20.0,26.0,"[{""hasPlayed"": true, ""points"": 176}, {""hasPlayed"": true, ""points"": 138}]",1,Chrislain Matsima,167410.0,167410.0,194057.0,196058.0,1088912.0,4809321.0,7.55,0.9095920617420066,1.0,1.0,0.0,1.0,0.0,1.0,10.0062,68.716779
9684,13,Alexis,Claude-Maurice,7472430.0,167.0,1.0,1.0,0.0,1925.0,167.0,0,3,https://kickbase.b-cdn.net/content/file/6fcd0e7bf78f4355ac28aecef9efb589.png,20.0,1,22.0,118.0,"[{""hasPlayed"": true, ""points"": 167}, {""hasPlayed"": false, ""points"": null}]",3,Alexis Claude-Maurice,362541.0,362541.0,359645.0,286909.0,282667.0,-4401311.0,7.9,0.9095920617420066,0.3103448275862069,0.31034482758620685,0.0,0.0,0.0,0.27155172413793105,10.0062,19.5252
9754,13,Juma,Bah,5963990.0,,,,,,,0,2,https://kickbase.b-cdn.net/content/file/5627c3fa11834a97ae7c6963d68a09a6.png,0.0,2,,,"[{""hasPlayed"": false, ""points"": null}, {""hasPlayed"": false, ""points"": null}]",4,Juma Bah,-426061.0,-426061.0,-444618.0,-489521.0,-2524333.0,5963990.0,0.0,0.9095920617420066,0.0,0.0,0.0,0.0,0.0,0.0,10.0062,0.0
9965,13,Faik,Sakar,2491474.0,,,,,,,0,3,https://kickbase.b-cdn.net/content/file/8acfc6a0b1524998999efe1e686302d4.png,23.0,2,,0.0,"[{""hasPlayed"": false, ""points"": null}, {""hasPlayed"": false, ""points"": null}]",5,Faik Sakar,-147690.0,-147690.0,-150034.0,-155576.0,-961990.0,-1637975.0,0.0,0.9095920617420066,0.0,0.0,0.0,0.0,0.0,0.0,10.0062,0.0
10049,13,Hennes,Behrens,12641543.0,121.0,2.0,2.0,2.0,11311.0,242.0,0,2,https://kickbase.b-cdn.net/content/file/18dac711dedc44698522f7c499401190.png,16.0,1,19.0,31.0,"[{""hasPlayed"": true, ""points"": 99}, {""hasPlayed"": true, ""points"": 143}]",1,Hennes Behrens,101019.0,101019.0,114551.0,116374.0,688698.0,5011046.0,6.81,0.9095920617420066,1.0,1.0,0.0,1.0,0.0,1.0,10.0062,61.981624
11556,13,Han-Noah,Massengo,11928807.0,146.0,2.0,2.0,2.0,11311.0,292.0,0,3,https://kickbase.b-cdn.net/content/file/d5c086e505984d7ba4c7e0af23d1a901.png,4.0,1,24.0,12.0,"[{""hasPlayed"": true, ""points"": 137}, {""hasPlayed"": true, ""points"": 155}]",1,Han-Noah Massengo,204064.0,204064.0,235044.0,229490.0,1240893.0,3457935.0,7.31,0.9095920617420066,1.0,1.0,0.0,1.0,0.0,1.0,10.0062,66.532404
12341,13,Rodrigo,Ribeiro,5741589.0,66.0,2.0,2.0,0.0,1964.0,131.0,0,4,https://kickbase.b-cdn.net/content/file/7d60acf2c66d45288438f5f879775e01.png,9.0,1,22.0,53.0,"[{""hasPlayed"": true, ""points"": 28}, {""hasPlayed"": true, ""points"": 103}]",5,Rodrigo Ribeiro,235191.0,235191.0,284109.0,322687.0,1918500.0,856973.0,6.79,0.9095920617420066,0.0,0.0,0.0,0.0,0.0,0.0,10.0062,0.0
13479,13,Uchenna,Ogundu,2611084.0,,,,,,,0,4,https://kickbase.b-cdn.net/content/file/c9277b2f662b4b60a7ad1b27ddb68201.png,39.0,2,,0.0,"[{""hasPlayed"": false, ""points"": null}, {""hasPlayed"": false, ""points"": null}]",5,Uchenna Ogundu,-146983.0,-146983.0,-140859.0,-144635.0,-928777.0,-1397052.0,0.0,0.9095920617420066,0.0,0.0,0.0,0.0,0.0,0.0,10.0062,0.0
13671,13,Tom,Wisbereit,500000.0,,,,,,,0,1,https://kickbase.b-cdn.net/content/file/487a6f69783d4bf69fa8c1b023e108e1.png,48.0,0,,,"[{""hasPlayed"": false, ""points"": null}, {""hasPlayed"": false, ""points"": null}]",5,Tom Wisbereit,0.0,0.0,0.0,0.0,0.0,0.0,0.0,0.9095920617420066,0.0,0.0,0.0,0.0,0.0,0.0,10.0062,0.0
13806,13,Young-Woo,Seol,2796539.0,53.0,2.0,2.0,0.0,1490.0,105.0,0,2,https://kickbase.b-cdn.net/content/file/e7ba68f831b843ba9e8251edb80f7989.png,7.0,2,37.0,28.0,"[{""hasPlayed"": true, ""points"": 32}, {""hasPlayed"": true, ""points"": 73}]",4,Young-Woo Seol,-113837.0,-113837.0,-136875.0,-105966.0,-197531.0,2796539.0,6.4,0.9095920617420066,0.0,0.0,0.0,0.0,0.0,0.0,10.0062,0.0
32,8,Loris,Karius,16817783.0,133.0,2.0,2.0,2.0,11390.0,265.0,0,1,https://kickbase.b-cdn.net/content/file/9b53a17786bd45d8b843b3e188f2ceae.png,1.0,1,15.0,13.0,"[{""hasPlayed"": true, ""points"": 123}, {""hasPlayed"": true, ""points"": 142}]",1,Loris Karius,70114.0,70114.0,92566.0,57303.0,186680.0,1383194.0,7.4,1.2105263157894737,1.0,1.0,0.0,1.0,0.0,1.0,10.0062,89.634486
670,8,Kenan,Karaman,8729889.0,15.0,1.0,1.0,0.0,596.0,15.0,0,4,https://kickbase.b-cdn.net/content/file/3eb5c46b23e042a4b366137871517bbe.png,19.0,1,1.0,10.0,"[{""hasPlayed"": true, ""points"": 15}, {""hasPlayed"": false, ""points"": null}]",3,Kenan Karaman,173415.0,173415.0,104658.0,53047.0,-494755.0,-6421720.0,6.6,1.2105263157894737,0.3103448275862069,0.31034482758620685,0.0,0.0,0.0,0.27155172413793105,10.0062,21.709005
755,8,Kevin,Müller,1164042.0,,,,,,,0,1,https://kickbase.b-cdn.net/content/file/9267ef7e0ff04d8d8f68116e2baab8fa.png,22.0,2,,0.0,"[{""hasPlayed"": false, ""points"": null}, {""hasPlayed"": false, ""points"": null}]",5,Kevin Müller,-143417.0,-143417.0,-145542.0,-159276.0,-820461.0,-389496.0,0.0,1.2105263157894737,0.0,0.0,0.0,0.0,0.0,0.0,10.0062,0.0
1012,8,Edin,Džeko,6326959.0,-30.0,1.0,1.0,0.0,1052.0,-30.0,0,4,https://kickbase.b-cdn.net/content/file/31e382a514fb4fd0a7b6bf028b56f839.png,10.0,2,,21.0,"[{""hasPlayed"": false, ""points"": null}, {""hasPlayed"": true, ""points"": -30}]",5,Edin Džeko,-305368.0,-305368.0,-334141.0,-355474.0,-2245903.0,-757302.0,7.19,1.2105263157894737,0.0,0.0,0.0,0.0,0.0,0.0,10.0062,0.0
1691,8,Finn,Porath,1412798.0,,,,,,,0,3,https://kickbase.b-cdn.net/content/file/250d4c6c00a74d8b9604ba54ec4385fd.png,27.0,2,,0.0,"[{""hasPlayed"": false, ""points"": null}, {""hasPlayed"": false, ""points"": null}]",5,Finn Porath,-132690.0,-132690.0,-141891.0,-150601.0,-926048.0,-3435505.0,0.0,1.2105263157894737,0.0,0.0,0.0,0.0,0.0,0.0,10.0062,0.0
2449,8,Hee-Chan,Hwang,4541944.0,,,,,,,0,4,https://kickbase.b-cdn.net/content/file/f03e94d1a5cf48cb99e80d9be87e060c.png,0.0,2,,,"[{""hasPlayed"": false, ""points"": null}, {""hasPlayed"": false, ""points"": null}]",5,Hee-Chan Hwang,-79654.0,-79654.0,-84395.0,-57497.0,-356848.0,2175717.0,0.0,1.2105263157894737,0.0,0.0,0.0,0.0,0.0,0.0,10.0062,0.0
2762,8,Timo,Becker,8563552.0,59.0,2.0,2.0,2.0,11390.0,118.0,0,2,https://kickbase.b-cdn.net/content/file/f1cc618a8f9e4121bc762da081feea87.png,5.0,2,13.0,50.0,"[{""hasPlayed"": true, ""points"": 95}, {""hasPlayed"": true, ""points"": 23}]",1,Timo Becker,1198.0,1198.0,-51192.0,-120096.0,-715233.0,2668974.0,6.8,1.2105263157894737,1.0,1.0,0.0,1.0,0.0,1.0,10.0062,82.366825
2876,8,Ron,Schallenberg,3467315.0,-54.0,1.0,1.0,1.0,3776.0,-54.0,8,3,https://kickbase.b-cdn.net/content/file/9f2d8e42f6bc438a9b4808262a3b2349.png,6.0,2,,38.0,"[{""hasPlayed"": false, ""points"": null}, {""hasPlayed"": true, ""points"": -54}]",5,Ron Schallenberg,-130058.0,-130058.0,-126460.0,-120350.0,-864468.0,-3852552.0,6.45,1.2105263157894737,0.0,0.0,0.0,0.0,0.0,0.0,10.0062,0.0
2967,8,Soufiane,El-Faouzi,12634825.0,76.0,2.0,2.0,2.0,11390.0,151.0,0,3,https://kickbase.b-cdn.net/content/file/08eca83815c745e1b44ccab6f89b6778.png,23.0,1,11.0,21.0,"[{""hasPlayed"": true, ""points"": 91}, {""hasPlayed"": true, ""points"": 60}]",1,Soufiane El-Faouzi,21926.0,21926.0,29319.0,-7953.0,-957943.0,-742963.0,7.12,1.2105263157894737,1.0,1.0,0.0,1.0,0.0,1.0,10.0062,86.242911
3029,8,Dejan,Ljubičić,8041098.0,35.0,2.0,2.0,2.0,10211.0,70.0,0,3,https://kickbase.b-cdn.net/content/file/98ab54f781d048c8b864ceba5bc2f7d4.png,21.0,1,8.0,11.0,"[{""hasPlayed"": true, ""points"": 27}, {""hasPlayed"": true, ""points"": 43}]",2,Dejan Ljubičić,238707.0,238707.0,263287.0,236713.0,1231581.0,-762075.0,6.84,1.2105263157894737,1.0,1.0,0.0,1.0,0.0,1.0,10.0062,82.851336
3307,8,Janik,Bachmann,1995569.0,,,,,,,0,3,https://kickbase.b-cdn.net/content/file/428a68b3510c4b3ba91bef10ecd9fff2.png,14.0,1,,0.0,"[{""hasPlayed"": false, ""points"": null}, {""hasPlayed"": false, ""points"": null}]",5,Janik Bachmann,251139.0,251139.0,294676.0,310795.0,1459166.0,-1338624.0,0.0,1.2105263157894737,0.0,0.0,0.0,0.0,0.0,0.0,10.0062,0.0
4406,8,Éric,Dina Ebimbe,4843765.0,5.0,2.0,2.0,1.0,5926.0,10.0,0,3,https://kickbase.b-cdn.net/content/file/afbea634b0e842279a632beb83f7cfbd.png,29.0,2,2.0,33.0,"[{""hasPlayed"": true, ""points"": 29}, {""hasPlayed"": true, ""points"": -19}]",3,Éric Dina Ebimbe,-48755.0,-48755.0,-60674.0,-225310.0,-1544022.0,-1683845.0,6.51,1.2105263157894737,0.6896551724137931,0.6896551724137931,0.0,0.0,0.0,0.603448275862069,10.0062,47.584384
4606,8,Hasan,Kuruçay,9135849.0,66.0,2.0,2.0,2.0,8290.0,131.0,0,2,https://kickbase.b-cdn.net/content/file/6448b21aef9940588bd94029c6f79831.png,4.0,1,14.0,60.0,"[{""hasPlayed"": true, ""points"": 108}, {""hasPlayed"": true, ""points"": 23}]",1,Hasan Kuruçay,222372.0,222372.0,185431.0,109007.0,-214869.0,-2976151.0,7.19,1.2105263157894737,1.0,1.0,0.0,1.0,0.0,1.0,10.0062,87.090805
6172,8,Junior,Adamu,5076318.0,24.0,1.0,1.0,1.0,3727.0,24.0,0,4,https://kickbase.b-cdn.net/content/file/61eaae6121e34a598bac55925001ce96.png,20.0,2,4.0,16.0,"[{""hasPlayed"": false, ""points"": null}, {""hasPlayed"": true, ""points"": 24}]",4,Junior Adamu,-336285.0,-336285.0,-341963.0,-381782.0,-1610200.0,-3939459.0,6.63,1.2105263157894737,0.0,0.0,0.0,0.0,0.0,0.0,10.0062,0.0
7156,8,Maximilian,Wöber,1786234.0,-20.0,2.0,2.0,0.0,3099.0,-39.0,0,2,https://kickbase.b-cdn.net/content/file/aa8759270ae54b79851feea4f7769c01.png,39.0,2,,81.0,"[{""hasPlayed"": true, ""points"": 38}, {""hasPlayed"": true, ""points"": -77}]",5,Maximilian Wöber,-104245.0,-104245.0,-111425.0,-124453.0,-741143.0,-4273948.0,6.21,1.2105263157894737,0.0,0.0,0.0,0.0,0.0,0.0,10.0062,0.0
7242,8,Robin,Gosens,7780669.0,37.0,2.0,2.0,1.0,5918.0,73.0,0,2,https://kickbase.b-cdn.net/content/file/aad327c722fd45e2a843dfbba1484126.png,8.0,1,9.0,64.0,"[{""hasPlayed"": true, ""points"": 82}, {""hasPlayed"": true, ""points"": -9}]",2,Robin Gosens,41056.0,41056.0,15988.0,-56506.0,-911886.0,-1477606.0,6.57,1.2105263157894737,1.0,1.0,0.0,1.0,0.0,1.0,10.0062,79.580889
8222,8,Moussa,Sylla,8258007.0,23.0,2.0,2.0,2.0,11390.0,45.0,0,4,https://kickbase.b-cdn.net/content/file/9e29701cd06e47cb89a5e43674193068.png,9.0,2,5.0,2.0,"[{""hasPlayed"": true, ""points"": 24}, {""hasPlayed"": true, ""points"": 21}]",1,Moussa Sylla,3268.0,3268.0,-74204.0,-154410.0,-1090915.0,-1013.0,6.67,1.2105263157894737,1.0,1.0,0.0,1.0,0.0,1.0,10.0062,80.792165
8235,8,Adrian,Gantenbein,573138.0,,,,,,,0,2,https://kickbase.b-cdn.net/content/file/20ff107cb10149319ad76cc948de9e70.png,17.0,2,,0.0,"[{""hasPlayed"": false, ""points"": null}, {""hasPlayed"": false, ""points"": null}]",5,Adrian Gantenbein,-39453.0,-39453.0,-68282.0,-108613.0,-783880.0,-428872.0,0.0,1.2105263157894737,0.0,0.0,0.0,0.0,0.0,0.0,10.0062,0.0
8277,8,Vitalie,Becker,4257446.0,10.0,2.0,2.0,1.0,5471.0,20.0,0,2,https://kickbase.b-cdn.net/content/file/e467725d314c414688deb0c9754900e0.png,33.0,2,4.0,8.0,"[{""hasPlayed"": true, ""points"": 4}, {""hasPlayed"": true, ""points"": 16}]",4,Vitalie Becker,-109050.0,-109050.0,-110510.0,-105103.0,-823712.0,-2327854.0,6.86,1.2105263157894737,0.0,0.0,0.0,0.0,0.0,0.0,10.0062,0.0
10916,8,Mert Can,Ayhan,3993377.0,-7.0,2.0,2.0,0.0,2203.0,-13.0,0,2,https://kickbase.b-cdn.net/content/file/130406d171884bb486982e8fe381150c.png,43.0,2,,24.0,"[{""hasPlayed"": true, ""points"": 11}, {""hasPlayed"": true, ""points"": -24}]",4,Mert Can Ayhan,-129821.0,-129821.0,-131687.0,-130145.0,-762649.0,-5242508.0,6.3,1.2105263157894737,0.0,0.0,0.0,0.0,0.0,0.0,10.0062,0.0
11255,8,Nikola,Katic,10598550.0,87.0,2.0,2.0,2.0,10337.0,174.0,0,2,https://kickbase.b-cdn.net/content/file/74d1dd6590234bdb8e0d4bd266d6c531.png,25.0,1,16.0,28.0,"[{""hasPlayed"": true, ""points"": 107}, {""hasPlayed"": true, ""points"": 67}]",1,Nikola Katic,43143.0,43143.0,36965.0,-48455.0,-1731722.0,-2801482.0,7.16,1.2105263157894737,1.0,1.0,0.0,1.0,0.0,1.0,10.0062,86.727422
12158,8,Luca,Vozar,1693548.0,5.0,1.0,1.0,0.0,1178.0,5.0,0,3,https://kickbase.b-cdn.net/content/file/48805a793bcc4f09abdd1e903981c421.png,38.0,2,2.0,3.0,"[{""hasPlayed"": true, ""points"": 5}, {""hasPlayed"": false, ""points"": null}]",5,Luca Vozar,-127937.0,-127937.0,-136618.0,-138335.0,-920701.0,1193548.0,6.57,1.2105263157894737,0.0,0.0,0.0,0.0,0.0,0.0,10.0062,0.0
12297,8,Satoshi,Tanaka,6715102.0,94.0,1.0,1.0,1.0,5741.0,94.0,0,3,https://kickbase.b-cdn.net/content/file/450d1dc6d03543289c75d4e5e117d7e1.png,13.0,1,13.0,66.0,"[{""hasPlayed"": true, ""points"": 94}, {""hasPlayed"": false, ""points"": null}]",2,Satoshi Tanaka,333858.0,333858.0,350895.0,353692.0,1920539.0,-1424515.0,7.03,1.2105263157894737,1.0,1.0,0.0,1.0,0.0,1.0,10.0062,85.152762
13431,8,Johannes Simon,Siebeking,500000.0,,,,,,,0,1,https://kickbase.b-cdn.net/content/file/c6ff39d185b14c30a66421c5c78c245e.png,36.0,0,,0.0,"[{""hasPlayed"": false, ""points"": null}, {""hasPlayed"": false, ""points"": null}]",5,Johannes Simon Siebeking,0.0,0.0,0.0,0.0,0.0,-3110070.0,0.0,1.2105263157894737,0.0,0.0,0.0,0.0,0.0,0.0,10.0062,0.0
13448,8,Adil,Aouchiche,10803239.0,64.0,2.0,2.0,2.0,10325.0,127.0,0,3,https://kickbase.b-cdn.net/content/file/8ac09c4f6e974d80a4bc1aff9ad6768d.png,24.0,2,11.0,28.0,"[{""hasPlayed"": true, ""points"": 84}, {""hasPlayed"": true, ""points"": 43}]",1,Adil Aouchiche,-156427.0,-156427.0,-236076.0,-277391.0,-2176515.0,-2888684.0,6.69,1.2105263157894737,1.0,1.0,0.0,1.0,0.0,1.0,10.0062,81.034421
