id,teamId,firstName,lastName,marketValue,averagePoints,games,gamesPlayed,start11,totalPlaytimeS,totalPoints,status,position,playerImage,number,trend,pointsPerValue,pointsStdDev,history,startProbability,name,marketChangeToday,marketChange.today,marketChange.yesterday,marketChange.twoDays,marketChange.sevenDaysAvg,marketChange.thirtyDaysAvg,sofascore_average_rating,expected_match_points,ligainsider_starting_chance,rotowire_starting_chance,questionable_injury_penalty,starting_chance,score
173,2,Jonathan,Tah,36842007.0,127.0,28.0,28.0,23.0,135209.0,3559.0,0,2,https://kickbase.b-cdn.net/content/file/bbdbcc801d7245e79786231de87b80b7.png,4.0,1,96.0,,"[{""hasPlayed"": true, ""points"": 146}, {""hasPlayed"": true, ""points"": 53}, {""hasPlayed"": true, ""points"": 84}, {""hasPlayed"": true, ""points"": 59}, {""hasPlayed"": false, ""points"": null}]",1,Jonathan Tah,55833.0,55833.0,48730.0,52317.0,347287.0,1706208.0,7.1,2.382104545335327,1.0,1.0,0.0,1.0,16.912942
237,2,Manuel,Neuer,12860372.0,95.0,22.0,22.0,22.0,124205.0,2083.0,0,1,https://kickbase.b-cdn.net/content/file/aadd45c3d6354126886481e0a33a3c1f.png,1.0,1,161.0,,"[{""hasPlayed"": true, ""points"": 45}, {""hasPlayed"": false, ""points"": null}, {""hasPlayed"": false, ""points"": null}, {""hasPlayed"": false, ""points"": null}, {""hasPlayed"": false, ""points"": null}]",2,Manuel Neuer,98835.0,98835.0,70077.0,55823.0,407561.0,1329241.0,6.3,2.382104545335327,1.0,1.0,0.0,1.0,15.007259
383,2,Sven,Ulreich,1675813.0,125.0,1.0,1.0,1.0,6244.0,125.0,0,1,https://kickbase.b-cdn.net/content/file/903ab63179ea4d5bb2d3308d33ed94a8.png,26.0,2,74.0,,"[{""hasPlayed"": false, ""points"": null}, {""hasPlayed"": false, ""points"": null}, {""hasPlayed"": false, ""points"": null}, {""hasPlayed"": false, ""points"": null}, {""hasPlayed"": false, ""points"": null}]",5,Sven Ulreich,-182203.0,-182203.0,-210462.0,-10810.0,97162.0,1099786.0,0.0,2.382104545335327,0.0,0.0,0.0,0.0,0.0
1685,2,Joshua,Kimmich,59703646.0,186.0,29.0,29.0,24.0,151968.0,5391.0,0,3,https://kickbase.b-cdn.net/content/file/e84941ae3809492c84e8f8bad5b3791e.png,6.0,1,90.0,,"[{""hasPlayed"": true, ""points"": 317}, {""hasPlayed"": true, ""points"": 238}, {""hasPlayed"": true, ""points"": 83}, {""hasPlayed"": false, ""points"": null}, {""hasPlayed"": true, ""points"": 215}]",1,Joshua Kimmich,27478.0,27478.0,27719.0,27156.0,200453.0,831025.0,7.85,2.382104545335327,1.0,1.0,0.0,1.0,18.699521
1961,2,Serge,Gnabry,16884711.0,142.0,21.0,21.0,16.0,80707.0,2980.0,2,3,https://kickbase.b-cdn.net/content/file/e88435a468a14a10b3e6894bbc3bb0a1.png,7.0,2,176.0,,"[{""hasPlayed"": false, ""points"": null}, {""hasPlayed"": false, ""points"": null}, {""hasPlayed"": false, ""points"": null}, {""hasPlayed"": false, ""points"": null}, {""hasPlayed"": false, ""points"": null}]",5,Serge Gnabry,-429526.0,-429526.0,-413437.0,-424869.0,-2012673.0,-253534.0,0.0,2.382104545335327,0.0,0.0,0.0,0.0,0.0
1991,2,Dayotchanculle,Upamecano,33748368.0,119.0,24.0,24.0,21.0,119193.0,2858.0,0,2,https://kickbase.b-cdn.net/content/file/786ab7fb4f394b598ffdd4d09c323bfa.png,2.0,1,84.0,,"[{""hasPlayed"": true, ""points"": 152}, {""hasPlayed"": true, ""points"": 71}, {""hasPlayed"": false, ""points"": null}, {""hasPlayed"": false, ""points"": null}, {""hasPlayed"": false, ""points"": null}]",2,Dayotchanculle Upamecano,71387.0,71387.0,66183.0,65015.0,481936.0,2199848.0,7.3,2.382104545335327,0.3333333333333333,1.0,0.0,0.5333333333333333,9.274327
2038,2,Konrad,Laimer,32688837.0,136.0,29.0,29.0,22.0,131747.0,3943.0,2,2,https://kickbase.b-cdn.net/content/file/5facdf754a204792b327d0754f2ede01.png,27.0,2,120.0,,"[{""hasPlayed"": true, ""points"": 69}, {""hasPlayed"": true, ""points"": 135}, {""hasPlayed"": true, ""points"": 95}, {""hasPlayed"": true, ""points"": 241}, {""hasPlayed"": true, ""points"": 39}]",3,Konrad Laimer,-602064.0,-602064.0,-581587.0,-205597.0,-1359433.0,-177470.0,6.66,2.382104545335327,1.0,1.0,0.15,0.85,13.485094
2300,2,Josip,Stanišić,24052327.0,128.0,26.0,26.0,19.0,124437.0,3330.0,0,2,https://kickbase.b-cdn.net/content/file/0828c39abfa3434387731b4125f9c877.png,44.0,2,138.0,,"[{""hasPlayed"": true, ""points"": 70}, {""hasPlayed"": true, ""points"": 172}, {""hasPlayed"": true, ""points"": 46}, {""hasPlayed"": true, ""points"": 72}, {""hasPlayed"": true, ""points"": 105}]",3,Josip Stanišić,-295777.0,-295777.0,-309066.0,-444112.0,-3457558.0,-4575129.0,6.64,2.382104545335327,0.0,0.0,0.0,0.0,0.0
2366,2,Alphonso,Davies,13403924.0,86.0,13.0,13.0,6.0,36386.0,1116.0,0,2,https://kickbase.b-cdn.net/content/file/c425ab49434449f08f28bcd1ae8b303d.png,19.0,2,83.0,,"[{""hasPlayed"": false, ""points"": null}, {""hasPlayed"": false, ""points"": null}, {""hasPlayed"": true, ""points"": 63}, {""hasPlayed"": true, ""points"": 92}, {""hasPlayed"": true, ""points"": 200}]",3,Alphonso Davies,-289128.0,-289128.0,-292813.0,-321549.0,-2221781.0,-1107762.0,6.83,2.382104545335327,0.0,0.0,0.0,0.0,0.0
2804,2,Jamal,Musiala,35277696.0,98.0,15.0,15.0,7.0,45579.0,1476.0,2,3,https://kickbase.b-cdn.net/content/file/0874c227bdbf4d93b915953ecd463f34.png,10.0,1,41.0,,"[{""hasPlayed"": true, ""points"": 36}, {""hasPlayed"": true, ""points"": 100}, {""hasPlayed"": true, ""points"": 42}, {""hasPlayed"": true, ""points"": 198}, {""hasPlayed"": true, ""points"": 125}]",3,Jamal Musiala,22740.0,22740.0,38967.0,68693.0,435804.0,2130252.0,6.78,2.382104545335327,0.0,1.0,0.15,0.15,2.4226
3072,2,Jonas,Urbig,9219556.0,114.0,14.0,14.0,11.0,73976.0,1591.0,0,1,https://kickbase.b-cdn.net/content/file/c0e433f099ae43b186eae925a0234c11.png,40.0,2,172.0,,"[{""hasPlayed"": true, ""points"": 41}, {""hasPlayed"": true, ""points"": 187}, {""hasPlayed"": true, ""points"": 80}, {""hasPlayed"": true, ""points"": 204}, {""hasPlayed"": true, ""points"": 150}]",4,Jonas Urbig,-229497.0,-229497.0,-240469.0,-413667.0,-2586199.0,-2504993.0,7.28,2.382104545335327,0.0,0.0,0.0,0.0,0.0
3089,2,Hiroki,Ito,4605004.0,103.0,16.0,16.0,10.0,60821.0,1652.0,0,2,https://kickbase.b-cdn.net/content/file/da6a70c8cd1d413f9143de52e07a8ee7.png,21.0,2,358.0,,"[{""hasPlayed"": false, ""points"": null}, {""hasPlayed"": true, ""points"": 145}, {""hasPlayed"": true, ""points"": 117}, {""hasPlayed"": true, ""points"": 153}, {""hasPlayed"": true, ""points"": 129}]",5,Hiroki Ito,-55148.0,-55148.0,-71251.0,-72471.0,-904288.0,-3502599.0,6.85,2.382104545335327,0.0,0.0,0.0,0.0,0.0
3120,2,Tom,Bischof,22168089.0,118.0,26.0,26.0,14.0,88493.0,3077.0,0,3,https://kickbase.b-cdn.net/content/file/f25237e8f3a640479c355850b4139da6.png,8.0,1,138.0,,"[{""hasPlayed"": true, ""points"": 268}, {""hasPlayed"": true, ""points"": 228}, {""hasPlayed"": false, ""points"": null}, {""hasPlayed"": false, ""points"": null}, {""hasPlayed"": false, ""points"": null}]",3,Tom Bischof,153621.0,153621.0,141854.0,115777.0,915510.0,3526137.0,8.0,2.382104545335327,0.6666666666666666,0.0,0.0,0.4666666666666666,8.89319
3176,2,Arijon,Ibrahimović,4288983.0,57.0,32.0,32.0,25.0,140654.0,1838.0,0,3,https://kickbase.b-cdn.net/content/file/f6128e01598c4fc99e4475770cee5ee4.png,0.0,2,428.0,,"[{""hasPlayed"": true, ""points"": 7}, {""hasPlayed"": true, ""points"": 264}, {""hasPlayed"": true, ""points"": 114}, {""hasPlayed"": true, ""points"": 29}, {""hasPlayed"": true, ""points"": 62}]",5,Arijon Ibrahimović,-81864.0,-81864.0,-68625.0,-82463.0,-1020757.0,-285028.0,0.0,2.382104545335327,0.0,0.0,0.0,0.0,0.0
3543,2,Nathaniel,Brown,28772607.0,83.0,33.0,33.0,29.0,176484.0,2726.0,0,2,https://kickbase.b-cdn.net/content/file/a6bbeb9411db465cb0b0b5dac3fd61a4.png,0.0,1,94.0,,"[{""hasPlayed"": true, ""points"": 70}, {""hasPlayed"": true, ""points"": 26}, {""hasPlayed"": true, ""points"": 38}, {""hasPlayed"": true, ""points"": 166}, {""hasPlayed"": true, ""points"": 31}]",3,Nathaniel Brown,72140.0,72140.0,81734.0,59489.0,457950.0,2081901.0,6.54,2.382104545335327,1.0,1.0,0.0,1.0,15.578964
6080,2,Aleksandar,Pavlović,31871006.0,119.0,24.0,24.0,16.0,98316.0,2844.0,0,3,https://kickbase.b-cdn.net/content/file/edb0e886b6a545f1b564cd3d24c6e4b3.png,45.0,1,89.0,,"[{""hasPlayed"": false, ""points"": null}, {""hasPlayed"": false, ""points"": null}, {""hasPlayed"": true, ""points"": 43}, {""hasPlayed"": true, ""points"": 68}, {""hasPlayed"": false, ""points"": null}]",1,Aleksandar Pavlović,91672.0,91672.0,93308.0,84783.0,627423.0,2597917.0,6.5,2.382104545335327,1.0,1.0,0.0,1.0,15.48368
6668,2,Kim,Minjae,9179929.0,124.0,25.0,25.0,19.0,106765.0,3112.0,0,2,https://kickbase.b-cdn.net/content/file/5c6879180be846a0be7608b367bb4100.png,3.0,2,339.0,,"[{""hasPlayed"": false, ""points"": null}, {""hasPlayed"": true, ""points"": 173}, {""hasPlayed"": true, ""points"": 166}, {""hasPlayed"": true, ""points"": 148}, {""hasPlayed"": true, ""points"": 125}]",4,Kim Minjae,-195520.0,-195520.0,-246093.0,-390054.0,-2335828.0,-1610964.0,7.15,2.382104545335327,0.6666666666666666,0.0,0.0,0.4666666666666666,7.948289
7226,2,Harry,Kane,68674466.0,216.0,31.0,31.0,25.0,158399.0,6703.0,0,4,https://kickbase.b-cdn.net/content/file/5f6dd618010f4c54a4039708d3ed0a0a.png,9.0,1,97.0,,"[{""hasPlayed"": true, ""points"": 415}, {""hasPlayed"": true, ""points"": 53}, {""hasPlayed"": true, ""points"": 45}, {""hasPlayed"": true, ""points"": 150}, {""hasPlayed"": true, ""points"": 163}]",1,Harry Kane,26167.0,26167.0,24472.0,26425.0,191063.0,926413.0,7.42,2.382104545335327,1.0,1.0,0.0,1.0,17.675216
7498,2,Sacha,Boey,2198689.0,70.0,9.0,9.0,5.0,30468.0,628.0,0,2,https://kickbase.b-cdn.net/content/file/8b2dd6f9c82142b3a8f588b86defc822.png,0.0,1,285.0,,"[{""hasPlayed"": false, ""points"": null}, {""hasPlayed"": false, ""points"": null}, {""hasPlayed"": false, ""points"": null}, {""hasPlayed"": false, ""points"": null}, {""hasPlayed"": false, ""points"": null}]",5,Sacha Boey,358482.0,358482.0,336551.0,289789.0,1698689.0,596716.0,0.0,2.382104545335327,0.0,0.0,0.0,0.0,0.0
8329,2,Michael,Olise,64621231.0,225.0,32.0,32.0,23.0,154488.0,7185.0,0,3,https://kickbase.b-cdn.net/content/file/42c4a07d3d9a4dd0a7a4d68a1e5b5fee.png,17.0,1,111.0,,"[{""hasPlayed"": true, ""points"": 81}, {""hasPlayed"": true, ""points"": 334}, {""hasPlayed"": true, ""points"": 290}, {""hasPlayed"": true, ""points"": 166}, {""hasPlayed"": true, ""points"": 152}]",1,Michael Olise,33005.0,33005.0,34321.0,35915.0,239891.0,1079005.0,8.34,2.382104545335327,1.0,1.0,0.0,1.0,19.866752
10789,2,Lennart,Karl,23721815.0,106.0,26.0,26.0,16.0,84581.0,2765.0,2,3,https://kickbase.b-cdn.net/content/file/70997dc609a7466ebc62a28327fcd5c0.png,42.0,2,116.0,,"[{""hasPlayed"": true, ""points"": 194}, {""hasPlayed"": true, ""points"": 57}, {""hasPlayed"": false, ""points"": null}, {""hasPlayed"": false, ""points"": null}, {""hasPlayed"": false, ""points"": null}]",4,Lennart Karl,-337992.0,-337992.0,-314133.0,-374352.0,-2447455.0,-1630448.0,6.95,2.382104545335327,0.0,0.0,0.0,0.0,0.0
11675,2,Luis,Díaz,53334606.0,178.0,32.0,32.0,27.0,163321.0,5698.0,0,4,https://kickbase.b-cdn.net/content/file/8be4ef70fac349c3920923d1d22c624f.png,14.0,1,106.0,,"[{""hasPlayed"": true, ""points"": 205}, {""hasPlayed"": true, ""points"": 50}, {""hasPlayed"": true, ""points"": 54}, {""hasPlayed"": true, ""points"": 30}, {""hasPlayed"": true, ""points"": 225}]",1,Luis Díaz,34292.0,34292.0,36000.0,34525.0,248223.0,1048240.0,6.88,2.382104545335327,1.0,1.0,0.0,1.0,16.388879
12314,2,Bara Sapoko,Ndiaye,2893316.0,49.0,4.0,4.0,2.0,9482.0,194.0,0,3,https://kickbase.b-cdn.net/content/file/ce28a9c385074d738233c35d9b4490dc.png,0.0,2,67.0,,"[{""hasPlayed"": false, ""points"": null}, {""hasPlayed"": false, ""points"": null}, {""hasPlayed"": true, ""points"": 21}, {""hasPlayed"": true, ""points"": 102}, {""hasPlayed"": true, ""points"": 23}]",5,Bara Sapoko Ndiaye,-98554.0,-98554.0,-98413.0,-103994.0,-764172.0,-764172.0,6.6,2.382104545335327,0.0,0.0,0.0,0.0,0.0
14251,2,Ismael,Saibari,29819831.0,,,,,,,0,4,https://kickbase.b-cdn.net/content/file/cdc8e6f2d14547ab82c1d0e310da39b2.png,34.0,1,,,"[{""hasPlayed"": false, ""points"": null}, {""hasPlayed"": false, ""points"": null}, {""hasPlayed"": false, ""points"": null}, {""hasPlayed"": false, ""points"": null}, {""hasPlayed"": false, ""points"": null}]",3,Ismael Saibari,71285.0,71285.0,76651.0,63265.0,483188.0,2234422.0,0.0,2.382104545335327,0.0,0.0,0.0,0.0,0.0
15502,2,Tim,Binder,1924739.0,,,,,,,0,3,https://kickbase.b-cdn.net/content/file/a885375aa4f84815973e7f256289d997.png,0.0,1,,,"[{""hasPlayed"": false, ""points"": null}, {""hasPlayed"": false, ""points"": null}, {""hasPlayed"": false, ""points"": null}, {""hasPlayed"": false, ""points"": null}, {""hasPlayed"": false, ""points"": null}]",5,Tim Binder,406022.0,406022.0,392465.0,626252.0,1424739.0,1924739.0,0.0,2.382104545335327,0.0,0.0,0.0,0.0,0.0
1664,9,Maximilian,Mittelstädt,27529977.0,123.0,32.0,32.0,24.0,142785.0,3927.0,0,2,https://kickbase.b-cdn.net/content/file/b8cb80b921914e60885e8e9429df9518.png,7.0,2,142.0,,"[{""hasPlayed"": true, ""points"": 66}, {""hasPlayed"": true, ""points"": 206}, {""hasPlayed"": true, ""points"": 43}, {""hasPlayed"": true, ""points"": 95}, {""hasPlayed"": true, ""points"": 28}]",3,Maximilian Mittelstädt,-323951.0,-323951.0,-311545.0,-322175.0,-1343740.0,-132567.0,7.08,0.4763291106040339,1.0,1.0,0.0,1.0,3.37241
1671,9,Grischa,Prömel,12217537.0,76.0,33.0,33.0,16.0,118467.0,2495.0,0,3,https://kickbase.b-cdn.net/content/file/9d953a0bc5fd432db7c0da4605a6726e.png,21.0,1,204.0,,"[{""hasPlayed"": true, ""points"": 7}, {""hasPlayed"": true, ""points"": 24}, {""hasPlayed"": false, ""points"": null}, {""hasPlayed"": true, ""points"": 24}, {""hasPlayed"": true, ""points"": 37}]",3,Grischa Prömel,123926.0,123926.0,98067.0,69113.0,449239.0,1535229.0,6.47,0.4763291106040339,1.0,1.0,0.0,1.0,3.081849
2068,9,Dan-Axel,Zagadou,3631358.0,141.0,3.0,3.0,3.0,13672.0,424.0,1,2,https://kickbase.b-cdn.net/content/file/2f2eb673a0224e1cb305b8cc042cf931.png,23.0,2,116.0,,"[{""hasPlayed"": false, ""points"": null}, {""hasPlayed"": false, ""points"": null}, {""hasPlayed"": false, ""points"": null}, {""hasPlayed"": true, ""points"": 74}, {""hasPlayed"": false, ""points"": null}]",5,Dan-Axel Zagadou,-146203.0,-146203.0,-150965.0,-146576.0,-1080484.0,-3245671.0,0.0,0.4763291106040339,0.0,0.0,0.0,0.0,0.0
2120,9,Nikolas,Nartey,7637993.0,73.0,28.0,28.0,14.0,83295.0,2041.0,0,3,https://kickbase.b-cdn.net/content/file/7dcfaa141b6a4adba66ad4729afb0f1e.png,28.0,1,267.0,,"[{""hasPlayed"": true, ""points"": 150}, {""hasPlayed"": true, ""points"": 165}, {""hasPlayed"": false, ""points"": null}, {""hasPlayed"": true, ""points"": 10}, {""hasPlayed"": false, ""points"": null}]",3,Nikolas Nartey,293972.0,293972.0,295081.0,265484.0,1501060.0,528501.0,7.75,0.4763291106040339,0.6666666666666666,0.0,0.0,0.4666666666666666,1.722724
2172,9,Chris,Führich,25347466.0,101.0,33.0,33.0,20.0,110946.0,3346.0,0,3,https://kickbase.b-cdn.net/content/file/58b49d98f88041f2861d70e0af0a69e5.png,10.0,1,132.0,,"[{""hasPlayed"": true, ""points"": 164}, {""hasPlayed"": true, ""points"": 99}, {""hasPlayed"": true, ""points"": 198}, {""hasPlayed"": true, ""points"": 82}, {""hasPlayed"": true, ""points"": 122}]",2,Chris Führich,71607.0,71607.0,62803.0,63075.0,715852.0,3478022.0,7.38,0.4763291106040339,1.0,1.0,0.0,1.0,3.515309
2199,9,Josha,Vagnoman,4316419.0,61.0,27.0,27.0,18.0,105456.0,1638.0,0,2,https://kickbase.b-cdn.net/content/file/fde909d2a7f54d248d93bc1df1c53072.png,4.0,2,379.0,,"[{""hasPlayed"": true, ""points"": 7}, {""hasPlayed"": true, ""points"": 18}, {""hasPlayed"": true, ""points"": 3}, {""hasPlayed"": false, ""points"": null}, {""hasPlayed"": true, ""points"": 28}]",4,Josha Vagnoman,-84856.0,-84856.0,-94558.0,-91164.0,-643475.0,-2954327.0,5.98,0.4763291106040339,0.0,0.0,0.0,0.0,0.0
2214,9,Atakan,Karazor,7518238.0,65.0,28.0,28.0,22.0,122492.0,1817.0,0,3,https://kickbase.b-cdn.net/content/file/11ef3f2e23eb41769d708b861ff23fa6.png,16.0,2,241.0,,"[{""hasPlayed"": false, ""points"": null}, {""hasPlayed"": false, ""points"": null}, {""hasPlayed"": true, ""points"": -27}, {""hasPlayed"": false, ""points"": null}, {""hasPlayed"": true, ""points"": 126}]",3,Atakan Karazor,-272026.0,-272026.0,-246659.0,-250762.0,-1666423.0,-2087750.0,6.95,0.4763291106040339,0.0,0.0,0.0,0.0,0.0
2237,9,Fabian,Bredlow,8844594.0,,,,,,,0,1,https://kickbase.b-cdn.net/content/file/e12be05595f3430f8e286ff6f4d9d103.png,1.0,1,,,"[{""hasPlayed"": false, ""points"": null}, {""hasPlayed"": false, ""points"": null}, {""hasPlayed"": false, ""points"": null}, {""hasPlayed"": false, ""points"": null}, {""hasPlayed"": false, ""points"": null}]",2,Fabian Bredlow,303961.0,303961.0,274703.0,291540.0,1997493.0,8344594.0,0.0,0.4763291106040339,0.0,0.0,0.0,0.0,0.0
2445,9,Marius,Funk,4780015.0,,,,,,,0,1,https://kickbase.b-cdn.net/content/file/1569b2236e4a4a8f862740b2c2ad8a12.png,33.0,1,,,"[{""hasPlayed"": false, ""points"": null}, {""hasPlayed"": false, ""points"": null}, {""hasPlayed"": false, ""points"": null}, {""hasPlayed"": false, ""points"": null}, {""hasPlayed"": false, ""points"": null}]",4,Marius Funk,164956.0,164956.0,184796.0,203692.0,1555647.0,4280015.0,0.0,0.4763291106040339,0.0,0.0,0.0,0.0,0.0
2694,9,Angelo,Stiller,36932625.0,119.0,34.0,34.0,30.0,180374.0,4054.0,0,3,https://kickbase.b-cdn.net/content/file/7810bc5805c94de984743e33da7c044c.png,6.0,1,109.0,,"[{""hasPlayed"": true, ""points"": 108}, {""hasPlayed"": true, ""points"": 141}, {""hasPlayed"": true, ""points"": 87}, {""hasPlayed"": true, ""points"": 112}, {""hasPlayed"": true, ""points"": 33}]",1,Angelo Stiller,45738.0,45738.0,42758.0,36140.0,325661.0,1507090.0,7.3,0.4763291106040339,1.0,1.0,0.0,1.0,3.477203
2854,9,Ermedin,Demirović,22590885.0,90.0,25.0,25.0,17.0,98446.0,2254.0,0,4,https://kickbase.b-cdn.net/content/file/b48829b887d04fe9afd4fbe51f04a3ea.png,9.0,2,99.0,,"[{""hasPlayed"": true, ""points"": 8}, {""hasPlayed"": true, ""points"": 206}, {""hasPlayed"": true, ""points"": 119}, {""hasPlayed"": true, ""points"": 115}, {""hasPlayed"": true, ""points"": 4}]",3,Ermedin Demirović,-341432.0,-341432.0,-314917.0,-404492.0,-2630831.0,-1894135.0,7.1,0.4763291106040339,0.48,0.0,0.0,0.33599999999999997,1.136331
2988,9,Jamie,Leweling,27088772.0,103.0,32.0,32.0,26.0,153640.0,3282.0,0,3,https://kickbase.b-cdn.net/content/file/f1ba50c544bd40d9ae5a68fbc1ee8cbd.png,18.0,1,121.0,,"[{""hasPlayed"": true, ""points"": 76}, {""hasPlayed"": true, ""points"": 166}, {""hasPlayed"": true, ""points"": 121}, {""hasPlayed"": true, ""points"": 22}, {""hasPlayed"": true, ""points"": 40}]",2,Jamie Leweling,45038.0,45038.0,41547.0,40568.0,196055.0,1383773.0,6.88,0.4763291106040339,1.0,1.0,0.0,1.0,3.277144
3190,9,Jeff,Chabot,25724278.0,113.0,27.0,27.0,26.0,150716.0,3061.0,0,2,https://kickbase.b-cdn.net/content/file/2aa1e27ad0dd4e83b94ff2e16dfbdddc.png,24.0,2,118.0,,"[{""hasPlayed"": true, ""points"": 82}, {""hasPlayed"": true, ""points"": 130}, {""hasPlayed"": true, ""points"": 59}, {""hasPlayed"": false, ""points"": null}, {""hasPlayed"": true, ""points"": 86}]",2,Jeff Chabot,-58151.0,-58151.0,-5100.0,7399.0,70850.0,913268.0,7.03,0.4763291106040339,0.0,1.0,0.0,0.3,1.004578
3193,9,,Tiago Tomás,4571074.0,59.0,27.0,27.0,10.0,69578.0,1606.0,0,4,https://kickbase.b-cdn.net/content/file/0e9c45eed595406784ebef4f6c9d7a72.png,8.0,2,351.0,,"[{""hasPlayed"": true, ""points"": 2}, {""hasPlayed"": true, ""points"": 19}, {""hasPlayed"": true, ""points"": 88}, {""hasPlayed"": true, ""points"": 26}, {""hasPlayed"": true, ""points"": -6}]",3,Tiago Tomás,-35497.0,-35497.0,-47633.0,-54168.0,-691517.0,-2179527.0,6.54,0.4763291106040339,0.12,0.0,0.0,0.08399999999999999,0.261676
4296,9,Dzenan,Pejcinovic,4633616.0,46.0,30.0,30.0,16.0,100110.0,1371.0,0,4,https://kickbase.b-cdn.net/content/file/69a98c6891964f7f86ea0118d83c5c54.png,17.0,1,295.0,0.0,"[{""hasPlayed"": true, ""points"": 223}, {""hasPlayed"": true, ""points"": 92}, {""hasPlayed"": true, ""points"": 63}, {""hasPlayed"": true, ""points"": 84}, {""hasPlayed"": true, ""points"": 134}]",3,Dzenan Pejcinovic,463219.0,463219.0,444383.0,420863.0,1754554.0,1754554.0,0.0,0.4763291106040339,0.0,0.0,0.0,0.0,0.0
4589,9,Justin,Diehl,500000.0,,,,,,,1,4,https://kickbase.b-cdn.net/content/file/55cabd9c41b9497290c1b7dbf24ef5f2.png,31.0,0,,,"[{""hasPlayed"": false, ""points"": null}, {""hasPlayed"": false, ""points"": null}, {""hasPlayed"": false, ""points"": null}, {""hasPlayed"": false, ""points"": null}, {""hasPlayed"": false, ""points"": null}]",5,Justin Diehl,0.0,0.0,0.0,0.0,0.0,0.0,0.0,0.4763291106040339,0.0,0.0,0.0,0.0,0.0
6085,9,Dennis,Seimen,5778154.0,,,,,,,1,1,https://kickbase.b-cdn.net/content/file/67a4b3e69dd04fa3953823a78c223e13.png,41.0,2,,,"[{""hasPlayed"": false, ""points"": null}, {""hasPlayed"": false, ""points"": null}, {""hasPlayed"": false, ""points"": null}, {""hasPlayed"": false, ""points"": null}, {""hasPlayed"": false, ""points"": null}]",5,Dennis Seimen,-227546.0,-227546.0,-227687.0,-252209.0,-1717570.0,-5963946.0,8.35,0.4763291106040339,0.0,0.0,0.0,0.0,0.0
6171,9,Jovan,Milosevic,4627950.0,31.0,13.0,13.0,5.0,33794.0,398.0,256,4,https://kickbase.b-cdn.net/content/file/67c437a3a4754053b2ebfe5707d65c5d.png,19.0,2,85.0,,"[{""hasPlayed"": false, ""points"": null}, {""hasPlayed"": false, ""points"": null}, {""hasPlayed"": true, ""points"": -21}, {""hasPlayed"": true, ""points"": 23}, {""hasPlayed"": true, ""points"": 23}]",5,Jovan Milosevic,-161529.0,-161529.0,-191300.0,-529783.0,-625837.0,3978999.0,6.37,0.4763291106040339,0.0,0.0,0.0,0.0,0.0
7158,9,Deniz,Undav,43988728.0,138.0,29.0,29.0,25.0,146045.0,4006.0,0,4,https://kickbase.b-cdn.net/content/file/ce96ede35441430c92ce3362f11f218c.png,26.0,1,91.0,,"[{""hasPlayed"": true, ""points"": 131}, {""hasPlayed"": true, ""points"": 215}, {""hasPlayed"": true, ""points"": 62}, {""hasPlayed"": true, ""points"": 74}, {""hasPlayed"": false, ""points"": null}]",1,Deniz Undav,61252.0,61252.0,61390.0,58871.0,441324.0,2232314.0,6.88,0.4763291106040339,1.0,1.0,0.0,1.0,3.277144
7257,9,Leonidas,Stergiou,4418516.0,29.0,6.0,6.0,1.0,14245.0,174.0,0,2,https://kickbase.b-cdn.net/content/file/e0ff60fb10b147f78246449a86397e4f.png,20.0,2,39.0,,"[{""hasPlayed"": false, ""points"": null}, {""hasPlayed"": true, ""points"": 32}, {""hasPlayed"": false, ""points"": null}, {""hasPlayed"": false, ""points"": null}, {""hasPlayed"": false, ""points"": null}]",5,Leonidas Stergiou,-182351.0,-182351.0,-579156.0,-324449.0,-508040.0,3918516.0,0.0,0.4763291106040339,0.0,0.0,0.0,0.0,0.0
7349,9,Finn,Jeltsch,13122006.0,72.0,23.0,23.0,17.0,100377.0,1665.0,0,2,https://kickbase.b-cdn.net/content/file/cd9f13da05844d2f8faf04022c539aea.png,29.0,1,126.0,,"[{""hasPlayed"": true, ""points"": -1}, {""hasPlayed"": false, ""points"": null}, {""hasPlayed"": false, ""points"": null}, {""hasPlayed"": false, ""points"": null}, {""hasPlayed"": true, ""points"": -45}]",1,Finn Jeltsch,208418.0,208418.0,201995.0,178006.0,1193909.0,2713217.0,6.0,0.4763291106040339,1.0,1.0,0.0,1.0,2.857975
7781,9,Leo,Sauer,5262028.0,,,,,,,4,3,https://kickbase.b-cdn.net/content/file/5565612c65d34958967660743ead48bb.png,44.0,2,,,"[{""hasPlayed"": false, ""points"": null}, {""hasPlayed"": false, ""points"": null}, {""hasPlayed"": false, ""points"": null}, {""hasPlayed"": false, ""points"": null}, {""hasPlayed"": false, ""points"": null}]",4,Leo Sauer,-343088.0,-343088.0,-351687.0,-354983.0,-2572460.0,5262028.0,0.0,0.4763291106040339,0.0,0.0,0.0,0.0,0.0
8247,9,Ramon,Hendriks,12772231.0,66.0,31.0,31.0,22.0,135100.0,2040.0,0,2,https://kickbase.b-cdn.net/content/file/d84f6e79416d43549ec3b7c2cbc87b87.png,3.0,1,159.0,,"[{""hasPlayed"": true, ""points"": 66}, {""hasPlayed"": true, ""points"": 45}, {""hasPlayed"": true, ""points"": 98}, {""hasPlayed"": true, ""points"": 63}, {""hasPlayed"": true, ""points"": 43}]",2,Ramon Hendriks,165286.0,165286.0,156986.0,155172.0,1079020.0,3366550.0,6.44,0.4763291106040339,0.3333333333333333,1.0,0.0,0.5333333333333333,1.636032
9615,9,Ameen,Al Dakhil,3354050.0,52.0,8.0,8.0,3.0,26229.0,414.0,0,2,https://kickbase.b-cdn.net/content/file/878bf81b707a44a7a9d1b0db14915947.png,2.0,2,123.0,,"[{""hasPlayed"": false, ""points"": null}, {""hasPlayed"": false, ""points"": null}, {""hasPlayed"": false, ""points"": null}, {""hasPlayed"": false, ""points"": null}, {""hasPlayed"": false, ""points"": null}]",4,Ameen Al Dakhil,-137224.0,-137224.0,-139207.0,-146143.0,-1041836.0,2821646.0,0.0,0.4763291106040339,0.0,0.0,0.0,0.0,0.0
9746,9,Chema,Andrés,9213365.0,77.0,25.0,25.0,14.0,88001.0,1926.0,0,3,https://kickbase.b-cdn.net/content/file/df7418a408754f918c71251db745927f.png,30.0,2,209.0,,"[{""hasPlayed"": true, ""points"": 171}, {""hasPlayed"": true, ""points"": 123}, {""hasPlayed"": false, ""points"": null}, {""hasPlayed"": true, ""points"": 72}, {""hasPlayed"": true, ""points"": 136}]",3,Chema Andrés,-285960.0,-285960.0,-191267.0,-26968.0,-124652.0,1523016.0,7.23,0.4763291106040339,0.0,0.0,0.0,0.0,0.0
10112,9,Luca,Jaquez,4187364.0,83.0,14.0,14.0,10.0,58596.0,1161.0,2,2,https://kickbase.b-cdn.net/content/file/3930823f7eb246aab32d7075bf65943d.png,14.0,2,277.0,,"[{""hasPlayed"": true, ""points"": 20}, {""hasPlayed"": true, ""points"": 32}, {""hasPlayed"": true, ""points"": 68}, {""hasPlayed"": true, ""points"": 101}, {""hasPlayed"": true, ""points"": 29}]",4,Luca Jaquez,-123355.0,-123355.0,-118554.0,-117439.0,-1132286.0,-3382794.0,6.56,0.4763291106040339,0.0,0.0,0.0,0.0,0.0
11043,9,Lorenz,Assignon,1500697.0,48.0,24.0,24.0,12.0,72816.0,1141.0,4,2,https://kickbase.b-cdn.net/content/file/0725364d90ff49f4a767200f52debe5f.png,22.0,1,760.0,,"[{""hasPlayed"": false, ""points"": null}, {""hasPlayed"": true, ""points"": 18}, {""hasPlayed"": true, ""points"": 20}, {""hasPlayed"": true, ""points"": 85}, {""hasPlayed"": false, ""points"": null}]",5,Lorenz Assignon,346531.0,346531.0,306177.0,231542.0,930861.0,-580998.0,6.77,0.4763291106040339,0.0,0.0,0.0,0.0,0.0
11258,9,Lazar,Jovanovic,6015018.0,10.0,3.0,3.0,0.0,3386.0,29.0,0,3,https://kickbase.b-cdn.net/content/file/fe20cf505b4f4572b0780b9e81982c43.png,45.0,1,4.0,,"[{""hasPlayed"": false, ""points"": null}, {""hasPlayed"": false, ""points"": null}, {""hasPlayed"": false, ""points"": null}, {""hasPlayed"": false, ""points"": null}, {""hasPlayed"": false, ""points"": null}]",5,Lazar Jovanovic,170197.0,170197.0,199117.0,219593.0,1732224.0,5515018.0,0.0,0.4763291106040339,0.0,0.0,0.0,0.0,0.0
11947,9,Badredine,Bouanani,1500312.0,39.0,14.0,14.0,5.0,31973.0,540.0,0,3,https://kickbase.b-cdn.net/content/file/7cf21cd343ba41458c1739f3cb6b51d3.png,27.0,2,359.0,,"[{""hasPlayed"": false, ""points"": null}, {""hasPlayed"": false, ""points"": null}, {""hasPlayed"": false, ""points"": null}, {""hasPlayed"": true, ""points"": 15}, {""hasPlayed"": true, ""points"": 22}]",4,Badredine Bouanani,-55245.0,-55245.0,-66999.0,-86038.0,-636273.0,-2899011.0,6.55,0.4763291106040339,0.0,0.0,0.0,0.0,0.0
11955,9,Bilal,El Khannouss,23961239.0,109.0,25.0,25.0,19.0,106302.0,2713.0,0,3,https://kickbase.b-cdn.net/content/file/308c317d260f4051ad8394dd0c0d1f02.png,11.0,2,113.0,,"[{""hasPlayed"": false, ""points"": null}, {""hasPlayed"": true, ""points"": 21}, {""hasPlayed"": true, ""points"": 37}, {""hasPlayed"": true, ""points"": 178}, {""hasPlayed"": true, ""points"": 149}]",3,Bilal El Khannouss,-303062.0,-303062.0,-334142.0,-315664.0,-1544834.0,-86045.0,6.83,0.4763291106040339,0.15999999999999998,1.0,0.0,0.412,1.340371
12293,9,Jeremy,Arévalo,4067673.0,15.0,7.0,7.0,0.0,4191.0,108.0,2,4,https://kickbase.b-cdn.net/content/file/024720cbc2f540d19dfb555c607c7cc2.png,25.0,2,26.0,,"[{""hasPlayed"": false, ""points"": null}, {""hasPlayed"": false, ""points"": null}, {""hasPlayed"": false, ""points"": null}, {""hasPlayed"": false, ""points"": null}, {""hasPlayed"": false, ""points"": null}]",5,Jeremy Arévalo,-196328.0,-196328.0,-241969.0,-95874.0,108821.0,3567673.0,0.0,0.4763291106040339,0.0,0.0,0.0,0.0,0.0
859,77,Jan,Gyamerah,6550640.0,,,,,,,0,2,https://kickbase.b-cdn.net/content/file/827076634785457f9da47c79d04f475e.png,30.0,1,,,"[{""hasPlayed"": false, ""points"": null}, {""hasPlayed"": false, ""points"": null}, {""hasPlayed"": false, ""points"": null}, {""hasPlayed"": false, ""points"": null}, {""hasPlayed"": false, ""points"": null}]",3,Jan Gyamerah,273142.0,273142.0,242311.0,255783.0,2015487.0,3012234.0,0.0,0.7530043467143953,0.0,0.0,0.0,0.0,0.0
1745,77,Amara,Condé,2830126.0,,,,,,,0,3,https://kickbase.b-cdn.net/content/file/beacc1d7177e4a3aaca05f6131ead92c.png,6.0,2,,,"[{""hasPlayed"": false, ""points"": null}, {""hasPlayed"": false, ""points"": null}, {""hasPlayed"": false, ""points"": null}, {""hasPlayed"": false, ""points"": null}, {""hasPlayed"": false, ""points"": null}]",3,Amara Condé,-116407.0,-116407.0,-118898.0,-114166.0,-804093.0,-1461287.0,0.0,0.7530043467143953,0.0,0.0,0.0,0.0,0.0
2495,77,Tim,Boss,5333187.0,,,,,,,0,1,https://kickbase.b-cdn.net/content/file/e2e06a91e80c46e39c764afdfdf69bef.png,28.0,2,,,"[{""hasPlayed"": false, ""points"": null}, {""hasPlayed"": false, ""points"": null}, {""hasPlayed"": false, ""points"": null}, {""hasPlayed"": false, ""points"": null}, {""hasPlayed"": false, ""points"": null}]",5,Tim Boss,-277384.0,-277384.0,64315.0,152060.0,919332.0,4833187.0,0.0,0.7530043467143953,0.0,0.0,0.0,0.0,0.0
2708,77,Jason,Ceka,2878939.0,,,,,,,0,3,https://kickbase.b-cdn.net/content/file/38e13ad8808a4053996bae71d27d8756.png,11.0,2,,,"[{""hasPlayed"": false, ""points"": null}, {""hasPlayed"": false, ""points"": null}, {""hasPlayed"": false, ""points"": null}, {""hasPlayed"": false, ""points"": null}, {""hasPlayed"": false, ""points"": null}]",5,Jason Ceka,-145690.0,-145690.0,-145883.0,-146705.0,-1029036.0,-40170.0,0.0,0.7530043467143953,0.0,0.0,0.0,0.0,0.0
2928,77,Lukas Emanuel,Petkov,11835913.0,,,,,,,0,3,https://kickbase.b-cdn.net/content/file/1b9b370ce3f4426284cbbeff5727e4cd.png,25.0,1,,,"[{""hasPlayed"": false, ""points"": null}, {""hasPlayed"": false, ""points"": null}, {""hasPlayed"": false, ""points"": null}, {""hasPlayed"": false, ""points"": null}, {""hasPlayed"": false, ""points"": null}]",1,Lukas Emanuel Petkov,48683.0,48683.0,45130.0,42551.0,411152.0,2638946.0,0.0,0.7530043467143953,0.0,0.0,0.0,0.0,0.0
3026,77,Lasse,Günther,9980546.0,,,,,,,0,2,https://kickbase.b-cdn.net/content/file/a583be5870964e529412be23555ed410.png,21.0,1,,,"[{""hasPlayed"": false, ""points"": null}, {""hasPlayed"": false, ""points"": null}, {""hasPlayed"": false, ""points"": null}, {""hasPlayed"": false, ""points"": null}, {""hasPlayed"": false, ""points"": null}]",1,Lasse Günther,232588.0,232588.0,216479.0,212166.0,1608332.0,5660432.0,0.0,0.7530043467143953,0.0,0.0,0.0,0.0,0.0
3232,77,Luca,Pfeiffer,4545895.0,,,,,,,0,4,https://kickbase.b-cdn.net/content/file/8c42d065d2024fa8a520b3f1b9ef85b3.png,16.0,2,,,"[{""hasPlayed"": false, ""points"": null}, {""hasPlayed"": false, ""points"": null}, {""hasPlayed"": false, ""points"": null}, {""hasPlayed"": false, ""points"": null}, {""hasPlayed"": false, ""points"": null}]",4,Luca Pfeiffer,-153042.0,-153042.0,-180258.0,-572528.0,-991518.0,3954268.0,0.0,0.7530043467143953,0.0,0.0,0.0,0.0,0.0
3284,77,Maximilian,Rohr,10777415.0,,,,,,,0,2,https://kickbase.b-cdn.net/content/file/55c6ec9a70904e2895e28466d00e3d30.png,31.0,2,,,"[{""hasPlayed"": false, ""points"": null}, {""hasPlayed"": false, ""points"": null}, {""hasPlayed"": false, ""points"": null}, {""hasPlayed"": false, ""points"": null}, {""hasPlayed"": false, ""points"": null}]",1,Maximilian Rohr,-27186.0,-27186.0,69.0,21269.0,244239.0,3347365.0,0.0,0.7530043467143953,0.0,0.0,0.0,0.0,0.0
3350,77,Felix,Keidel,5114759.0,,,,,,,0,2,https://kickbase.b-cdn.net/content/file/39b5557dea7c4d42bd788da85803059e.png,43.0,1,,,"[{""hasPlayed"": false, ""points"": null}, {""hasPlayed"": false, ""points"": null}, {""hasPlayed"": false, ""points"": null}, {""hasPlayed"": false, ""points"": null}, {""hasPlayed"": false, ""points"": null}]",3,Felix Keidel,326813.0,326813.0,315162.0,285169.0,2261909.0,3403658.0,0.0,0.7530043467143953,0.0,0.0,0.0,0.0,0.0
6148,77,Lukas,Pinckert,10273581.0,,,,,,,0,2,https://kickbase.b-cdn.net/content/file/a639e432a7d848d683f34325990aa8c2.png,19.0,1,,,"[{""hasPlayed"": false, ""points"": null}, {""hasPlayed"": false, ""points"": null}, {""hasPlayed"": false, ""points"": null}, {""hasPlayed"": false, ""points"": null}, {""hasPlayed"": false, ""points"": null}]",1,Lukas Pinckert,148439.0,148439.0,213512.0,222627.0,1566769.0,5585932.0,0.0,0.7530043467143953,0.0,0.0,0.0,0.0,0.0
6149,77,Frank,Lehmann,1684033.0,,,,,,,2,1,https://kickbase.b-cdn.net/content/file/40a93182270541a28648f8edb5f5ad07.png,1.0,2,,,"[{""hasPlayed"": false, ""points"": null}, {""hasPlayed"": false, ""points"": null}, {""hasPlayed"": false, ""points"": null}, {""hasPlayed"": false, ""points"": null}, {""hasPlayed"": false, ""points"": null}]",5,Frank Lehmann,-156711.0,-156711.0,-164988.0,-193381.0,-569726.0,1184033.0,0.0,0.7530043467143953,0.0,0.0,0.0,0.0,0.0
6158,77,Luca,Schnellbacher,4161361.0,,,,,,,0,4,https://kickbase.b-cdn.net/content/file/f3bd13b718b3418ba83fdaea74388e3d.png,24.0,1,,,"[{""hasPlayed"": false, ""points"": null}, {""hasPlayed"": false, ""points"": null}, {""hasPlayed"": false, ""points"": null}, {""hasPlayed"": false, ""points"": null}, {""hasPlayed"": false, ""points"": null}]",4,Luca Schnellbacher,309129.0,309129.0,294052.0,285678.0,2218117.0,1804379.0,0.0,0.7530043467143953,0.0,0.0,0.0,0.0,0.0
6160,77,Nicolas,Kristof,12603844.0,,,,,,,0,1,https://kickbase.b-cdn.net/content/file/c329cf5e4552496e96a0ed1777c316f8.png,20.0,1,,,"[{""hasPlayed"": false, ""points"": null}, {""hasPlayed"": false, ""points"": null}, {""hasPlayed"": false, ""points"": null}, {""hasPlayed"": false, ""points"": null}, {""hasPlayed"": false, ""points"": null}]",1,Nicolas Kristof,133575.0,133575.0,119524.0,128699.0,957979.0,4476395.0,0.0,0.7530043467143953,0.0,0.0,0.0,0.0,0.0
6183,77,Noel,Futkeu,8903108.0,,,,,,,0,4,https://kickbase.b-cdn.net/content/file/3906f407631745fa95e0398fa7628fcb.png,0.0,1,,,"[{""hasPlayed"": false, ""points"": null}, {""hasPlayed"": false, ""points"": null}, {""hasPlayed"": false, ""points"": null}, {""hasPlayed"": false, ""points"": null}, {""hasPlayed"": false, ""points"": null}]",3,Noel Futkeu,275465.0,275465.0,185174.0,67963.0,-547389.0,88920.0,0.0,0.7530043467143953,0.0,0.0,0.0,0.0,0.0
7278,77,Lukasz,Poreba,9760569.0,,,,,,,0,3,https://kickbase.b-cdn.net/content/file/b548d08129f549ea95c7881bbd7d3112.png,8.0,1,,,"[{""hasPlayed"": false, ""points"": null}, {""hasPlayed"": false, ""points"": null}, {""hasPlayed"": false, ""points"": null}, {""hasPlayed"": false, ""points"": null}, {""hasPlayed"": false, ""points"": null}]",1,Lukasz Poreba,196230.0,196230.0,175030.0,158939.0,1218011.0,5015931.0,0.0,0.7530043467143953,0.0,0.0,0.0,0.0,0.0
7441,77,Cole,Campbell,4024034.0,11.0,6.0,6.0,0.0,6994.0,66.0,0,3,https://kickbase.b-cdn.net/content/file/618685003046433c850374c6e88b7f85.png,39.0,2,16.0,,"[{""hasPlayed"": true, ""points"": 1}, {""hasPlayed"": true, ""points"": 35}, {""hasPlayed"": false, ""points"": null}, {""hasPlayed"": true, ""points"": 27}, {""hasPlayed"": false, ""points"": null}]",3,Cole Campbell,29252.0,29252.0,-42734.0,-96358.0,-546064.0,991027.0,6.47,0.7530043467143953,1.0,0.0,0.0,0.7,3.410357
7463,77,Francis,Onyeka,9421165.0,,,,,,,0,3,https://kickbase.b-cdn.net/content/file/11587a7513ab411c822f947b686e8e48.png,40.0,2,,,"[{""hasPlayed"": false, ""points"": null}, {""hasPlayed"": false, ""points"": null}, {""hasPlayed"": false, ""points"": null}, {""hasPlayed"": false, ""points"": null}, {""hasPlayed"": false, ""points"": null}]",3,Francis Onyeka,-315786.0,-315786.0,-505470.0,-293469.0,-1244554.0,1859991.0,0.0,0.7530043467143953,0.0,0.0,0.0,0.0,0.0
7514,77,Florian,Le Joncour,2734483.0,,,,,,,0,2,https://kickbase.b-cdn.net/content/file/1ae50321c2fc41a08133b755a4f36479.png,3.0,2,,,"[{""hasPlayed"": false, ""points"": null}, {""hasPlayed"": false, ""points"": null}, {""hasPlayed"": false, ""points"": null}, {""hasPlayed"": false, ""points"": null}, {""hasPlayed"": false, ""points"": null}]",5,Florian Le Joncour,-141483.0,-141483.0,-142675.0,-140893.0,-1017397.0,-717955.0,0.0,0.7530043467143953,0.0,0.0,0.0,0.0,0.0
8252,77,Maurice,Krattenmacher,3205562.0,,,,,,,0,3,https://kickbase.b-cdn.net/content/file/f3408da3bd8347588f826aae7f9d5b9a.png,7.0,2,,,"[{""hasPlayed"": false, ""points"": null}, {""hasPlayed"": false, ""points"": null}, {""hasPlayed"": false, ""points"": null}, {""hasPlayed"": false, ""points"": null}, {""hasPlayed"": false, ""points"": null}]",5,Maurice Krattenmacher,-124434.0,-124434.0,-125684.0,-131722.0,-875748.0,-1107745.0,0.0,0.7530043467143953,0.0,0.0,0.0,0.0,0.0
8296,77,Frederik,Schmahl,5067158.0,,,,,,,0,3,https://kickbase.b-cdn.net/content/file/1505317d7634469ca04d5e1dffb97707.png,17.0,1,,,"[{""hasPlayed"": false, ""points"": null}, {""hasPlayed"": false, ""points"": null}, {""hasPlayed"": false, ""points"": null}, {""hasPlayed"": false, ""points"": null}, {""hasPlayed"": false, ""points"": null}]",4,Frederik Schmahl,301827.0,301827.0,261722.0,241872.0,1949442.0,3960399.0,0.0,0.7530043467143953,0.0,0.0,0.0,0.0,0.0
8301,77,Luca,Sirch,6574237.0,,,,,,,0,2,https://kickbase.b-cdn.net/content/file/88d02ad680e44d6899035c283dc18de7.png,0.0,1,,,"[{""hasPlayed"": false, ""points"": null}, {""hasPlayed"": false, ""points"": null}, {""hasPlayed"": false, ""points"": null}, {""hasPlayed"": false, ""points"": null}, {""hasPlayed"": false, ""points"": null}]",3,Luca Sirch,-108959.0,-108959.0,54557.0,102739.0,754209.0,6574237.0,0.0,0.7530043467143953,0.0,0.0,0.0,0.0,0.0
9224,77,Tom,Zimmerschied,4501341.0,,,,,,,2,3,https://kickbase.b-cdn.net/content/file/c6ea391e637144f495b13db4c7a49093.png,29.0,2,,,"[{""hasPlayed"": false, ""points"": null}, {""hasPlayed"": false, ""points"": null}, {""hasPlayed"": false, ""points"": null}, {""hasPlayed"": false, ""points"": null}, {""hasPlayed"": false, ""points"": null}]",3,Tom Zimmerschied,-139494.0,-139494.0,-375537.0,-365977.0,-2293649.0,-3739135.0,0.0,0.7530043467143953,0.0,0.0,0.0,0.0,0.0
9384,77,Noah,Darvich,4741065.0,,,,,,,0,3,https://kickbase.b-cdn.net/content/file/f420b6297db840caad87f307b7fb974a.png,10.0,2,,,"[{""hasPlayed"": false, ""points"": null}, {""hasPlayed"": false, ""points"": null}, {""hasPlayed"": false, ""points"": null}, {""hasPlayed"": false, ""points"": null}, {""hasPlayed"": false, ""points"": null}]",3,Noah Darvich,37050.0,37050.0,-22757.0,-85394.0,-1042386.0,1136707.0,0.0,0.7530043467143953,0.0,0.0,0.0,0.0,0.0
9995,77,David,Mokwa,3433394.0,,,,,,,2,4,https://kickbase.b-cdn.net/content/file/ca5c93c783264009b9a193960b9ec557.png,42.0,2,,,"[{""hasPlayed"": false, ""points"": null}, {""hasPlayed"": false, ""points"": null}, {""hasPlayed"": false, ""points"": null}, {""hasPlayed"": false, ""points"": null}, {""hasPlayed"": false, ""points"": null}]",3,David Mokwa,-148871.0,-148871.0,-138894.0,-87780.0,-689086.0,-1158837.0,0.0,0.7530043467143953,0.0,0.0,0.0,0.0,0.0
11253,77,Nicholas,Mickelson,2630016.0,,,,,,,0,2,https://kickbase.b-cdn.net/content/file/992cfc556d2345cbb347e46c39b858f3.png,2.0,1,,,"[{""hasPlayed"": false, ""points"": null}, {""hasPlayed"": false, ""points"": null}, {""hasPlayed"": false, ""points"": null}, {""hasPlayed"": false, ""points"": null}, {""hasPlayed"": false, ""points"": null}]",4,Nicholas Mickelson,325358.0,325358.0,282836.0,287749.0,2004796.0,493526.0,0.0,0.7530043467143953,0.0,0.0,0.0,0.0,0.0
12317,77,Raif,Adam,5670877.0,,,,,,,0,4,https://kickbase.b-cdn.net/content/file/81e58734d6fb4225af312b1bcf3a3075.png,15.0,1,,,"[{""hasPlayed"": false, ""points"": null}, {""hasPlayed"": false, ""points"": null}, {""hasPlayed"": false, ""points"": null}, {""hasPlayed"": false, ""points"": null}, {""hasPlayed"": false, ""points"": null}]",5,Raif Adam,239469.0,239469.0,255623.0,304679.0,2047195.0,4749873.0,0.0,0.7530043467143953,0.0,0.0,0.0,0.0,0.0
4,7,Janis,Blaswich,1209478.0,111.0,11.0,11.0,10.0,62668.0,1222.0,0,1,https://kickbase.b-cdn.net/content/file/d17035064d4a480484cb35d2dab54e46.png,28.0,2,1010.0,,"[{""hasPlayed"": false, ""points"": null}, {""hasPlayed"": false, ""points"": null}, {""hasPlayed"": false, ""points"": null}, {""hasPlayed"": true, ""points"": 177}, {""hasPlayed"": false, ""points"": null}]",5,Janis Blaswich,-113140.0,-113140.0,-110972.0,-107334.0,-792525.0,-2869355.0,0.0,2.040910253132191,0.0,0.0,0.0,0.0,0.0
72,7,Mark,Flekken,14684317.0,93.0,24.0,24.0,24.0,141251.0,2230.0,0,1,https://kickbase.b-cdn.net/content/file/98ea8901b970421b88f6a41a3137142f.png,1.0,1,151.0,,"[{""hasPlayed"": true, ""points"": 110}, {""hasPlayed"": true, ""points"": 77}, {""hasPlayed"": true, ""points"": 111}, {""hasPlayed"": false, ""points"": null}, {""hasPlayed"": true, ""points"": 75}]",1,Mark Flekken,137845.0,137845.0,138392.0,134625.0,936689.0,3327112.0,6.93,2.040910253132191,1.0,1.0,0.0,1.0,14.143508
78,7,Jonas,Hofmann,1552355.0,58.0,23.0,23.0,11.0,68545.0,1338.0,0,3,https://kickbase.b-cdn.net/content/file/328114051c1e42df84e2a6ac3e93cf42.png,7.0,2,861.0,,"[{""hasPlayed"": true, ""points"": 34}, {""hasPlayed"": false, ""points"": null}, {""hasPlayed"": false, ""points"": null}, {""hasPlayed"": false, ""points"": null}, {""hasPlayed"": true, ""points"": 10}]",5,Jonas Hofmann,-90300.0,-90300.0,-96348.0,-102346.0,-710152.0,-2727786.0,6.95,2.040910253132191,0.0,0.0,0.0,0.0,0.0
663,7,Robert,Andrich,8184197.0,82.0,32.0,32.0,29.0,168594.0,2610.0,2,2,https://kickbase.b-cdn.net/content/file/0cdcdb27004443c09d112462f32ace2c.png,8.0,2,318.0,,"[{""hasPlayed"": true, ""points"": 52}, {""hasPlayed"": true, ""points"": 44}, {""hasPlayed"": true, ""points"": 99}, {""hasPlayed"": true, ""points"": 43}, {""hasPlayed"": false, ""points"": null}]",4,Robert Andrich,-241691.0,-241691.0,-275006.0,-298503.0,-2453648.0,-1776041.0,6.65,2.040910253132191,0.0,0.0,0.0,0.0,0.0
2746,7,Patrik,Schick,29279552.0,103.0,28.0,28.0,23.0,130835.0,2889.0,0,4,https://kickbase.b-cdn.net/content/file/9f0daa3f23514ac7a72c46ba81396a95.png,14.0,1,98.0,,"[{""hasPlayed"": true, ""points"": 42}, {""hasPlayed"": true, ""points"": 23}, {""hasPlayed"": true, ""points"": 367}, {""hasPlayed"": true, ""points"": 227}, {""hasPlayed"": true, ""points"": 161}]",3,Patrik Schick,32242.0,32242.0,31086.0,34557.0,253259.0,1373023.0,7.52,2.040910253132191,1.0,1.0,0.0,1.0,15.347645
2766,7,Exequiel,Palacios,21030171.0,93.0,18.0,18.0,12.0,73391.0,1672.0,0,3,https://kickbase.b-cdn.net/content/file/0d5ad85f5920460c8489a65db5c6a1cb.png,25.0,2,79.0,,"[{""hasPlayed"": true, ""points"": 174}, {""hasPlayed"": true, ""points"": 28}, {""hasPlayed"": true, ""points"": 109}, {""hasPlayed"": true, ""points"": 91}, {""hasPlayed"": true, ""points"": 125}]",3,Exequiel Palacios,-581759.0,-581759.0,-555407.0,-327791.0,-1426755.0,1757117.0,7.36,2.040910253132191,0.3333333333333333,1.0,0.0,0.5333333333333333,8.011253
2783,7,Edmond,Tapsoba,32271165.0,136.0,29.0,29.0,29.0,171644.0,3941.0,0,2,https://kickbase.b-cdn.net/content/file/21031db97a054165806a98d2f0c0d73b.png,12.0,1,122.0,,"[{""hasPlayed"": true, ""points"": 111}, {""hasPlayed"": true, ""points"": 6}, {""hasPlayed"": true, ""points"": 135}, {""hasPlayed"": true, ""points"": 93}, {""hasPlayed"": true, ""points"": 194}]",1,Edmond Tapsoba,67451.0,67451.0,70016.0,58844.0,442065.0,1825750.0,7.16,2.040910253132191,1.0,1.0,0.0,1.0,14.612917
2846,7,Malik,Tillman,12761559.0,82.0,29.0,29.0,18.0,111183.0,2380.0,0,3,https://kickbase.b-cdn.net/content/file/04966a0af0e2477db734c91fdd98d4e1.png,10.0,2,186.0,,"[{""hasPlayed"": true, ""points"": 87}, {""hasPlayed"": true, ""points"": 6}, {""hasPlayed"": true, ""points"": 16}, {""hasPlayed"": true, ""points"": 4}, {""hasPlayed"": true, ""points"": -13}]",4,Malik Tillman,-248414.0,-248414.0,-297731.0,-398435.0,-2543825.0,-2494422.0,6.64,2.040910253132191,0.6666666666666666,0.0,0.0,0.4666666666666666,6.324101
3754,7,Lucas,Vázquez,2769950.0,69.0,12.0,12.0,6.0,33531.0,824.0,0,2,https://kickbase.b-cdn.net/content/file/1636c5905fe44210aa3526352673cb13.png,21.0,2,297.0,,"[{""hasPlayed"": true, ""points"": 31}, {""hasPlayed"": false, ""points"": null}, {""hasPlayed"": false, ""points"": null}, {""hasPlayed"": false, ""points"": null}, {""hasPlayed"": true, ""points"": 49}]",4,Lucas Vázquez,-44525.0,-44525.0,-69036.0,-83305.0,-595579.0,-1335117.0,6.7,2.040910253132191,0.5454545454545455,1.0,0.0,0.6818181818181819,9.323249
3759,7,Miguel,Gutiérrez,19524115.0,,,,,,,0,2,https://kickbase.b-cdn.net/content/file/86a6415d0ab240d780a37de359f3d327.png,3.0,1,,,"[{""hasPlayed"": false, ""points"": null}, {""hasPlayed"": false, ""points"": null}, {""hasPlayed"": false, ""points"": null}, {""hasPlayed"": false, ""points"": null}, {""hasPlayed"": false, ""points"": null}]",2,Miguel Gutiérrez,194368.0,194368.0,203042.0,204600.0,1438268.0,19524115.0,0.0,2.040910253132191,0.0,0.0,0.0,0.0,0.0
4199,7,Aleix,García,38207285.0,142.0,33.0,33.0,31.0,175200.0,4684.0,0,3,https://kickbase.b-cdn.net/content/file/3de0ab19c54f4523a5bf21f686259db0.png,24.0,1,122.0,,"[{""hasPlayed"": true, ""points"": 229}, {""hasPlayed"": true, ""points"": 121}, {""hasPlayed"": true, ""points"": 214}, {""hasPlayed"": true, ""points"": 93}, {""hasPlayed"": true, ""points"": 181}]",1,Aleix García,112617.0,112617.0,114866.0,111423.0,778335.0,2869773.0,7.94,2.040910253132191,1.0,1.0,0.0,1.0,16.204827
4318,7,Tim,Oermann,5762724.0,2.0,2.0,2.0,0.0,1774.0,3.0,0,2,https://kickbase.b-cdn.net/content/file/b9857e88faaf4de1a3450f6301c5448e.png,15.0,1,0.0,,"[{""hasPlayed"": false, ""points"": null}, {""hasPlayed"": false, ""points"": null}, {""hasPlayed"": false, ""points"": null}, {""hasPlayed"": false, ""points"": null}, {""hasPlayed"": false, ""points"": null}]",5,Tim Oermann,220085.0,220085.0,241389.0,239978.0,1824963.0,5262724.0,0.0,2.040910253132191,0.0,0.0,0.0,0.0,0.0
4563,7,Loïc,Badé,13177223.0,95.0,23.0,23.0,19.0,110581.0,2192.0,0,2,https://kickbase.b-cdn.net/content/file/80f11505e8d445ae827aefe485b1c4c7.png,5.0,2,166.0,,"[{""hasPlayed"": false, ""points"": null}, {""hasPlayed"": false, ""points"": null}, {""hasPlayed"": false, ""points"": null}, {""hasPlayed"": true, ""points"": 50}, {""hasPlayed"": true, ""points"": 121}]",3,Loïc Badé,-286141.0,-286141.0,-314685.0,-296414.0,-1000799.0,719652.0,7.3,2.040910253132191,0.6666666666666666,0.0,0.0,0.4666666666666666,6.952701
6061,7,Ibrahim,Maza,29412735.0,98.0,28.0,28.0,20.0,121679.0,2743.0,0,3,https://kickbase.b-cdn.net/content/file/7ff9728d20544b96a1fe698af86f9f2f.png,30.0,1,93.0,,"[{""hasPlayed"": true, ""points"": 85}, {""hasPlayed"": true, ""points"": 34}, {""hasPlayed"": true, ""points"": 182}, {""hasPlayed"": true, ""points"": 40}, {""hasPlayed"": true, ""points"": 79}]",1,Ibrahim Maza,97044.0,97044.0,83976.0,88164.0,602703.0,2083800.0,6.96,2.040910253132191,1.0,1.0,0.0,1.0,14.204735
6174,7,,Arthur,4231496.0,64.0,20.0,20.0,13.0,75109.0,1284.0,2,2,https://kickbase.b-cdn.net/content/file/4b043678aef04d80b37dc5474cba9cb1.png,13.0,2,303.0,,"[{""hasPlayed"": true, ""points"": 36}, {""hasPlayed"": true, ""points"": 17}, {""hasPlayed"": true, ""points"": 24}, {""hasPlayed"": true, ""points"": 25}, {""hasPlayed"": false, ""points"": null}]",4,Arthur,-129512.0,-129512.0,-113501.0,-116794.0,-1586550.0,-2019076.0,6.75,2.040910253132191,0.18181818181818182,0.0,0.15,0.0,0.0
6745,7,Victor,Boniface,4337464.0,43.0,11.0,11.0,2.0,23116.0,468.0,0,4,https://kickbase.b-cdn.net/content/file/f5f3d11be23443cb9e4c8c472288e093.png,22.0,2,107.0,,"[{""hasPlayed"": false, ""points"": null}, {""hasPlayed"": false, ""points"": null}, {""hasPlayed"": false, ""points"": null}, {""hasPlayed"": false, ""points"": null}, {""hasPlayed"": false, ""points"": null}]",5,Victor Boniface,38938.0,38938.0,-44497.0,-101445.0,-545150.0,1728575.0,0.0,2.040910253132191,0.0,0.0,0.0,0.0,0.0
7269,7,Nathan,Tella,6945088.0,68.0,17.0,17.0,10.0,56629.0,1149.0,0,3,https://kickbase.b-cdn.net/content/file/e0df07546d38465080767efd17a0898e.png,23.0,2,165.0,,"[{""hasPlayed"": false, ""points"": null}, {""hasPlayed"": false, ""points"": null}, {""hasPlayed"": true, ""points"": 277}, {""hasPlayed"": true, ""points"": 153}, {""hasPlayed"": true, ""points"": 83}]",3,Nathan Tella,-268792.0,-268792.0,-238111.0,-273604.0,-1845944.0,-2219851.0,7.97,2.040910253132191,0.0,0.0,0.0,0.0,0.0
7963,7,Jarell,Quansah,22185043.0,102.0,28.0,28.0,25.0,152471.0,2867.0,0,2,https://kickbase.b-cdn.net/content/file/28464ad9ca424fa199f3f674422285de.png,4.0,1,129.0,,"[{""hasPlayed"": true, ""points"": 223}, {""hasPlayed"": true, ""points"": 35}, {""hasPlayed"": true, ""points"": 85}, {""hasPlayed"": true, ""points"": 72}, {""hasPlayed"": true, ""points"": 74}]",2,Jarell Quansah,144380.0,144380.0,125618.0,105366.0,908446.0,4148880.0,6.62,2.040910253132191,0.27272727272727276,1.0,0.15,0.34090909090909094,4.605963
8225,7,Jeanuël,Belocian,3999922.0,54.0,22.0,22.0,17.0,102511.0,1194.0,0,2,https://kickbase.b-cdn.net/content/file/274858f664db446a9e3a944511815446.png,44.0,2,298.0,,"[{""hasPlayed"": true, ""points"": 110}, {""hasPlayed"": true, ""points"": 64}, {""hasPlayed"": true, ""points"": 70}, {""hasPlayed"": true, ""points"": 78}, {""hasPlayed"": true, ""points"": 89}]",5,Jeanuël Belocian,-119517.0,-119517.0,-120023.0,-118120.0,-834797.0,952533.0,0.0,2.040910253132191,0.0,0.0,0.0,0.0,0.0
8374,7,Martin,Terrier,2569187.0,54.0,18.0,18.0,7.0,45086.0,963.0,0,4,https://kickbase.b-cdn.net/content/file/039e1528fe214c32ad0653b911ea944e.png,11.0,2,374.0,,"[{""hasPlayed"": false, ""points"": null}, {""hasPlayed"": false, ""points"": null}, {""hasPlayed"": false, ""points"": null}, {""hasPlayed"": false, ""points"": null}, {""hasPlayed"": false, ""points"": null}]",5,Martin Terrier,-100537.0,-100537.0,-108520.0,-110454.0,-782252.0,677251.0,0.0,2.040910253132191,0.0,0.0,0.0,0.0,0.0
11181,7,Axel,Tape,3415487.0,20.0,6.0,6.0,2.0,15970.0,121.0,0,2,https://kickbase.b-cdn.net/content/file/b929e93687354267b939b60b82bcbbfb.png,16.0,2,35.0,,"[{""hasPlayed"": false, ""points"": null}, {""hasPlayed"": false, ""points"": null}, {""hasPlayed"": false, ""points"": null}, {""hasPlayed"": false, ""points"": null}, {""hasPlayed"": false, ""points"": null}]",5,Axel Tape,-143253.0,-143253.0,-146367.0,-150812.0,-1025411.0,2563425.0,0.0,2.040910253132191,0.0,0.0,0.0,0.0,0.0
11513,7,Christian,Kofane,11056322.0,58.0,29.0,29.0,12.0,85285.0,1677.0,0,4,https://kickbase.b-cdn.net/content/file/ce8356c51b154a87a40a56f723f2e3e3.png,35.0,2,151.0,,"[{""hasPlayed"": false, ""points"": null}, {""hasPlayed"": true, ""points"": 76}, {""hasPlayed"": true, ""points"": 17}, {""hasPlayed"": false, ""points"": null}, {""hasPlayed"": true, ""points"": 16}]",3,Christian Kofane,-197085.0,-197085.0,-97827.0,-21085.0,-209522.0,1575084.0,6.35,2.040910253132191,0.0,0.0,0.0,0.0,0.0
11680,7,Kennet,Eichhorn,5624547.0,,,,,,,1,3,https://kickbase.b-cdn.net/content/file/ceafc42e35aa446595952bcbdf873954.png,18.0,2,,,"[{""hasPlayed"": false, ""points"": null}, {""hasPlayed"": false, ""points"": null}, {""hasPlayed"": false, ""points"": null}, {""hasPlayed"": false, ""points"": null}, {""hasPlayed"": false, ""points"": null}]",5,Kennet Eichhorn,-306220.0,-306220.0,-352585.0,-329818.0,-2295542.0,-1877112.0,0.0,2.040910253132191,0.0,0.0,0.0,0.0,0.0
11756,7,Montrell,Culbreath,4206520.0,61.0,12.0,12.0,9.0,48534.0,737.0,1,3,https://kickbase.b-cdn.net/content/file/43c4c26e99f3442ab58db3d049e5f1ae.png,42.0,2,175.0,,"[{""hasPlayed"": true, ""points"": 50}, {""hasPlayed"": true, ""points"": 11}, {""hasPlayed"": true, ""points"": 114}, {""hasPlayed"": true, ""points"": 81}, {""hasPlayed"": true, ""points"": -19}]",5,Montrell Culbreath,-133686.0,-133686.0,-133498.0,-140848.0,-1618617.0,-2036036.0,6.82,2.040910253132191,0.0,0.0,0.0,0.0,0.0
11867,7,Ernest,Poku,7535451.0,72.0,29.0,29.0,16.0,97546.0,2099.0,0,3,https://kickbase.b-cdn.net/content/file/6c2995fc9a5b4c929660e1c336abf1c0.png,19.0,2,278.0,,"[{""hasPlayed"": false, ""points"": null}, {""hasPlayed"": true, ""points"": -14}, {""hasPlayed"": true, ""points"": 21}, {""hasPlayed"": false, ""points"": null}, {""hasPlayed"": false, ""points"": null}]",3,Ernest Poku,-133469.0,-133469.0,-159202.0,-189446.0,-970350.0,-1674687.0,6.5,2.040910253132191,0.3333333333333333,0.0,0.0,0.2333333333333333,3.095381
11956,7,Ezequiél,Fernández,5425706.0,58.0,20.0,20.0,12.0,67020.0,1168.0,0,3,https://kickbase.b-cdn.net/content/file/2c37f7daf46f4c9693ffa9ef33ff980b.png,6.0,1,215.0,,"[{""hasPlayed"": false, ""points"": null}, {""hasPlayed"": false, ""points"": null}, {""hasPlayed"": true, ""points"": 22}, {""hasPlayed"": true, ""points"": 43}, {""hasPlayed"": false, ""points"": null}]",3,Ezequiél Fernández,357359.0,357359.0,399517.0,369258.0,1781835.0,166390.0,6.75,2.040910253132191,0.6666666666666666,0.0,0.0,0.4666666666666666,6.428867
11957,7,Eliesse,Ben Seghir,1615317.0,35.0,10.0,10.0,2.0,18106.0,354.0,1,3,https://kickbase.b-cdn.net/content/file/83c0ccd07e1e42d0ac339779564cd1f4.png,17.0,2,219.0,,"[{""hasPlayed"": true, ""points"": 48}, {""hasPlayed"": true, ""points"": -8}, {""hasPlayed"": false, ""points"": null}, {""hasPlayed"": true, ""points"": 17}, {""hasPlayed"": false, ""points"": null}]",5,Eliesse Ben Seghir,-124726.0,-124726.0,-126219.0,-129456.0,-917318.0,-3743760.0,6.87,2.040910253132191,0.0,0.0,0.0,0.0,0.0
14241,7,Facundo,Medina,14406268.0,,,,,,,0,2,https://kickbase.b-cdn.net/content/file/ebd2978dab6e4e97ad8a2d0ce529b0f4.png,0.0,1,,,"[{""hasPlayed"": false, ""points"": null}, {""hasPlayed"": false, ""points"": null}, {""hasPlayed"": false, ""points"": null}, {""hasPlayed"": false, ""points"": null}, {""hasPlayed"": false, ""points"": null}]",3,Facundo Medina,64214.0,64214.0,70081.0,94368.0,14406268.0,14406268.0,0.0,2.040910253132191,0.0,0.0,0.0,0.0,0.0
14893,7,Aleksa,Damjanovic,6295733.0,,,,,,,0,4,https://kickbase.b-cdn.net/content/file/3066194dcdd54389a1de081ced1de5ad.png,0.0,2,,,"[{""hasPlayed"": false, ""points"": null}, {""hasPlayed"": false, ""points"": null}, {""hasPlayed"": false, ""points"": null}, {""hasPlayed"": false, ""points"": null}, {""hasPlayed"": false, ""points"": null}]",5,Aleksa Damjanovic,-370452.0,-370452.0,-367745.0,-404070.0,-1955640.0,2060581.0,0.0,2.040910253132191,0.0,0.0,0.0,0.0,0.0
15199,7,Afonso,Moreira,22667333.0,,,,,,,0,4,https://kickbase.b-cdn.net/content/file/91b4b5c394a1464f98589ffa59af5aec.png,0.0,1,,,"[{""hasPlayed"": false, ""points"": null}, {""hasPlayed"": false, ""points"": null}, {""hasPlayed"": false, ""points"": null}, {""hasPlayed"": false, ""points"": null}, {""hasPlayed"": false, ""points"": null}]",1,Afonso Moreira,241382.0,241382.0,237665.0,243457.0,1726465.0,6394459.0,0.0,2.040910253132191,0.0,0.0,0.0,0.0,0.0
417,28,Ron-Robert,Zieler,2810282.0,,,,,,,0,1,https://kickbase.b-cdn.net/content/file/87bb56a22db74cfd99e639824b703f30.png,20.0,2,,,"[{""hasPlayed"": false, ""points"": null}, {""hasPlayed"": false, ""points"": null}, {""hasPlayed"": false, ""points"": null}, {""hasPlayed"": false, ""points"": null}, {""hasPlayed"": false, ""points"": null}]",5,Ron-Robert Zieler,-236833.0,-236833.0,-16401.0,95399.0,391052.0,2310282.0,0.0,1.2105263157894737,0.0,0.0,0.0,0.0,0.0
737,28,Luca,Waldschmidt,5634250.0,50.0,24.0,24.0,7.0,49454.0,1192.0,2,3,https://kickbase.b-cdn.net/content/file/c6c99717a5834cacbb3161877ca3f29f.png,7.0,1,211.0,,"[{""hasPlayed"": false, ""points"": null}, {""hasPlayed"": true, ""points"": 46}, {""hasPlayed"": true, ""points"": 120}, {""hasPlayed"": true, ""points"": 116}, {""hasPlayed"": true, ""points"": 96}]",3,Luca Waldschmidt,210901.0,210901.0,249718.0,281372.0,1891375.0,4052919.0,7.0,1.2105263157894737,0.18181818181818182,1.0,0.0,0.42727272727272725,3.620574
1580,28,Marvin,Schwäbe,14180935.0,96.0,34.0,34.0,34.0,205397.0,3249.0,0,1,https://kickbase.b-cdn.net/content/file/2708fddc28474a2299885f3eb69be6bc.png,1.0,1,229.0,,"[{""hasPlayed"": true, ""points"": 60}, {""hasPlayed"": true, ""points"": 75}, {""hasPlayed"": true, ""points"": 3}, {""hasPlayed"": true, ""points"": 50}, {""hasPlayed"": true, ""points"": 130}]",1,Marvin Schwäbe,149678.0,149678.0,144536.0,128191.0,950167.0,3555900.0,6.72,1.2105263157894737,1.0,1.0,0.0,1.0,8.134737
2069,28,Timo,Hübers,2461787.0,92.0,8.0,8.0,8.0,45515.0,737.0,4,2,https://kickbase.b-cdn.net/content/file/6dbad3a67b1c4ffa892f8bef224e9f85.png,4.0,2,299.0,,"[{""hasPlayed"": false, ""points"": null}, {""hasPlayed"": false, ""points"": null}, {""hasPlayed"": false, ""points"": null}, {""hasPlayed"": false, ""points"": null}, {""hasPlayed"": false, ""points"": null}]",5,Timo Hübers,-119441.0,-119441.0,-121098.0,-121738.0,-856531.0,-3099500.0,0.0,1.2105263157894737,0.0,0.0,0.0,0.0,0.0
2201,28,Linton,Maina,3889074.0,40.0,24.0,24.0,9.0,69909.0,960.0,0,4,https://kickbase.b-cdn.net/content/file/54aad91024e84cf59b75e3c363775d71.png,37.0,2,246.0,,"[{""hasPlayed"": true, ""points"": -1}, {""hasPlayed"": true, ""points"": 47}, {""hasPlayed"": true, ""points"": 4}, {""hasPlayed"": true, ""points"": 48}, {""hasPlayed"": true, ""points"": 34}]",3,Linton Maina,-23764.0,-23764.0,-64425.0,-84502.0,-487220.0,1684406.0,6.64,1.2105263157894737,0.6666666666666666,0.0,0.0,0.4666666666666666,3.751018
2358,28,Tom,Krauß,8423917.0,56.0,26.0,26.0,19.0,116693.0,1461.0,0,3,https://kickbase.b-cdn.net/content/file/55c214adfaba4a839c1bb19ad5a5f8ed.png,5.0,1,173.0,,"[{""hasPlayed"": false, ""points"": null}, {""hasPlayed"": true, ""points"": 91}, {""hasPlayed"": true, ""points"": 59}, {""hasPlayed"": false, ""points"": null}, {""hasPlayed"": false, ""points"": null}]",2,Tom Krauß,192368.0,192368.0,157604.0,135013.0,1009012.0,5589393.0,6.95,1.2105263157894737,1.0,1.0,0.0,1.0,8.413158
2536,28,Matthias,Köbbing,500000.0,,,,,,,0,1,https://kickbase.b-cdn.net/content/file/d7d4847201364186986efefd11b55766.png,44.0,0,,,"[{""hasPlayed"": false, ""points"": null}, {""hasPlayed"": false, ""points"": null}, {""hasPlayed"": false, ""points"": null}, {""hasPlayed"": false, ""points"": null}, {""hasPlayed"": false, ""points"": null}]",5,Matthias Köbbing,0.0,0.0,0.0,0.0,0.0,0.0,0.0,1.2105263157894737,0.0,0.0,0.0,0.0,0.0
2552,28,Marius,Bülter,6358586.0,53.0,32.0,32.0,18.0,109316.0,1701.0,0,4,https://kickbase.b-cdn.net/content/file/020abec0763842a7af00f1ec5aafeea4.png,30.0,1,267.0,,"[{""hasPlayed"": true, ""points"": 13}, {""hasPlayed"": true, ""points"": 155}, {""hasPlayed"": true, ""points"": 152}, {""hasPlayed"": true, ""points"": 4}, {""hasPlayed"": true, ""points"": 42}]",3,Marius Bülter,205569.0,205569.0,169700.0,138645.0,1172636.0,2071131.0,6.92,1.2105263157894737,0.5454545454545455,0.0,0.0,0.38181818181818183,3.198431
2765,28,Jan,Thielmann,6460178.0,52.0,26.0,26.0,20.0,100549.0,1355.0,0,3,https://kickbase.b-cdn.net/content/file/bae198375c644308ba2bff1d0f3f0569.png,29.0,1,209.0,,"[{""hasPlayed"": true, ""points"": -14}, {""hasPlayed"": false, ""points"": null}, {""hasPlayed"": true, ""points"": 3}, {""hasPlayed"": true, ""points"": 78}, {""hasPlayed"": true, ""points"": 39}]",3,Jan Thielmann,205879.0,205879.0,211561.0,227478.0,1714095.0,3171737.0,6.68,1.2105263157894737,0.3333333333333333,1.0,0.0,0.5333333333333333,4.312702
2855,28,Ragnar,Ache,13586607.0,67.0,29.0,29.0,18.0,113020.0,1937.0,0,4,https://kickbase.b-cdn.net/content/file/659aab812d23451ba8e47f520a7d0754.png,9.0,1,142.0,,"[{""hasPlayed"": false, ""points"": null}, {""hasPlayed"": false, ""points"": null}, {""hasPlayed"": false, ""points"": null}, {""hasPlayed"": false, ""points"": null}, {""hasPlayed"": true, ""points"": 19}]",1,Ragnar Ache,173718.0,173718.0,171194.0,162161.0,1144729.0,4194158.0,0.0,1.2105263157894737,0.0,0.0,0.0,0.0,0.0
7219,28,Ísak,Jóhannesson,8431137.0,48.0,31.0,31.0,21.0,119771.0,1473.0,0,3,https://kickbase.b-cdn.net/content/file/2922eb48335343ccb79b49b03af03818.png,8.0,1,174.0,,"[{""hasPlayed"": true, ""points"": -10}, {""hasPlayed"": true, ""points"": 59}, {""hasPlayed"": false, ""points"": null}, {""hasPlayed"": true, ""points"": 7}, {""hasPlayed"": true, ""points"": 55}]",2,Ísak Jóhannesson,139431.0,139431.0,120482.0,117737.0,1171308.0,2896995.0,6.6,1.2105263157894737,1.0,1.0,0.0,1.0,7.989474
8001,28,Luka,Lochoshvili,10194004.0,,,,,,,0,2,https://kickbase.b-cdn.net/content/file/f6faf6be6d674e898fbfa189b9c2ad5c.png,24.0,1,,,"[{""hasPlayed"": false, ""points"": null}, {""hasPlayed"": false, ""points"": null}, {""hasPlayed"": false, ""points"": null}, {""hasPlayed"": false, ""points"": null}, {""hasPlayed"": false, ""points"": null}]",2,Luka Lochoshvili,297125.0,297125.0,271578.0,261700.0,1963463.0,5431552.0,0.0,1.2105263157894737,0.0,0.0,0.0,0.0,0.0
8274,28,Said,El Mala,25439897.0,71.0,34.0,34.0,20.0,130276.0,2418.0,0,3,https://kickbase.b-cdn.net/content/file/f56e6d60e40c49189c830fb4ff65d4bf.png,13.0,2,95.0,,"[{""hasPlayed"": true, ""points"": 89}, {""hasPlayed"": true, ""points"": 1}, {""hasPlayed"": true, ""points"": 169}, {""hasPlayed"": true, ""points"": 119}, {""hasPlayed"": true, ""points"": 55}]",2,Said El Mala,-43362.0,-43362.0,-87021.0,-5984.0,155186.0,2893824.0,7.04,1.2105263157894737,1.0,0.0,0.0,0.7,5.965474
8385,28,Julian,Pauli,2720239.0,,,,,,,0,2,https://kickbase.b-cdn.net/content/file/9156e813f150449aaccfe844dbcd0d65.png,3.0,2,,,"[{""hasPlayed"": false, ""points"": null}, {""hasPlayed"": false, ""points"": null}, {""hasPlayed"": false, ""points"": null}, {""hasPlayed"": false, ""points"": null}, {""hasPlayed"": false, ""points"": null}]",5,Julian Pauli,-148728.0,-148728.0,-149260.0,-151731.0,-1048953.0,1105043.0,0.0,1.2105263157894737,0.0,0.0,0.0,0.0,0.0
10024,28,Joël,Schmied,2789427.0,40.0,16.0,16.0,13.0,73506.0,635.0,0,2,https://kickbase.b-cdn.net/content/file/312960f02c6e4acab4db65b9c63eaf01.png,2.0,2,227.0,,"[{""hasPlayed"": true, ""points"": -15}, {""hasPlayed"": true, ""points"": 48}, {""hasPlayed"": true, ""points"": -2}, {""hasPlayed"": false, ""points"": null}, {""hasPlayed"": false, ""points"": null}]",4,Joël Schmied,-136118.0,-136118.0,-142268.0,-132315.0,-983334.0,856805.0,6.2,1.2105263157894737,0.0,0.0,0.0,0.0,0.0
11570,28,Sebastian,Sebulonsen,4131462.0,46.0,31.0,31.0,28.0,165693.0,1413.0,1,2,https://kickbase.b-cdn.net/content/file/0f9cbbaaccb148a6ad251ba707b4f099.png,28.0,2,342.0,,"[{""hasPlayed"": true, ""points"": 7}, {""hasPlayed"": true, ""points"": 71}, {""hasPlayed"": true, ""points"": 72}, {""hasPlayed"": true, ""points"": 29}, {""hasPlayed"": true, ""points"": 45}]",4,Sebastian Sebulonsen,-150185.0,-150185.0,-152211.0,-152665.0,-1880727.0,-1325955.0,6.08,1.2105263157894737,0.0,0.0,0.0,0.0,0.0
11875,28,Rav,van den Berg,2985869.0,58.0,14.0,14.0,12.0,74399.0,805.0,0,2,https://kickbase.b-cdn.net/content/file/0825c755c7df4f7ba70b3f8922154f99.png,33.0,2,269.0,,"[{""hasPlayed"": false, ""points"": null}, {""hasPlayed"": false, ""points"": null}, {""hasPlayed"": false, ""points"": null}, {""hasPlayed"": false, ""points"": null}, {""hasPlayed"": false, ""points"": null}]",4,Rav van den Berg,-123380.0,-123380.0,-116516.0,-117753.0,-729214.0,-1363438.0,0.0,1.2105263157894737,0.0,0.0,0.0,0.0,0.0
11958,28,Alessio,Castro-Montes,5542516.0,64.0,14.0,14.0,7.0,46040.0,892.0,0,3,https://kickbase.b-cdn.net/content/file/4df59c76b9024563892682f996043056.png,17.0,1,160.0,,"[{""hasPlayed"": true, ""points"": 15}, {""hasPlayed"": true, ""points"": 6}, {""hasPlayed"": false, ""points"": null}, {""hasPlayed"": true, ""points"": 19}, {""hasPlayed"": true, ""points"": 40}]",2,Alessio Castro-Montes,374417.0,374417.0,410572.0,411995.0,2469135.0,1014294.0,6.48,1.2105263157894737,1.0,1.0,0.0,1.0,7.844211
12321,28,Jahmai,Simpson-Pusey,11355068.0,61.0,11.0,11.0,10.0,57539.0,669.0,0,2,https://kickbase.b-cdn.net/content/file/f83f61dc46de468bb38cb6a9d9f51205.png,22.0,1,58.0,,"[{""hasPlayed"": true, ""points"": 31}, {""hasPlayed"": false, ""points"": null}, {""hasPlayed"": true, ""points"": 82}, {""hasPlayed"": true, ""points"": 76}, {""hasPlayed"": true, ""points"": 88}]",1,Jahmai Simpson-Pusey,160806.0,160806.0,148155.0,167751.0,1029830.0,6577101.0,6.5,1.2105263157894737,1.0,1.0,0.0,1.0,7.868421
12333,28,Youssoupha,Niang,5090221.0,6.0,10.0,10.0,2.0,14606.0,55.0,0,4,https://kickbase.b-cdn.net/content/file/c9bbe00d652e475e9ff69b9491b753d8.png,38.0,2,10.0,,"[{""hasPlayed"": true, ""points"": -21}, {""hasPlayed"": true, ""points"": -2}, {""hasPlayed"": true, ""points"": 11}, {""hasPlayed"": true, ""points"": -11}, {""hasPlayed"": false, ""points"": null}]",4,Youssoupha Niang,-565479.0,-565479.0,-106296.0,99519.0,374206.0,4590221.0,6.48,1.2105263157894737,0.0,0.0,0.0,0.0,0.0
14140,28,Gideon,Mensah,10228640.0,,,,,,,0,2,https://kickbase.b-cdn.net/content/file/bb425f45cf04420b8e294776e2cc8b02.png,14.0,1,,,"[{""hasPlayed"": false, ""points"": null}, {""hasPlayed"": false, ""points"": null}, {""hasPlayed"": false, ""points"": null}, {""hasPlayed"": false, ""points"": null}, {""hasPlayed"": false, ""points"": null}]",2,Gideon Mensah,171011.0,171011.0,259442.0,235179.0,1511901.0,6373941.0,0.0,1.2105263157894737,0.0,0.0,0.0,0.0,0.0
14300,28,Paul,Okon-Engstler,4941129.0,,,,,,,0,3,https://kickbase.b-cdn.net/content/file/83d0df8f411b47068184c9a8166d0c21.png,23.0,1,,,"[{""hasPlayed"": false, ""points"": null}, {""hasPlayed"": false, ""points"": null}, {""hasPlayed"": false, ""points"": null}, {""hasPlayed"": false, ""points"": null}, {""hasPlayed"": false, ""points"": null}]",4,Paul Okon-Engstler,323274.0,323274.0,334015.0,332270.0,2130731.0,4941129.0,0.0,1.2105263157894737,0.0,0.0,0.0,0.0,0.0
15373,28,Reigan,Heskey,9566123.0,,,,,,,0,3,https://kickbase.b-cdn.net/content/file/c72750d23cdb4fd9850f67f26850e9f2.png,11.0,2,,,"[{""hasPlayed"": false, ""points"": null}, {""hasPlayed"": false, ""points"": null}, {""hasPlayed"": false, ""points"": null}, {""hasPlayed"": false, ""points"": null}, {""hasPlayed"": false, ""points"": null}]",4,Reigan Heskey,-586013.0,-586013.0,8261.0,168360.0,606547.0,9566123.0,0.0,1.2105263157894737,0.0,0.0,0.0,0.0,0.0
524,14,Oliver,Baumann,19151787.0,99.0,34.0,34.0,34.0,203483.0,3366.0,0,1,https://kickbase.b-cdn.net/content/file/edda0b62817c41d1a3a343129e44683d.png,1.0,2,175.0,,"[{""hasPlayed"": true, ""points"": 22}, {""hasPlayed"": true, ""points"": 161}, {""hasPlayed"": true, ""points"": 112}, {""hasPlayed"": true, ""points"": 57}, {""hasPlayed"": true, ""points"": 119}]",1,Oliver Baumann,-125340.0,-125340.0,-152367.0,-219921.0,-984146.0,322385.0,6.32,1.526315789473684,1.0,1.0,0.0,1.0,9.646316
1815,14,Andrej,Kramarić,20087142.0,111.0,34.0,34.0,26.0,143136.0,3757.0,4,3,https://kickbase.b-cdn.net/content/file/cbbf900916ce4e759f7d917366e1515d.png,27.0,2,187.0,,"[{""hasPlayed"": true, ""points"": 4}, {""hasPlayed"": true, ""points"": 180}, {""hasPlayed"": true, ""points"": 245}, {""hasPlayed"": true, ""points"": 62}, {""hasPlayed"": true, ""points"": 239}]",4,Andrej Kramarić,-487714.0,-487714.0,-483842.0,-466464.0,-3259882.0,-4239886.0,7.04,1.526315789473684,0.0,1.0,0.15,0.15,1.611789
1954,14,,Bernardo,8730170.0,82.0,29.0,29.0,26.0,152866.0,2381.0,0,2,https://kickbase.b-cdn.net/content/file/2e01b620f1354d0f9383cc0003c49d97.png,13.0,2,272.0,,"[{""hasPlayed"": true, ""points"": 47}, {""hasPlayed"": true, ""points"": 129}, {""hasPlayed"": true, ""points"": 53}, {""hasPlayed"": true, ""points"": 70}, {""hasPlayed"": true, ""points"": 80}]",3,Bernardo,-191004.0,-191004.0,-208383.0,-207495.0,-1757688.0,-1104506.0,6.88,1.526315789473684,0.3333333333333333,0.0,0.0,0.2333333333333333,2.450246
2373,14,Ozan,Kabak,21314772.0,105.0,25.0,25.0,18.0,117698.0,2629.0,0,2,https://kickbase.b-cdn.net/content/file/f41310cc735c4e749a950dc72a7c76c9.png,5.0,1,123.0,,"[{""hasPlayed"": true, ""points"": 29}, {""hasPlayed"": true, ""points"": 198}, {""hasPlayed"": true, ""points"": 34}, {""hasPlayed"": true, ""points"": 100}, {""hasPlayed"": true, ""points"": 150}]",1,Ozan Kabak,171402.0,171402.0,165543.0,167656.0,1139992.0,4403347.0,6.6,1.526315789473684,1.0,1.0,0.0,1.0,10.073684
2803,14,Tim,Lemperle,10653984.0,74.0,29.0,29.0,24.0,124309.0,2154.0,16,4,https://kickbase.b-cdn.net/content/file/531648f7c8e7446883243fb819e94d82.png,19.0,2,202.0,,"[{""hasPlayed"": true, ""points"": -62}, {""hasPlayed"": true, ""points"": 60}, {""hasPlayed"": true, ""points"": 60}, {""hasPlayed"": true, ""points"": 158}, {""hasPlayed"": true, ""points"": 72}]",5,Tim Lemperle,-226950.0,-226950.0,-236142.0,-269986.0,-1687472.0,-27863.0,6.32,1.526315789473684,0.0,0.0,0.0,0.0,0.0
2852,14,Luca,Philipp,500000.0,,,,,,,0,1,https://kickbase.b-cdn.net/content/file/e45a165d68934e8e8a2bbc33ecbbbc96.png,37.0,0,,,"[{""hasPlayed"": false, ""points"": null}, {""hasPlayed"": false, ""points"": null}, {""hasPlayed"": false, ""points"": null}, {""hasPlayed"": false, ""points"": null}, {""hasPlayed"": false, ""points"": null}]",5,Luca Philipp,0.0,0.0,0.0,0.0,0.0,0.0,0.0,1.526315789473684,0.0,0.0,0.0,0.0,0.0
3124,14,Patrick,Wimmer,7472838.0,59.0,25.0,25.0,21.0,105411.0,1466.0,0,3,https://kickbase.b-cdn.net/content/file/1ffbdbd2f14848519596bb5fc54bbec5.png,8.0,2,196.0,,"[{""hasPlayed"": false, ""points"": null}, {""hasPlayed"": true, ""points"": 35}, {""hasPlayed"": true, ""points"": 73}, {""hasPlayed"": true, ""points"": 55}, {""hasPlayed"": true, ""points"": 204}]",3,Patrick Wimmer,-171147.0,-171147.0,-189815.0,-190968.0,-1450038.0,1713260.0,0.0,1.526315789473684,0.0,0.0,0.0,0.0,0.0
3158,14,Fisnik,Asllani,26913785.0,90.0,33.0,33.0,31.0,150494.0,2966.0,0,4,https://kickbase.b-cdn.net/content/file/61214fe54f31411ea068f8fb8b3c1e49.png,11.0,1,110.0,,"[{""hasPlayed"": true, ""points"": 42}, {""hasPlayed"": true, ""points"": 83}, {""hasPlayed"": true, ""points"": 91}, {""hasPlayed"": true, ""points"": 151}, {""hasPlayed"": true, ""points"": 57}]",3,Fisnik Asllani,-3868.0,-3868.0,55501.0,56973.0,286726.0,1621727.0,6.36,1.526315789473684,0.0,1.0,0.0,0.3,2.912211
3204,14,Bambasé,Conté,11260182.0,,,,,,,0,4,https://kickbase.b-cdn.net/content/file/fa595ccc62ce4fdeafca00ccfc95088b.png,20.0,1,,,"[{""hasPlayed"": false, ""points"": null}, {""hasPlayed"": false, ""points"": null}, {""hasPlayed"": false, ""points"": null}, {""hasPlayed"": false, ""points"": null}, {""hasPlayed"": false, ""points"": null}]",3,Bambasé Conté,-60483.0,-60483.0,22639.0,80582.0,512671.0,3954836.0,0.0,1.526315789473684,0.0,0.0,0.0,0.0,0.0
3471,14,Adam,Hložek,8315236.0,1.0,5.0,5.0,0.0,3674.0,4.0,0,4,https://kickbase.b-cdn.net/content/file/c46fc008a1284ad49727d68c3a8489e9.png,23.0,1,0.0,,"[{""hasPlayed"": true, ""points"": -17}, {""hasPlayed"": true, ""points"": 22}, {""hasPlayed"": false, ""points"": null}, {""hasPlayed"": false, ""points"": null}, {""hasPlayed"": false, ""points"": null}]",2,Adam Hložek,283597.0,283597.0,252371.0,231097.0,1718886.0,3572643.0,6.4,1.526315789473684,0.6666666666666666,1.0,0.0,0.7666666666666666,7.489123
7543,14,Max,Moerstedt,6684659.0,23.0,22.0,22.0,1.0,32693.0,495.0,0,4,https://kickbase.b-cdn.net/content/file/901ac71d98064e48b7b250786d8ac1d2.png,9.0,1,74.0,,"[{""hasPlayed"": false, ""points"": null}, {""hasPlayed"": false, ""points"": null}, {""hasPlayed"": true, ""points"": 9}, {""hasPlayed"": true, ""points"": 21}, {""hasPlayed"": true, ""points"": 13}]",3,Max Moerstedt,-39764.0,-39764.0,72641.0,112594.0,875905.0,2319921.0,6.53,1.526315789473684,0.3333333333333333,0.0,0.0,0.2333333333333333,2.325596
7673,14,Albian,Hajdari,17748506.0,97.0,30.0,30.0,28.0,160153.0,2924.0,0,2,https://kickbase.b-cdn.net/content/file/0f60a3cd21c94cc4913d13f811e532a9.png,21.0,1,164.0,,"[{""hasPlayed"": true, ""points"": -7}, {""hasPlayed"": true, ""points"": 245}, {""hasPlayed"": true, ""points"": 81}, {""hasPlayed"": true, ""points"": 171}, {""hasPlayed"": true, ""points"": 120}]",1,Albian Hajdari,174230.0,174230.0,164812.0,164976.0,1192880.0,4567085.0,7.0,1.526315789473684,1.0,1.0,0.0,1.0,10.684211
7717,14,Alexander,Prass,4117730.0,50.0,32.0,32.0,12.0,90108.0,1591.0,2,3,https://kickbase.b-cdn.net/content/file/e67e0f9b96c8491e8ba2570ec188600c.png,22.0,2,386.0,,"[{""hasPlayed"": true, ""points"": -18}, {""hasPlayed"": true, ""points"": 51}, {""hasPlayed"": true, ""points"": 1}, {""hasPlayed"": true, ""points"": 17}, {""hasPlayed"": true, ""points"": 19}]",3,Alexander Prass,-116957.0,-116957.0,-106924.0,-103537.0,-762192.0,-1632146.0,6.3,1.526315789473684,0.0,0.0,0.0,0.0,0.0
7745,14,Vladimír,Coufal,25481719.0,115.0,34.0,34.0,34.0,198844.0,3918.0,0,2,https://kickbase.b-cdn.net/content/file/63bd51c8d410447694f867a0c98d983d.png,34.0,1,153.0,,"[{""hasPlayed"": true, ""points"": 52}, {""hasPlayed"": true, ""points"": 235}, {""hasPlayed"": true, ""points"": 76}, {""hasPlayed"": true, ""points"": 152}, {""hasPlayed"": true, ""points"": 112}]",1,Vladimír Coufal,71002.0,71002.0,66177.0,54445.0,653730.0,3578841.0,7.3,1.526315789473684,1.0,1.0,0.0,1.0,11.142105
7750,14,Robin,Hranác,4089535.0,79.0,29.0,29.0,26.0,150328.0,2290.0,0,2,https://kickbase.b-cdn.net/content/file/52ea64b1321a44aa874cdd39adb513b6.png,2.0,2,559.0,,"[{""hasPlayed"": false, ""points"": null}, {""hasPlayed"": true, ""points"": 40}, {""hasPlayed"": false, ""points"": null}, {""hasPlayed"": true, ""points"": 38}, {""hasPlayed"": true, ""points"": 17}]",5,Robin Hranác,-85029.0,-85029.0,-96247.0,-100170.0,-671278.0,-2967225.0,6.47,1.526315789473684,0.0,0.0,0.0,0.0,0.0
8289,14,Lúkas,Petersson,500000.0,,,,,,,0,1,https://kickbase.b-cdn.net/content/file/e12887e5419f4c63a3e0c0b0213fb3cc.png,36.0,0,,,"[{""hasPlayed"": false, ""points"": null}, {""hasPlayed"": false, ""points"": null}, {""hasPlayed"": false, ""points"": null}, {""hasPlayed"": false, ""points"": null}, {""hasPlayed"": false, ""points"": null}]",5,Lúkas Petersson,0.0,0.0,0.0,0.0,0.0,0.0,0.0,1.526315789473684,0.0,0.0,0.0,0.0,0.0
9598,14,Valentin,Gendrey,4370075.0,36.0,8.0,8.0,0.0,5564.0,287.0,0,2,https://kickbase.b-cdn.net/content/file/963aa0e9a1bf4537bba171631d3ef595.png,15.0,2,65.0,,"[{""hasPlayed"": false, ""points"": null}, {""hasPlayed"": false, ""points"": null}, {""hasPlayed"": false, ""points"": null}, {""hasPlayed"": false, ""points"": null}, {""hasPlayed"": false, ""points"": null}]",5,Valentin Gendrey,-176321.0,-176321.0,-235127.0,-299528.0,-185018.0,3870075.0,0.0,1.526315789473684,0.0,0.0,0.0,0.0,0.0
9682,14,Arthur,Chaves,2978254.0,69.0,15.0,15.0,11.0,70866.0,1040.0,0,2,https://kickbase.b-cdn.net/content/file/833cf51fd2394b6dbc29f93960eec13a.png,35.0,2,349.0,,"[{""hasPlayed"": false, ""points"": null}, {""hasPlayed"": false, ""points"": null}, {""hasPlayed"": true, ""points"": 33}, {""hasPlayed"": true, ""points"": 124}, {""hasPlayed"": true, ""points"": 128}]",5,Arthur Chaves,-123247.0,-123247.0,-127667.0,-121639.0,-884866.0,-96358.0,7.2,1.526315789473684,0.0,0.0,0.0,0.0,0.0
11161,14,Koki,Machida,1877991.0,42.0,1.0,1.0,1.0,2718.0,42.0,0,2,https://kickbase.b-cdn.net/content/file/80f0a50727b54ea5a90a99a754cc7a6c.png,28.0,2,22.0,,"[{""hasPlayed"": false, ""points"": null}, {""hasPlayed"": false, ""points"": null}, {""hasPlayed"": false, ""points"": null}, {""hasPlayed"": false, ""points"": null}, {""hasPlayed"": false, ""points"": null}]",5,Koki Machida,-125035.0,-125035.0,-121792.0,-150346.0,-1002999.0,-594134.0,0.0,1.526315789473684,0.0,0.0,0.0,0.0,0.0
11162,14,Leon,Avdullahu,15408363.0,85.0,33.0,33.0,32.0,187386.0,2805.0,0,3,https://kickbase.b-cdn.net/content/file/d0a6a4d4e08b4c8fa7b4c27fdb09c212.png,7.0,1,182.0,,"[{""hasPlayed"": true, ""points"": -32}, {""hasPlayed"": true, ""points"": 246}, {""hasPlayed"": true, ""points"": 93}, {""hasPlayed"": true, ""points"": 89}, {""hasPlayed"": true, ""points"": 88}]",1,Leon Avdullahu,181440.0,181440.0,173586.0,163312.0,1188772.0,4324939.0,7.18,1.526315789473684,1.0,1.0,0.0,1.0,10.958947
11591,14,Cajetan,Lenz,3817565.0,,,,,,,0,3,https://kickbase.b-cdn.net/content/file/2d15f1ede167438698d92ddc037e6abe.png,32.0,2,,,"[{""hasPlayed"": false, ""points"": null}, {""hasPlayed"": false, ""points"": null}, {""hasPlayed"": false, ""points"": null}, {""hasPlayed"": false, ""points"": null}, {""hasPlayed"": false, ""points"": null}]",5,Cajetan Lenz,-136309.0,-136309.0,-141286.0,-142113.0,-1188961.0,999579.0,0.0,1.526315789473684,0.0,0.0,0.0,0.0,0.0
11631,14,Wouter,Burger,23029581.0,114.0,30.0,30.0,30.0,159518.0,3425.0,0,3,https://kickbase.b-cdn.net/content/file/50a59d7c22f64565b2f31bba1dfae5bd.png,18.0,1,148.0,,"[{""hasPlayed"": true, ""points"": 65}, {""hasPlayed"": true, ""points"": 206}, {""hasPlayed"": true, ""points"": 105}, {""hasPlayed"": true, ""points"": 72}, {""hasPlayed"": true, ""points"": 85}]",1,Wouter Burger,179074.0,179074.0,166665.0,161351.0,1188453.0,4518357.0,7.04,1.526315789473684,1.0,1.0,0.0,1.0,10.745263
11959,14,Adam,Daghim,5432710.0,41.0,27.0,27.0,12.0,92265.0,1115.0,0,4,https://kickbase.b-cdn.net/content/file/b21c816521cb44579d57b65452b7c1cc.png,0.0,1,205.0,,"[{""hasPlayed"": true, ""points"": 40}, {""hasPlayed"": true, ""points"": 31}, {""hasPlayed"": true, ""points"": 62}, {""hasPlayed"": true, ""points"": -1}, {""hasPlayed"": true, ""points"": 21}]",3,Adam Daghim,331799.0,331799.0,365421.0,383518.0,2760459.0,4932710.0,0.0,1.526315789473684,0.0,0.0,0.0,0.0,0.0
14890,14,Alessandro,Vogt,1798935.0,,,,,,,0,4,https://kickbase.b-cdn.net/content/file/112bd299786444d7b7ec83545c819009.png,24.0,2,,,"[{""hasPlayed"": false, ""points"": null}, {""hasPlayed"": false, ""points"": null}, {""hasPlayed"": false, ""points"": null}, {""hasPlayed"": false, ""points"": null}, {""hasPlayed"": false, ""points"": null}]",5,Alessandro Vogt,-142791.0,-142791.0,-145360.0,-140803.0,-995162.0,-3847326.0,0.0,1.526315789473684,0.0,0.0,0.0,0.0,0.0
15193,14,Mats,Rots,9142724.0,,,,,,,0,2,https://kickbase.b-cdn.net/content/file/d96dc40ca1674b38aef03dff83ae8ab0.png,39.0,2,,,"[{""hasPlayed"": false, ""points"": null}, {""hasPlayed"": false, ""points"": null}, {""hasPlayed"": false, ""points"": null}, {""hasPlayed"": false, ""points"": null}, {""hasPlayed"": false, ""points"": null}]",3,Mats Rots,-191001.0,-191001.0,-193513.0,-268368.0,-1349955.0,944848.0,0.0,1.526315789473684,0.0,0.0,0.0,0.0,0.0
15262,14,Nathan,De Cat,16735689.0,,,,,,,0,3,https://kickbase.b-cdn.net/content/file/8c55d861342c440b9966f1cd6dc86f29.png,17.0,1,,,"[{""hasPlayed"": false, ""points"": null}, {""hasPlayed"": false, ""points"": null}, {""hasPlayed"": false, ""points"": null}, {""hasPlayed"": false, ""points"": null}, {""hasPlayed"": false, ""points"": null}]",2,Nathan De Cat,213501.0,213501.0,214943.0,197499.0,1459698.0,6501200.0,0.0,1.526315789473684,0.0,0.0,0.0,0.0,0.0
51,40,Rani,Khedira,6362200.0,61.0,32.0,32.0,32.0,188165.0,1956.0,0,3,https://kickbase.b-cdn.net/content/file/9ecae4fccb2648b8b2bd92c4cac3f955.png,8.0,1,307.0,,"[{""hasPlayed"": false, ""points"": null}, {""hasPlayed"": true, ""points"": 44}, {""hasPlayed"": true, ""points"": 44}, {""hasPlayed"": true, ""points"": 6}, {""hasPlayed"": true, ""points"": 6}]",2,Rani Khedira,270211.0,270211.0,245276.0,216257.0,1524841.0,2826904.0,6.28,1.3937721718565235,1.0,0.0,0.0,0.7,6.127022
1223,40,Marvin,Friedrich,929267.0,29.0,6.0,6.0,1.0,11653.0,173.0,0,2,https://kickbase.b-cdn.net/content/file/0e7e99776b0c460eaaf8702878b90869.png,5.0,2,186.0,,"[{""hasPlayed"": false, ""points"": null}, {""hasPlayed"": false, ""points"": null}, {""hasPlayed"": false, ""points"": null}, {""hasPlayed"": false, ""points"": null}, {""hasPlayed"": false, ""points"": null}]",3,Marvin Friedrich,-49383.0,-49383.0,-86609.0,-105014.0,-703675.0,-329716.0,0.0,1.3937721718565235,0.0,0.0,0.0,0.0,0.0
1553,40,Janik,Haberer,4325139.0,31.0,28.0,28.0,20.0,109158.0,870.0,0,3,https://kickbase.b-cdn.net/content/file/ce496ba0469a4a3b80d18b665d7466c0.png,19.0,2,201.0,,"[{""hasPlayed"": false, ""points"": null}, {""hasPlayed"": false, ""points"": null}, {""hasPlayed"": false, ""points"": null}, {""hasPlayed"": true, ""points"": 6}, {""hasPlayed"": true, ""points"": 6}]",4,Janik Haberer,-156083.0,-156083.0,-162785.0,-166550.0,-172319.0,3766726.0,6.7,1.3937721718565235,0.0,0.0,0.0,0.0,0.0
1955,40,Oliver,Burke,5431633.0,49.0,29.0,29.0,21.0,110171.0,1410.0,2,4,https://kickbase.b-cdn.net/content/file/a76d8d4a531548f58ceb241fe4958952.png,7.0,1,259.0,,"[{""hasPlayed"": true, ""points"": 139}, {""hasPlayed"": true, ""points"": 174}, {""hasPlayed"": true, ""points"": 61}, {""hasPlayed"": true, ""points"": -18}, {""hasPlayed"": true, ""points"": 139}]",5,Oliver Burke,32481.0,32481.0,116311.0,168028.0,1182579.0,3164830.0,7.0,1.3937721718565235,0.0,0.0,0.0,0.0,0.0
2279,40,Frederik,Rönnow,9534909.0,75.0,30.0,30.0,30.0,176714.0,2245.0,2,1,https://kickbase.b-cdn.net/content/file/a74539007fa347f28af0ce83caafef6f.png,1.0,2,235.0,,"[{""hasPlayed"": false, ""points"": null}, {""hasPlayed"": false, ""points"": null}, {""hasPlayed"": false, ""points"": null}, {""hasPlayed"": true, ""points"": -19}, {""hasPlayed"": true, ""points"": 79}]",3,Frederik Rönnow,-144323.0,-144323.0,-165932.0,-199698.0,-200900.0,3443973.0,6.3,1.3937721718565235,0.0,1.0,0.15,0.15,1.317115
2302,40,Woo-Yeong,Jeong,3734486.0,36.0,28.0,28.0,13.0,81482.0,994.0,0,3,https://kickbase.b-cdn.net/content/file/167f780b883445c1bb79e00354f1e807.png,11.0,2,266.0,,"[{""hasPlayed"": true, ""points"": 125}, {""hasPlayed"": true, ""points"": 33}, {""hasPlayed"": false, ""points"": null}, {""hasPlayed"": false, ""points"": null}, {""hasPlayed"": false, ""points"": null}]",3,Woo-Yeong Jeong,-104166.0,-104166.0,-118893.0,-128272.0,-923219.0,2961686.0,7.0,1.3937721718565235,0.3333333333333333,0.0,0.0,0.2333333333333333,2.276495
2400,40,Christopher,Trimmel,5098000.0,60.0,29.0,29.0,22.0,122793.0,1732.0,0,2,https://kickbase.b-cdn.net/content/file/0133043125be433d91c3b93eb502aebe.png,28.0,2,339.0,,"[{""hasPlayed"": true, ""points"": 133}, {""hasPlayed"": true, ""points"": 139}, {""hasPlayed"": true, ""points"": 104}, {""hasPlayed"": true, ""points"": 14}, {""hasPlayed"": true, ""points"": 107}]",4,Christopher Trimmel,-409486.0,-409486.0,-483532.0,-233454.0,-532983.0,3027514.0,7.8,1.3937721718565235,0.0,1.0,0.0,0.3,3.261427
2491,40,Tim,Skarke,5304068.0,26.0,22.0,22.0,4.0,44836.0,579.0,0,3,https://kickbase.b-cdn.net/content/file/530ba96741b943798d9be4d5dcc151f5.png,21.0,1,109.0,,"[{""hasPlayed"": true, ""points"": 59}, {""hasPlayed"": true, ""points"": 101}, {""hasPlayed"": true, ""points"": 28}, {""hasPlayed"": false, ""points"": null}, {""hasPlayed"": true, ""points"": 11}]",4,Tim Skarke,-124105.0,-124105.0,79504.0,125148.0,963972.0,4804068.0,6.63,1.3937721718565235,0.0,0.0,0.0,0.0,0.0
2717,40,Robert,Skov,2934719.0,35.0,3.0,3.0,3.0,14206.0,104.0,0,3,https://kickbase.b-cdn.net/content/file/ebae4e5c0fec43ebaed2b2aae064a346.png,24.0,2,35.0,,"[{""hasPlayed"": false, ""points"": null}, {""hasPlayed"": false, ""points"": null}, {""hasPlayed"": false, ""points"": null}, {""hasPlayed"": false, ""points"": null}, {""hasPlayed"": false, ""points"": null}]",4,Robert Skov,-145081.0,-145081.0,-148667.0,-151981.0,-1033329.0,2434719.0,0.0,1.3937721718565235,0.0,0.0,0.0,0.0,0.0
3102,40,Tom,Rothe,7558652.0,41.0,21.0,21.0,10.0,71469.0,863.0,0,2,https://kickbase.b-cdn.net/content/file/82917858d1a74a7f90a2d9dfca456b71.png,15.0,1,114.0,,"[{""hasPlayed"": true, ""points"": 146}, {""hasPlayed"": true, ""points"": 62}, {""hasPlayed"": true, ""points"": 155}, {""hasPlayed"": true, ""points"": 0}, {""hasPlayed"": true, ""points"": 18}]",2,Tom Rothe,296645.0,296645.0,293209.0,248889.0,1733503.0,3562413.0,0.0,1.3937721718565235,0.0,0.0,0.0,0.0,0.0
3187,40,András,Schäfer,2981830.0,42.0,28.0,28.0,16.0,96106.0,1177.0,0,3,https://kickbase.b-cdn.net/content/file/433f8b676b6b4b898ad3ede98e20f79d.png,13.0,2,394.0,,"[{""hasPlayed"": true, ""points"": 293}, {""hasPlayed"": true, ""points"": 52}, {""hasPlayed"": true, ""points"": 56}, {""hasPlayed"": true, ""points"": 33}, {""hasPlayed"": true, ""points"": 21}]",3,András Schäfer,-57388.0,-57388.0,-66905.0,-72612.0,-499509.0,-1005496.0,7.3,1.3937721718565235,0.6666666666666666,1.0,0.0,0.7666666666666666,7.800478
3364,40,Carl,Klaus,2608884.0,117.0,4.0,4.0,3.0,22461.0,466.0,0,1,https://kickbase.b-cdn.net/content/file/03530ee1979440f6865c5fc39260c63a.png,25.0,1,178.0,,"[{""hasPlayed"": true, ""points"": 154}, {""hasPlayed"": true, ""points"": 124}, {""hasPlayed"": true, ""points"": 85}, {""hasPlayed"": true, ""points"": 103}, {""hasPlayed"": false, ""points"": null}]",3,Carl Klaus,374816.0,374816.0,363317.0,360369.0,2108884.0,586001.0,7.23,1.3937721718565235,0.6666666666666666,0.0,0.0,0.4666666666666666,4.702587
3419,40,Matheo,Raab,1175638.0,214.0,1.0,1.0,1.0,6311.0,214.0,0,1,https://kickbase.b-cdn.net/content/file/6f65c492a85a491b94cd3b8a37bae6f8.png,31.0,2,182.0,,"[{""hasPlayed"": false, ""points"": null}, {""hasPlayed"": false, ""points"": null}, {""hasPlayed"": false, ""points"": null}, {""hasPlayed"": false, ""points"": null}, {""hasPlayed"": false, ""points"": null}]",3,Matheo Raab,-38503.0,-38503.0,-89211.0,-139470.0,-921566.0,675638.0,0.0,1.3937721718565235,0.0,0.0,0.0,0.0,0.0
3453,40,Derrick,Köhn,2530532.0,48.0,29.0,29.0,21.0,125830.0,1387.0,0,2,https://kickbase.b-cdn.net/content/file/336162df73db46fdb0d35c73c0928582.png,17.0,2,548.0,,"[{""hasPlayed"": false, ""points"": null}, {""hasPlayed"": true, ""points"": 60}, {""hasPlayed"": false, ""points"": null}, {""hasPlayed"": false, ""points"": null}, {""hasPlayed"": true, ""points"": 16}]",4,Derrick Köhn,-110018.0,-110018.0,-111776.0,-116871.0,-684669.0,-2160962.0,6.65,1.3937721718565235,0.3333333333333333,1.0,0.0,0.5333333333333333,4.943245
4352,40,Stanley,Nsoki,5227523.0,55.0,13.0,13.0,10.0,54082.0,718.0,1,2,https://kickbase.b-cdn.net/content/file/6c54070a804d4f15acb3d09b63af882a.png,34.0,1,137.0,,"[{""hasPlayed"": false, ""points"": null}, {""hasPlayed"": false, ""points"": null}, {""hasPlayed"": true, ""points"": 52}, {""hasPlayed"": false, ""points"": null}, {""hasPlayed"": false, ""points"": null}]",5,Stanley Nsoki,240577.0,240577.0,235971.0,226612.0,1595858.0,4727523.0,0.0,1.3937721718565235,0.0,0.0,0.0,0.0,0.0
4446,40,Aljoscha,Kemlein,8682851.0,48.0,30.0,30.0,23.0,129466.0,1437.0,0,3,https://kickbase.b-cdn.net/content/file/2dc45e5315ff4262a38925af69a6e745.png,6.0,1,165.0,,"[{""hasPlayed"": true, ""points"": 109}, {""hasPlayed"": true, ""points"": 175}, {""hasPlayed"": true, ""points"": 67}, {""hasPlayed"": true, ""points"": 3}, {""hasPlayed"": true, ""points"": 34}]",1,Aljoscha Kemlein,264387.0,264387.0,270024.0,270871.0,1780064.0,5091416.0,6.86,1.3937721718565235,1.0,1.0,0.0,1.0,9.561277
4598,40,Josip,Juranović,4833125.0,50.0,11.0,11.0,3.0,23550.0,554.0,0,2,https://kickbase.b-cdn.net/content/file/17ce8593891544bbae052579071e5c45.png,18.0,1,114.0,,"[{""hasPlayed"": true, ""points"": 62}, {""hasPlayed"": true, ""points"": 119}, {""hasPlayed"": true, ""points"": 25}, {""hasPlayed"": true, ""points"": 65}, {""hasPlayed"": false, ""points"": null}]",2,Josip Juranović,270117.0,270117.0,138116.0,54375.0,148568.0,4021576.0,7.0,1.3937721718565235,1.0,0.0,0.0,0.7,6.829484
6750,40,Ilyas,Ansah,10182048.0,40.0,33.0,33.0,23.0,125016.0,1305.0,0,4,https://kickbase.b-cdn.net/content/file/4e244d293e744fe4a462219508989e68.png,10.0,2,128.0,,"[{""hasPlayed"": true, ""points"": 80}, {""hasPlayed"": true, ""points"": 61}, {""hasPlayed"": true, ""points"": -8}, {""hasPlayed"": true, ""points"": -11}, {""hasPlayed"": true, ""points"": 21}]",1,Ilyas Ansah,-128378.0,-128378.0,-19592.0,23976.0,404876.0,2314685.0,6.54,1.3937721718565235,1.0,1.0,0.0,1.0,9.11527
7723,40,Leopold,Querfeld,14006664.0,90.0,31.0,31.0,30.0,181108.0,2789.0,0,2,https://kickbase.b-cdn.net/content/file/b9dfbb26ed9347b9a1585f29718c9d76.png,14.0,1,199.0,,"[{""hasPlayed"": true, ""points"": 53}, {""hasPlayed"": false, ""points"": null}, {""hasPlayed"": false, ""points"": null}, {""hasPlayed"": true, ""points"": 38}, {""hasPlayed"": true, ""points"": 90}]",3,Leopold Querfeld,176080.0,176080.0,152328.0,139623.0,886557.0,2547818.0,7.2,1.3937721718565235,0.6666666666666666,1.0,0.0,0.7666666666666666,7.693622
8381,40,Livan,Burcu,7640960.0,28.0,18.0,18.0,6.0,45477.0,504.0,0,3,https://kickbase.b-cdn.net/content/file/9ee1048c9191462c82b58e23f1dbf647.png,9.0,1,65.0,,"[{""hasPlayed"": true, ""points"": 139}, {""hasPlayed"": true, ""points"": 35}, {""hasPlayed"": true, ""points"": 109}, {""hasPlayed"": true, ""points"": -6}, {""hasPlayed"": true, ""points"": -11}]",2,Livan Burcu,147324.0,147324.0,110160.0,104041.0,817010.0,5845251.0,6.9,1.3937721718565235,1.0,1.0,0.0,1.0,9.617028
9221,40,Dmytro,Bogdanov,518618.0,16.0,2.0,2.0,0.0,721.0,32.0,0,4,https://kickbase.b-cdn.net/content/file/f506ca426a5c42ff979ce1664db5fd78.png,30.0,1,61.0,,"[{""hasPlayed"": true, ""points"": 45}, {""hasPlayed"": false, ""points"": null}, {""hasPlayed"": false, ""points"": null}, {""hasPlayed"": false, ""points"": null}, {""hasPlayed"": false, ""points"": null}]",5,Dmytro Bogdanov,18618.0,18618.0,0.0,0.0,18618.0,18618.0,0.0,1.3937721718565235,0.0,0.0,0.0,0.0,0.0
9683,40,Andrej,Ilic,7735564.0,69.0,32.0,32.0,24.0,151642.0,2204.0,2,4,https://kickbase.b-cdn.net/content/file/1a56a70bd0c1483894bc78d61bf30f46.png,23.0,2,284.0,,"[{""hasPlayed"": true, ""points"": 271}, {""hasPlayed"": true, ""points"": 255}, {""hasPlayed"": true, ""points"": 35}, {""hasPlayed"": true, ""points"": 24}, {""hasPlayed"": true, ""points"": 115}]",4,Andrej Ilic,-299072.0,-299072.0,-300026.0,-333140.0,-1641919.0,1421453.0,7.26,1.3937721718565235,0.0,1.0,0.0,0.3,3.035636
12763,40,Emmanuel,Latte Lath,8746540.0,,,,,,,0,4,https://kickbase.b-cdn.net/content/file/703dfff3de074113a2edb492e5c585e7.png,29.0,1,,,"[{""hasPlayed"": false, ""points"": null}, {""hasPlayed"": false, ""points"": null}, {""hasPlayed"": false, ""points"": null}, {""hasPlayed"": false, ""points"": null}, {""hasPlayed"": false, ""points"": null}]",2,Emmanuel Latte Lath,327012.0,327012.0,325920.0,322567.0,1978248.0,8746540.0,0.0,1.3937721718565235,0.0,0.0,0.0,0.0,0.0
13629,40,Linus,Güther,751488.0,-31.0,1.0,1.0,0.0,849.0,-31.0,0,3,https://kickbase.b-cdn.net/content/file/d92375c9bb9640858ef3fa4deebadf84.png,49.0,1,,,"[{""hasPlayed"": false, ""points"": null}, {""hasPlayed"": false, ""points"": null}, {""hasPlayed"": false, ""points"": null}, {""hasPlayed"": false, ""points"": null}, {""hasPlayed"": false, ""points"": null}]",5,Linus Güther,244988.0,244988.0,6500.0,0.0,251488.0,251488.0,0.0,1.3937721718565235,0.0,0.0,0.0,0.0,0.0
14917,40,Zeno,Van den Bosch,13093916.0,,,,,,,0,2,https://kickbase.b-cdn.net/content/file/f19174a181cb4b18a6fb28116d085029.png,4.0,1,,,"[{""hasPlayed"": false, ""points"": null}, {""hasPlayed"": false, ""points"": null}, {""hasPlayed"": false, ""points"": null}, {""hasPlayed"": false, ""points"": null}, {""hasPlayed"": false, ""points"": null}]",2,Zeno Van den Bosch,143724.0,143724.0,128549.0,159214.0,1006476.0,3860893.0,0.0,1.3937721718565235,0.0,0.0,0.0,0.0,0.0
357,4,Jens,Grahl,500000.0,,,,,,,0,1,https://kickbase.b-cdn.net/content/file/81b6a0fdd62a41c680a68075b371017f.png,33.0,0,,,"[{""hasPlayed"": false, ""points"": null}, {""hasPlayed"": false, ""points"": null}, {""hasPlayed"": false, ""points"": null}, {""hasPlayed"": false, ""points"": null}, {""hasPlayed"": false, ""points"": null}]",5,Jens Grahl,0.0,0.0,0.0,0.0,0.0,0.0,0.0,1.3500197083169097,0.0,0.0,0.0,0.0,0.0
461,4,Timothy,Chandler,500000.0,31.0,1.0,1.0,0.0,932.0,31.0,2,2,https://kickbase.b-cdn.net/content/file/3f7d0bb3af4c44edb1d33b849df45686.png,22.0,0,62.0,,"[{""hasPlayed"": true, ""points"": 31}, {""hasPlayed"": false, ""points"": null}, {""hasPlayed"": false, ""points"": null}, {""hasPlayed"": false, ""points"": null}, {""hasPlayed"": false, ""points"": null}]",5,Timothy Chandler,0.0,0.0,0.0,0.0,0.0,0.0,7.0,1.3500197083169097,0.0,0.0,0.0,0.0,0.0
513,4,Mario,Götze,5589657.0,33.0,21.0,21.0,8.0,60719.0,696.0,0,3,https://kickbase.b-cdn.net/content/file/677f22ea04504944be2873ce5f5d179f.png,27.0,1,124.0,,"[{""hasPlayed"": true, ""points"": 38}, {""hasPlayed"": true, ""points"": -1}, {""hasPlayed"": false, ""points"": null}, {""hasPlayed"": false, ""points"": null}, {""hasPlayed"": false, ""points"": null}]",4,Mario Götze,214330.0,214330.0,223561.0,263493.0,1698939.0,3522263.0,6.35,1.3500197083169097,0.0,0.0,0.0,0.0,0.0
1655,4,Michael,Zetterer,5099861.0,94.0,22.0,22.0,21.0,131394.0,2075.0,0,1,https://kickbase.b-cdn.net/content/file/7b95a79040f048299e6825e31771d397.png,23.0,2,406.0,,"[{""hasPlayed"": true, ""points"": 133}, {""hasPlayed"": true, ""points"": 105}, {""hasPlayed"": true, ""points"": 66}, {""hasPlayed"": true, ""points"": 95}, {""hasPlayed"": true, ""points"": 47}]",4,Michael Zetterer,-289596.0,-289596.0,-272335.0,-272681.0,-2009248.0,-1572124.0,6.8,1.3500197083169097,0.25,0.0,0.0,0.175,1.606523
2144,4,Robin,Koch,23465622.0,107.0,32.0,32.0,32.0,188534.0,3419.0,2,2,https://kickbase.b-cdn.net/content/file/340cf29dd65140208f579773d046dd30.png,4.0,1,145.0,,"[{""hasPlayed"": true, ""points"": 94}, {""hasPlayed"": true, ""points"": 42}, {""hasPlayed"": true, ""points"": 81}, {""hasPlayed"": true, ""points"": 108}, {""hasPlayed"": true, ""points"": 89}]",1,Robin Koch,10031.0,10031.0,57022.0,127443.0,782809.0,3413975.0,6.62,1.3500197083169097,1.0,1.0,0.15,0.85,7.596561
2190,4,Michy,Batshuayi,3941771.0,17.0,6.0,6.0,1.0,10960.0,104.0,0,4,https://kickbase.b-cdn.net/content/file/3b9e88cc2fb04c4b8f25529205d0e88b.png,30.0,1,26.0,,"[{""hasPlayed"": false, ""points"": null}, {""hasPlayed"": false, ""points"": null}, {""hasPlayed"": false, ""points"": null}, {""hasPlayed"": false, ""points"": null}, {""hasPlayed"": false, ""points"": null}]",5,Michy Batshuayi,305497.0,305497.0,290521.0,256605.0,1947650.0,2364029.0,0.0,1.3500197083169097,0.0,0.0,0.0,0.0,0.0
2255,4,Jonathan,Burkardt,26199028.0,87.0,22.0,22.0,15.0,87110.0,1912.0,0,4,https://kickbase.b-cdn.net/content/file/2eca07d51a734c0582f65922e9bf3a91.png,9.0,1,72.0,,"[{""hasPlayed"": true, ""points"": 227}, {""hasPlayed"": true, ""points"": 95}, {""hasPlayed"": true, ""points"": 63}, {""hasPlayed"": true, ""points"": -14}, {""hasPlayed"": true, ""points"": -6}]",1,Jonathan Burkardt,89243.0,89243.0,88121.0,92911.0,662575.0,3736443.0,6.98,1.3500197083169097,1.0,1.0,0.0,1.0,9.423138
2718,4,Ellyes,Skhiri,2969755.0,41.0,25.0,25.0,16.0,96669.0,1030.0,0,3,https://kickbase.b-cdn.net/content/file/491757afd9e94da4a8fcbeaa8e23e1f0.png,15.0,2,346.0,,"[{""hasPlayed"": true, ""points"": 87}, {""hasPlayed"": true, ""points"": 35}, {""hasPlayed"": true, ""points"": 37}, {""hasPlayed"": true, ""points"": 113}, {""hasPlayed"": true, ""points"": 2}]",5,Ellyes Skhiri,-41104.0,-41104.0,-61897.0,-98057.0,-725406.0,-3045843.0,7.06,1.3500197083169097,0.0,0.0,0.0,0.0,0.0
2863,4,Ansgar,Knauff,4441728.0,46.0,28.0,28.0,12.0,88199.0,1284.0,0,3,https://kickbase.b-cdn.net/content/file/65567e26534544698e6a43b7411db0c5.png,7.0,2,289.0,,"[{""hasPlayed"": true, ""points"": 27}, {""hasPlayed"": true, ""points"": 14}, {""hasPlayed"": true, ""points"": 38}, {""hasPlayed"": true, ""points"": 25}, {""hasPlayed"": true, ""points"": 8}]",3,Ansgar Knauff,-24570.0,-24570.0,-24392.0,-33471.0,-335792.0,-683732.0,6.54,1.3500197083169097,0.25,1.0,0.0,0.475,4.193836
2864,4,Nnamdi,Collins,13855700.0,71.0,23.0,23.0,16.0,101407.0,1622.0,2,2,https://kickbase.b-cdn.net/content/file/2a1e4075871c4c2189ad01a35880199b.png,34.0,1,117.0,,"[{""hasPlayed"": false, ""points"": null}, {""hasPlayed"": false, ""points"": null}, {""hasPlayed"": false, ""points"": null}, {""hasPlayed"": false, ""points"": null}, {""hasPlayed"": false, ""points"": null}]",3,Nnamdi Collins,80325.0,80325.0,116017.0,123041.0,895764.0,4661173.0,0.0,1.3500197083169097,0.0,0.0,0.0,0.0,0.0
2887,4,Ritsu,Dōan,20892017.0,90.0,31.0,31.0,28.0,154093.0,2793.0,0,3,https://kickbase.b-cdn.net/content/file/a635c31b1d4a4468826bb1915a8495c6.png,20.0,1,133.0,,"[{""hasPlayed"": true, ""points"": 89}, {""hasPlayed"": true, ""points"": 18}, {""hasPlayed"": false, ""points"": null}, {""hasPlayed"": true, ""points"": 138}, {""hasPlayed"": false, ""points"": null}]",2,Ritsu Dōan,150131.0,150131.0,145496.0,150128.0,1101380.0,4137235.0,6.77,1.3500197083169097,1.0,1.0,0.0,1.0,9.139633
6081,4,Can,Uzun,27634306.0,106.0,21.0,21.0,15.0,76576.0,2232.0,0,3,https://kickbase.b-cdn.net/content/file/57ff676333514f5cbfe8036ee8243473.png,42.0,1,80.0,,"[{""hasPlayed"": true, ""points"": 31}, {""hasPlayed"": true, ""points"": 143}, {""hasPlayed"": true, ""points"": 218}, {""hasPlayed"": true, ""points"": 220}, {""hasPlayed"": true, ""points"": 9}]",2,Can Uzun,97702.0,97702.0,99174.0,93630.0,668812.0,2089625.0,7.52,1.3500197083169097,1.0,1.0,0.0,1.0,10.152148
6185,4,Hugo,Larsson,9688045.0,71.0,25.0,25.0,21.0,117957.0,1779.0,2,3,https://kickbase.b-cdn.net/content/file/9e79207a19224f719522639de01974d9.png,16.0,2,183.0,,"[{""hasPlayed"": false, ""points"": null}, {""hasPlayed"": false, ""points"": null}, {""hasPlayed"": true, ""points"": 60}, {""hasPlayed"": true, ""points"": 166}, {""hasPlayed"": true, ""points"": 115}]",3,Hugo Larsson,-262113.0,-262113.0,-496634.0,-410836.0,-2001921.0,30673.0,6.83,1.3500197083169097,0.6666666666666666,0.0,0.0,0.4666666666666666,4.302963
7275,4,Kauã,Santos,10285500.0,65.0,13.0,13.0,13.0,72952.0,849.0,0,1,https://kickbase.b-cdn.net/content/file/e95656af26a24b76bc26de60a6de98ef.png,40.0,1,82.0,,"[{""hasPlayed"": false, ""points"": null}, {""hasPlayed"": false, ""points"": null}, {""hasPlayed"": false, ""points"": null}, {""hasPlayed"": false, ""points"": null}, {""hasPlayed"": false, ""points"": null}]",3,Kauã Santos,-501.0,-501.0,127456.0,152468.0,1016951.0,3006063.0,0.0,1.3500197083169097,0.0,0.0,0.0,0.0,0.0
7277,4,Farès,Chaïbi,9650557.0,83.0,28.0,28.0,21.0,118583.0,2334.0,0,3,https://kickbase.b-cdn.net/content/file/3dde5ae84a7548f0927de855bf547940.png,8.0,2,241.0,,"[{""hasPlayed"": true, ""points"": 52}, {""hasPlayed"": true, ""points"": 11}, {""hasPlayed"": true, ""points"": 26}, {""hasPlayed"": true, ""points"": 1}, {""hasPlayed"": true, ""points"": 58}]",4,Farès Chaïbi,-273938.0,-273938.0,-466972.0,-490224.0,-2966302.0,-2003481.0,6.75,1.3500197083169097,0.0,0.0,0.0,0.0,0.0
7325,4,Elias,Baum,10030248.0,6.0,5.0,5.0,0.0,6016.0,32.0,0,2,https://kickbase.b-cdn.net/content/file/d902a58e5d944b18a5c4fdc246b131d0.png,2.0,1,3.0,,"[{""hasPlayed"": false, ""points"": null}, {""hasPlayed"": false, ""points"": null}, {""hasPlayed"": false, ""points"": null}, {""hasPlayed"": false, ""points"": null}, {""hasPlayed"": true, ""points"": -10}]",2,Elias Baum,273188.0,273188.0,259996.0,266722.0,1794847.0,4920089.0,0.0,1.3500197083169097,0.0,0.0,0.0,0.0,0.0
7417,4,Noël,Aséko,8606465.0,,,,,,,2,3,https://kickbase.b-cdn.net/content/file/7a633dbb4f5746f588f52cd657f1b67f.png,0.0,2,,,"[{""hasPlayed"": false, ""points"": null}, {""hasPlayed"": false, ""points"": null}, {""hasPlayed"": false, ""points"": null}, {""hasPlayed"": false, ""points"": null}, {""hasPlayed"": false, ""points"": null}]",5,Noël Aséko,-339433.0,-339433.0,-312191.0,-316210.0,-1798412.0,4242261.0,0.0,1.3500197083169097,0.0,0.0,0.0,0.0,0.0
7491,4,Jean-Mattéo,Bahoya,8100189.0,64.0,27.0,27.0,15.0,89358.0,1718.0,0,4,https://kickbase.b-cdn.net/content/file/3408b03eeefc4c9297226cdf3fade4f6.png,19.0,2,212.0,,"[{""hasPlayed"": true, ""points"": 12}, {""hasPlayed"": true, ""points"": 37}, {""hasPlayed"": true, ""points"": 12}, {""hasPlayed"": false, ""points"": null}, {""hasPlayed"": false, ""points"": null}]",4,Jean-Mattéo Bahoya,-310549.0,-310549.0,-322037.0,-312334.0,-2453105.0,-1037869.0,6.8,1.3500197083169097,0.0,0.0,0.0,0.0,0.0
8057,4,Arthur,Theate,12707788.0,93.0,24.0,24.0,24.0,142350.0,2226.0,0,2,https://kickbase.b-cdn.net/content/file/8dd075b3ad334b36ae27f1910cd562d4.png,3.0,2,175.0,,"[{""hasPlayed"": false, ""points"": null}, {""hasPlayed"": true, ""points"": 23}, {""hasPlayed"": false, ""points"": null}, {""hasPlayed"": false, ""points"": null}, {""hasPlayed"": true, ""points"": 67}]",3,Arthur Theate,-390449.0,-390449.0,-417371.0,-412890.0,-2592302.0,-68869.0,6.2,1.3500197083169097,0.6666666666666666,0.0,0.0,0.4666666666666666,3.906057
8351,4,Oscar,Højlund,3446740.0,32.0,24.0,24.0,12.0,72520.0,772.0,0,3,https://kickbase.b-cdn.net/content/file/cb0c9d9d621f48f58bd3237c6264870e.png,6.0,2,223.0,,"[{""hasPlayed"": false, ""points"": null}, {""hasPlayed"": false, ""points"": null}, {""hasPlayed"": true, ""points"": -1}, {""hasPlayed"": true, ""points"": 79}, {""hasPlayed"": true, ""points"": 32}]",3,Oscar Højlund,-65434.0,-65434.0,-81351.0,-97293.0,-716359.0,-2114968.0,6.57,1.3500197083169097,0.3333333333333333,0.0,0.0,0.2333333333333333,2.06958
10004,4,Younes,Ebnoutalib,10364235.0,25.0,5.0,5.0,2.0,10174.0,126.0,0,4,https://kickbase.b-cdn.net/content/file/e071a76ceed648049a6de91138a0d2a9.png,11.0,1,12.0,,"[{""hasPlayed"": false, ""points"": null}, {""hasPlayed"": false, ""points"": null}, {""hasPlayed"": true, ""points"": -2}, {""hasPlayed"": false, ""points"": null}, {""hasPlayed"": false, ""points"": null}]",3,Younes Ebnoutalib,127777.0,127777.0,127855.0,174987.0,572128.0,1100052.0,0.0,1.3500197083169097,0.0,0.0,0.0,0.0,0.0
12284,4,Keita,Kosugi,6996042.0,,,,,,,0,2,https://kickbase.b-cdn.net/content/file/04b750a692fd4c7cb78d4bce90db9733.png,26.0,1,,,"[{""hasPlayed"": false, ""points"": null}, {""hasPlayed"": false, ""points"": null}, {""hasPlayed"": false, ""points"": null}, {""hasPlayed"": false, ""points"": null}, {""hasPlayed"": false, ""points"": null}]",3,Keita Kosugi,272758.0,272758.0,268009.0,235179.0,2004370.0,6496042.0,0.0,1.3500197083169097,0.0,0.0,0.0,0.0,0.0
12285,4,Love,Arrhov,4163948.0,14.0,5.0,5.0,1.0,5265.0,70.0,0,3,https://kickbase.b-cdn.net/content/file/874a8f6a5061492cb5885245ee1697bd.png,31.0,2,16.0,,"[{""hasPlayed"": false, ""points"": null}, {""hasPlayed"": false, ""points"": null}, {""hasPlayed"": false, ""points"": null}, {""hasPlayed"": true, ""points"": 19}, {""hasPlayed"": false, ""points"": null}]",5,Love Arrhov,-148554.0,-148554.0,-151981.0,-165785.0,-954840.0,3594047.0,0.0,1.3500197083169097,0.0,0.0,0.0,0.0,0.0
12294,4,Ayoube,Amaimouni,4033384.0,40.0,17.0,17.0,6.0,40230.0,679.0,0,3,https://kickbase.b-cdn.net/content/file/79da64806f7d46e2a04e1497b6829add.png,29.0,2,168.0,,"[{""hasPlayed"": false, ""points"": null}, {""hasPlayed"": true, ""points"": 1}, {""hasPlayed"": true, ""points"": -6}, {""hasPlayed"": true, ""points"": 44}, {""hasPlayed"": true, ""points"": 79}]",4,Ayoube Amaimouni,-113952.0,-113952.0,-102019.0,-94230.0,-730811.0,937209.0,6.68,1.3500197083169097,0.0,0.0,0.0,0.0,0.0
14920,4,Malik,Pimpong,4518073.0,,,,,,,0,4,https://kickbase.b-cdn.net/content/file/bd46302fa69a41ce9f4ddca60f2d5f50.png,35.0,2,,,"[{""hasPlayed"": false, ""points"": null}, {""hasPlayed"": false, ""points"": null}, {""hasPlayed"": false, ""points"": null}, {""hasPlayed"": false, ""points"": null}, {""hasPlayed"": false, ""points"": null}]",5,Malik Pimpong,-123808.0,-123808.0,-134416.0,-351015.0,-2044142.0,2077048.0,0.0,1.3500197083169097,0.0,0.0,0.0,0.0,0.0
15589,4,,Otávio,7351849.0,,,,,,,0,2,https://kickbase.b-cdn.net/content/file/09678a27347041df90d1af976ab13bc4.png,5.0,1,,,"[{""hasPlayed"": false, ""points"": null}, {""hasPlayed"": false, ""points"": null}, {""hasPlayed"": false, ""points"": null}, {""hasPlayed"": false, ""points"": null}, {""hasPlayed"": false, ""points"": null}]",4,Otávio,286106.0,286106.0,294647.0,294039.0,2144872.0,7351849.0,0.0,1.3500197083169097,0.0,0.0,0.0,0.0,0.0
16369,4,Raphael,Onyedika,13455150.0,,,,,,,0,3,https://kickbase.b-cdn.net/content/file/ef0dddf47dd4415d87a89c141f59d513.png,25.0,1,,,"[{""hasPlayed"": false, ""points"": null}, {""hasPlayed"": false, ""points"": null}, {""hasPlayed"": false, ""points"": null}, {""hasPlayed"": false, ""points"": null}, {""hasPlayed"": false, ""points"": null}]",2,Raphael Onyedika,217908.0,217908.0,222574.0,228108.0,1579302.0,13455150.0,0.0,1.3500197083169097,0.0,0.0,0.0,0.0,0.0
60,18,Dominik,Kohr,9089873.0,71.0,29.0,29.0,28.0,153973.0,2070.0,0,2,https://kickbase.b-cdn.net/content/file/fc6cb9d67771484baa8cd7547280f6cd.png,31.0,1,227.0,,"[{""hasPlayed"": true, ""points"": 146}, {""hasPlayed"": true, ""points"": 17}, {""hasPlayed"": true, ""points"": 24}, {""hasPlayed"": true, ""points"": 148}, {""hasPlayed"": true, ""points"": 112}]",3,Dominik Kohr,190135.0,190135.0,195097.0,207160.0,1494593.0,3329101.0,6.66,1.933080138962492,1.0,0.0,0.0,0.7,9.01202
550,18,Stefan,Bell,2472263.0,73.0,18.0,18.0,13.0,69705.0,1313.0,0,2,https://kickbase.b-cdn.net/content/file/b5f9d86fa6414225acae1ed532dfb2e7.png,16.0,2,531.0,,"[{""hasPlayed"": false, ""points"": null}, {""hasPlayed"": false, ""points"": null}, {""hasPlayed"": false, ""points"": null}, {""hasPlayed"": false, ""points"": null}, {""hasPlayed"": false, ""points"": null}]",5,Stefan Bell,-111131.0,-111131.0,-124067.0,-123161.0,-830206.0,-452844.0,0.0,1.933080138962492,0.0,0.0,0.0,0.0,0.0
620,18,Alexander,Schwolow,5006213.0,,,,,,,0,1,https://kickbase.b-cdn.net/content/file/4cc1d15b731f40d1868ff35958c5f191.png,0.0,1,,,"[{""hasPlayed"": false, ""points"": null}, {""hasPlayed"": false, ""points"": null}, {""hasPlayed"": false, ""points"": null}, {""hasPlayed"": false, ""points"": null}, {""hasPlayed"": false, ""points"": null}]",5,Alexander Schwolow,318021.0,318021.0,304494.0,291706.0,2144516.0,4506213.0,0.0,1.933080138962492,0.0,0.0,0.0,0.0,0.0
1540,18,Danny,Da Costa,9297581.0,73.0,34.0,34.0,30.0,178678.0,2498.0,0,2,https://kickbase.b-cdn.net/content/file/d7479cd684eb4636932e2e5651e92411.png,21.0,1,268.0,,"[{""hasPlayed"": true, ""points"": 72}, {""hasPlayed"": true, ""points"": -4}, {""hasPlayed"": true, ""points"": 91}, {""hasPlayed"": true, ""points"": 38}, {""hasPlayed"": true, ""points"": 86}]",3,Danny Da Costa,167936.0,167936.0,174381.0,186655.0,1485418.0,1917326.0,6.66,1.933080138962492,0.3333333333333333,0.0,0.0,0.2333333333333333,3.004007
1590,18,Robin,Zentner,12888058.0,73.0,10.0,10.0,10.0,59055.0,728.0,0,1,https://kickbase.b-cdn.net/content/file/dad81a3053174c60b16a47385173f2d5.png,27.0,1,56.0,,"[{""hasPlayed"": false, ""points"": null}, {""hasPlayed"": true, ""points"": 96}, {""hasPlayed"": false, ""points"": null}, {""hasPlayed"": false, ""points"": null}, {""hasPlayed"": false, ""points"": null}]",1,Robin Zentner,169156.0,169156.0,151717.0,154890.0,1060661.0,4368757.0,0.0,1.933080138962492,0.0,0.0,0.0,0.0,0.0
1639,18,Nadiem,Amiri,33009010.0,134.0,26.0,26.0,24.0,136794.0,3493.0,0,3,https://kickbase.b-cdn.net/content/file/fee710e358914669ab855823274a461e.png,10.0,1,105.0,,"[{""hasPlayed"": true, ""points"": 254}, {""hasPlayed"": true, ""points"": 98}, {""hasPlayed"": true, ""points"": 168}, {""hasPlayed"": true, ""points"": 93}, {""hasPlayed"": true, ""points"": 229}]",1,Nadiem Amiri,113282.0,113282.0,113757.0,108361.0,785455.0,2432187.0,7.52,1.933080138962492,1.0,1.0,0.0,1.0,14.536763
2006,18,Stefan,Posch,9561639.0,90.0,16.0,16.0,16.0,93180.0,1446.0,0,2,https://kickbase.b-cdn.net/content/file/61c45113d8144342ae187dd599d3eff5.png,0.0,1,151.0,,"[{""hasPlayed"": true, ""points"": 97}, {""hasPlayed"": true, ""points"": 63}, {""hasPlayed"": true, ""points"": 121}, {""hasPlayed"": true, ""points"": 53}, {""hasPlayed"": true, ""points"": 154}]",2,Stefan Posch,372719.0,372719.0,350150.0,280200.0,1212866.0,1212866.0,6.86,1.933080138962492,1.0,1.0,0.0,1.0,13.26093
2030,18,Phillip,Tietz,12376098.0,56.0,29.0,29.0,19.0,120672.0,1612.0,0,4,https://kickbase.b-cdn.net/content/file/2acf94096d5443fcb6d70524c93fb74e.png,20.0,1,130.0,,"[{""hasPlayed"": true, ""points"": 240}, {""hasPlayed"": true, ""points"": 30}, {""hasPlayed"": true, ""points"": 198}, {""hasPlayed"": true, ""points"": 35}, {""hasPlayed"": true, ""points"": 49}]",1,Phillip Tietz,187054.0,187054.0,183520.0,186683.0,1277491.0,5490199.0,6.88,1.933080138962492,1.0,1.0,0.0,1.0,13.299591
2232,18,Philipp,Mwene,7557196.0,49.0,29.0,29.0,24.0,136771.0,1428.0,0,2,https://kickbase.b-cdn.net/content/file/275de3be8348462b85588eaa3c89e4b3.png,2.0,2,188.0,,"[{""hasPlayed"": true, ""points"": 181}, {""hasPlayed"": true, ""points"": 41}, {""hasPlayed"": true, ""points"": 233}, {""hasPlayed"": true, ""points"": 16}, {""hasPlayed"": true, ""points"": 57}]",2,Philipp Mwene,-208838.0,-208838.0,-293966.0,-266218.0,-473159.0,3085749.0,7.3,1.933080138962492,1.0,1.0,0.0,1.0,14.111485
2399,18,Lennard,Maloney,1814679.0,16.0,21.0,21.0,4.0,36109.0,339.0,0,3,https://kickbase.b-cdn.net/content/file/8ae05919f4ae4c4a8ea0e0fdc6e08e32.png,15.0,2,186.0,,"[{""hasPlayed"": true, ""points"": 23}, {""hasPlayed"": false, ""points"": null}, {""hasPlayed"": true, ""points"": 16}, {""hasPlayed"": true, ""points"": 9}, {""hasPlayed"": false, ""points"": null}]",5,Lennard Maloney,-129553.0,-129553.0,-134508.0,-137348.0,-1020858.0,1314679.0,6.5,1.933080138962492,0.5454545454545455,0.0,0.0,0.38181818181818183,4.797553
2476,18,Jae-Sung,Lee,9799704.0,65.0,28.0,28.0,26.0,141332.0,1824.0,0,3,https://kickbase.b-cdn.net/content/file/4958ca742c82430a89447e10efb492a9.png,7.0,1,186.0,,"[{""hasPlayed"": true, ""points"": 43}, {""hasPlayed"": true, ""points"": -22}, {""hasPlayed"": false, ""points"": null}, {""hasPlayed"": false, ""points"": null}, {""hasPlayed"": false, ""points"": null}]",1,Jae-Sung Lee,319722.0,319722.0,334519.0,315821.0,2152104.0,3655970.0,6.45,1.933080138962492,1.0,0.0,0.0,0.7,8.727857
2646,18,Sheraldo,Becker,13488800.0,76.0,14.0,14.0,11.0,61084.0,1065.0,0,4,https://kickbase.b-cdn.net/content/file/e279d94dff1f46ea8a7f16ea6656528c.png,23.0,1,78.0,,"[{""hasPlayed"": true, ""points"": 115}, {""hasPlayed"": true, ""points"": 114}, {""hasPlayed"": true, ""points"": 120}, {""hasPlayed"": true, ""points"": 136}, {""hasPlayed"": true, ""points"": 20}]",2,Sheraldo Becker,174133.0,174133.0,177940.0,167783.0,1206604.0,4374405.0,7.06,1.933080138962492,1.0,1.0,0.15,0.85,11.600414
2702,18,Eric,Martel,5175929.0,77.0,31.0,31.0,30.0,170710.0,2378.0,1,3,https://kickbase.b-cdn.net/content/file/8744ec1d907e4042b8afa0f7d030628c.png,5.0,2,459.0,,"[{""hasPlayed"": true, ""points"": 43}, {""hasPlayed"": false, ""points"": null}, {""hasPlayed"": true, ""points"": 73}, {""hasPlayed"": true, ""points"": 13}, {""hasPlayed"": true, ""points"": 115}]",5,Eric Martel,-346704.0,-346704.0,-346892.0,-337843.0,-2392852.0,-4151541.0,6.83,1.933080138962492,0.0,1.0,0.15,0.15,1.980441
2822,18,,Silas,500000.0,30.0,8.0,8.0,4.0,22414.0,241.0,1,4,https://kickbase.b-cdn.net/content/file/c9d8809a21ab421eae753d788da8f8e3.png,26.0,0,482.0,,"[{""hasPlayed"": false, ""points"": null}, {""hasPlayed"": false, ""points"": null}, {""hasPlayed"": false, ""points"": null}, {""hasPlayed"": false, ""points"": null}, {""hasPlayed"": false, ""points"": null}]",5,Silas,0.0,0.0,0.0,0.0,-329284.0,0.0,0.0,1.933080138962492,0.0,0.0,0.0,0.0,0.0
2895,18,Paul,Nebel,7738683.0,67.0,30.0,30.0,24.0,136191.0,2011.0,1,3,https://kickbase.b-cdn.net/content/file/03b835615e0c4ae3850ce2970f9cec04.png,8.0,2,259.0,,"[{""hasPlayed"": true, ""points"": 99}, {""hasPlayed"": true, ""points"": 95}, {""hasPlayed"": true, ""points"": 83}, {""hasPlayed"": true, ""points"": 115}, {""hasPlayed"": true, ""points"": 89}]",5,Paul Nebel,-344678.0,-344678.0,-326120.0,-336997.0,-2597014.0,-2542629.0,6.7,1.933080138962492,0.0,1.0,0.15,0.15,1.942746
3041,18,Silvan Dominic,Widmer,3013592.0,54.0,27.0,27.0,22.0,117652.0,1463.0,0,2,https://kickbase.b-cdn.net/content/file/f8a4a7b03b4c4326bdc73b1c9e0d6866.png,30.0,2,485.0,,"[{""hasPlayed"": true, ""points"": 84}, {""hasPlayed"": false, ""points"": null}, {""hasPlayed"": true, ""points"": 147}, {""hasPlayed"": true, ""points"": 51}, {""hasPlayed"": true, ""points"": 26}]",4,Silvan Dominic Widmer,-71363.0,-71363.0,-68788.0,-75712.0,-608992.0,-2198342.0,7.03,1.933080138962492,0.0,0.0,0.0,0.0,0.0
3318,18,Ransford,Königsdörffer,4835558.0,45.0,33.0,33.0,29.0,149854.0,1498.0,0,4,https://kickbase.b-cdn.net/content/file/4f3abfff728148fda062801c5af46204.png,0.0,2,309.0,,"[{""hasPlayed"": false, ""points"": null}, {""hasPlayed"": true, ""points"": 61}, {""hasPlayed"": true, ""points"": 53}, {""hasPlayed"": true, ""points"": 63}, {""hasPlayed"": true, ""points"": 0}]",4,Ransford Königsdörffer,-73884.0,-73884.0,-220733.0,-234450.0,-1387512.0,-571822.0,6.68,1.933080138962492,0.0,0.0,0.0,0.0,0.0
3470,18,Anthony,Caci,9035588.0,54.0,10.0,10.0,6.0,35021.0,535.0,0,2,https://kickbase.b-cdn.net/content/file/5bb349b2622049a7aa73a59edcec1781.png,19.0,1,59.0,,"[{""hasPlayed"": true, ""points"": 28}, {""hasPlayed"": true, ""points"": 56}, {""hasPlayed"": true, ""points"": 25}, {""hasPlayed"": true, ""points"": -1}, {""hasPlayed"": true, ""points"": 112}]",2,Anthony Caci,336453.0,336453.0,312183.0,319447.0,2110928.0,4891575.0,6.78,1.933080138962492,1.0,1.0,0.0,1.0,13.106283
4576,18,Andreas,Hanche-Olsen,4005180.0,57.0,13.0,13.0,8.0,56559.0,736.0,0,2,https://kickbase.b-cdn.net/content/file/4c7d4215b6f24ad8a0daa5c7a9b9e290.png,25.0,2,183.0,,"[{""hasPlayed"": false, ""points"": null}, {""hasPlayed"": false, ""points"": null}, {""hasPlayed"": false, ""points"": null}, {""hasPlayed"": false, ""points"": null}, {""hasPlayed"": false, ""points"": null}]",5,Andreas Hanche-Olsen,-142178.0,-142178.0,-141495.0,-145249.0,-1171384.0,3368346.0,0.0,1.933080138962492,0.0,0.0,0.0,0.0,0.0
6111,18,Benedict,Hollerbach,5336298.0,36.0,14.0,14.0,13.0,55268.0,500.0,2,4,https://kickbase.b-cdn.net/content/file/212f0c9603f04c869640c40bdbb0a396.png,17.0,1,93.0,,"[{""hasPlayed"": false, ""points"": null}, {""hasPlayed"": false, ""points"": null}, {""hasPlayed"": false, ""points"": null}, {""hasPlayed"": false, ""points"": null}, {""hasPlayed"": false, ""points"": null}]",5,Benedict Hollerbach,80234.0,80234.0,159799.0,207656.0,1428727.0,4206291.0,0.0,1.933080138962492,0.0,0.0,0.0,0.0,0.0
8307,18,Kaishu,Sano,14887429.0,83.0,34.0,34.0,34.0,203515.0,2817.0,0,3,https://kickbase.b-cdn.net/content/file/5d056e6175064f30b16047761d382a84.png,6.0,1,189.0,,"[{""hasPlayed"": true, ""points"": 115}, {""hasPlayed"": true, ""points"": 55}, {""hasPlayed"": true, ""points"": 88}, {""hasPlayed"": true, ""points"": 149}, {""hasPlayed"": true, ""points"": 90}]",2,Kaishu Sano,191704.0,191704.0,177198.0,169745.0,1246888.0,3107915.0,6.96,1.933080138962492,0.27272727272727276,0.0,0.0,0.19090909090909092,2.568536
10122,18,Fabio,Gruber,13531743.0,,,,,,,0,2,https://kickbase.b-cdn.net/content/file/278ee138191a434c98f6a644a68e553c.png,3.0,1,,,"[{""hasPlayed"": false, ""points"": null}, {""hasPlayed"": false, ""points"": null}, {""hasPlayed"": false, ""points"": null}, {""hasPlayed"": false, ""points"": null}, {""hasPlayed"": false, ""points"": null}]",1,Fabio Gruber,194329.0,194329.0,195034.0,200618.0,1429661.0,5616659.0,0.0,1.933080138962492,0.0,0.0,0.0,0.0,0.0
11261,18,Sota,Kawasaki,5773251.0,15.0,10.0,10.0,3.0,21929.0,146.0,0,3,https://kickbase.b-cdn.net/content/file/4678b1fe37904abeb5122cf3927324dc.png,24.0,1,25.0,,"[{""hasPlayed"": false, ""points"": null}, {""hasPlayed"": false, ""points"": null}, {""hasPlayed"": false, ""points"": null}, {""hasPlayed"": false, ""points"": null}, {""hasPlayed"": false, ""points"": null}]",5,Sota Kawasaki,218554.0,218554.0,202516.0,203803.0,1735231.0,5273251.0,0.0,1.933080138962492,0.0,0.0,0.0,0.0,0.0
11665,18,Kacper,Potulski,6855104.0,80.0,15.0,15.0,9.0,71592.0,1206.0,0,2,https://kickbase.b-cdn.net/content/file/fad6be1e7d7644989b542d6722ad734c.png,48.0,2,175.0,,"[{""hasPlayed"": true, ""points"": 160}, {""hasPlayed"": true, ""points"": 31}, {""hasPlayed"": true, ""points"": 87}, {""hasPlayed"": false, ""points"": null}, {""hasPlayed"": false, ""points"": null}]",4,Kacper Potulski,-282354.0,-282354.0,-322766.0,-310164.0,-1050827.0,-1342056.0,7.03,1.933080138962492,0.18181818181818182,1.0,0.0,0.42727272727272725,5.806446
11954,18,William,Bøving,5389486.0,16.0,9.0,9.0,2.0,16311.0,145.0,0,3,https://kickbase.b-cdn.net/content/file/4a2dfc01b55f4298b30ca2bca86b98f4.png,14.0,1,26.0,,"[{""hasPlayed"": false, ""points"": null}, {""hasPlayed"": false, ""points"": null}, {""hasPlayed"": false, ""points"": null}, {""hasPlayed"": true, ""points"": -4}, {""hasPlayed"": true, ""points"": 24}]",5,William Bøving,68661.0,68661.0,121109.0,165440.0,1309014.0,4889486.0,6.6,1.933080138962492,0.0,0.0,0.0,0.0,0.0
13438,18,Otto,Ruoppi,3882483.0,,,,,,,0,3,https://kickbase.b-cdn.net/content/file/87f2fcbedcfd4094b1aa3112efb54de3.png,0.0,2,,,"[{""hasPlayed"": false, ""points"": null}, {""hasPlayed"": false, ""points"": null}, {""hasPlayed"": false, ""points"": null}, {""hasPlayed"": false, ""points"": null}, {""hasPlayed"": false, ""points"": null}]",5,Otto Ruoppi,-147405.0,-147405.0,-145648.0,-148335.0,-1374162.0,2434598.0,0.0,1.933080138962492,0.0,0.0,0.0,0.0,0.0
168,29,Sven,Michel,2498233.0,,,,,,,1,4,https://kickbase.b-cdn.net/content/file/e03c92ddb64b4dfaa85fddc8832168ef.png,11.0,2,,,"[{""hasPlayed"": false, ""points"": null}, {""hasPlayed"": false, ""points"": null}, {""hasPlayed"": false, ""points"": null}, {""hasPlayed"": false, ""points"": null}, {""hasPlayed"": false, ""points"": null}]",5,Sven Michel,-160187.0,-160187.0,-160004.0,-161296.0,-1132615.0,1735655.0,6.2,0.8358358358358358,0.0,0.0,0.0,0.0,0.0
1964,29,Felix,Götze,9022067.0,,,,,,,0,2,https://kickbase.b-cdn.net/content/file/211c165645f84bc08e3bac17e3ba0dcf.png,20.0,1,,,"[{""hasPlayed"": false, ""points"": null}, {""hasPlayed"": false, ""points"": null}, {""hasPlayed"": false, ""points"": null}, {""hasPlayed"": false, ""points"": null}, {""hasPlayed"": false, ""points"": null}]",3,Felix Götze,301752.0,301752.0,287719.0,280437.0,2014307.0,4405287.0,7.05,0.8358358358358358,0.6666666666666666,1.0,0.0,0.7666666666666666,4.517693
2015,29,Raphael,Obermair,10316623.0,,,,,,,0,3,https://kickbase.b-cdn.net/content/file/0d9820e6e0904252b629770883bf6ed2.png,23.0,1,,,"[{""hasPlayed"": false, ""points"": null}, {""hasPlayed"": false, ""points"": null}, {""hasPlayed"": false, ""points"": null}, {""hasPlayed"": false, ""points"": null}, {""hasPlayed"": false, ""points"": null}]",1,Raphael Obermair,105646.0,105646.0,161172.0,239947.0,1547559.0,5977845.0,0.0,0.8358358358358358,0.0,0.0,0.0,0.0,0.0
2301,29,Oliver,Batista Meier,5272721.0,,,,,,,0,3,https://kickbase.b-cdn.net/content/file/80153ba03a7849fdae3b398764d24b18.png,0.0,1,,,"[{""hasPlayed"": false, ""points"": null}, {""hasPlayed"": false, ""points"": null}, {""hasPlayed"": false, ""points"": null}, {""hasPlayed"": false, ""points"": null}, {""hasPlayed"": false, ""points"": null}]",2,Oliver Batista Meier,79769.0,79769.0,-9805.0,-65984.0,-521818.0,1262345.0,0.0,0.8358358358358358,0.0,0.0,0.0,0.0,0.0
2471,29,Markus,Schubert,5532351.0,,,,,,,0,1,https://kickbase.b-cdn.net/content/file/1602a8ef777540f4ac5390f258ed237c.png,1.0,1,,,"[{""hasPlayed"": false, ""points"": null}, {""hasPlayed"": false, ""points"": null}, {""hasPlayed"": false, ""points"": null}, {""hasPlayed"": false, ""points"": null}, {""hasPlayed"": false, ""points"": null}]",4,Markus Schubert,38900.0,38900.0,118688.0,181409.0,1311679.0,5032351.0,0.0,0.8358358358358358,0.0,0.0,0.0,0.0,0.0
2498,29,Tom,Baack,5169760.0,,,,,,,0,3,https://kickbase.b-cdn.net/content/file/e009e7eb6946411f8f86641cb56174fe.png,6.0,2,,,"[{""hasPlayed"": false, ""points"": null}, {""hasPlayed"": false, ""points"": null}, {""hasPlayed"": false, ""points"": null}, {""hasPlayed"": false, ""points"": null}, {""hasPlayed"": false, ""points"": null}]",3,Tom Baack,-600192.0,-600192.0,-350605.0,36325.0,-177195.0,4669760.0,0.0,0.8358358358358358,0.0,0.0,0.0,0.0,0.0
2749,29,Steffen,Tigges,523859.0,,,,,,,0,4,https://kickbase.b-cdn.net/content/file/10d7abeb491e42818537662e1ceba8d1.png,27.0,2,,,"[{""hasPlayed"": false, ""points"": null}, {""hasPlayed"": false, ""points"": null}, {""hasPlayed"": false, ""points"": null}, {""hasPlayed"": false, ""points"": null}, {""hasPlayed"": false, ""points"": null}]",4,Steffen Tigges,3342.0,3342.0,-36747.0,-48048.0,-350616.0,-752203.0,6.35,0.8358358358358358,0.0,0.0,0.0,0.0,0.0
2977,29,Nahuel,Noll,12269795.0,,,,,,,0,1,https://kickbase.b-cdn.net/content/file/48b2c904ac8c41fdaa5c9503ba6e81ca.png,15.0,1,,,"[{""hasPlayed"": false, ""points"": null}, {""hasPlayed"": false, ""points"": null}, {""hasPlayed"": false, ""points"": null}, {""hasPlayed"": false, ""points"": null}, {""hasPlayed"": false, ""points"": null}]",2,Nahuel Noll,119014.0,119014.0,128435.0,104324.0,852072.0,3948329.0,0.0,0.8358358358358358,0.0,0.0,0.0,0.0,0.0
3336,29,Stefano,Marino,9607500.0,,,,,,,0,4,https://kickbase.b-cdn.net/content/file/197aeeb1c0994cb68e398212e6941782.png,30.0,1,,,"[{""hasPlayed"": false, ""points"": null}, {""hasPlayed"": false, ""points"": null}, {""hasPlayed"": false, ""points"": null}, {""hasPlayed"": false, ""points"": null}, {""hasPlayed"": false, ""points"": null}]",2,Stefano Marino,240507.0,240507.0,229874.0,206211.0,1540441.0,5265949.0,6.5,0.8358358358358358,1.0,1.0,0.0,1.0,5.432933
3491,29,Sebastian,Klaas,500000.0,,,,,,,1,3,https://kickbase.b-cdn.net/content/file/889217c751e5403eaf39162d4dc54b9a.png,26.0,0,,,"[{""hasPlayed"": false, ""points"": null}, {""hasPlayed"": false, ""points"": null}, {""hasPlayed"": false, ""points"": null}, {""hasPlayed"": false, ""points"": null}, {""hasPlayed"": false, ""points"": null}]",5,Sebastian Klaas,0.0,0.0,0.0,0.0,0.0,-1152328.0,6.55,0.8358358358358358,0.0,0.0,0.0,0.0,0.0
3492,29,Marcel,Hoffmeier,7738552.0,,,,,,,0,2,https://kickbase.b-cdn.net/content/file/b4ad73b6a3334bf8a2efdbe5b1d7e19c.png,33.0,1,,,"[{""hasPlayed"": false, ""points"": null}, {""hasPlayed"": false, ""points"": null}, {""hasPlayed"": false, ""points"": null}, {""hasPlayed"": false, ""points"": null}, {""hasPlayed"": false, ""points"": null}]",3,Marcel Hoffmeier,236824.0,236824.0,220270.0,212486.0,1367863.0,4169048.0,0.0,0.8358358358358358,0.0,0.0,0.0,0.0,0.0
3559,29,Laurin,Ulrich,4706206.0,,,,,,,0,3,https://kickbase.b-cdn.net/content/file/a1a9a8b8d2614deea25d35a1338acd06.png,28.0,1,,,"[{""hasPlayed"": false, ""points"": null}, {""hasPlayed"": false, ""points"": null}, {""hasPlayed"": false, ""points"": null}, {""hasPlayed"": false, ""points"": null}, {""hasPlayed"": false, ""points"": null}]",3,Laurin Ulrich,4206206.0,4206206.0,0.0,0.0,4206206.0,4206206.0,0.0,0.8358358358358358,0.0,0.0,0.0,0.0,0.0
6197,29,Laurin,Curda,11796502.0,,,,,,,0,2,https://kickbase.b-cdn.net/content/file/ba195e9442954a30a3835950c99832a5.png,17.0,1,,,"[{""hasPlayed"": false, ""points"": null}, {""hasPlayed"": false, ""points"": null}, {""hasPlayed"": false, ""points"": null}, {""hasPlayed"": false, ""points"": null}, {""hasPlayed"": false, ""points"": null}]",1,Laurin Curda,-22283.0,-22283.0,3589.0,25656.0,275636.0,2000281.0,7.75,0.8358358358358358,0.6666666666666666,1.0,0.0,0.7666666666666666,4.966258
6290,29,Nick,Bätzner,2535472.0,,,,,,,0,3,https://kickbase.b-cdn.net/content/file/0ac0e9c2f9f34f7aaa47e00ee22f316b.png,9.0,2,,,"[{""hasPlayed"": false, ""points"": null}, {""hasPlayed"": false, ""points"": null}, {""hasPlayed"": false, ""points"": null}, {""hasPlayed"": false, ""points"": null}, {""hasPlayed"": false, ""points"": null}]",5,Nick Bätzner,-152050.0,-152050.0,-156961.0,-158928.0,-1091085.0,2023693.0,6.8,0.8358358358358358,0.0,0.0,0.0,0.0,0.0
6292,29,Mattes,Hansen,4902991.0,,,,,,,2,2,https://kickbase.b-cdn.net/content/file/c747e1ad35ed44f4afbc5de1075d8bf1.png,22.0,1,,,"[{""hasPlayed"": false, ""points"": null}, {""hasPlayed"": false, ""points"": null}, {""hasPlayed"": false, ""points"": null}, {""hasPlayed"": false, ""points"": null}, {""hasPlayed"": false, ""points"": null}]",4,Mattes Hansen,236959.0,236959.0,209526.0,207962.0,1715726.0,3590560.0,7.45,0.8358358358358358,0.0,0.0,0.0,0.0,0.0
6751,29,Florian,Pruhs,3946986.0,,,,,,,0,1,https://kickbase.b-cdn.net/content/file/3878770830244658b3841f0074466ab7.png,31.0,1,,,"[{""hasPlayed"": false, ""points"": null}, {""hasPlayed"": false, ""points"": null}, {""hasPlayed"": false, ""points"": null}, {""hasPlayed"": false, ""points"": null}, {""hasPlayed"": false, ""points"": null}]",5,Florian Pruhs,228303.0,228303.0,209847.0,216690.0,1737327.0,3446986.0,0.0,0.8358358358358358,0.0,0.0,0.0,0.0,0.0
7320,29,Tjark,Scheller,5664642.0,,,,,,,0,2,https://kickbase.b-cdn.net/content/file/06f63d14a0f4493faf04f78ea6aa5f10.png,25.0,2,,,"[{""hasPlayed"": false, ""points"": null}, {""hasPlayed"": false, ""points"": null}, {""hasPlayed"": false, ""points"": null}, {""hasPlayed"": false, ""points"": null}, {""hasPlayed"": false, ""points"": null}]",3,Tjark Scheller,-323726.0,-323726.0,-339178.0,-368274.0,-1788077.0,2105952.0,6.95,0.8358358358358358,1.0,1.0,0.0,1.0,5.809059
7616,29,Jano,ter Horst,4146411.0,,,,,,,0,2,https://kickbase.b-cdn.net/content/file/a931e1f10bb84a9bb35b795a7857b8ee.png,21.0,2,,,"[{""hasPlayed"": false, ""points"": null}, {""hasPlayed"": false, ""points"": null}, {""hasPlayed"": false, ""points"": null}, {""hasPlayed"": false, ""points"": null}, {""hasPlayed"": false, ""points"": null}]",2,Jano ter Horst,-136346.0,-136346.0,-138934.0,-143714.0,-1340949.0,2790182.0,0.0,0.8358358358358358,0.0,0.0,0.0,0.0,0.0
8292,29,Santiago,Castañeda,10198046.0,,,,,,,0,3,https://kickbase.b-cdn.net/content/file/37ddcd7042414ce59c844f52d87ee300.png,5.0,1,,,"[{""hasPlayed"": false, ""points"": null}, {""hasPlayed"": false, ""points"": null}, {""hasPlayed"": false, ""points"": null}, {""hasPlayed"": false, ""points"": null}, {""hasPlayed"": false, ""points"": null}]",1,Santiago Castañeda,133713.0,133713.0,195815.0,221715.0,1432861.0,5588639.0,7.5,0.8358358358358358,1.0,1.0,0.0,1.0,6.268769
8872,29,Jonah,Sticker,5438481.0,,,,,,,0,2,https://kickbase.b-cdn.net/content/file/74f3dad539cd4e30aabca849e8e8bc64.png,3.0,1,,,"[{""hasPlayed"": false, ""points"": null}, {""hasPlayed"": false, ""points"": null}, {""hasPlayed"": false, ""points"": null}, {""hasPlayed"": false, ""points"": null}, {""hasPlayed"": false, ""points"": null}]",3,Jonah Sticker,210535.0,210535.0,215454.0,242127.0,1856495.0,4070491.0,0.0,0.8358358358358358,0.0,0.0,0.0,0.0,0.0
8984,29,Nyamekye,Awortwie-Grant,500000.0,,,,,,,1,2,https://kickbase.b-cdn.net/content/file/6b0e71018bd542b0b17a0e0a3e9058ac.png,4.0,0,,,"[{""hasPlayed"": false, ""points"": null}, {""hasPlayed"": false, ""points"": null}, {""hasPlayed"": false, ""points"": null}, {""hasPlayed"": false, ""points"": null}, {""hasPlayed"": false, ""points"": null}]",5,Nyamekye Awortwie-Grant,0.0,0.0,0.0,0.0,-132179.0,-228584.0,0.0,0.8358358358358358,0.0,0.0,0.0,0.0,0.0
9283,29,Deniz,Zeitler,1438968.0,,,,,,,0,4,https://kickbase.b-cdn.net/content/file/b3f504e1c3274815a84cd32d2a63477f.png,0.0,1,,,"[{""hasPlayed"": false, ""points"": null}, {""hasPlayed"": false, ""points"": null}, {""hasPlayed"": false, ""points"": null}, {""hasPlayed"": false, ""points"": null}, {""hasPlayed"": false, ""points"": null}]",3,Deniz Zeitler,363483.0,363483.0,305572.0,213827.0,938968.0,938968.0,0.0,0.8358358358358358,0.0,0.0,0.0,0.0,0.0
10048,29,Luka,Duric,4852046.0,-6.0,1.0,1.0,0.0,797.0,-6.0,0,3,https://kickbase.b-cdn.net/content/file/fdce53ba9bff4a39b30dda997ad991ee.png,8.0,2,,,"[{""hasPlayed"": false, ""points"": null}, {""hasPlayed"": false, ""points"": null}, {""hasPlayed"": false, ""points"": null}, {""hasPlayed"": false, ""points"": null}, {""hasPlayed"": false, ""points"": null}]",3,Luka Duric,-456649.0,-456649.0,-512264.0,-151658.0,-446605.0,4325336.0,0.0,0.8358358358358358,0.0,0.0,0.0,0.0,0.0
11170,29,Ruben,Müller,4000490.0,,,,,,,0,3,https://kickbase.b-cdn.net/content/file/30dea41b80454a638771929f17e0d368.png,2.0,1,,,"[{""hasPlayed"": false, ""points"": null}, {""hasPlayed"": false, ""points"": null}, {""hasPlayed"": false, ""points"": null}, {""hasPlayed"": false, ""points"": null}, {""hasPlayed"": false, ""points"": null}]",4,Ruben Müller,264843.0,264843.0,280214.0,278711.0,2045542.0,1448372.0,6.3,0.8358358358358358,0.3333333333333333,0.0,0.0,0.2333333333333333,1.228679
12262,29,Albert Frank,Millgramm,6981209.0,,,,,,,2,4,https://kickbase.b-cdn.net/content/file/0635ef3343fb4b138fd946cc4a199637.png,19.0,1,,,"[{""hasPlayed"": false, ""points"": null}, {""hasPlayed"": false, ""points"": null}, {""hasPlayed"": false, ""points"": null}, {""hasPlayed"": false, ""points"": null}, {""hasPlayed"": false, ""points"": null}]",3,Albert Frank Millgramm,52005.0,52005.0,117606.0,166805.0,1281477.0,6480118.0,0.0,0.8358358358358358,0.0,0.0,0.0,0.0,0.0
12296,29,Kennedy,Okpala,2998496.0,,,,,,,0,4,https://kickbase.b-cdn.net/content/file/dd97a9b150444134beb800f1fbf48d0a.png,10.0,2,,,"[{""hasPlayed"": false, ""points"": null}, {""hasPlayed"": false, ""points"": null}, {""hasPlayed"": false, ""points"": null}, {""hasPlayed"": false, ""points"": null}, {""hasPlayed"": false, ""points"": null}]",4,Kennedy Okpala,-144659.0,-144659.0,-144242.0,-149066.0,-1018011.0,-61933.0,0.0,0.8358358358358358,0.0,0.0,0.0,0.0,0.0
14911,29,Clemens,Lippmann,2318571.0,,,,,,,0,2,https://kickbase.b-cdn.net/content/file/7462061e1e7843ffb7efaa2fe7e2b5f5.png,29.0,2,,,"[{""hasPlayed"": false, ""points"": null}, {""hasPlayed"": false, ""points"": null}, {""hasPlayed"": false, ""points"": null}, {""hasPlayed"": false, ""points"": null}, {""hasPlayed"": false, ""points"": null}]",5,Clemens Lippmann,-149065.0,-149065.0,-146799.0,-148808.0,-1054820.0,-62409.0,0.0,0.8358358358358358,0.0,0.0,0.0,0.0,0.0
14914,29,Timur,Gayret,500000.0,,,,,,,1,3,https://kickbase.b-cdn.net/content/file/174077d2fba447fbb8a0e46a12d28245.png,44.0,0,,,"[{""hasPlayed"": false, ""points"": null}, {""hasPlayed"": false, ""points"": null}, {""hasPlayed"": false, ""points"": null}, {""hasPlayed"": false, ""points"": null}, {""hasPlayed"": false, ""points"": null}]",5,Timur Gayret,0.0,0.0,0.0,0.0,0.0,0.0,0.0,0.8358358358358358,0.0,0.0,0.0,0.0,0.0
1225,43,Leopold,Zingerle,500000.0,,,,,,,0,1,https://kickbase.b-cdn.net/content/file/035ea65b37b74f2da2548be379438c9c.png,25.0,0,,,"[{""hasPlayed"": false, ""points"": null}, {""hasPlayed"": false, ""points"": null}, {""hasPlayed"": false, ""points"": null}, {""hasPlayed"": false, ""points"": null}, {""hasPlayed"": false, ""points"": null}]",5,Leopold Zingerle,0.0,0.0,0.0,0.0,0.0,0.0,0.0,2.0684447930966856,0.0,0.0,0.0,0.0,0.0
1246,43,Willi,Orban,31081756.0,131.0,33.0,33.0,33.0,193712.0,4323.0,0,2,https://kickbase.b-cdn.net/content/file/bda722458bd445d5ba24094a5306031d.png,4.0,1,139.0,,"[{""hasPlayed"": true, ""points"": 110}, {""hasPlayed"": true, ""points"": 313}, {""hasPlayed"": true, ""points"": 82}, {""hasPlayed"": true, ""points"": 131}, {""hasPlayed"": false, ""points"": null}]",2,Willi Orban,67534.0,67534.0,63147.0,61764.0,439668.0,1798893.0,7.23,2.0684447930966856,1.0,1.0,0.0,1.0,14.954856
1333,43,Lukas,Klostermann,2688694.0,40.0,5.0,5.0,1.0,7355.0,201.0,2,2,https://kickbase.b-cdn.net/content/file/b48aaa342d854e869af8b6c1ec17a954.png,16.0,2,74.0,,"[{""hasPlayed"": false, ""points"": null}, {""hasPlayed"": false, ""points"": null}, {""hasPlayed"": false, ""points"": null}, {""hasPlayed"": false, ""points"": null}, {""hasPlayed"": true, ""points"": 148}]",5,Lukas Klostermann,-140949.0,-140949.0,-143072.0,-143532.0,-1037952.0,2157626.0,0.0,2.0684447930966856,0.0,0.0,0.0,0.0,0.0
1689,43,Benjamin,Henrichs,7550355.0,26.0,17.0,17.0,3.0,22181.0,447.0,0,2,https://kickbase.b-cdn.net/content/file/5acf39c9f5ba403ba774ea0d47d67aab.png,39.0,1,59.0,,"[{""hasPlayed"": true, ""points"": -5}, {""hasPlayed"": true, ""points"": 17}, {""hasPlayed"": true, ""points"": -21}, {""hasPlayed"": true, ""points"": 27}, {""hasPlayed"": true, ""points"": 17}]",3,Benjamin Henrichs,246718.0,246718.0,243812.0,230775.0,1679033.0,3100863.0,6.23,2.0684447930966856,0.0,0.0,0.0,0.0,0.0
1728,43,Örjan,Nyland,4250000.0,,,,,,,2,1,https://kickbase.b-cdn.net/content/file/59574acd38ee4d5f8be6e03a1ee2276a.png,1.0,1,,,"[{""hasPlayed"": false, ""points"": null}, {""hasPlayed"": false, ""points"": null}, {""hasPlayed"": false, ""points"": null}, {""hasPlayed"": false, ""points"": null}, {""hasPlayed"": false, ""points"": null}]",4,Örjan Nyland,300676.0,300676.0,333068.0,326651.0,2375709.0,3750000.0,0.0,2.0684447930966856,0.0,0.0,0.0,0.0,0.0
2141,43,Ridle ,Baku,18641371.0,102.0,32.0,32.0,28.0,162435.0,3278.0,0,2,https://kickbase.b-cdn.net/content/file/dea132bbe8444490a8b8fa7d725f4b64.png,17.0,2,175.0,,"[{""hasPlayed"": true, ""points"": -4}, {""hasPlayed"": true, ""points"": 95}, {""hasPlayed"": true, ""points"": 38}, {""hasPlayed"": true, ""points"": 224}, {""hasPlayed"": true, ""points"": 124}]",3,Ridle  Baku,-249379.0,-249379.0,-254725.0,-236305.0,-867645.0,1603970.0,6.68,2.0684447930966856,1.0,1.0,0.0,1.0,13.817211
2275,43,Christoph,Baumgartner,19684464.0,117.0,33.0,33.0,32.0,179653.0,3846.0,4,3,https://kickbase.b-cdn.net/content/file/8b2225416e584d5ebd4ee89d8a8a99eb.png,14.0,2,195.0,,"[{""hasPlayed"": true, ""points"": 8}, {""hasPlayed"": true, ""points"": 114}, {""hasPlayed"": true, ""points"": 129}, {""hasPlayed"": true, ""points"": 47}, {""hasPlayed"": true, ""points"": 130}]",5,Christoph Baumgartner,-114325.0,-114325.0,-72230.0,-73766.0,-73559.0,-1391966.0,6.66,2.0684447930966856,0.0,1.0,0.15,0.15,2.066376
2522,43,David,Raum,33567593.0,148.0,30.0,30.0,29.0,167920.0,4445.0,0,2,https://kickbase.b-cdn.net/content/file/63b51608f37a4eb083c1865d497d3cbe.png,22.0,1,132.0,,"[{""hasPlayed"": false, ""points"": null}, {""hasPlayed"": true, ""points"": 152}, {""hasPlayed"": false, ""points"": null}, {""hasPlayed"": false, ""points"": null}, {""hasPlayed"": true, ""points"": 28}]",1,David Raum,105469.0,105469.0,106374.0,99931.0,730100.0,2720905.0,7.1,2.0684447930966856,1.0,1.0,0.0,1.0,14.685958
2897,43,Rocco,Reitz,12958162.0,74.0,31.0,31.0,31.0,170280.0,2301.0,0,3,https://kickbase.b-cdn.net/content/file/152dbd3a41f7408a89c99f65e55935df.png,20.0,2,177.0,,"[{""hasPlayed"": false, ""points"": null}, {""hasPlayed"": true, ""points"": 131}, {""hasPlayed"": true, ""points"": 210}, {""hasPlayed"": true, ""points"": 100}, {""hasPlayed"": true, ""points"": 75}]",3,Rocco Reitz,-49317.0,-49317.0,-151051.0,-339543.0,-781683.0,2377477.0,7.53,2.0684447930966856,0.3333333333333333,0.0,0.0,0.2333333333333333,3.634258
4596,43,Brajan,Gruda,17763317.0,98.0,13.0,13.0,8.0,49007.0,1270.0,0,3,https://kickbase.b-cdn.net/content/file/f1dd66425b59403ab0f2796e4ad0b0f8.png,10.0,1,71.0,,"[{""hasPlayed"": true, ""points"": 28}, {""hasPlayed"": true, ""points"": 68}, {""hasPlayed"": true, ""points"": 89}, {""hasPlayed"": true, ""points"": 24}, {""hasPlayed"": true, ""points"": 48}]",1,Brajan Gruda,269114.0,269114.0,251568.0,252482.0,1735796.0,6559912.0,6.9,2.0684447930966856,1.0,1.0,0.0,1.0,14.272269
6176,43,Nicolas,Seiwald,16652180.0,86.0,33.0,33.0,31.0,174575.0,2839.0,0,3,https://kickbase.b-cdn.net/content/file/49894e11778042f09b92bdbd82994680.png,13.0,1,170.0,,"[{""hasPlayed"": true, ""points"": 44}, {""hasPlayed"": true, ""points"": 20}, {""hasPlayed"": true, ""points"": 60}, {""hasPlayed"": false, ""points"": null}, {""hasPlayed"": true, ""points"": 115}]",1,Nicolas Seiwald,179063.0,179063.0,180701.0,163132.0,1205676.0,4436659.0,6.75,2.0684447930966856,1.0,1.0,0.0,1.0,13.962002
6300,43,Assan,Ouédraogo,16329143.0,90.0,19.0,19.0,13.0,61254.0,1705.0,1,3,https://kickbase.b-cdn.net/content/file/0d8a1173062a4478822b06c0490cfe41.png,8.0,2,104.0,,"[{""hasPlayed"": true, ""points"": 127}, {""hasPlayed"": true, ""points"": 75}, {""hasPlayed"": true, ""points"": -16}, {""hasPlayed"": true, ""points"": 87}, {""hasPlayed"": true, ""points"": 47}]",5,Assan Ouédraogo,-593932.0,-593932.0,-587794.0,-601181.0,-4232240.0,-2948921.0,6.52,2.0684447930966856,0.0,1.0,0.15,0.15,2.022939
6667,43,El Chadaille,Bitshiabu,3462587.0,74.0,11.0,11.0,8.0,43528.0,815.0,0,2,https://kickbase.b-cdn.net/content/file/35e5bfeabc4344cd8db03535c4ca2d6f.png,5.0,2,235.0,,"[{""hasPlayed"": false, ""points"": null}, {""hasPlayed"": false, ""points"": null}, {""hasPlayed"": true, ""points"": 106}, {""hasPlayed"": true, ""points"": 109}, {""hasPlayed"": true, ""points"": 120}]",4,El Chadaille Bitshiabu,-106024.0,-106024.0,-120891.0,-121510.0,-845624.0,83997.0,7.33,2.0684447930966856,0.0,0.0,0.0,0.0,0.0
7224,43,Lukeba,Castello Jr.,18988448.0,106.0,26.0,26.0,24.0,142996.0,2765.0,0,2,https://kickbase.b-cdn.net/content/file/02c2d826957a4899a614c0ad25d8a9a8.png,23.0,2,145.0,,"[{""hasPlayed"": true, ""points"": 66}, {""hasPlayed"": true, ""points"": 116}, {""hasPlayed"": true, ""points"": 28}, {""hasPlayed"": false, ""points"": null}, {""hasPlayed"": false, ""points"": null}]",3,Lukeba Castello Jr.,-208629.0,-208629.0,-295890.0,-410490.0,-1808564.0,-831614.0,6.97,2.0684447930966856,0.6666666666666666,0.0,0.0,0.4666666666666666,6.727961
7239,43,Max,Finkgräfe,5471867.0,55.0,13.0,13.0,5.0,33441.0,718.0,0,2,https://kickbase.b-cdn.net/content/file/5ea42faff1bf42f386a0f98d8203ee4e.png,35.0,1,131.0,,"[{""hasPlayed"": true, ""points"": 17}, {""hasPlayed"": true, ""points"": 37}, {""hasPlayed"": true, ""points"": 39}, {""hasPlayed"": true, ""points"": 214}, {""hasPlayed"": true, ""points"": 124}]",5,Max Finkgräfe,316388.0,316388.0,348937.0,334484.0,2251935.0,2209592.0,6.5,2.0684447930966856,0.0,0.0,0.0,0.0,0.0
7493,43,Arthur,Vermeeren,6225302.0,,,,,,,0,3,https://kickbase.b-cdn.net/content/file/6e7334ffc310411d89c8c5230815dafc.png,48.0,1,,,"[{""hasPlayed"": false, ""points"": null}, {""hasPlayed"": false, ""points"": null}, {""hasPlayed"": false, ""points"": null}, {""hasPlayed"": false, ""points"": null}, {""hasPlayed"": false, ""points"": null}]",4,Arthur Vermeeren,275759.0,275759.0,272466.0,263064.0,2065328.0,5133971.0,0.0,2.0684447930966856,0.0,0.0,0.0,0.0,0.0
8061,43,Johan,Bakayoko,9394181.0,49.0,20.0,20.0,8.0,51925.0,982.0,0,4,https://kickbase.b-cdn.net/content/file/e45b0e99acb145f1a3f98666018c27b1.png,11.0,1,104.0,,"[{""hasPlayed"": true, ""points"": 16}, {""hasPlayed"": false, ""points"": null}, {""hasPlayed"": false, ""points"": null}, {""hasPlayed"": true, ""points"": 43}, {""hasPlayed"": true, ""points"": 16}]",3,Johan Bakayoko,337962.0,337962.0,322313.0,310202.0,2039686.0,986631.0,6.65,2.0684447930966856,0.75,0.0,0.0,0.5249999999999999,7.221458
8227,43,Maarten,Vandevoordt,15446600.0,109.0,12.0,12.0,11.0,69295.0,1313.0,0,1,https://kickbase.b-cdn.net/content/file/cb4de12c99d148feb2f88e1c91186400.png,26.0,1,85.0,,"[{""hasPlayed"": false, ""points"": null}, {""hasPlayed"": true, ""points"": 77}, {""hasPlayed"": true, ""points"": 87}, {""hasPlayed"": true, ""points"": 96}, {""hasPlayed"": true, ""points"": 135}]",2,Maarten Vandevoordt,146901.0,146901.0,143407.0,136866.0,1019021.0,4246194.0,6.53,2.0684447930966856,1.0,1.0,0.0,1.0,13.506944
9507,43,Antonio,Nusa,25332200.0,91.0,31.0,31.0,24.0,129764.0,2835.0,0,3,https://kickbase.b-cdn.net/content/file/7b0130fc7648401b8dac316e07e7327b.png,7.0,1,111.0,,"[{""hasPlayed"": true, ""points"": 20}, {""hasPlayed"": true, ""points"": 42}, {""hasPlayed"": true, ""points"": 25}, {""hasPlayed"": true, ""points"": 95}, {""hasPlayed"": true, ""points"": 265}]",2,Antonio Nusa,68643.0,68643.0,52470.0,54418.0,742044.0,3981902.0,6.98,2.0684447930966856,1.0,1.0,0.0,1.0,14.437745
9776,43,Andrija,Maksimovic,5871106.0,18.0,8.0,8.0,0.0,7579.0,140.0,0,3,https://kickbase.b-cdn.net/content/file/1427cbd96ee74d9dbfc9ed098c47ff78.png,30.0,1,23.0,,"[{""hasPlayed"": false, ""points"": null}, {""hasPlayed"": false, ""points"": null}, {""hasPlayed"": false, ""points"": null}, {""hasPlayed"": false, ""points"": null}, {""hasPlayed"": false, ""points"": null}]",3,Andrija Maksimovic,190002.0,190002.0,193769.0,206287.0,1628290.0,5371106.0,0.0,2.0684447930966856,0.0,0.0,0.0,0.0,0.0
10113,43,Tidiam,Gomis,4337419.0,23.0,18.0,18.0,2.0,25742.0,405.0,0,4,https://kickbase.b-cdn.net/content/file/77509238e8ef41bc92c01b1b1637a8d3.png,27.0,2,93.0,,"[{""hasPlayed"": true, ""points"": -18}, {""hasPlayed"": false, ""points"": null}, {""hasPlayed"": false, ""points"": null}, {""hasPlayed"": true, ""points"": 58}, {""hasPlayed"": false, ""points"": null}]",3,Tidiam Gomis,-63529.0,-63529.0,-90309.0,-141485.0,-1145136.0,3731791.0,6.2,2.0684447930966856,0.25,0.0,0.0,0.175,2.244263
10530,43,Conrad,Harder,3382267.0,39.0,29.0,29.0,8.0,64737.0,1119.0,0,4,https://kickbase.b-cdn.net/content/file/139438491a5a497099a6e6bb96cc922a.png,9.0,2,330.0,,"[{""hasPlayed"": true, ""points"": 16}, {""hasPlayed"": false, ""points"": null}, {""hasPlayed"": true, ""points"": -11}, {""hasPlayed"": true, ""points"": 46}, {""hasPlayed"": true, ""points"": 109}]",4,Conrad Harder,-81252.0,-81252.0,-83478.0,-87978.0,-712192.0,-1539895.0,6.85,2.0684447930966856,0.3333333333333333,0.0,0.0,0.2333333333333333,3.306064
11008,43,Ezechiel,Banzuzi,6138051.0,36.0,24.0,24.0,2.0,43182.0,871.0,0,3,https://kickbase.b-cdn.net/content/file/3529ab9a9bde4d28b8aca1b6586f7747.png,6.0,1,141.0,,"[{""hasPlayed"": false, ""points"": null}, {""hasPlayed"": false, ""points"": null}, {""hasPlayed"": false, ""points"": null}, {""hasPlayed"": false, ""points"": null}, {""hasPlayed"": false, ""points"": null}]",3,Ezechiel Banzuzi,333507.0,333507.0,324108.0,301909.0,2110752.0,908220.0,0.0,2.0684447930966856,0.0,0.0,0.0,0.0,0.0
11886,43,,Rômulo,20579717.0,83.0,30.0,30.0,27.0,139633.0,2488.0,2,4,https://kickbase.b-cdn.net/content/file/2a6ca20436b4402f83f0c5d25b10f6be.png,40.0,1,120.0,,"[{""hasPlayed"": true, ""points"": -25}, {""hasPlayed"": true, ""points"": 50}, {""hasPlayed"": true, ""points"": 26}, {""hasPlayed"": true, ""points"": 136}, {""hasPlayed"": true, ""points"": 41}]",2,Rômulo,67861.0,67861.0,66846.0,97924.0,915707.0,4059031.0,6.46,2.0684447930966856,0.0,1.0,0.15,0.15,2.004323
12337,43,Sani,Suleiman,4078515.0,,,,,,,0,4,https://kickbase.b-cdn.net/content/file/3a350871ca7a4b81b4f035f05ac63d3e.png,18.0,2,,,"[{""hasPlayed"": false, ""points"": null}, {""hasPlayed"": false, ""points"": null}, {""hasPlayed"": false, ""points"": null}, {""hasPlayed"": false, ""points"": null}, {""hasPlayed"": false, ""points"": null}]",5,Sani Suleiman,-140182.0,-140182.0,-142518.0,-144474.0,-1725250.0,1714180.0,0.0,2.0684447930966856,0.0,0.0,0.0,0.0,0.0
14896,43,Abdoul,Koné,4286370.0,,,,,,,2,2,https://kickbase.b-cdn.net/content/file/64a8d06b53144763b2c5e21a8ff6e246.png,2.0,2,,,"[{""hasPlayed"": false, ""points"": null}, {""hasPlayed"": false, ""points"": null}, {""hasPlayed"": false, ""points"": null}, {""hasPlayed"": false, ""points"": null}, {""hasPlayed"": false, ""points"": null}]",5,Abdoul Koné,-132930.0,-132930.0,-128000.0,-144279.0,-1802534.0,-6375786.0,0.0,2.0684447930966856,0.0,0.0,0.0,0.0,0.0
15376,43,Maxime,Estève,17266919.0,,,,,,,2,2,https://kickbase.b-cdn.net/content/file/6834bb4cf7ea48e283e5f6678aad4dcf.png,3.0,2,,,"[{""hasPlayed"": false, ""points"": null}, {""hasPlayed"": false, ""points"": null}, {""hasPlayed"": false, ""points"": null}, {""hasPlayed"": false, ""points"": null}, {""hasPlayed"": false, ""points"": null}]",3,Maxime Estève,-480884.0,-480884.0,-290445.0,-58650.0,-476739.0,17266919.0,0.0,2.0684447930966856,0.0,0.0,0.0,0.0,0.0
577,15,Daniel,Batz,3054739.0,111.0,21.0,21.0,21.0,125022.0,2331.0,0,1,https://kickbase.b-cdn.net/content/file/e60790d49ac84cdea97c383097ad8e12.png,33.0,2,763.0,,"[{""hasPlayed"": true, ""points"": 282}, {""hasPlayed"": false, ""points"": null}, {""hasPlayed"": true, ""points"": 45}, {""hasPlayed"": true, ""points"": 37}, {""hasPlayed"": true, ""points"": 95}]",5,Daniel Batz,-125138.0,-125138.0,-128736.0,-124951.0,-872316.0,-2675311.0,7.38,0.7340655030398117,0.0,0.0,0.0,0.0,0.0
619,15,Kevin,Stöger,6712721.0,43.0,29.0,29.0,15.0,86591.0,1239.0,0,3,https://kickbase.b-cdn.net/content/file/7fe99cc5433c42ca84045549f3cb77b8.png,7.0,1,184.0,,"[{""hasPlayed"": true, ""points"": 80}, {""hasPlayed"": true, ""points"": 21}, {""hasPlayed"": true, ""points"": 104}, {""hasPlayed"": true, ""points"": 78}, {""hasPlayed"": true, ""points"": 81}]",3,Kevin Stöger,271644.0,271644.0,259109.0,226681.0,1780259.0,5150085.0,7.06,0.7340655030398117,0.6666666666666666,0.0,0.0,0.4666666666666666,2.418501
849,15,Tim,Kleindienst,17072915.0,20.0,3.0,3.0,0.0,1186.0,61.0,0,4,https://kickbase.b-cdn.net/content/file/5ccbb3b1e22641978b7a6c6adbca5a47.png,11.0,1,3.0,,"[{""hasPlayed"": true, ""points"": 25}, {""hasPlayed"": false, ""points"": null}, {""hasPlayed"": false, ""points"": null}, {""hasPlayed"": false, ""points"": null}, {""hasPlayed"": false, ""points"": null}]",2,Tim Kleindienst,228233.0,228233.0,202584.0,155486.0,1225522.0,4790360.0,6.5,0.7340655030398117,0.6666666666666666,1.0,0.0,0.7666666666666666,3.658093
1686,15,Nico,Elvedi,17399452.0,106.0,33.0,33.0,33.0,194378.0,3508.0,0,2,https://kickbase.b-cdn.net/content/file/d31a5e1b135340b188caada5fa5b8b30.png,30.0,2,201.0,,"[{""hasPlayed"": true, ""points"": 298}, {""hasPlayed"": false, ""points"": null}, {""hasPlayed"": true, ""points"": 77}, {""hasPlayed"": true, ""points"": 130}, {""hasPlayed"": true, ""points"": 133}]",4,Nico Elvedi,-590594.0,-590594.0,-684947.0,-464368.0,-1322999.0,1426367.0,7.33,0.7340655030398117,0.0,1.0,0.0,0.3,1.61421
1883,15,Moritz,Nicolas,19009783.0,111.0,34.0,34.0,34.0,200791.0,3766.0,0,1,https://kickbase.b-cdn.net/content/file/ef78be83f1204677ac7ba9f2c7a35c23.png,1.0,1,198.0,,"[{""hasPlayed"": true, ""points"": 135}, {""hasPlayed"": true, ""points"": 151}, {""hasPlayed"": true, ""points"": 111}, {""hasPlayed"": true, ""points"": 166}, {""hasPlayed"": true, ""points"": 81}]",1,Moritz Nicolas,72684.0,72684.0,63248.0,55917.0,498770.0,2602083.0,7.54,0.7340655030398117,1.0,1.0,0.0,1.0,5.534854
2074,15,Robin,Hack,8842573.0,59.0,8.0,8.0,3.0,21645.0,469.0,0,3,https://kickbase.b-cdn.net/content/file/2b18aae16d1043f18484d7c7eeb70df2.png,25.0,1,53.0,,"[{""hasPlayed"": true, ""points"": 137}, {""hasPlayed"": true, ""points"": 54}, {""hasPlayed"": true, ""points"": 22}, {""hasPlayed"": true, ""points"": -3}, {""hasPlayed"": false, ""points"": null}]",3,Robin Hack,186090.0,186090.0,175186.0,165927.0,1092114.0,1893338.0,6.9,0.7340655030398117,0.3333333333333333,1.0,0.0,0.5333333333333333,2.701361
2261,15,Florian,Neuhaus,2070694.0,53.0,17.0,17.0,11.0,59787.0,909.0,0,3,https://kickbase.b-cdn.net/content/file/cc61ab6d7eca4290aeb56b78a3357057.png,10.0,2,438.0,,"[{""hasPlayed"": false, ""points"": null}, {""hasPlayed"": false, ""points"": null}, {""hasPlayed"": false, ""points"": null}, {""hasPlayed"": false, ""points"": null}, {""hasPlayed"": false, ""points"": null}]",5,Florian Neuhaus,-115064.0,-115064.0,-118420.0,-117853.0,-848654.0,-2401466.0,0.0,0.7340655030398117,0.0,0.0,0.0,0.0,0.0
2560,15,Philipp,Sander,11720988.0,80.0,30.0,30.0,29.0,158337.0,2386.0,0,3,https://kickbase.b-cdn.net/content/file/f37f02dbf91c4dd1a891e8098a477c5f.png,16.0,1,203.0,,"[{""hasPlayed"": true, ""points"": 92}, {""hasPlayed"": true, ""points"": 77}, {""hasPlayed"": true, ""points"": 92}, {""hasPlayed"": true, ""points"": 99}, {""hasPlayed"": true, ""points"": 55}]",1,Philipp Sander,175426.0,175426.0,145407.0,133134.0,1008028.0,4861854.0,6.94,0.7340655030398117,1.0,1.0,0.0,1.0,5.094415
2850,15,Jan,Olschowsky,500000.0,,,,,,,0,1,https://kickbase.b-cdn.net/content/file/e452052f0cad431799be459f936832df.png,23.0,0,,,"[{""hasPlayed"": false, ""points"": null}, {""hasPlayed"": false, ""points"": null}, {""hasPlayed"": false, ""points"": null}, {""hasPlayed"": false, ""points"": null}, {""hasPlayed"": false, ""points"": null}]",5,Jan Olschowsky,0.0,0.0,0.0,0.0,0.0,0.0,0.0,0.7340655030398117,0.0,0.0,0.0,0.0,0.0
2862,15,Jens,Castrop,4797438.0,49.0,26.0,26.0,20.0,102167.0,1278.0,1,3,https://kickbase.b-cdn.net/content/file/cbc017919fc248448f6b036125a0141d.png,17.0,2,266.0,,"[{""hasPlayed"": false, ""points"": null}, {""hasPlayed"": false, ""points"": null}, {""hasPlayed"": false, ""points"": null}, {""hasPlayed"": true, ""points"": 10}, {""hasPlayed"": true, ""points"": 51}]",5,Jens Castrop,-144736.0,-144736.0,-372232.0,-385483.0,-2435546.0,-2804578.0,6.85,0.7340655030398117,0.0,0.0,0.0,0.0,0.0
2941,15,Joseph,Scally,4827724.0,62.0,32.0,32.0,29.0,170347.0,1983.0,0,2,https://kickbase.b-cdn.net/content/file/4abeb14eec7945d694a4737c46522a06.png,29.0,2,410.0,,"[{""hasPlayed"": true, ""points"": 103}, {""hasPlayed"": true, ""points"": -6}, {""hasPlayed"": true, ""points"": 120}, {""hasPlayed"": true, ""points"": 86}, {""hasPlayed"": true, ""points"": 137}]",4,Joseph Scally,-110478.0,-110478.0,-286686.0,-289007.0,-1808442.0,-420338.0,6.84,0.7340655030398117,0.0,0.0,0.0,0.0,0.0
3063,15,Fabio,Chiarodia,1026493.0,33.0,15.0,15.0,8.0,44040.0,490.0,2,2,https://kickbase.b-cdn.net/content/file/d216ce19645643ba9ff51de8da6098a1.png,2.0,2,477.0,,"[{""hasPlayed"": false, ""points"": null}, {""hasPlayed"": true, ""points"": 13}, {""hasPlayed"": true, ""points"": 72}, {""hasPlayed"": true, ""points"": 59}, {""hasPlayed"": true, ""points"": 19}]",5,Fabio Chiarodia,-122481.0,-122481.0,-133678.0,-127617.0,-932403.0,268849.0,6.4,0.7340655030398117,0.0,0.0,0.0,0.0,0.0
3516,15,Enzo,Leopold,14144421.0,,,,,,,0,3,https://kickbase.b-cdn.net/content/file/917060adadb741818c232716e0fd354d.png,8.0,2,,,"[{""hasPlayed"": false, ""points"": null}, {""hasPlayed"": false, ""points"": null}, {""hasPlayed"": false, ""points"": null}, {""hasPlayed"": false, ""points"": null}, {""hasPlayed"": false, ""points"": null}]",3,Enzo Leopold,-492889.0,-492889.0,-50266.0,71171.0,177597.0,3754714.0,0.0,0.7340655030398117,0.0,0.0,0.0,0.0,0.0
4292,15,David,Herold,7679057.0,,,,,,,0,2,https://kickbase.b-cdn.net/content/file/46c5c9d9d41041168d472e2669cc1ba2.png,20.0,2,,,"[{""hasPlayed"": false, ""points"": null}, {""hasPlayed"": false, ""points"": null}, {""hasPlayed"": false, ""points"": null}, {""hasPlayed"": false, ""points"": null}, {""hasPlayed"": false, ""points"": null}]",4,David Herold,-331875.0,-331875.0,-344576.0,-343812.0,-2635356.0,1972325.0,0.0,0.7340655030398117,0.0,0.0,0.0,0.0,0.0
4333,15,Lukas,Ullrich,6686291.0,33.0,23.0,23.0,14.0,85790.0,766.0,0,2,https://kickbase.b-cdn.net/content/file/8988909bad25403c86e58227428beee9.png,26.0,1,114.0,,"[{""hasPlayed"": true, ""points"": 105}, {""hasPlayed"": true, ""points"": 3}, {""hasPlayed"": false, ""points"": null}, {""hasPlayed"": false, ""points"": null}, {""hasPlayed"": true, ""points"": 11}]",2,Lukas Ullrich,294246.0,294246.0,279049.0,274936.0,2050134.0,6163875.0,6.5,0.7340655030398117,0.6666666666666666,0.0,0.0,0.4666666666666666,2.226665
6199,15,Shuto,Machino,1107081.0,23.0,32.0,32.0,9.0,74463.0,742.0,0,4,https://kickbase.b-cdn.net/content/file/3fd89661bd62400fbd61e78f80919ad2.png,18.0,1,670.0,,"[{""hasPlayed"": true, ""points"": 28}, {""hasPlayed"": true, ""points"": -6}, {""hasPlayed"": true, ""points"": 17}, {""hasPlayed"": true, ""points"": 6}, {""hasPlayed"": false, ""points"": null}]",4,Shuto Machino,260671.0,260671.0,46211.0,-6027.0,42392.0,-1625125.0,6.4,0.7340655030398117,0.0,0.0,0.0,0.0,0.0
6319,15,Franck,Honorat,9861892.0,68.0,28.0,28.0,24.0,126507.0,1898.0,0,3,https://kickbase.b-cdn.net/content/file/736b205dbb0f4ac3879ca2cfa9a785b8.png,9.0,2,192.0,,"[{""hasPlayed"": true, ""points"": 36}, {""hasPlayed"": true, ""points"": -3}, {""hasPlayed"": true, ""points"": 137}, {""hasPlayed"": true, ""points"": 32}, {""hasPlayed"": true, ""points"": 2}]",3,Franck Honorat,7087.0,7087.0,-40953.0,-87161.0,22676.0,2574544.0,6.78,0.7340655030398117,1.0,0.0,0.0,0.7,3.483875
7774,15,Yukhym,Konoplia,3120374.0,,,,,,,1,2,https://kickbase.b-cdn.net/content/file/4b6227ba987f4dd48a1c53b9bf407d2a.png,22.0,2,,,"[{""hasPlayed"": false, ""points"": null}, {""hasPlayed"": false, ""points"": null}, {""hasPlayed"": false, ""points"": null}, {""hasPlayed"": false, ""points"": null}, {""hasPlayed"": false, ""points"": null}]",5,Yukhym Konoplia,-150891.0,-150891.0,-156219.0,-153496.0,-1073863.0,-3171980.0,0.0,0.7340655030398117,0.0,0.0,0.0,0.0,0.0
9540,15,Isac,Lidberg,9423952.0,,,,,,,0,4,https://kickbase.b-cdn.net/content/file/3796a35db95a43fab344be4034f4357b.png,3.0,2,,,"[{""hasPlayed"": false, ""points"": null}, {""hasPlayed"": false, ""points"": null}, {""hasPlayed"": false, ""points"": null}, {""hasPlayed"": false, ""points"": null}, {""hasPlayed"": false, ""points"": null}]",4,Isac Lidberg,-313119.0,-313119.0,-578124.0,-494982.0,-1923932.0,439589.0,0.0,0.7340655030398117,0.0,0.0,0.0,0.0,0.0
11010,15,Kevin,Diks,16229488.0,95.0,30.0,30.0,28.0,161173.0,2844.0,0,2,https://kickbase.b-cdn.net/content/file/31b917d90d104b98a6cc8bb90e5c94a4.png,4.0,1,175.0,,"[{""hasPlayed"": true, ""points"": 241}, {""hasPlayed"": true, ""points"": 71}, {""hasPlayed"": true, ""points"": 33}, {""hasPlayed"": false, ""points"": null}, {""hasPlayed"": true, ""points"": 72}]",1,Kevin Diks,188711.0,188711.0,187242.0,185833.0,1273802.0,4490892.0,7.25,0.7340655030398117,1.0,1.0,0.0,1.0,5.321975
11748,15,Wael,Mohya,10237269.0,34.0,15.0,15.0,6.0,36598.0,507.0,2,3,https://kickbase.b-cdn.net/content/file/7ba41b6d32924b2ca84a50a41d5e45a1.png,36.0,1,49.0,,"[{""hasPlayed"": true, ""points"": 87}, {""hasPlayed"": true, ""points"": 24}, {""hasPlayed"": true, ""points"": 46}, {""hasPlayed"": false, ""points"": null}, {""hasPlayed"": false, ""points"": null}]",2,Wael Mohya,155118.0,155118.0,216081.0,200309.0,1313582.0,2903766.0,6.6,0.7340655030398117,0.6666666666666666,1.0,0.15,0.6166666666666666,2.987647
13442,15,Hugo,Bolin,8092641.0,40.0,13.0,13.0,5.0,35891.0,517.0,0,3,https://kickbase.b-cdn.net/content/file/0e5ee2c256e04b02a8de12f37ec58fb6.png,38.0,1,63.0,,"[{""hasPlayed"": true, ""points"": 183}, {""hasPlayed"": true, ""points"": 3}, {""hasPlayed"": true, ""points"": 39}, {""hasPlayed"": false, ""points"": null}, {""hasPlayed"": true, ""points"": 78}]",2,Hugo Bolin,309397.0,309397.0,291907.0,276347.0,1842903.0,5090393.0,6.9,0.7340655030398117,1.0,1.0,0.0,1.0,5.065052
15181,15,Jan,Leszczynski,4511634.0,,,,,,,0,2,https://kickbase.b-cdn.net/content/file/f5ce4d6478274f028a27d321103eb69a.png,5.0,1,,,"[{""hasPlayed"": false, ""points"": null}, {""hasPlayed"": false, ""points"": null}, {""hasPlayed"": false, ""points"": null}, {""hasPlayed"": false, ""points"": null}, {""hasPlayed"": false, ""points"": null}]",3,Jan Leszczynski,167005.0,167005.0,60780.0,-68616.0,-361330.0,1509738.0,0.0,0.7340655030398117,0.0,0.0,0.0,0.0,0.0
15202,15,Zento,Uno,2877858.0,,,,,,,2,3,https://kickbase.b-cdn.net/content/file/7db9adc301c84b41afc9023e222179cd.png,47.0,2,,,"[{""hasPlayed"": false, ""points"": null}, {""hasPlayed"": false, ""points"": null}, {""hasPlayed"": false, ""points"": null}, {""hasPlayed"": false, ""points"": null}, {""hasPlayed"": false, ""points"": null}]",5,Zento Uno,-143856.0,-143856.0,-149993.0,-149162.0,-1035939.0,-1178087.0,0.0,0.7340655030398117,0.0,0.0,0.0,0.0,0.0
15613,15,Daiki,Hashioka,8414008.0,,,,,,,0,2,https://kickbase.b-cdn.net/content/file/8e1477e1ddf34bdc9fd316f81ab9ebde.png,0.0,1,,,"[{""hasPlayed"": false, ""points"": null}, {""hasPlayed"": false, ""points"": null}, {""hasPlayed"": false, ""points"": null}, {""hasPlayed"": false, ""points"": null}, {""hasPlayed"": false, ""points"": null}]",2,Daiki Hashioka,324197.0,324197.0,340040.0,326302.0,2212417.0,8414008.0,0.0,0.7340655030398117,0.0,0.0,0.0,0.0,0.0
54,3,Emre,Can,1471820.0,114.0,9.0,9.0,7.0,41373.0,1026.0,1,2,https://kickbase.b-cdn.net/content/file/29f90f2f2f2045f69460f20564a894ab.png,23.0,2,697.0,,"[{""hasPlayed"": false, ""points"": null}, {""hasPlayed"": false, ""points"": null}, {""hasPlayed"": false, ""points"": null}, {""hasPlayed"": false, ""points"": null}, {""hasPlayed"": false, ""points"": null}]",5,Emre Can,-105051.0,-105051.0,-112009.0,-118611.0,-800249.0,-2722342.0,0.0,2.3519386450788238,0.0,0.0,0.0,0.0,0.0
75,3,Patrick,Drewes,500000.0,,,,,,,0,1,https://kickbase.b-cdn.net/content/file/1c9bdd7907a5425e8f2a0cb0fc5426ee.png,30.0,0,,,"[{""hasPlayed"": false, ""points"": null}, {""hasPlayed"": false, ""points"": null}, {""hasPlayed"": false, ""points"": null}, {""hasPlayed"": false, ""points"": null}, {""hasPlayed"": false, ""points"": null}]",5,Patrick Drewes,0.0,0.0,0.0,0.0,0.0,0.0,0.0,2.3519386450788238,0.0,0.0,0.0,0.0,0.0
1704,3,Waldemar,Anton,33790852.0,126.0,32.0,32.0,32.0,190794.0,4034.0,0,2,https://kickbase.b-cdn.net/content/file/b1a7f338e7c9453d93897bd6ac8c9457.png,3.0,1,119.0,,"[{""hasPlayed"": true, ""points"": 156}, {""hasPlayed"": true, ""points"": 123}, {""hasPlayed"": true, ""points"": 40}, {""hasPlayed"": true, ""points"": 153}, {""hasPlayed"": true, ""points"": 133}]",1,Waldemar Anton,59293.0,59293.0,65784.0,62612.0,415347.0,1862984.0,7.14,2.3519386450788238,1.0,1.0,0.0,1.0,16.792842
1856,3,Marcel,Sabitzer,9191030.0,83.0,26.0,26.0,21.0,119084.0,2146.0,0,3,https://kickbase.b-cdn.net/content/file/e5fd8b4544ef4fbf99fa27874f810794.png,20.0,2,233.0,,"[{""hasPlayed"": false, ""points"": null}, {""hasPlayed"": true, ""points"": 104}, {""hasPlayed"": true, ""points"": 68}, {""hasPlayed"": true, ""points"": 115}, {""hasPlayed"": true, ""points"": 29}]",3,Marcel Sabitzer,-178502.0,-178502.0,-149354.0,-203713.0,-1616783.0,-434897.0,7.08,2.3519386450788238,0.0,0.0,0.0,0.0,0.0
1873,3,Gregor,Kobel,22984417.0,104.0,34.0,34.0,34.0,202740.0,3530.0,0,1,https://kickbase.b-cdn.net/content/file/5cf1813a3f0f4cb6997088b18ad5adcf.png,1.0,2,153.0,,"[{""hasPlayed"": true, ""points"": 154}, {""hasPlayed"": true, ""points"": 81}, {""hasPlayed"": true, ""points"": 82}, {""hasPlayed"": true, ""points"": 160}, {""hasPlayed"": true, ""points"": 65}]",1,Gregor Kobel,-77598.0,-77598.0,-38116.0,-59705.0,-140161.0,1570043.0,7.3,2.3519386450788238,1.0,1.0,0.0,1.0,17.169152
1920,3,Serhou,Guirassy,28960380.0,102.0,33.0,33.0,27.0,151810.0,3356.0,0,4,https://kickbase.b-cdn.net/content/file/fb2bd82aeb8440f8acdbcf6ebf4487dc.png,9.0,1,115.0,,"[{""hasPlayed"": true, ""points"": 155}, {""hasPlayed"": true, ""points"": 134}, {""hasPlayed"": true, ""points"": 26}, {""hasPlayed"": true, ""points"": 187}, {""hasPlayed"": true, ""points"": 101}]",2,Serhou Guirassy,117105.0,117105.0,114378.0,108306.0,774109.0,2824485.0,6.98,2.3519386450788238,1.0,1.0,0.0,1.0,16.416532
2148,3,Alexander,Meyer,1187956.0,,,,,,,0,1,https://kickbase.b-cdn.net/content/file/b2b01de70f7b47dbb31b104de35ac5cc.png,33.0,2,,,"[{""hasPlayed"": false, ""points"": null}, {""hasPlayed"": false, ""points"": null}, {""hasPlayed"": false, ""points"": null}, {""hasPlayed"": false, ""points"": null}, {""hasPlayed"": false, ""points"": null}]",5,Alexander Meyer,-137177.0,-137177.0,-140894.0,-144672.0,-1015081.0,687956.0,0.0,2.3519386450788238,0.0,0.0,0.0,0.0,0.0
2383,3,Nico,Schlotterbeck,28970210.0,148.0,28.0,28.0,28.0,166561.0,4142.0,1,2,https://kickbase.b-cdn.net/content/file/531ad1f9d6804b9db55d5aace6d79888.png,4.0,2,142.0,,"[{""hasPlayed"": true, ""points"": 142}, {""hasPlayed"": true, ""points"": 250}, {""hasPlayed"": true, ""points"": 72}, {""hasPlayed"": true, ""points"": 146}, {""hasPlayed"": true, ""points"": 67}]",5,Nico Schlotterbeck,-664207.0,-664207.0,-667761.0,-653551.0,-4679855.0,-6244306.0,7.6,2.3519386450788238,0.0,0.0,0.0,0.0,0.0
2395,3,Julian,Ryerson,25619908.0,105.0,31.0,31.0,26.0,148097.0,3246.0,0,2,https://kickbase.b-cdn.net/content/file/5c70c2a110fd48919c487e0b0d97af57.png,26.0,1,126.0,,"[{""hasPlayed"": true, ""points"": 141}, {""hasPlayed"": true, ""points"": 127}, {""hasPlayed"": true, ""points"": 41}, {""hasPlayed"": true, ""points"": 171}, {""hasPlayed"": true, ""points"": 3}]",1,Julian Ryerson,42874.0,42874.0,15327.0,-50528.0,23621.0,1154912.0,7.02,2.3519386450788238,1.0,1.0,0.0,1.0,16.510609
2714,3,Maximilian,Beier,25759065.0,94.0,32.0,32.0,24.0,132156.0,3023.0,2,4,https://kickbase.b-cdn.net/content/file/901a04fa3f274f95921af3b42a45f795.png,14.0,2,117.0,,"[{""hasPlayed"": true, ""points"": 52}, {""hasPlayed"": true, ""points"": 207}, {""hasPlayed"": true, ""points"": 17}, {""hasPlayed"": true, ""points"": 241}, {""hasPlayed"": true, ""points"": 13}]",1,Maximilian Beier,-123194.0,-123194.0,-9315.0,27213.0,99396.0,2094280.0,7.12,2.3519386450788238,0.6666666666666666,0.0,0.15,0.31666666666666665,5.302838
2736,3,Ramy,Bensebaini,20748993.0,128.0,21.0,21.0,15.0,102687.0,2683.0,0,2,https://kickbase.b-cdn.net/content/file/f52b92d109bf4f53b2fb20e5c50f00ec.png,5.0,1,129.0,,"[{""hasPlayed"": false, ""points"": null}, {""hasPlayed"": false, ""points"": null}, {""hasPlayed"": false, ""points"": null}, {""hasPlayed"": true, ""points"": 364}, {""hasPlayed"": true, ""points"": 106}]",1,Ramy Bensebaini,209041.0,209041.0,194941.0,173674.0,1306023.0,4499529.0,8.2,2.3519386450788238,1.0,0.0,0.0,0.7,13.500128
3069,3,Felix,Nmecha,26352498.0,94.0,29.0,29.0,25.0,141393.0,2730.0,0,3,https://kickbase.b-cdn.net/content/file/510ad66f94f943fb940c1a7b11792266.png,8.0,1,103.0,,"[{""hasPlayed"": true, ""points"": 126}, {""hasPlayed"": true, ""points"": 14}, {""hasPlayed"": false, ""points"": null}, {""hasPlayed"": false, ""points"": null}, {""hasPlayed"": false, ""points"": null}]",1,Felix Nmecha,124984.0,124984.0,132133.0,130844.0,889822.0,5833149.0,6.8,2.3519386450788238,1.0,1.0,0.0,1.0,15.993183
9440,3,Filippo,Mane,3791425.0,12.0,4.0,4.0,2.0,8570.0,46.0,0,2,https://kickbase.b-cdn.net/content/file/9994a14997ae4a03a9ac5f78376003db.png,39.0,2,12.0,,"[{""hasPlayed"": false, ""points"": null}, {""hasPlayed"": false, ""points"": null}, {""hasPlayed"": false, ""points"": null}, {""hasPlayed"": false, ""points"": null}, {""hasPlayed"": false, ""points"": null}]",5,Filippo Mane,-97288.0,-97288.0,-98841.0,-115978.0,-815921.0,2999003.0,0.0,2.3519386450788238,0.0,0.0,0.0,0.0,0.0
9698,3,,Fábio Silva,7308544.0,51.0,28.0,28.0,7.0,57551.0,1414.0,0,4,https://kickbase.b-cdn.net/content/file/da60f61d4f674e4db35b6f47db49c153.png,21.0,2,193.0,,"[{""hasPlayed"": true, ""points"": 44}, {""hasPlayed"": true, ""points"": 6}, {""hasPlayed"": true, ""points"": -10}, {""hasPlayed"": true, ""points"": 112}, {""hasPlayed"": true, ""points"": -14}]",4,Fábio Silva,-216172.0,-216172.0,-181571.0,-199612.0,-1301636.0,-75381.0,6.54,2.3519386450788238,0.0,0.0,0.0,0.0,0.0
10114,3,Carney,Chukwuemeka,4153502.0,47.0,28.0,28.0,8.0,63437.0,1307.0,2,3,https://kickbase.b-cdn.net/content/file/819b3e31455d4830a3e5acf58eb5290d.png,17.0,2,314.0,,"[{""hasPlayed"": true, ""points"": 30}, {""hasPlayed"": false, ""points"": null}, {""hasPlayed"": true, ""points"": -14}, {""hasPlayed"": true, ""points"": 32}, {""hasPlayed"": true, ""points"": 3}]",4,Carney Chukwuemeka,-115241.0,-115241.0,-102590.0,-95238.0,-639663.0,-3689277.0,6.5,2.3519386450788238,0.0,0.0,0.0,0.0,0.0
10115,3,Daniel,Svensson,18330982.0,82.0,33.0,33.0,27.0,162894.0,2705.0,0,2,https://kickbase.b-cdn.net/content/file/9ff6af44ccf14bb3846cafc261f362ad.png,24.0,2,147.0,,"[{""hasPlayed"": true, ""points"": 151}, {""hasPlayed"": false, ""points"": null}, {""hasPlayed"": true, ""points"": -11}, {""hasPlayed"": true, ""points"": 27}, {""hasPlayed"": true, ""points"": 34}]",3,Daniel Svensson,-191162.0,-191162.0,-262896.0,-379228.0,-1661388.0,52862.0,6.78,2.3519386450788238,1.0,1.0,0.0,1.0,15.946144
11099,3,Jobe,Bellingham,19522528.0,68.0,32.0,32.0,20.0,119220.0,2172.0,0,3,https://kickbase.b-cdn.net/content/file/7b67f5aec4444746b2848e6d9a775210.png,7.0,1,111.0,,"[{""hasPlayed"": true, ""points"": 108}, {""hasPlayed"": true, ""points"": 80}, {""hasPlayed"": true, ""points"": 43}, {""hasPlayed"": true, ""points"": 124}, {""hasPlayed"": true, ""points"": 37}]",3,Jobe Bellingham,96555.0,96555.0,108490.0,111551.0,774587.0,2959726.0,6.76,2.3519386450788238,1.0,1.0,0.0,1.0,15.899105
11100,3,Samuele,Inácio,9447071.0,52.0,7.0,7.0,4.0,25406.0,365.0,0,3,https://kickbase.b-cdn.net/content/file/0e8e34d536e6420cb5d7d96fc909f97d.png,40.0,2,38.0,,"[{""hasPlayed"": true, ""points"": 136}, {""hasPlayed"": true, ""points"": 119}, {""hasPlayed"": true, ""points"": 27}, {""hasPlayed"": true, ""points"": 88}, {""hasPlayed"": true, ""points"": -12}]",3,Samuele Inácio,-28195.0,-28195.0,-74043.0,-115737.0,-929007.0,-1787648.0,7.04,2.3519386450788238,0.3333333333333333,1.0,0.0,0.5333333333333333,8.830746
13472,3,Luca,Reggiani,4248054.0,74.0,8.0,8.0,6.0,32656.0,592.0,0,2,https://kickbase.b-cdn.net/content/file/ae27049c76974053b81276c3faa1f639.png,49.0,2,139.0,,"[{""hasPlayed"": true, ""points"": 97}, {""hasPlayed"": true, ""points"": 48}, {""hasPlayed"": true, ""points"": 56}, {""hasPlayed"": false, ""points"": null}, {""hasPlayed"": false, ""points"": null}]",5,Luca Reggiani,-96493.0,-96493.0,-94960.0,-98522.0,-914075.0,-3705676.0,6.73,2.3519386450788238,0.0,1.0,0.0,0.3,4.748564
14662,3,Justin,Lerma,7305594.0,,,,,,,0,3,https://kickbase.b-cdn.net/content/file/febaeb82caf74cb4b0511a58b28d70ac.png,28.0,2,,,"[{""hasPlayed"": false, ""points"": null}, {""hasPlayed"": false, ""points"": null}, {""hasPlayed"": false, ""points"": null}, {""hasPlayed"": false, ""points"": null}, {""hasPlayed"": false, ""points"": null}]",5,Justin Lerma,-364255.0,-364255.0,-369969.0,-356706.0,-2508626.0,806847.0,0.0,2.3519386450788238,0.0,0.0,0.0,0.0,0.0
14899,3,Kauã,Prates,3442077.0,,,,,,,0,2,https://kickbase.b-cdn.net/content/file/6ea4006dc79446228b81953749d7948b.png,0.0,2,,,"[{""hasPlayed"": false, ""points"": null}, {""hasPlayed"": false, ""points"": null}, {""hasPlayed"": false, ""points"": null}, {""hasPlayed"": false, ""points"": null}, {""hasPlayed"": false, ""points"": null}]",4,Kauã Prates,-122356.0,-122356.0,-127462.0,-128411.0,-890379.0,-3639134.0,0.0,2.3519386450788238,0.0,0.0,0.0,0.0,0.0
15211,3,Joane,Gadou,23744154.0,,,,,,,0,2,https://kickbase.b-cdn.net/content/file/3ca6efe4d6904a609a712b6b68be0ebb.png,22.0,1,,,"[{""hasPlayed"": false, ""points"": null}, {""hasPlayed"": false, ""points"": null}, {""hasPlayed"": false, ""points"": null}, {""hasPlayed"": false, ""points"": null}, {""hasPlayed"": false, ""points"": null}]",1,Joane Gadou,194779.0,194779.0,200206.0,203796.0,1452250.0,5137553.0,0.0,2.3519386450788238,0.0,0.0,0.0,0.0,0.0
16378,3,Konstantinos,Karetsas,22118191.0,,,,,,,0,3,https://kickbase.b-cdn.net/content/file/2607076d85724a188e9db75bd12b7889.png,0.0,1,,,"[{""hasPlayed"": false, ""points"": null}, {""hasPlayed"": false, ""points"": null}, {""hasPlayed"": false, ""points"": null}, {""hasPlayed"": false, ""points"": null}, {""hasPlayed"": false, ""points"": null}]",1,Konstantinos Karetsas,288332.0,288332.0,292746.0,289766.0,2032806.0,22118191.0,0.0,2.3519386450788238,0.0,0.0,0.0,0.0,0.0
1863,6,Daniel,Heuer Fernandes,14049239.0,92.0,33.0,33.0,33.0,199082.0,3051.0,0,1,https://kickbase.b-cdn.net/content/file/25bb5ce570244f8296d6e817316ad707.png,1.0,1,217.0,,"[{""hasPlayed"": false, ""points"": null}, {""hasPlayed"": true, ""points"": 100}, {""hasPlayed"": true, ""points"": 119}, {""hasPlayed"": true, ""points"": 92}, {""hasPlayed"": true, ""points"": 54}]",1,Daniel Heuer Fernandes,164402.0,164402.0,143982.0,130119.0,957465.0,3346796.0,7.48,0.48189177673625905,1.0,1.0,0.0,1.0,3.60455
1865,6,Yussuf,Poulsen,3722605.0,23.0,15.0,15.0,1.0,26304.0,340.0,0,4,https://kickbase.b-cdn.net/content/file/b3e645c3a34347808d97e722fcbe2ced.png,15.0,2,91.0,,"[{""hasPlayed"": true, ""points"": 13}, {""hasPlayed"": true, ""points"": 25}, {""hasPlayed"": true, ""points"": 17}, {""hasPlayed"": false, ""points"": null}, {""hasPlayed"": false, ""points"": null}]",4,Yussuf Poulsen,-145983.0,-145983.0,-148018.0,-147879.0,-849591.0,2993303.0,6.63,0.48189177673625905,0.0,0.0,0.0,0.0,0.0
1889,6,Bakery,Jatta,4203208.0,47.0,15.0,15.0,12.0,59140.0,710.0,0,3,https://kickbase.b-cdn.net/content/file/7b147e15dd4b4df4bddb50f00fa8ce4e.png,18.0,2,168.0,,"[{""hasPlayed"": false, ""points"": null}, {""hasPlayed"": true, ""points"": 178}, {""hasPlayed"": true, ""points"": 25}, {""hasPlayed"": true, ""points"": 8}, {""hasPlayed"": true, ""points"": -16}]",2,Bakery Jatta,40400.0,40400.0,-45478.0,-115222.0,-1046068.0,3399189.0,6.35,0.48189177673625905,1.0,1.0,0.0,1.0,3.060013
1978,6,Jordan,Torunarigha,11252557.0,73.0,24.0,24.0,21.0,129230.0,1753.0,0,2,https://kickbase.b-cdn.net/content/file/58a51dcb3fef41de90e23a162e7fe44e.png,25.0,1,155.0,,"[{""hasPlayed"": true, ""points"": -4}, {""hasPlayed"": false, ""points"": null}, {""hasPlayed"": true, ""points"": 128}, {""hasPlayed"": true, ""points"": 99}, {""hasPlayed"": true, ""points"": 38}]",1,Jordan Torunarigha,122727.0,122727.0,103657.0,98038.0,574939.0,4815892.0,6.5,0.48189177673625905,1.0,1.0,0.15,0.85,2.662452
3277,6,Miro,Muheim,9701729.0,67.0,29.0,29.0,27.0,162140.0,1929.0,2,2,https://kickbase.b-cdn.net/content/file/6b31cba3484c46c98c5575fe4f79b349.png,28.0,1,198.0,,"[{""hasPlayed"": true, ""points"": 17}, {""hasPlayed"": false, ""points"": null}, {""hasPlayed"": false, ""points"": null}, {""hasPlayed"": false, ""points"": null}, {""hasPlayed"": true, ""points"": 17}]",3,Miro Muheim,19699.0,19699.0,99822.0,130012.0,1209454.0,4263066.0,6.5,0.48189177673625905,0.6666666666666666,1.0,0.15,0.6166666666666666,1.931583
3521,6,Daniel,Elfadli,4040363.0,37.0,21.0,21.0,15.0,84859.0,767.0,0,2,https://kickbase.b-cdn.net/content/file/ab840d167b4f4811a1a40e49fef84a76.png,8.0,2,189.0,,"[{""hasPlayed"": false, ""points"": null}, {""hasPlayed"": false, ""points"": null}, {""hasPlayed"": true, ""points"": 22}, {""hasPlayed"": false, ""points"": null}, {""hasPlayed"": false, ""points"": null}]",4,Daniel Elfadli,-136155.0,-136155.0,-139229.0,-144720.0,-788397.0,3499442.0,0.0,0.48189177673625905,0.0,0.0,0.0,0.0,0.0
4404,6,Jean-Luc,Dompé,1009989.0,64.0,20.0,20.0,12.0,75809.0,1279.0,256,4,https://kickbase.b-cdn.net/content/file/4d4bfeaf414f47e2994cf7669d884f08.png,7.0,2,1266.0,,"[{""hasPlayed"": false, ""points"": null}, {""hasPlayed"": false, ""points"": null}, {""hasPlayed"": false, ""points"": null}, {""hasPlayed"": false, ""points"": null}, {""hasPlayed"": false, ""points"": null}]",5,Jean-Luc Dompé,-134667.0,-134667.0,-139176.0,-137240.0,-962225.0,-3007537.0,0.0,0.48189177673625905,0.0,0.0,0.0,0.0,0.0
6201,6,Nicolai,Remberg,11833377.0,70.0,32.0,32.0,32.0,193422.0,2243.0,0,3,https://kickbase.b-cdn.net/content/file/8838a772b69f4284a8f34b1d63f406d8.png,21.0,1,189.0,,"[{""hasPlayed"": true, ""points"": 80}, {""hasPlayed"": true, ""points"": 185}, {""hasPlayed"": true, ""points"": 64}, {""hasPlayed"": true, ""points"": 68}, {""hasPlayed"": true, ""points"": 45}]",1,Nicolai Remberg,142185.0,142185.0,128621.0,123195.0,887799.0,4334266.0,7.02,0.48189177673625905,1.0,1.0,0.0,1.0,3.38288
6217,6,Rayan,Philippe,3394721.0,35.0,28.0,28.0,13.0,85138.0,971.0,0,4,https://kickbase.b-cdn.net/content/file/4fe19be7a9df439fa6f788b27095a090.png,14.0,2,286.0,,"[{""hasPlayed"": true, ""points"": 74}, {""hasPlayed"": true, ""points"": 10}, {""hasPlayed"": false, ""points"": null}, {""hasPlayed"": true, ""points"": -16}, {""hasPlayed"": false, ""points"": null}]",4,Rayan Philippe,-118977.0,-118977.0,-113700.0,-118281.0,-822908.0,1447627.0,6.25,0.48189177673625905,0.3333333333333333,0.0,0.0,0.2333333333333333,0.702759
7350,6,Otto,Stange,3023502.0,5.0,10.0,10.0,2.0,20981.0,51.0,0,4,https://kickbase.b-cdn.net/content/file/d876e417d53e4983b76765c28cb2825d.png,49.0,2,16.0,,"[{""hasPlayed"": true, ""points"": 28}, {""hasPlayed"": true, ""points"": 46}, {""hasPlayed"": false, ""points"": null}, {""hasPlayed"": true, ""points"": -2}, {""hasPlayed"": true, ""points"": -5}]",3,Otto Stange,60064.0,60064.0,-37365.0,-90977.0,-457077.0,319112.0,6.45,0.48189177673625905,0.0,0.0,0.0,0.0,0.0
7394,6,Kofi,Amoako,3807779.0,,,,,,,0,3,https://kickbase.b-cdn.net/content/file/6faaaadc0c43454aa7802b77b1455f2e.png,0.0,2,,,"[{""hasPlayed"": false, ""points"": null}, {""hasPlayed"": false, ""points"": null}, {""hasPlayed"": false, ""points"": null}, {""hasPlayed"": false, ""points"": null}, {""hasPlayed"": false, ""points"": null}]",4,Kofi Amoako,-138870.0,-138870.0,-136545.0,-133340.0,-924303.0,779763.0,0.0,0.48189177673625905,0.0,0.0,0.0,0.0,0.0
8367,6,Albert,Sambi Lokonga,10558446.0,68.0,26.0,26.0,20.0,112966.0,1759.0,0,3,https://kickbase.b-cdn.net/content/file/c9c716c7e03d47078ca74b707b1577a9.png,6.0,1,166.0,,"[{""hasPlayed"": true, ""points"": 120}, {""hasPlayed"": true, ""points"": 57}, {""hasPlayed"": true, ""points"": 79}, {""hasPlayed"": true, ""points"": -11}, {""hasPlayed"": false, ""points"": null}]",1,Albert Sambi Lokonga,10118.0,10118.0,19549.0,38018.0,655364.0,4221272.0,6.8,0.48189177673625905,1.0,1.0,0.0,1.0,3.276864
9605,6,Albert,Grønbæk,10584212.0,74.0,7.0,7.0,6.0,31737.0,520.0,0,3,https://kickbase.b-cdn.net/content/file/02b24cefd3da410ca1d4639a2fb7ccac.png,23.0,1,49.0,,"[{""hasPlayed"": true, ""points"": 39}, {""hasPlayed"": true, ""points"": 158}, {""hasPlayed"": true, ""points"": 266}, {""hasPlayed"": true, ""points"": 30}, {""hasPlayed"": true, ""points"": 28}]",1,Albert Grønbæk,104943.0,104943.0,52644.0,-12454.0,44978.0,4267821.0,7.22,0.48189177673625905,1.0,1.0,0.0,1.0,3.479259
10120,6,Alexander,Røssing-Lelesiit,2170881.0,10.0,11.0,11.0,5.0,23037.0,114.0,4,4,https://kickbase.b-cdn.net/content/file/1e0140e6053349279a689f6bac4fdc91.png,38.0,2,52.0,,"[{""hasPlayed"": false, ""points"": null}, {""hasPlayed"": false, ""points"": null}, {""hasPlayed"": false, ""points"": null}, {""hasPlayed"": false, ""points"": null}, {""hasPlayed"": false, ""points"": null}]",5,Alexander Røssing-Lelesiit,-143269.0,-143269.0,-147037.0,-148032.0,-1023796.0,1670881.0,0.0,0.48189177673625905,0.0,0.0,0.0,0.0,0.0
11512,6,Nicolás,Capaldo,10612423.0,65.0,26.0,26.0,24.0,130826.0,1682.0,2,2,https://kickbase.b-cdn.net/content/file/bb8ff3d0932d47bd9d7fa4a4f38068ef.png,24.0,1,158.0,,"[{""hasPlayed"": true, ""points"": 136}, {""hasPlayed"": true, ""points"": 101}, {""hasPlayed"": true, ""points"": 64}, {""hasPlayed"": true, ""points"": 53}, {""hasPlayed"": true, ""points"": 90}]",1,Nicolás Capaldo,3978.0,3978.0,51187.0,70450.0,401990.0,2243875.0,6.76,0.48189177673625905,1.0,1.0,0.15,0.85,2.76895
11752,6,Warmed,Omari,4563299.0,60.0,20.0,20.0,17.0,106595.0,1204.0,256,2,https://kickbase.b-cdn.net/content/file/6565bd5f9c14426aad721f006cf6f971.png,17.0,2,263.0,,"[{""hasPlayed"": true, ""points"": 86}, {""hasPlayed"": true, ""points"": 85}, {""hasPlayed"": true, ""points"": 151}, {""hasPlayed"": true, ""points"": 82}, {""hasPlayed"": true, ""points"": 57}]",3,Warmed Omari,-83337.0,-83337.0,-97303.0,-121275.0,-1508917.0,-395909.0,6.86,0.48189177673625905,0.0,1.0,0.15,0.15,0.495867
12368,6,Sander,Tangvik,515772.0,220.0,1.0,1.0,1.0,6034.0,220.0,0,1,https://kickbase.b-cdn.net/content/file/3d7ab89b5e874e77bbb6b1fb6724745f.png,12.0,2,426.0,,"[{""hasPlayed"": true, ""points"": 220}, {""hasPlayed"": false, ""points"": null}, {""hasPlayed"": false, ""points"": null}, {""hasPlayed"": false, ""points"": null}, {""hasPlayed"": false, ""points"": null}]",5,Sander Tangvik,-77504.0,-77504.0,-89873.0,-98786.0,-723196.0,-2763376.0,8.8,0.48189177673625905,0.0,0.0,0.0,0.0,0.0
13433,6,Louis,Lemke,2596082.0,20.0,1.0,1.0,0.0,67.0,20.0,0,2,https://kickbase.b-cdn.net/content/file/46eac50def834b9983f1475d94d28249.png,37.0,1,7.0,,"[{""hasPlayed"": false, ""points"": null}, {""hasPlayed"": true, ""points"": 20}, {""hasPlayed"": false, ""points"": null}, {""hasPlayed"": false, ""points"": null}, {""hasPlayed"": false, ""points"": null}]",3,Louis Lemke,388344.0,388344.0,376195.0,365372.0,2096082.0,2096082.0,0.0,0.48189177673625905,0.0,0.0,0.0,0.0,0.0
15283,6,Martin,Adeline,7217433.0,,,,,,,0,3,https://kickbase.b-cdn.net/content/file/a88b98f2845e4a508b7e59e2bce5ff27.png,0.0,2,,,"[{""hasPlayed"": false, ""points"": null}, {""hasPlayed"": false, ""points"": null}, {""hasPlayed"": false, ""points"": null}, {""hasPlayed"": false, ""points"": null}, {""hasPlayed"": false, ""points"": null}]",3,Martin Adeline,-240347.0,-240347.0,-255457.0,-271056.0,-1895499.0,1697719.0,0.0,0.48189177673625905,0.0,0.0,0.0,0.0,0.0
15472,6,Patson,Daka,11555679.0,,,,,,,0,4,https://kickbase.b-cdn.net/content/file/218db4a2d0cb4f89be008597b2e2d9a7.png,0.0,1,,,"[{""hasPlayed"": false, ""points"": null}, {""hasPlayed"": false, ""points"": null}, {""hasPlayed"": false, ""points"": null}, {""hasPlayed"": false, ""points"": null}, {""hasPlayed"": false, ""points"": null}]",2,Patson Daka,166641.0,166641.0,194283.0,200684.0,1466994.0,11555679.0,0.0,0.48189177673625905,0.0,0.0,0.0,0.0,0.0
15478,6,Bilal,Nadir,4229839.0,,,,,,,0,3,https://kickbase.b-cdn.net/content/file/d153e6d5703a4637bf8ee1c23c857608.png,0.0,2,,,"[{""hasPlayed"": false, ""points"": null}, {""hasPlayed"": false, ""points"": null}, {""hasPlayed"": false, ""points"": null}, {""hasPlayed"": false, ""points"": null}, {""hasPlayed"": false, ""points"": null}]",4,Bilal Nadir,-129675.0,-129675.0,-134275.0,-122918.0,-1663773.0,4229839.0,0.0,0.48189177673625905,0.0,0.0,0.0,0.0,0.0
49,5,Matthias,Ginter,26502372.0,114.0,32.0,32.0,32.0,188048.0,3663.0,0,2,https://kickbase.b-cdn.net/content/file/e75f1bbb74d94ef7af63b5e586bb25ad.png,28.0,1,138.0,,"[{""hasPlayed"": true, ""points"": 243}, {""hasPlayed"": true, ""points"": 39}, {""hasPlayed"": true, ""points"": 72}, {""hasPlayed"": false, ""points"": null}, {""hasPlayed"": true, ""points"": 146}]",1,Matthias Ginter,46225.0,46225.0,46958.0,42795.0,281788.0,1385970.0,7.35,1.6764168190127973,1.0,1.0,0.0,1.0,12.321664
89,5,Christian,Günter,3118031.0,48.0,24.0,24.0,18.0,102008.0,1161.0,0,2,https://kickbase.b-cdn.net/content/file/b5cc490be0894c4b8e4eb92ed2106f15.png,30.0,1,372.0,,"[{""hasPlayed"": false, ""points"": null}, {""hasPlayed"": false, ""points"": null}, {""hasPlayed"": true, ""points"": 25}, {""hasPlayed"": true, ""points"": -22}, {""hasPlayed"": true, ""points"": 56}]",3,Christian Günter,220019.0,220019.0,82953.0,22933.0,122894.0,-1512475.0,6.03,1.6764168190127973,0.5454545454545455,0.0,0.0,0.38181818181818183,3.859721
118,5,Vincenzo,Grifo,11996488.0,71.0,33.0,33.0,21.0,113451.0,2332.0,0,3,https://kickbase.b-cdn.net/content/file/db2983cdda124ecfb674b4a066e34b5c.png,32.0,1,194.0,,"[{""hasPlayed"": true, ""points"": 38}, {""hasPlayed"": true, ""points"": 57}, {""hasPlayed"": true, ""points"": 60}, {""hasPlayed"": true, ""points"": -1}, {""hasPlayed"": true, ""points"": 205}]",3,Vincenzo Grifo,143193.0,143193.0,122505.0,105402.0,806050.0,3830239.0,6.82,1.6764168190127973,0.6666666666666666,1.0,0.0,0.7666666666666666,8.765425
1257,5,Lukas,Kübler,4240802.0,82.0,23.0,23.0,19.0,105359.0,1875.0,0,2,https://kickbase.b-cdn.net/content/file/3837cd8562134d428e12cbfe1ee98323.png,17.0,2,442.0,,"[{""hasPlayed"": true, ""points"": 40}, {""hasPlayed"": true, ""points"": 118}, {""hasPlayed"": true, ""points"": 17}, {""hasPlayed"": true, ""points"": 50}, {""hasPlayed"": true, ""points"": 62}]",4,Lukas Kübler,-89393.0,-89393.0,-87437.0,-91962.0,-598878.0,-254425.0,6.62,1.6764168190127973,0.0,0.0,0.0,0.0,0.0
1645,5,Maximilian,Eggestein,14991034.0,84.0,34.0,34.0,34.0,203699.0,2849.0,0,3,https://kickbase.b-cdn.net/content/file/46028a6670854b3cba398533dfe6c619.png,8.0,1,190.0,,"[{""hasPlayed"": true, ""points"": 76}, {""hasPlayed"": true, ""points"": 38}, {""hasPlayed"": true, ""points"": 78}, {""hasPlayed"": true, ""points"": -19}, {""hasPlayed"": true, ""points"": 171}]",1,Maximilian Eggestein,166582.0,166582.0,170264.0,160335.0,1136323.0,3971689.0,6.8,1.6764168190127973,1.0,1.0,0.0,1.0,11.399634
1767,5,Jannik,Huth,500000.0,,,,,,,0,1,https://kickbase.b-cdn.net/content/file/9f5e4a6af6b94ff8a1019833a0c15c8a.png,24.0,0,,,"[{""hasPlayed"": false, ""points"": null}, {""hasPlayed"": false, ""points"": null}, {""hasPlayed"": false, ""points"": null}, {""hasPlayed"": false, ""points"": null}, {""hasPlayed"": false, ""points"": null}]",5,Jannik Huth,0.0,0.0,0.0,0.0,0.0,0.0,0.0,1.6764168190127973,0.0,0.0,0.0,0.0,0.0
1858,5,Anthony,Jung,1948058.0,37.0,12.0,12.0,4.0,36970.0,441.0,0,2,https://kickbase.b-cdn.net/content/file/9af84678390b4225bbe2ce9593fc38ad.png,5.0,2,226.0,,"[{""hasPlayed"": false, ""points"": null}, {""hasPlayed"": true, ""points"": 16}, {""hasPlayed"": false, ""points"": null}, {""hasPlayed"": true, ""points"": 5}, {""hasPlayed"": false, ""points"": null}]",4,Anthony Jung,-139701.0,-139701.0,-142539.0,-148015.0,-1065837.0,1448058.0,6.65,1.6764168190127973,0.0,0.0,0.0,0.0,0.0
1910,5,Florian,Müller,500000.0,,,,,,,0,1,https://kickbase.b-cdn.net/content/file/31efbd57d72b4abba971e7c77993d4ff.png,21.0,0,,,"[{""hasPlayed"": false, ""points"": null}, {""hasPlayed"": false, ""points"": null}, {""hasPlayed"": false, ""points"": null}, {""hasPlayed"": false, ""points"": null}, {""hasPlayed"": false, ""points"": null}]",5,Florian Müller,0.0,0.0,0.0,0.0,0.0,0.0,0.0,1.6764168190127973,0.0,0.0,0.0,0.0,0.0
2084,5,Philipp,Lienhart,12347710.0,69.0,20.0,20.0,14.0,86712.0,1379.0,0,2,https://kickbase.b-cdn.net/content/file/d376962d93d8467e844287f0c416eea0.png,3.0,1,111.0,,"[{""hasPlayed"": true, ""points"": 80}, {""hasPlayed"": true, ""points"": 25}, {""hasPlayed"": true, ""points"": 152}, {""hasPlayed"": true, ""points"": 2}, {""hasPlayed"": true, ""points"": 15}]",2,Philipp Lienhart,163464.0,163464.0,168895.0,159504.0,1105558.0,5430608.0,6.88,1.6764168190127973,1.0,1.0,0.0,1.0,11.533748
2125,5,Jan-Niklas,Beste,10911193.0,60.0,28.0,28.0,20.0,111405.0,1693.0,0,3,https://kickbase.b-cdn.net/content/file/0dc9e619fd4c4114a58d41e7b6293ac2.png,19.0,1,155.0,,"[{""hasPlayed"": true, ""points"": 150}, {""hasPlayed"": true, ""points"": 2}, {""hasPlayed"": true, ""points"": 63}, {""hasPlayed"": true, ""points"": 0}, {""hasPlayed"": true, ""points"": 55}]",1,Jan-Niklas Beste,155265.0,155265.0,149930.0,130783.0,1168145.0,4786788.0,6.8,1.6764168190127973,1.0,1.0,0.0,1.0,11.399634
2176,5,Lucas,Höler,2493756.0,46.0,33.0,33.0,25.0,134301.0,1531.0,0,4,https://kickbase.b-cdn.net/content/file/f775386cb936487f9b6b96ab84f21384.png,9.0,2,613.0,,"[{""hasPlayed"": true, ""points"": 43}, {""hasPlayed"": true, ""points"": -5}, {""hasPlayed"": true, ""points"": 16}, {""hasPlayed"": true, ""points"": 72}, {""hasPlayed"": true, ""points"": 94}]",4,Lucas Höler,-31501.0,-31501.0,-50172.0,-66734.0,-478180.0,-2202046.0,6.6,1.6764168190127973,0.0,0.0,0.0,0.0,0.0
2722,5,Patrick,Osterhage,5337499.0,47.0,20.0,20.0,13.0,78511.0,938.0,0,3,https://kickbase.b-cdn.net/content/file/30b71dae269d4597bf36100fdb0027ea.png,6.0,2,175.0,,"[{""hasPlayed"": false, ""points"": null}, {""hasPlayed"": false, ""points"": null}, {""hasPlayed"": false, ""points"": null}, {""hasPlayed"": false, ""points"": null}, {""hasPlayed"": false, ""points"": null}]",4,Patrick Osterhage,-225204.0,-225204.0,32849.0,109158.0,894552.0,4387087.0,0.0,1.6764168190127973,0.0,0.0,0.0,0.0,0.0
3019,5,Noah,Atubolu,8143278.0,97.0,34.0,34.0,34.0,203699.0,3299.0,0,1,https://kickbase.b-cdn.net/content/file/7e82d7704f244cccb027dc6c519dc149.png,1.0,2,405.0,,"[{""hasPlayed"": true, ""points"": 118}, {""hasPlayed"": true, ""points"": 51}, {""hasPlayed"": true, ""points"": 64}, {""hasPlayed"": true, ""points"": 23}, {""hasPlayed"": true, ""points"": 94}]",5,Noah Atubolu,66323.0,66323.0,-256672.0,-246327.0,-1480181.0,-3762918.0,6.52,1.6764168190127973,0.0,0.0,0.0,0.0,0.0
3209,5,Yannik,Engelhardt,9442451.0,64.0,31.0,31.0,29.0,162513.0,1970.0,0,3,https://kickbase.b-cdn.net/content/file/ef0590dedd4c41f1a36fcb9ac6c2a326.png,16.0,1,208.0,,"[{""hasPlayed"": true, ""points"": 135}, {""hasPlayed"": true, ""points"": 24}, {""hasPlayed"": true, ""points"": 86}, {""hasPlayed"": true, ""points"": 87}, {""hasPlayed"": true, ""points"": -10}]",2,Yannik Engelhardt,251530.0,251530.0,244779.0,207099.0,1515657.0,5328884.0,6.64,1.6764168190127973,1.0,0.0,0.0,0.7,7.791985
3218,5,Mio,Backhaus,16900135.0,95.0,32.0,32.0,32.0,190988.0,3025.0,0,1,https://kickbase.b-cdn.net/content/file/5fddf9666b2c47e4852e7bc1db9068e9.png,1.0,1,178.0,,"[{""hasPlayed"": true, ""points"": 179}, {""hasPlayed"": true, ""points"": 115}, {""hasPlayed"": true, ""points"": 74}, {""hasPlayed"": true, ""points"": 120}, {""hasPlayed"": true, ""points"": 67}]",1,Mio Backhaus,129890.0,129890.0,104077.0,86605.0,767188.0,3610181.0,7.6,1.6764168190127973,1.0,1.0,0.0,1.0,12.740768
3304,5,Igor,Matanović,18169244.0,68.0,31.0,31.0,14.0,106505.0,2099.0,0,4,https://kickbase.b-cdn.net/content/file/5d31c9139056490197fe944243de2bd0.png,31.0,1,115.0,,"[{""hasPlayed"": true, ""points"": 265}, {""hasPlayed"": true, ""points"": 207}, {""hasPlayed"": true, ""points"": 17}, {""hasPlayed"": true, ""points"": 5}, {""hasPlayed"": true, ""points"": 37}]",1,Igor Matanović,175253.0,175253.0,173943.0,162749.0,1168405.0,4268878.0,7.26,1.6764168190127973,1.0,1.0,0.0,1.0,12.170786
4335,5,Derry,Scherhant,4819683.0,48.0,31.0,31.0,12.0,87953.0,1487.0,0,3,https://kickbase.b-cdn.net/content/file/cf1f2bfa6c0f446ea74d8b75f0585f53.png,7.0,1,308.0,,"[{""hasPlayed"": true, ""points"": 183}, {""hasPlayed"": true, ""points"": 6}, {""hasPlayed"": true, ""points"": 6}, {""hasPlayed"": true, ""points"": 8}, {""hasPlayed"": true, ""points"": 59}]",3,Derry Scherhant,75067.0,75067.0,3540.0,-30086.0,-327772.0,-39031.0,6.6,1.6764168190127973,0.3333333333333333,0.0,0.0,0.2333333333333333,2.581682
6209,5,Philipp,Treu,11162008.0,52.0,28.0,28.0,24.0,144527.0,1454.0,0,2,https://kickbase.b-cdn.net/content/file/67a522fecea248ff84c7dec1c95739dc.png,29.0,1,130.0,,"[{""hasPlayed"": true, ""points"": 47}, {""hasPlayed"": true, ""points"": 22}, {""hasPlayed"": true, ""points"": 60}, {""hasPlayed"": false, ""points"": null}, {""hasPlayed"": false, ""points"": null}]",1,Philipp Treu,102471.0,102471.0,88318.0,75813.0,622313.0,5077888.0,6.53,1.6764168190127973,1.0,1.0,0.0,1.0,10.947002
7215,5,Jordy,Makengo,1974639.0,42.0,20.0,20.0,12.0,79520.0,840.0,0,2,https://kickbase.b-cdn.net/content/file/bf5181157fa948f8b3943d8dfe6655b4.png,33.0,1,425.0,,"[{""hasPlayed"": true, ""points"": 188}, {""hasPlayed"": true, ""points"": 0}, {""hasPlayed"": false, ""points"": null}, {""hasPlayed"": false, ""points"": null}, {""hasPlayed"": true, ""points"": 28}]",3,Jordy Makengo,183532.0,183532.0,4806.0,-110764.0,-383853.0,-2553339.0,6.7,1.6764168190127973,0.27272727272727276,0.0,0.0,0.19090909090909092,2.14429
7216,5,Max,Rosenfelder,3562118.0,27.0,12.0,12.0,5.0,32955.0,318.0,0,2,https://kickbase.b-cdn.net/content/file/f1d275ea8b55482c879f06e22c8d1258.png,37.0,2,89.0,,"[{""hasPlayed"": false, ""points"": null}, {""hasPlayed"": false, ""points"": null}, {""hasPlayed"": false, ""points"": null}, {""hasPlayed"": false, ""points"": null}, {""hasPlayed"": false, ""points"": null}]",4,Max Rosenfelder,-118649.0,-118649.0,-122562.0,-142077.0,-963416.0,2749512.0,0.0,1.6764168190127973,0.0,0.0,0.0,0.0,0.0
8363,5,Berkay,Yilmaz,8653522.0,,,,,,,0,2,https://kickbase.b-cdn.net/content/file/d5d68a9cba0140928571c7b6362725a2.png,27.0,2,,,"[{""hasPlayed"": false, ""points"": null}, {""hasPlayed"": false, ""points"": null}, {""hasPlayed"": false, ""points"": null}, {""hasPlayed"": false, ""points"": null}, {""hasPlayed"": false, ""points"": null}]",3,Berkay Yilmaz,-347365.0,-347365.0,-328723.0,-380066.0,-1444039.0,4551602.0,0.0,1.6764168190127973,0.0,0.0,0.0,0.0,0.0
8364,5,Bruno,Ogbus,2052929.0,52.0,18.0,18.0,14.0,78675.0,940.0,0,2,https://kickbase.b-cdn.net/content/file/9b3710e64252422495767f79b8ddeb89.png,43.0,2,457.0,,"[{""hasPlayed"": true, ""points"": 38}, {""hasPlayed"": true, ""points"": -23}, {""hasPlayed"": true, ""points"": 50}, {""hasPlayed"": true, ""points"": 59}, {""hasPlayed"": true, ""points"": 110}]",5,Bruno Ogbus,-106815.0,-106815.0,-121081.0,-111712.0,-783994.0,-2868892.0,6.58,1.6764168190127973,0.0,0.0,0.0,0.0,0.0
11006,5,Yuito,Suzuki,12675007.0,63.0,25.0,25.0,18.0,107057.0,1570.0,0,3,https://kickbase.b-cdn.net/content/file/321f689788164bb8b2b9b9559673e9ec.png,14.0,1,123.0,,"[{""hasPlayed"": false, ""points"": null}, {""hasPlayed"": false, ""points"": null}, {""hasPlayed"": true, ""points"": 50}, {""hasPlayed"": false, ""points"": null}, {""hasPlayed"": true, ""points"": 62}]",1,Yuito Suzuki,192382.0,192382.0,192469.0,179594.0,1198450.0,4331356.0,6.8,1.6764168190127973,1.0,1.0,0.0,1.0,11.399634
11007,5,Cyriaque,Irié,4385057.0,15.0,10.0,10.0,3.0,24064.0,150.0,0,3,https://kickbase.b-cdn.net/content/file/19d04c847d954a3e8b2d044fbc6ab907.png,22.0,2,34.0,,"[{""hasPlayed"": false, ""points"": null}, {""hasPlayed"": false, ""points"": null}, {""hasPlayed"": false, ""points"": null}, {""hasPlayed"": true, ""points"": -20}, {""hasPlayed"": false, ""points"": null}]",4,Cyriaque Irié,-151861.0,-151861.0,-468070.0,-511529.0,-785213.0,3881956.0,0.0,1.6764168190127973,0.0,0.0,0.0,0.0,0.0
14048,5,Keisuke,Goto,6620467.0,,,,,,,0,4,https://kickbase.b-cdn.net/content/file/82bf223198844c69aec5996a1064deed.png,42.0,2,,,"[{""hasPlayed"": false, ""points"": null}, {""hasPlayed"": false, ""points"": null}, {""hasPlayed"": false, ""points"": null}, {""hasPlayed"": false, ""points"": null}, {""hasPlayed"": false, ""points"": null}]",5,Keisuke Goto,-343963.0,-343963.0,-349610.0,-328236.0,-2375699.0,-621773.0,0.0,1.6764168190127973,0.0,0.0,0.0,0.0,0.0
15196,5,Rihito,Yamamoto,7204739.0,,,,,,,2,3,https://kickbase.b-cdn.net/content/file/4578268117b2478ba8f2bc127fafb011.png,20.0,2,,,"[{""hasPlayed"": false, ""points"": null}, {""hasPlayed"": false, ""points"": null}, {""hasPlayed"": false, ""points"": null}, {""hasPlayed"": false, ""points"": null}, {""hasPlayed"": false, ""points"": null}]",4,Rihito Yamamoto,-344722.0,-344722.0,-329948.0,-278743.0,-2029645.0,968733.0,0.0,1.6764168190127973,0.0,0.0,0.0,0.0,0.0
43,10,Mitchell,Weiser,4763256.0,,,,,,,2,2,https://kickbase.b-cdn.net/content/file/d4075d101f5c49f88113a719ed8f34e5.png,8.0,2,,,"[{""hasPlayed"": false, ""points"": null}, {""hasPlayed"": false, ""points"": null}, {""hasPlayed"": false, ""points"": null}, {""hasPlayed"": false, ""points"": null}, {""hasPlayed"": false, ""points"": null}]",5,Mitchell Weiser,-95537.0,-95537.0,-278855.0,-267684.0,-1798651.0,-2509516.0,0.0,1.0676416819012795,0.0,0.0,0.0,0.0,0.0
157,10,Niklas,Stark,2585125.0,36.0,14.0,14.0,9.0,46992.0,508.0,2,2,https://kickbase.b-cdn.net/content/file/47d350de3ba7487dad6fff58c11b5910.png,4.0,2,196.0,,"[{""hasPlayed"": false, ""points"": null}, {""hasPlayed"": false, ""points"": null}, {""hasPlayed"": false, ""points"": null}, {""hasPlayed"": true, ""points"": 69}, {""hasPlayed"": true, ""points"": 29}]",5,Niklas Stark,-134129.0,-134129.0,-133337.0,-142934.0,-990467.0,193860.0,6.7,1.0676416819012795,0.0,0.0,0.0,0.0,0.0
1996,10,Marco,Friedl,12633639.0,78.0,30.0,30.0,29.0,167391.0,2349.0,0,2,https://kickbase.b-cdn.net/content/file/7ab07056637e493d80590700542ee887.png,32.0,1,185.0,,"[{""hasPlayed"": true, ""points"": 14}, {""hasPlayed"": true, ""points"": 21}, {""hasPlayed"": true, ""points"": 62}, {""hasPlayed"": false, ""points"": null}, {""hasPlayed"": false, ""points"": null}]",1,Marco Friedl,165140.0,165140.0,143962.0,140655.0,1054998.0,5027544.0,6.57,1.0676416819012795,1.0,1.0,0.0,1.0,7.014406
2294,10,Amos,Pieper,9957860.0,80.0,19.0,19.0,19.0,99133.0,1529.0,2,2,https://kickbase.b-cdn.net/content/file/32262c6e17164fd1a62ee34e358e2540.png,5.0,1,153.0,,"[{""hasPlayed"": true, ""points"": 24}, {""hasPlayed"": true, ""points"": 44}, {""hasPlayed"": true, ""points"": 72}, {""hasPlayed"": true, ""points"": 80}, {""hasPlayed"": true, ""points"": 82}]",2,Amos Pieper,252152.0,252152.0,254071.0,282299.0,1844497.0,3790600.0,6.88,1.0676416819012795,1.0,1.0,0.0,1.0,7.345375
2842,10,Felix,Agu,4575549.0,46.0,11.0,11.0,9.0,48743.0,509.0,4,2,https://kickbase.b-cdn.net/content/file/d3aec548a0d84afcb6a8f6c90cc09e72.png,27.0,2,111.0,,"[{""hasPlayed"": false, ""points"": null}, {""hasPlayed"": false, ""points"": null}, {""hasPlayed"": false, ""points"": null}, {""hasPlayed"": false, ""points"": null}, {""hasPlayed"": false, ""points"": null}]",4,Felix Agu,-162382.0,-162382.0,-435857.0,-452689.0,-696230.0,1664275.0,0.0,1.0676416819012795,0.0,0.0,0.0,0.0,0.0
2939,10,Eren Sami,Dinkçi,4007481.0,44.0,22.0,22.0,16.0,91259.0,965.0,2,3,https://kickbase.b-cdn.net/content/file/bf65d3defe874bebaafc37463c850975.png,0.0,1,240.0,,"[{""hasPlayed"": true, ""points"": 23}, {""hasPlayed"": true, ""points"": 87}, {""hasPlayed"": true, ""points"": 170}, {""hasPlayed"": true, ""points"": 203}, {""hasPlayed"": false, ""points"": null}]",4,Eren Sami Dinkçi,283647.0,283647.0,141261.0,10418.0,98426.0,923987.0,0.0,1.0676416819012795,0.0,0.0,0.0,0.0,0.0
3139,10,Cédric,Itten,9044728.0,,,,,,,0,4,https://kickbase.b-cdn.net/content/file/6479aeb8ddab4dd1a92025ddb8b2c3c2.png,26.0,2,,,"[{""hasPlayed"": false, ""points"": null}, {""hasPlayed"": false, ""points"": null}, {""hasPlayed"": false, ""points"": null}, {""hasPlayed"": false, ""points"": null}, {""hasPlayed"": false, ""points"": null}]",3,Cédric Itten,-238868.0,-238868.0,-275746.0,-509347.0,-1713313.0,2786636.0,0.0,1.0676416819012795,0.0,0.0,0.0,0.0,0.0
3166,10,Keke,Topp,500000.0,22.0,20.0,20.0,7.0,45051.0,438.0,1,4,https://kickbase.b-cdn.net/content/file/3b2c4046987d46a6a2afe1a90455d7ea.png,9.0,0,876.0,,"[{""hasPlayed"": false, ""points"": null}, {""hasPlayed"": false, ""points"": null}, {""hasPlayed"": false, ""points"": null}, {""hasPlayed"": false, ""points"": null}, {""hasPlayed"": false, ""points"": null}]",5,Keke Topp,0.0,0.0,0.0,0.0,-120177.0,0.0,0.0,1.0676416819012795,0.0,0.0,0.0,0.0,0.0
3228,10,Justin,Njinmah,5086433.0,43.0,33.0,33.0,22.0,126736.0,1409.0,0,4,https://kickbase.b-cdn.net/content/file/aecaedfbbfac4fc189856b5b5d560b2d.png,11.0,2,277.0,,"[{""hasPlayed"": true, ""points"": 10}, {""hasPlayed"": true, ""points"": 33}, {""hasPlayed"": true, ""points"": 13}, {""hasPlayed"": true, ""points"": 12}, {""hasPlayed"": true, ""points"": 104}]",3,Justin Njinmah,-225090.0,-225090.0,-232895.0,-292613.0,-1441038.0,1138161.0,6.62,1.0676416819012795,0.5454545454545455,1.0,0.0,0.6818181818181819,4.818946
3281,10,Ludovit,Reis,4013436.0,,,,,,,0,3,https://kickbase.b-cdn.net/content/file/8d0ebe886d844bffb3283d7f4f8cfdce.png,0.0,2,,,"[{""hasPlayed"": false, ""points"": null}, {""hasPlayed"": false, ""points"": null}, {""hasPlayed"": false, ""points"": null}, {""hasPlayed"": false, ""points"": null}, {""hasPlayed"": false, ""points"": null}]",3,Ludovit Reis,-4533847.0,-4533847.0,0.0,0.0,-4533847.0,-4533847.0,0.0,1.0676416819012795,0.0,0.0,0.0,0.0,0.0
3450,10,Markus,Kolke,500000.0,,,,,,,0,1,https://kickbase.b-cdn.net/content/file/8e62a66ca620435fa877b6e0ed662c0b.png,25.0,0,,,"[{""hasPlayed"": false, ""points"": null}, {""hasPlayed"": false, ""points"": null}, {""hasPlayed"": false, ""points"": null}, {""hasPlayed"": false, ""points"": null}, {""hasPlayed"": false, ""points"": null}]",5,Markus Kolke,0.0,0.0,0.0,0.0,0.0,0.0,0.0,1.0676416819012795,0.0,0.0,0.0,0.0,0.0
3481,10,Jens,Stage,19120295.0,100.0,29.0,29.0,29.0,160601.0,2895.0,2,3,https://kickbase.b-cdn.net/content/file/1660e6fa98fe418d8a4abdb17bda1d62.png,6.0,1,151.0,,"[{""hasPlayed"": true, ""points"": 48}, {""hasPlayed"": true, ""points"": 12}, {""hasPlayed"": true, ""points"": 30}, {""hasPlayed"": true, ""points"": 157}, {""hasPlayed"": true, ""points"": 265}]",2,Jens Stage,128742.0,128742.0,147343.0,147454.0,1020870.0,3745307.0,7.1,1.0676416819012795,1.0,1.0,0.15,0.85,6.443218
7167,10,Senne,Lynen,9259202.0,71.0,31.0,31.0,31.0,180555.0,2210.0,0,3,https://kickbase.b-cdn.net/content/file/155288638ca9459bbebfab0684e818ef.png,14.0,1,238.0,,"[{""hasPlayed"": true, ""points"": 33}, {""hasPlayed"": true, ""points"": 104}, {""hasPlayed"": true, ""points"": 103}, {""hasPlayed"": true, ""points"": 101}, {""hasPlayed"": true, ""points"": 87}]",2,Senne Lynen,306017.0,306017.0,250017.0,205877.0,1479287.0,3390217.0,6.86,1.0676416819012795,1.0,1.0,0.15,0.85,6.225419
7282,10,Olivier,Deman,10459311.0,74.0,16.0,16.0,14.0,82852.0,1176.0,0,2,https://kickbase.b-cdn.net/content/file/581d084f390f47a38c3d2d35085fb1e4.png,2.0,1,112.0,,"[{""hasPlayed"": true, ""points"": 51}, {""hasPlayed"": true, ""points"": 129}, {""hasPlayed"": true, ""points"": 106}, {""hasPlayed"": true, ""points"": 33}, {""hasPlayed"": true, ""points"": 87}]",1,Olivier Deman,-9986.0,-9986.0,38196.0,90048.0,1043099.0,6027133.0,6.96,1.0676416819012795,1.0,1.0,0.0,1.0,7.430786
7469,10,Julián,Malatini,5217126.0,26.0,11.0,11.0,5.0,34567.0,288.0,0,2,https://kickbase.b-cdn.net/content/file/af2e51f752864218aed53729ddc7056e.png,22.0,1,55.0,,"[{""hasPlayed"": false, ""points"": null}, {""hasPlayed"": false, ""points"": null}, {""hasPlayed"": false, ""points"": null}, {""hasPlayed"": false, ""points"": null}, {""hasPlayed"": false, ""points"": null}]",5,Julián Malatini,118456.0,118456.0,133398.0,127779.0,1223270.0,4717126.0,0.0,1.0676416819012795,0.0,0.0,0.0,0.0,0.0
7721,10,Marco,Grüll,5657138.0,50.0,33.0,33.0,23.0,130955.0,1641.0,0,3,https://kickbase.b-cdn.net/content/file/73071b81354346399a14dd6431d4e823.png,17.0,1,290.0,,"[{""hasPlayed"": true, ""points"": 28}, {""hasPlayed"": true, ""points"": -14}, {""hasPlayed"": true, ""points"": 19}, {""hasPlayed"": false, ""points"": null}, {""hasPlayed"": true, ""points"": 53}]",3,Marco Grüll,305884.0,305884.0,296614.0,318969.0,2191972.0,1633784.0,6.83,1.0676416819012795,0.27272727272727276,0.0,0.0,0.19090909090909092,1.392108
8166,10,,Chuki,11291728.0,,,,,,,0,3,https://kickbase.b-cdn.net/content/file/480d2ef5bfd94f57a5db7545d63b0828.png,20.0,1,,,"[{""hasPlayed"": false, ""points"": null}, {""hasPlayed"": false, ""points"": null}, {""hasPlayed"": false, ""points"": null}, {""hasPlayed"": false, ""points"": null}, {""hasPlayed"": false, ""points"": null}]",2,Chuki,153555.0,153555.0,152841.0,132505.0,1016890.0,4845834.0,0.0,1.0676416819012795,0.0,0.0,0.0,0.0,0.0
9513,10,Karl,Hein,12750887.0,164.0,2.0,2.0,2.0,11560.0,327.0,2,1,https://kickbase.b-cdn.net/content/file/0342913c28ed45b18f310732f9b90b16.png,1.0,1,25.0,,"[{""hasPlayed"": false, ""points"": null}, {""hasPlayed"": false, ""points"": null}, {""hasPlayed"": false, ""points"": null}, {""hasPlayed"": false, ""points"": null}, {""hasPlayed"": false, ""points"": null}]",1,Karl Hein,117781.0,117781.0,127285.0,142343.0,991435.0,4403242.0,0.0,1.0676416819012795,0.0,0.0,0.0,0.0,0.0
9600,10,Alexander,Schlager,4390942.0,,,,,,,0,1,https://kickbase.b-cdn.net/content/file/c677b3706079488a8ee0283db8fdd970.png,30.0,2,,,"[{""hasPlayed"": false, ""points"": null}, {""hasPlayed"": false, ""points"": null}, {""hasPlayed"": false, ""points"": null}, {""hasPlayed"": false, ""points"": null}, {""hasPlayed"": false, ""points"": null}]",5,Alexander Schlager,-118549.0,-118549.0,-112975.0,-124325.0,-1577926.0,-682382.0,0.0,1.0676416819012795,0.0,0.0,0.0,0.0,0.0
9923,10,Samuel,Mbangula,8859809.0,50.0,26.0,26.0,12.0,77710.0,1289.0,0,3,https://kickbase.b-cdn.net/content/file/bb63ae114a9641aea1903e760c388b1c.png,7.0,1,145.0,,"[{""hasPlayed"": true, ""points"": 9}, {""hasPlayed"": true, ""points"": -11}, {""hasPlayed"": true, ""points"": 36}, {""hasPlayed"": true, ""points"": 3}, {""hasPlayed"": false, ""points"": null}]",2,Samuel Mbangula,292628.0,292628.0,281315.0,254294.0,1361915.0,1463917.0,6.6,1.0676416819012795,1.0,1.0,0.0,1.0,7.046435
9996,10,Patrice,Covic,4358545.0,18.0,15.0,15.0,2.0,25884.0,268.0,2,3,https://kickbase.b-cdn.net/content/file/3c9740e4f1b6416580b598d3da08cdb2.png,24.0,2,61.0,,"[{""hasPlayed"": true, ""points"": 9}, {""hasPlayed"": false, ""points"": null}, {""hasPlayed"": false, ""points"": null}, {""hasPlayed"": false, ""points"": null}, {""hasPlayed"": false, ""points"": null}]",4,Patrice Covic,-149720.0,-149720.0,-147961.0,-176713.0,-902165.0,3858545.0,6.6,1.0676416819012795,0.0,0.0,0.0,0.0,0.0
10131,10,Dariusz,Stalmach,3305489.0,,,,,,,2,3,https://kickbase.b-cdn.net/content/file/24197523c05b4e17ac6e922264265d37.png,23.0,2,,,"[{""hasPlayed"": false, ""points"": null}, {""hasPlayed"": false, ""points"": null}, {""hasPlayed"": false, ""points"": null}, {""hasPlayed"": false, ""points"": null}, {""hasPlayed"": false, ""points"": null}]",5,Dariusz Stalmach,-152526.0,-152526.0,-154553.0,-159458.0,-1088115.0,2060608.0,0.0,1.0676416819012795,0.0,0.0,0.0,0.0,0.0
10134,10,Mick,Schmetgens,5894256.0,40.0,2.0,2.0,0.0,2459.0,79.0,0,2,https://kickbase.b-cdn.net/content/file/cbb89b4949af4997a53ca8ecc1ce7c78.png,33.0,1,13.0,,"[{""hasPlayed"": false, ""points"": null}, {""hasPlayed"": false, ""points"": null}, {""hasPlayed"": false, ""points"": null}, {""hasPlayed"": false, ""points"": null}, {""hasPlayed"": false, ""points"": null}]",3,Mick Schmetgens,258548.0,258548.0,241864.0,242494.0,1813541.0,5394256.0,0.0,1.0676416819012795,0.0,0.0,0.0,0.0,0.0
10497,10,Abdoul-Karim,Coulibaly,5420281.0,52.0,27.0,27.0,24.0,139820.0,1401.0,0,2,https://kickbase.b-cdn.net/content/file/669c7c063fde4203965dc9d45b0516d9.png,31.0,2,258.0,,"[{""hasPlayed"": true, ""points"": 24}, {""hasPlayed"": false, ""points"": null}, {""hasPlayed"": true, ""points"": 7}, {""hasPlayed"": true, ""points"": 28}, {""hasPlayed"": true, ""points"": 108}]",3,Abdoul-Karim Coulibaly,-242467.0,-242467.0,-256746.0,-252961.0,-1838299.0,-2389120.0,6.6,1.0676416819012795,0.0,0.0,0.0,0.0,0.0
11262,10,Salim Amani,Musah,6739624.0,17.0,8.0,8.0,2.0,13915.0,134.0,0,4,https://kickbase.b-cdn.net/content/file/06171b2c46b740f29fc107281e5b489c.png,29.0,1,19.0,,"[{""hasPlayed"": true, ""points"": 19}, {""hasPlayed"": true, ""points"": -12}, {""hasPlayed"": true, ""points"": 20}, {""hasPlayed"": true, ""points"": 2}, {""hasPlayed"": false, ""points"": null}]",3,Salim Amani Musah,260748.0,260748.0,249006.0,245148.0,1938134.0,3169255.0,6.4,1.0676416819012795,0.27272727272727276,0.0,0.0,0.19090909090909092,1.304464
14923,10,Kenny,Quetant,3585605.0,,,,,,,0,4,https://kickbase.b-cdn.net/content/file/ce71a0ceab994338b9911cf79b91e00c.png,19.0,2,,,"[{""hasPlayed"": false, ""points"": null}, {""hasPlayed"": false, ""points"": null}, {""hasPlayed"": false, ""points"": null}, {""hasPlayed"": false, ""points"": null}, {""hasPlayed"": false, ""points"": null}]",5,Kenny Quetant,-141560.0,-141560.0,-149874.0,-137003.0,-972781.0,-110662.0,0.0,1.0676416819012795,0.0,0.0,0.0,0.0,0.0
14926,10,Darwin,Soylu,3544075.0,,,,,,,0,3,https://kickbase.b-cdn.net/content/file/5cb0e397fead443c8b6edad320c05fb5.png,34.0,2,,,"[{""hasPlayed"": false, ""points"": null}, {""hasPlayed"": false, ""points"": null}, {""hasPlayed"": false, ""points"": null}, {""hasPlayed"": false, ""points"": null}, {""hasPlayed"": false, ""points"": null}]",5,Darwin Soylu,-151725.0,-151725.0,-153362.0,-152439.0,-1034213.0,811484.0,0.0,1.0676416819012795,0.0,0.0,0.0,0.0,0.0
15256,10,Oskar,Wójcik,5805564.0,,,,,,,0,2,https://kickbase.b-cdn.net/content/file/97c455965a994f56b1d9c44f02427633.png,3.0,2,,,"[{""hasPlayed"": false, ""points"": null}, {""hasPlayed"": false, ""points"": null}, {""hasPlayed"": false, ""points"": null}, {""hasPlayed"": false, ""points"": null}, {""hasPlayed"": false, ""points"": null}]",3,Oskar Wójcik,-340455.0,-340455.0,-341755.0,-334174.0,-2566827.0,1179789.0,0.0,1.0676416819012795,0.0,0.0,0.0,0.0,0.0
15313,10,Paul,Erevbenagie,3609955.0,,,,,,,0,4,https://kickbase.b-cdn.net/content/file/6e29480ac28c4af59908453b181e813c.png,38.0,1,,,"[{""hasPlayed"": false, ""points"": null}, {""hasPlayed"": false, ""points"": null}, {""hasPlayed"": false, ""points"": null}, {""hasPlayed"": false, ""points"": null}, {""hasPlayed"": false, ""points"": null}]",3,Paul Erevbenagie,414453.0,414453.0,404854.0,419140.0,2743053.0,3609955.0,0.0,1.0676416819012795,0.0,0.0,0.0,0.0,0.0
493,13,Michael,Gregoritsch,10165285.0,74.0,17.0,17.0,11.0,60067.0,1251.0,0,4,https://kickbase.b-cdn.net/content/file/9e326d137a9744f09b05b6536642036e.png,38.0,1,123.0,,"[{""hasPlayed"": true, ""points"": -15}, {""hasPlayed"": true, ""points"": 273}, {""hasPlayed"": true, ""points"": 132}, {""hasPlayed"": true, ""points"": 75}, {""hasPlayed"": false, ""points"": null}]",3,Michael Gregoritsch,207709.0,207709.0,175894.0,162950.0,1254776.0,3422917.0,6.78,1.5743579915676504,1.0,1.0,0.0,1.0,10.674147
1809,13,Marius,Wolf,858553.0,24.0,29.0,29.0,12.0,69269.0,686.0,0,3,https://kickbase.b-cdn.net/content/file/ab85deae8852417eaeb1a6a40869d05f.png,27.0,1,799.0,,"[{""hasPlayed"": true, ""points"": 8}, {""hasPlayed"": true, ""points"": 35}, {""hasPlayed"": true, ""points"": 94}, {""hasPlayed"": true, ""points"": 17}, {""hasPlayed"": true, ""points"": 15}]",3,Marius Wolf,211617.0,211617.0,25534.0,-41758.0,-69844.0,-2350228.0,6.62,1.5743579915676504,1.0,0.0,0.0,0.7,7.295575
1811,13,Jeffrey,Gouweleeuw,10525238.0,62.0,11.0,11.0,10.0,56368.0,684.0,0,2,https://kickbase.b-cdn.net/content/file/f1db17abb1184369a9edd1445b96bb01.png,6.0,1,64.0,,"[{""hasPlayed"": true, ""points"": 47}, {""hasPlayed"": true, ""points"": 78}, {""hasPlayed"": true, ""points"": 79}, {""hasPlayed"": true, ""points"": 62}, {""hasPlayed"": true, ""points"": 93}]",2,Jeffrey Gouweleeuw,112678.0,112678.0,50082.0,11386.0,202400.0,5072443.0,6.64,1.5743579915676504,0.6666666666666666,1.0,0.0,0.7666666666666666,8.014532
2195,13,Finn,Dahmen,15981293.0,90.0,34.0,34.0,34.0,203411.0,3060.0,0,1,https://kickbase.b-cdn.net/content/file/b2d5477eac9e43ec9b45f8b1fd08da38.png,1.0,1,191.0,,"[{""hasPlayed"": true, ""points"": 28}, {""hasPlayed"": true, ""points"": 77}, {""hasPlayed"": true, ""points"": 109}, {""hasPlayed"": true, ""points"": 87}, {""hasPlayed"": true, ""points"": 274}]",1,Finn Dahmen,102302.0,102302.0,93551.0,75655.0,615023.0,2573211.0,7.44,1.5743579915676504,1.0,1.0,0.0,1.0,11.713223
2274,13,Keven,Schlotterbeck,9965536.0,87.0,24.0,24.0,22.0,136251.0,2080.0,0,2,https://kickbase.b-cdn.net/content/file/01e7605637114ccea472cf6f4761f94f.png,31.0,2,208.0,,"[{""hasPlayed"": false, ""points"": null}, {""hasPlayed"": false, ""points"": null}, {""hasPlayed"": true, ""points"": 31}, {""hasPlayed"": false, ""points"": null}, {""hasPlayed"": false, ""points"": null}]",3,Keven Schlotterbeck,-303726.0,-303726.0,-314853.0,-337577.0,-1818523.0,-1050620.0,0.0,1.5743579915676504,0.0,0.0,0.0,0.0,0.0
2651,13,Mads,Pedersen,5499398.0,10.0,7.0,7.0,1.0,14713.0,67.0,0,2,https://kickbase.b-cdn.net/content/file/ee1bc505c0644debb1be4467278ab33f.png,3.0,1,12.0,,"[{""hasPlayed"": true, ""points"": -4}, {""hasPlayed"": false, ""points"": null}, {""hasPlayed"": false, ""points"": null}, {""hasPlayed"": false, ""points"": null}, {""hasPlayed"": false, ""points"": null}]",5,Mads Pedersen,240509.0,240509.0,280429.0,259304.0,1748484.0,4999398.0,6.2,1.5743579915676504,0.0,0.0,0.0,0.0,0.0
2764,13,Yannik,Keitel,4008946.0,39.0,6.0,6.0,2.0,16772.0,233.0,0,3,https://kickbase.b-cdn.net/content/file/db53d9141b9d483299063068955d44a6.png,14.0,2,58.0,,"[{""hasPlayed"": true, ""points"": -7}, {""hasPlayed"": true, ""points"": 33}, {""hasPlayed"": false, ""points"": null}, {""hasPlayed"": false, ""points"": null}, {""hasPlayed"": false, ""points"": null}]",5,Yannik Keitel,-145059.0,-145059.0,-144808.0,-151228.0,-983759.0,3448556.0,6.4,1.5743579915676504,0.0,0.0,0.0,0.0,0.0
3143,13,Kristijan,Jakić,1840049.0,56.0,26.0,26.0,18.0,110792.0,1450.0,2,3,https://kickbase.b-cdn.net/content/file/27912c1416d04665a6daace67db676be.png,17.0,2,788.0,,"[{""hasPlayed"": false, ""points"": null}, {""hasPlayed"": true, ""points"": 35}, {""hasPlayed"": true, ""points"": 181}, {""hasPlayed"": true, ""points"": 6}, {""hasPlayed"": false, ""points"": null}]",4,Kristijan Jakić,-119393.0,-119393.0,-125909.0,-115155.0,-834342.0,-2348918.0,6.87,1.5743579915676504,0.0,0.0,0.0,0.0,0.0
3183,13,Anton,Kade,11437141.0,64.0,28.0,28.0,18.0,114106.0,1783.0,256,4,https://kickbase.b-cdn.net/content/file/5bef82c23f844966930669b63b5e6377.png,30.0,1,155.0,,"[{""hasPlayed"": true, ""points"": 53}, {""hasPlayed"": true, ""points"": 108}, {""hasPlayed"": true, ""points"": 306}, {""hasPlayed"": true, ""points"": 147}, {""hasPlayed"": true, ""points"": 72}]",1,Anton Kade,138630.0,138630.0,150378.0,167673.0,1099296.0,5785887.0,7.46,1.5743579915676504,1.0,1.0,0.0,1.0,11.744711
4654,13,Mert,Kömür,3233070.0,53.0,28.0,28.0,17.0,98463.0,1481.0,0,3,https://kickbase.b-cdn.net/content/file/cb037a6585bf41ffada59c797511b0ae.png,36.0,1,458.0,,"[{""hasPlayed"": true, ""points"": -5}, {""hasPlayed"": true, ""points"": 166}, {""hasPlayed"": false, ""points"": null}, {""hasPlayed"": true, ""points"": 1}, {""hasPlayed"": true, ""points"": 41}]",4,Mert Kömür,317308.0,317308.0,199101.0,68217.0,369877.0,-833816.0,6.68,1.5743579915676504,0.0,1.0,0.0,0.3,3.155013
6168,13,Robin,Fellhauer,10340741.0,65.0,34.0,34.0,31.0,182393.0,2209.0,0,3,https://kickbase.b-cdn.net/content/file/66cfd1c30d0a4e6fb051b5dc6ada35cf.png,19.0,1,213.0,,"[{""hasPlayed"": true, ""points"": 30}, {""hasPlayed"": true, ""points"": 160}, {""hasPlayed"": true, ""points"": 54}, {""hasPlayed"": true, ""points"": 23}, {""hasPlayed"": true, ""points"": 93}]",1,Robin Fellhauer,75271.0,75271.0,100966.0,141947.0,1207597.0,4914659.0,6.68,1.5743579915676504,1.0,1.0,0.0,1.0,10.516711
7283,13,Calvin,Brackelmann,5949218.0,,,,,,,0,2,https://kickbase.b-cdn.net/content/file/514f24d314534e7d8fc7e34c22bc7e91.png,0.0,2,,,"[{""hasPlayed"": false, ""points"": null}, {""hasPlayed"": false, ""points"": null}, {""hasPlayed"": false, ""points"": null}, {""hasPlayed"": false, ""points"": null}, {""hasPlayed"": false, ""points"": null}]",3,Calvin Brackelmann,-300249.0,-300249.0,-319938.0,-292960.0,-1983356.0,-1750568.0,7.75,1.5743579915676504,0.3333333333333333,1.0,0.0,0.5333333333333333,6.507346
7336,13,Sima,Suso,3600658.0,,,,,,,2,3,https://kickbase.b-cdn.net/content/file/dafae47898144bb480b6b29370652c5b.png,0.0,2,,,"[{""hasPlayed"": false, ""points"": null}, {""hasPlayed"": false, ""points"": null}, {""hasPlayed"": false, ""points"": null}, {""hasPlayed"": false, ""points"": null}, {""hasPlayed"": false, ""points"": null}]",5,Sima Suso,-151960.0,-151960.0,-153436.0,-156627.0,-1064552.0,2033516.0,0.0,1.5743579915676504,0.0,0.0,0.0,0.0,0.0
7676,13,Fabian,Rieder,13122900.0,71.0,32.0,32.0,28.0,153869.0,2269.0,0,3,https://kickbase.b-cdn.net/content/file/b8be92875d234069b94b6913a19d1db1.png,32.0,1,172.0,,"[{""hasPlayed"": true, ""points"": 35}, {""hasPlayed"": true, ""points"": 134}, {""hasPlayed"": true, ""points"": 78}, {""hasPlayed"": true, ""points"": 77}, {""hasPlayed"": true, ""points"": 262}]",1,Fabian Rieder,213823.0,213823.0,199539.0,192165.0,1369919.0,5779136.0,7.52,1.5743579915676504,1.0,1.0,0.0,1.0,11.839172
7696,13,Nediljko,Labrović,2347129.0,,,,,,,0,1,https://kickbase.b-cdn.net/content/file/ae8fcc731bc241dcae73bb42b4fe037b.png,22.0,2,,,"[{""hasPlayed"": false, ""points"": null}, {""hasPlayed"": false, ""points"": null}, {""hasPlayed"": false, ""points"": null}, {""hasPlayed"": false, ""points"": null}, {""hasPlayed"": false, ""points"": null}]",5,Nediljko Labrović,-149283.0,-149283.0,-164939.0,-188317.0,-518945.0,1847129.0,0.0,1.5743579915676504,0.0,0.0,0.0,0.0,0.0
8355,13,Noahkai,Banks,6447416.0,73.0,23.0,23.0,20.0,114349.0,1668.0,0,2,https://kickbase.b-cdn.net/content/file/a2a067b7f55e4d9682090e1e234ec85d.png,40.0,2,258.0,,"[{""hasPlayed"": true, ""points"": 46}, {""hasPlayed"": false, ""points"": null}, {""hasPlayed"": false, ""points"": null}, {""hasPlayed"": false, ""points"": null}, {""hasPlayed"": false, ""points"": null}]",4,Noahkai Banks,-346643.0,-346643.0,-318309.0,-45132.0,-155852.0,-333589.0,7.4,1.5743579915676504,0.3333333333333333,0.0,0.0,0.2333333333333333,2.718391
9642,13,Chrislain,Matsima,11237509.0,82.0,18.0,18.0,17.0,99447.0,1473.0,0,2,https://kickbase.b-cdn.net/content/file/f6167b1bcb474dc480050b0cd2788796.png,5.0,1,131.0,,"[{""hasPlayed"": true, ""points"": 9}, {""hasPlayed"": true, ""points"": 82}, {""hasPlayed"": true, ""points"": 65}, {""hasPlayed"": true, ""points"": 2}, {""hasPlayed"": false, ""points"": null}]",2,Chrislain Matsima,185456.0,185456.0,184808.0,171361.0,947239.0,2175521.0,6.6,1.5743579915676504,1.0,1.0,0.0,1.0,10.390763
9684,13,Alexis,Claude-Maurice,11669962.0,80.0,29.0,29.0,25.0,136499.0,2314.0,2,3,https://kickbase.b-cdn.net/content/file/a90dd89d388d4dfbaa76eb454c203b02.png,20.0,2,198.0,,"[{""hasPlayed"": false, ""points"": null}, {""hasPlayed"": true, ""points"": 24}, {""hasPlayed"": true, ""points"": 139}, {""hasPlayed"": true, ""points"": 91}, {""hasPlayed"": true, ""points"": 42}]",3,Alexis Claude-Maurice,-345515.0,-345515.0,-150694.0,-52007.0,-203779.0,2490987.0,6.88,1.5743579915676504,0.0,0.0,0.0,0.0,0.0
9965,13,Faik,Sakar,6092595.0,,,,,,,0,3,https://kickbase.b-cdn.net/content/file/71fbe100d395482587dc7c584720ad52.png,0.0,1,,,"[{""hasPlayed"": false, ""points"": null}, {""hasPlayed"": false, ""points"": null}, {""hasPlayed"": false, ""points"": null}, {""hasPlayed"": false, ""points"": null}, {""hasPlayed"": false, ""points"": null}]",5,Faik Sakar,229667.0,229667.0,231842.0,266399.0,1963146.0,5592595.0,0.0,1.5743579915676504,0.0,0.0,0.0,0.0,0.0
10049,13,Hennes,Behrens,9698344.0,68.0,16.0,16.0,15.0,87282.0,1093.0,0,2,https://kickbase.b-cdn.net/content/file/70e43833dcee49629e10c92d9ed4770d.png,0.0,1,112.0,,"[{""hasPlayed"": true, ""points"": 39}, {""hasPlayed"": true, ""points"": 103}, {""hasPlayed"": true, ""points"": 62}, {""hasPlayed"": true, ""points"": 123}, {""hasPlayed"": true, ""points"": 33}]",1,Hennes Behrens,345715.0,345715.0,315935.0,272797.0,2067847.0,7338667.0,0.0,1.5743579915676504,0.0,0.0,0.0,0.0,0.0
11556,13,Han-Noah,Massengo,9546008.0,59.0,33.0,33.0,29.0,158322.0,1949.0,2,3,https://kickbase.b-cdn.net/content/file/fc9afec6fe6e436ea227ec35c506dff8.png,4.0,1,204.0,,"[{""hasPlayed"": true, ""points"": -5}, {""hasPlayed"": true, ""points"": 22}, {""hasPlayed"": true, ""points"": 26}, {""hasPlayed"": true, ""points"": 64}, {""hasPlayed"": true, ""points"": 107}]",2,Han-Noah Massengo,112775.0,112775.0,134573.0,152736.0,1075136.0,5388915.0,6.76,1.5743579915676504,1.0,1.0,0.15,0.85,9.046261
12341,13,Rodrigo,Ribeiro,4177887.0,38.0,14.0,14.0,6.0,41356.0,529.0,0,4,https://kickbase.b-cdn.net/content/file/be732d69472446bfbb4e128bb0ed9ce5.png,21.0,2,126.0,,"[{""hasPlayed"": true, ""points"": 11}, {""hasPlayed"": true, ""points"": 20}, {""hasPlayed"": true, ""points"": 21}, {""hasPlayed"": true, ""points"": 18}, {""hasPlayed"": true, ""points"": 66}]",3,Rodrigo Ribeiro,-95425.0,-95425.0,-89586.0,-83519.0,-706729.0,3301669.0,6.42,1.5743579915676504,0.0,0.0,0.0,0.0,0.0
13479,13,Uchenna,Ogundu,5844266.0,18.0,5.0,5.0,0.0,4536.0,88.0,0,4,https://kickbase.b-cdn.net/content/file/a2fb1f725f2c4cc99b937cc8e4066c74.png,39.0,1,15.0,,"[{""hasPlayed"": true, ""points"": 22}, {""hasPlayed"": false, ""points"": null}, {""hasPlayed"": false, ""points"": null}, {""hasPlayed"": false, ""points"": null}, {""hasPlayed"": true, ""points"": 56}]",5,Uchenna Ogundu,229868.0,229868.0,254136.0,241373.0,1836130.0,5344266.0,6.45,1.5743579915676504,0.0,0.0,0.0,0.0,0.0
32,8,Loris,Karius,16495882.0,,,,,,,0,1,https://kickbase.b-cdn.net/content/file/9b53a17786bd45d8b843b3e188f2ceae.png,1.0,1,,,"[{""hasPlayed"": false, ""points"": null}, {""hasPlayed"": false, ""points"": null}, {""hasPlayed"": false, ""points"": null}, {""hasPlayed"": false, ""points"": null}, {""hasPlayed"": false, ""points"": null}]",1,Loris Karius,135545.0,135545.0,119441.0,138129.0,1061293.0,4963609.0,0.0,1.170180145649674,0.0,0.0,0.0,0.0,0.0
670,8,Kenan,Karaman,15626374.0,,,,,,,2,4,https://kickbase.b-cdn.net/content/file/3eb5c46b23e042a4b366137871517bbe.png,19.0,1,,,"[{""hasPlayed"": false, ""points"": null}, {""hasPlayed"": false, ""points"": null}, {""hasPlayed"": false, ""points"": null}, {""hasPlayed"": false, ""points"": null}, {""hasPlayed"": false, ""points"": null}]",1,Kenan Karaman,-9742.0,-9742.0,12499.0,39542.0,474765.0,3969665.0,0.0,1.170180145649674,0.0,0.0,0.0,0.0,0.0
755,8,Kevin,Müller,626216.0,,,,,,,0,1,https://kickbase.b-cdn.net/content/file/9267ef7e0ff04d8d8f68116e2baab8fa.png,22.0,2,,,"[{""hasPlayed"": false, ""points"": null}, {""hasPlayed"": false, ""points"": null}, {""hasPlayed"": false, ""points"": null}, {""hasPlayed"": false, ""points"": null}, {""hasPlayed"": false, ""points"": null}]",5,Kevin Müller,-106775.0,-106775.0,-129376.0,-132208.0,-927322.0,126216.0,0.0,1.170180145649674,0.0,0.0,0.0,0.0,0.0
1012,8,Edin,Džeko,8883939.0,,,,,,,0,4,https://kickbase.b-cdn.net/content/file/31e382a514fb4fd0a7b6bf028b56f839.png,0.0,1,,,"[{""hasPlayed"": false, ""points"": null}, {""hasPlayed"": false, ""points"": null}, {""hasPlayed"": false, ""points"": null}, {""hasPlayed"": false, ""points"": null}, {""hasPlayed"": false, ""points"": null}]",4,Edin Džeko,280001.0,280001.0,231873.0,211774.0,1799678.0,8383939.0,0.0,1.170180145649674,0.0,0.0,0.0,0.0,0.0
1691,8,Finn,Porath,5014097.0,,,,,,,0,3,https://kickbase.b-cdn.net/content/file/250d4c6c00a74d8b9604ba54ec4385fd.png,27.0,2,,,"[{""hasPlayed"": false, ""points"": null}, {""hasPlayed"": false, ""points"": null}, {""hasPlayed"": false, ""points"": null}, {""hasPlayed"": false, ""points"": null}, {""hasPlayed"": false, ""points"": null}]",5,Finn Porath,-570019.0,-570019.0,-207603.0,70811.0,165794.0,4514097.0,0.0,1.170180145649674,0.0,0.0,0.0,0.0,0.0
1911,8,Anton,Donkor,5711045.0,,,,,,,0,2,https://kickbase.b-cdn.net/content/file/0db1ac5e9cad4c9bbb22a84b1c0a00af.png,30.0,2,,,"[{""hasPlayed"": false, ""points"": null}, {""hasPlayed"": false, ""points"": null}, {""hasPlayed"": false, ""points"": null}, {""hasPlayed"": false, ""points"": null}, {""hasPlayed"": false, ""points"": null}]",5,Anton Donkor,-438480.0,-438480.0,3491.0,110855.0,588774.0,5211045.0,0.0,1.170180145649674,0.0,0.0,0.0,0.0,0.0
2762,8,Timo,Becker,4806124.0,,,,,,,0,2,https://kickbase.b-cdn.net/content/file/f1cc618a8f9e4121bc762da081feea87.png,5.0,2,,,"[{""hasPlayed"": false, ""points"": null}, {""hasPlayed"": false, ""points"": null}, {""hasPlayed"": false, ""points"": null}, {""hasPlayed"": false, ""points"": null}, {""hasPlayed"": false, ""points"": null}]",3,Timo Becker,52452.0,52452.0,-68018.0,-105217.0,-1088454.0,-1307056.0,0.0,1.170180145649674,0.0,0.0,0.0,0.0,0.0
2876,8,Ron,Schallenberg,8359564.0,,,,,,,0,3,https://kickbase.b-cdn.net/content/file/9f2d8e42f6bc438a9b4808262a3b2349.png,6.0,1,,,"[{""hasPlayed"": false, ""points"": null}, {""hasPlayed"": false, ""points"": null}, {""hasPlayed"": false, ""points"": null}, {""hasPlayed"": false, ""points"": null}, {""hasPlayed"": false, ""points"": null}]",3,Ron Schallenberg,-29967.0,-29967.0,94212.0,132942.0,1039697.0,4527700.0,0.0,1.170180145649674,0.0,0.0,0.0,0.0,0.0
2967,8,Soufiane,El-Faouzi,14477602.0,,,,,,,0,3,https://kickbase.b-cdn.net/content/file/08eca83815c745e1b44ccab6f89b6778.png,23.0,1,,,"[{""hasPlayed"": false, ""points"": null}, {""hasPlayed"": false, ""points"": null}, {""hasPlayed"": false, ""points"": null}, {""hasPlayed"": false, ""points"": null}, {""hasPlayed"": false, ""points"": null}]",1,Soufiane El-Faouzi,146770.0,146770.0,136652.0,140590.0,1099814.0,5047224.0,0.0,1.170180145649674,0.0,0.0,0.0,0.0,0.0
3029,8,Dejan,Ljubičić,6870114.0,,,,,,,0,3,https://kickbase.b-cdn.net/content/file/98ab54f781d048c8b864ceba5bc2f7d4.png,21.0,2,,,"[{""hasPlayed"": false, ""points"": null}, {""hasPlayed"": false, ""points"": null}, {""hasPlayed"": false, ""points"": null}, {""hasPlayed"": false, ""points"": null}, {""hasPlayed"": false, ""points"": null}]",3,Dejan Ljubičić,-230602.0,-230602.0,-286023.0,-278017.0,-1933059.0,173867.0,0.0,1.170180145649674,0.0,0.0,0.0,0.0,0.0
3307,8,Janik,Bachmann,2258244.0,,,,,,,0,3,https://kickbase.b-cdn.net/content/file/428a68b3510c4b3ba91bef10ecd9fff2.png,14.0,2,,,"[{""hasPlayed"": false, ""points"": null}, {""hasPlayed"": false, ""points"": null}, {""hasPlayed"": false, ""points"": null}, {""hasPlayed"": false, ""points"": null}, {""hasPlayed"": false, ""points"": null}]",5,Janik Bachmann,-154416.0,-154416.0,-151257.0,-150578.0,-1075949.0,-269775.0,0.0,1.170180145649674,0.0,0.0,0.0,0.0,0.0
4406,8,Éric,Dina Ebimbe,5743754.0,,,,,,,2,3,https://kickbase.b-cdn.net/content/file/afbea634b0e842279a632beb83f7cfbd.png,0.0,2,,,"[{""hasPlayed"": false, ""points"": null}, {""hasPlayed"": false, ""points"": null}, {""hasPlayed"": false, ""points"": null}, {""hasPlayed"": false, ""points"": null}, {""hasPlayed"": false, ""points"": null}]",3,Éric Dina Ebimbe,-249954.0,-249954.0,-234262.0,-225357.0,-783856.0,5243754.0,0.0,1.170180145649674,0.0,0.0,0.0,0.0,0.0
4606,8,Hasan,Kuruçay,12873631.0,,,,,,,0,2,https://kickbase.b-cdn.net/content/file/6448b21aef9940588bd94029c6f79831.png,4.0,1,,,"[{""hasPlayed"": false, ""points"": null}, {""hasPlayed"": false, ""points"": null}, {""hasPlayed"": false, ""points"": null}, {""hasPlayed"": false, ""points"": null}, {""hasPlayed"": false, ""points"": null}]",2,Hasan Kuruçay,82661.0,82661.0,99452.0,100714.0,761631.0,4237265.0,0.0,1.170180145649674,0.0,0.0,0.0,0.0,0.0
6172,8,Junior,Adamu,7251675.0,47.0,9.0,9.0,7.0,28586.0,419.0,0,4,https://kickbase.b-cdn.net/content/file/61eaae6121e34a598bac55925001ce96.png,20.0,2,57.0,,"[{""hasPlayed"": false, ""points"": null}, {""hasPlayed"": false, ""points"": null}, {""hasPlayed"": false, ""points"": null}, {""hasPlayed"": false, ""points"": null}, {""hasPlayed"": false, ""points"": null}]",3,Junior Adamu,-220284.0,-220284.0,-243339.0,-240734.0,-1764102.0,372678.0,0.0,1.170180145649674,0.0,0.0,0.0,0.0,0.0
7156,8,Maximilian,Wöber,4461736.0,33.0,2.0,2.0,0.0,2759.0,66.0,0,2,https://kickbase.b-cdn.net/content/file/aa8759270ae54b79851feea4f7769c01.png,39.0,2,14.0,,"[{""hasPlayed"": false, ""points"": null}, {""hasPlayed"": true, ""points"": 22}, {""hasPlayed"": false, ""points"": null}, {""hasPlayed"": true, ""points"": 44}, {""hasPlayed"": false, ""points"": null}]",4,Maximilian Wöber,-117897.0,-117897.0,-138999.0,-364508.0,-1598446.0,2762011.0,7.25,1.170180145649674,0.0,0.0,0.0,0.0,0.0
7242,8,Robin,Gosens,9570143.0,,,,,,,0,2,https://kickbase.b-cdn.net/content/file/72d7676543f34faaae81170220ce9ec5.png,8.0,1,,,"[{""hasPlayed"": false, ""points"": null}, {""hasPlayed"": false, ""points"": null}, {""hasPlayed"": false, ""points"": null}, {""hasPlayed"": false, ""points"": null}, {""hasPlayed"": false, ""points"": null}]",2,Robin Gosens,294538.0,294538.0,262992.0,177393.0,311868.0,-1423139.0,0.0,1.170180145649674,0.0,0.0,0.0,0.0,0.0
8222,8,Moussa,Sylla,9296998.0,,,,,,,0,4,https://kickbase.b-cdn.net/content/file/9e29701cd06e47cb89a5e43674193068.png,9.0,1,,,"[{""hasPlayed"": false, ""points"": null}, {""hasPlayed"": false, ""points"": null}, {""hasPlayed"": false, ""points"": null}, {""hasPlayed"": false, ""points"": null}, {""hasPlayed"": false, ""points"": null}]",3,Moussa Sylla,149689.0,149689.0,125444.0,141740.0,1037978.0,3767287.0,0.0,1.170180145649674,0.0,0.0,0.0,0.0,0.0
8235,8,Adrian,Gantenbein,500000.0,,,,,,,1,2,https://kickbase.b-cdn.net/content/file/20ff107cb10149319ad76cc948de9e70.png,17.0,0,,,"[{""hasPlayed"": false, ""points"": null}, {""hasPlayed"": false, ""points"": null}, {""hasPlayed"": false, ""points"": null}, {""hasPlayed"": false, ""points"": null}, {""hasPlayed"": false, ""points"": null}]",5,Adrian Gantenbein,0.0,0.0,0.0,0.0,-502010.0,-2009047.0,0.0,1.170180145649674,0.0,0.0,0.0,0.0,0.0
8277,8,Vitalie,Becker,8135640.0,,,,,,,0,2,https://kickbase.b-cdn.net/content/file/e467725d314c414688deb0c9754900e0.png,33.0,1,,,"[{""hasPlayed"": false, ""points"": null}, {""hasPlayed"": false, ""points"": null}, {""hasPlayed"": false, ""points"": null}, {""hasPlayed"": false, ""points"": null}, {""hasPlayed"": false, ""points"": null}]",4,Vitalie Becker,156836.0,156836.0,181303.0,195826.0,1550340.0,3080263.0,0.0,1.170180145649674,0.0,0.0,0.0,0.0,0.0
9390,8,Max,Grüger,2399875.0,,,,,,,0,3,https://kickbase.b-cdn.net/content/file/8a2c62c732764e97bafa4b50c345cd3c.png,37.0,2,,,"[{""hasPlayed"": false, ""points"": null}, {""hasPlayed"": false, ""points"": null}, {""hasPlayed"": false, ""points"": null}, {""hasPlayed"": false, ""points"": null}, {""hasPlayed"": false, ""points"": null}]",5,Max Grüger,-150106.0,-150106.0,-153667.0,-153473.0,-1069670.0,-652331.0,0.0,1.170180145649674,0.0,0.0,0.0,0.0,0.0
10916,8,Mert Can,Ayhan,9958769.0,,,,,,,0,2,https://kickbase.b-cdn.net/content/file/130406d171884bb486982e8fe381150c.png,43.0,1,,,"[{""hasPlayed"": false, ""points"": null}, {""hasPlayed"": false, ""points"": null}, {""hasPlayed"": false, ""points"": null}, {""hasPlayed"": false, ""points"": null}, {""hasPlayed"": false, ""points"": null}]",3,Mert Can Ayhan,-110656.0,-110656.0,62591.0,126627.0,722884.0,3978074.0,0.0,1.170180145649674,0.0,0.0,0.0,0.0,0.0
11255,8,Nikola,Katic,14467990.0,,,,,,,0,2,https://kickbase.b-cdn.net/content/file/74d1dd6590234bdb8e0d4bd266d6c531.png,25.0,1,,,"[{""hasPlayed"": false, ""points"": null}, {""hasPlayed"": false, ""points"": null}, {""hasPlayed"": false, ""points"": null}, {""hasPlayed"": false, ""points"": null}, {""hasPlayed"": false, ""points"": null}]",1,Nikola Katic,134222.0,134222.0,143620.0,130844.0,1067958.0,4002076.0,0.0,1.170180145649674,0.0,0.0,0.0,0.0,0.0
11964,8,Christian,Gomis,3757660.0,,,,,,,0,4,https://kickbase.b-cdn.net/content/file/86eb275dff074b3fac2607cbc0e0cf2a.png,7.0,2,,,"[{""hasPlayed"": false, ""points"": null}, {""hasPlayed"": false, ""points"": null}, {""hasPlayed"": false, ""points"": null}, {""hasPlayed"": false, ""points"": null}, {""hasPlayed"": false, ""points"": null}]",5,Christian Gomis,-153462.0,-153462.0,-142700.0,-145734.0,-1014147.0,1607735.0,0.0,1.170180145649674,0.0,0.0,0.0,0.0,0.0
12158,8,Luca,Vozar,500000.0,,,,,,,0,3,https://kickbase.b-cdn.net/content/file/48805a793bcc4f09abdd1e903981c421.png,38.0,0,,,"[{""hasPlayed"": false, ""points"": null}, {""hasPlayed"": false, ""points"": null}, {""hasPlayed"": false, ""points"": null}, {""hasPlayed"": false, ""points"": null}, {""hasPlayed"": false, ""points"": null}]",5,Luca Vozar,0.0,0.0,0.0,0.0,0.0,500000.0,0.0,1.170180145649674,0.0,0.0,0.0,0.0,0.0
12297,8,Satoshi,Tanaka,6399219.0,,,,,,,0,3,https://kickbase.b-cdn.net/content/file/450d1dc6d03543289c75d4e5e117d7e1.png,13.0,2,,,"[{""hasPlayed"": false, ""points"": null}, {""hasPlayed"": false, ""points"": null}, {""hasPlayed"": false, ""points"": null}, {""hasPlayed"": false, ""points"": null}, {""hasPlayed"": false, ""points"": null}]",3,Satoshi Tanaka,-218094.0,-218094.0,-215235.0,-250709.0,-1740398.0,-334631.0,0.0,1.170180145649674,0.0,0.0,0.0,0.0,0.0
13431,8,Johannes Simon,Siebeking,2288770.0,,,,,,,0,1,https://kickbase.b-cdn.net/content/file/c6ff39d185b14c30a66421c5c78c245e.png,36.0,2,,,"[{""hasPlayed"": false, ""points"": null}, {""hasPlayed"": false, ""points"": null}, {""hasPlayed"": false, ""points"": null}, {""hasPlayed"": false, ""points"": null}, {""hasPlayed"": false, ""points"": null}]",5,Johannes Simon Siebeking,-151818.0,-151818.0,-153446.0,-155820.0,-1114793.0,1705153.0,0.0,1.170180145649674,0.0,0.0,0.0,0.0,0.0
13448,8,Adil,Aouchiche,14799527.0,,,,,,,0,3,https://kickbase.b-cdn.net/content/file/8ac09c4f6e974d80a4bc1aff9ad6768d.png,24.0,1,,,"[{""hasPlayed"": false, ""points"": null}, {""hasPlayed"": false, ""points"": null}, {""hasPlayed"": false, ""points"": null}, {""hasPlayed"": false, ""points"": null}, {""hasPlayed"": false, ""points"": null}]",1,Adil Aouchiche,123148.0,123148.0,139894.0,152409.0,1107604.0,4597236.0,0.0,1.170180145649674,0.0,0.0,0.0,0.0,0.0
